# Blender 4.3.2
# www.blender.org
mtllib left_foot.mtl
o body.006
v 1.018380 -0.773680 -0.742940
v 1.119860 -1.036280 0.232560
v 1.406200 -2.658860 0.049300
v -0.349080 -1.009760 -1.199880
v 0.341640 -0.814380 -1.365940
v 0.657040 -2.431700 -1.532980
v -0.408120 -1.449100 0.446360
v -0.770780 -1.232020 -0.446260
v -0.503020 -2.814080 -0.614060
v 0.518780 -0.646400 0.855680
v -0.050180 -0.796280 0.938880
v 0.391040 -3.082380 0.604680
v 0.967500 -3.450200 -0.876320
v 1.183960 -8.249480 -0.303118
v 1.290820 -8.314840 0.205062
v -0.401380 -0.344920 -0.380480
v -0.181160 -0.498580 0.642460
v 0.490480 -0.280780 0.543440
v 0.323500 -0.105160 -0.524400
v 0.202360 -3.634600 -0.724740
v 0.944880 -2.938400 0.531540
v -0.120560 -3.014400 0.253980
v -0.060020 -2.623100 -1.360180
v 1.326400 -2.411100 -0.918400
v 1.592860 -8.816800 -0.040678
v 1.348700 -8.857360 -0.003798
v 1.539920 -8.268060 0.169042
v 1.505240 -8.189939 -0.362838
v 1.658500 -8.186660 -0.159978
v 1.088120 -8.292980 -0.064258
v 0.413220 -4.373180 -0.203520
v 0.676800 -5.668540 -0.296340
v 0.935280 -6.992420 -0.362018
v 0.673240 -4.703080 0.341820
v 0.865480 -5.908140 0.224540
v 1.071800 -7.137540 0.181982
v 1.145080 -4.586980 0.284360
v 1.266580 -5.816620 0.171500
v 1.401900 -7.067260 0.134442
v 1.147620 -4.213080 -0.309640
v 1.237440 -5.551640 -0.379440
v 1.357360 -6.904140 -0.435798
v 1.446840 -4.299360 -0.104340
v 1.488580 -5.623880 -0.185880
v 1.561820 -6.943120 -0.224878
v 0.240600 -4.575580 0.059240
v 0.526860 -5.832340 -0.049720
v 0.809660 -7.101660 -0.103538
v 1.192180 -1.527840 -0.866620
v 1.288000 -1.767480 0.150320
v 1.148240 -0.855680 -0.178280
v 1.449900 -2.507900 -0.355600
v -0.226360 -1.764680 -1.360560
v 0.490140 -1.566180 -1.526560
v -0.030080 -0.899920 -1.315160
v 0.281480 -2.524720 -1.476200
v -0.297180 -2.154580 0.369720
v -0.672160 -1.961740 -0.563620
v -0.709800 -1.336420 0.079940
v -0.431800 -2.909100 -0.096800
v 0.803500 -1.980340 0.698760
v 0.226740 -2.132040 0.781140
v 0.239380 -0.643220 1.021080
v 0.674260 -3.025160 0.627960
v 0.574420 -3.541960 -0.809480
v 1.422640 -8.301741 0.227062
v 1.079720 -3.688980 -0.441660
v 0.292180 -3.869920 -0.317180
v -0.073500 -0.175640 -0.458980
v 0.139280 -0.283020 0.687220
v -0.322040 -0.402500 0.164340
v 0.425840 -0.141940 0.044480
v 0.813680 -0.521860 0.346700
v 0.692420 -0.767500 -1.219460
v 1.241600 -3.144780 -0.915780
v 1.174940 -2.817740 0.332860
v 0.267460 -0.289600 -1.036700
v -0.705400 -1.126320 -0.937700
v 0.099660 -3.331060 -1.160860
v -0.666680 -0.676020 -0.354400
v -0.174800 -1.478900 0.712740
v 0.074460 -3.873200 0.137660
v -0.214660 -0.107160 0.938960
v 1.067160 -3.870220 0.383560
v 0.552980 -4.000980 0.446060
v 0.368400 0.056380 0.853500
v -0.119900 -3.476020 -0.650220
v 0.118380 -3.086620 0.475440
v -0.390420 -0.897320 0.523920
v 0.822700 -3.147520 -1.333480
v -0.437600 -2.721380 -1.100820
v -0.412600 -0.491960 -0.874420
v 0.900960 -1.188380 0.555300
v 1.410700 -3.554700 -0.044320
v 1.003220 -2.381400 -1.392900
v 0.695580 -0.261740 -0.608480
v 1.474960 -8.852120 -0.004598
v 1.563180 -8.649200 -0.242898
v 1.283700 -8.697101 -0.195758
v 1.218340 -8.711360 -0.027338
v 1.587380 -8.690500 0.133422
v 1.358040 -8.730020 0.165542
v 1.666140 -8.634100 -0.097358
v 0.438460 -4.663220 0.235740
v 1.080260 -8.269780 -0.227618
v 0.772820 -4.287740 -0.255580
v 1.624560 -8.225700 0.037762
v 1.413620 -4.200020 -0.285860
v 0.917820 -4.682040 0.362880
v 1.074400 -5.879380 0.245500
v 1.244820 -7.110780 0.204822
v 1.170600 -8.310760 0.106722
v 0.915780 -7.137740 0.075882
v 0.672200 -5.895060 0.121760
v 0.194060 -4.469220 -0.112300
v 0.503660 -5.747600 -0.214300
v 0.800500 -7.047240 -0.276198
v 1.344020 -8.225161 -0.333858
v 1.144180 -6.942840 -0.401658
v 0.952600 -5.601200 -0.337500
v 1.329820 -4.449040 0.123020
v 1.413980 -5.728540 0.021420
v 1.516420 -7.010280 -0.013898
v 1.624480 -8.168780 -0.326198
v 1.516120 -6.897260 -0.398759
v 1.444900 -5.549360 -0.352240
v 0.547440 -5.015660 -0.243380
v 0.804880 -6.328560 -0.342520
v 1.063240 -7.639560 -0.350378
v 0.771020 -5.301280 0.273980
v 0.963480 -6.521100 0.193800
v 1.183320 -7.740940 0.186582
v 1.203320 -5.199000 0.218740
v 1.333280 -6.439480 0.143200
v 1.471180 -7.682600 0.143582
v 1.192940 -4.881080 -0.336760
v 1.289480 -6.225660 -0.418780
v 1.432240 -7.565940 -0.420498
v 1.465820 -4.965020 -0.146360
v 1.519220 -6.281440 -0.214780
v 1.610280 -7.585880 -0.208998
v 0.388020 -5.201840 0.002260
v 0.664820 -6.465960 -0.087920
v 0.953420 -7.717860 -0.095878
v 1.331840 -1.612220 -0.277300
v 0.110540 -1.659460 -1.479940
v -0.608680 -2.052880 -0.009680
v 0.519720 -2.029360 0.820200
v 0.677420 -3.777940 -0.381640
v 0.020700 -0.193700 0.131140
v 0.807160 -0.333760 -0.067920
v 0.848680 -1.512960 -1.366700
v 1.410140 -3.434780 -0.380320
v 1.046800 -1.916040 0.460820
v -0.103660 -0.365520 -0.976600
v -0.600180 -1.869560 -1.083460
v 0.447780 -3.238100 -1.265540
v -0.591180 -0.779660 0.146460
v -0.053020 -2.202440 0.618640
v -0.039160 -3.771480 -0.160740
v 0.077620 0.087940 1.040200
v 0.818360 -3.974300 0.467740
v -0.307700 -0.612700 0.741640
v -0.658460 -0.732280 -0.737720
v 0.556460 -0.398000 -0.980600
v 0.664840 -0.330740 0.598920
v 0.296500 -3.963020 0.331660
v -0.116940 -3.226900 -0.994300
v 1.043220 -2.933520 -1.249000
v 1.273320 -3.719940 0.208040
v 1.424980 -8.685640 -0.214078
v 1.628740 -8.512760 -0.233598
v 1.189840 -8.590340 -0.159078
v 1.479120 -8.724280 0.180502
v 1.251160 -8.615940 0.093642
v 1.635680 -8.547740 0.036322
v 0.995540 -5.274900 0.294960
v 1.156700 -6.492400 0.215220
v 1.334780 -7.719080 0.210162
v 1.046340 -7.742460 0.081642
v 0.788040 -6.515600 0.089300
v 0.558820 -5.277220 0.171260
v 0.352840 -5.104780 -0.160220
v 0.651280 -6.395740 -0.258360
v 0.945440 -7.679440 -0.266418
v 1.245840 -7.600840 -0.388258
v 1.044600 -6.270000 -0.382080
v 0.863560 -4.939440 -0.288480
v 1.368640 -5.090180 0.065060
v 1.463900 -6.367460 -0.005660
v 1.570380 -7.636520 -0.000398
v 1.570900 -7.554440 -0.382318
v 1.470620 -6.221000 -0.385420
v 1.429160 -4.877360 -0.314100
v 0.073880 0.097860 -0.544640
v 0.044840 0.197680 -0.592180
v -0.014300 0.415260 -0.622800
v -0.785560 0.395380 -0.707920
v -0.724300 0.465860 0.709440
v -0.686400 0.329460 0.743040
v 0.595640 0.490880 0.677620
v -0.649020 0.188960 0.748400
v 0.631080 0.351660 0.654560
v -0.613580 0.049740 0.725360
v 0.663220 0.219100 0.603980
v -0.581440 -0.082820 0.674760
v 0.690820 0.098260 0.527780
v -0.553840 -0.203660 0.598560
v 0.712820 -0.006200 0.428920
v -0.531840 -0.308120 0.499700
v 0.728360 -0.090260 0.311200
v -0.516300 -0.392180 0.381980
v 0.736880 -0.150700 0.179120
v -0.507780 -0.452620 0.249900
v 0.738020 -0.185180 0.037780
v -0.506640 -0.487100 0.108560
v 0.731740 -0.192400 -0.107400
v -0.512920 -0.494320 -0.036620
v 0.718300 -0.172080 -0.250840
v -0.526380 -0.474000 -0.180040
v 0.698180 -0.124980 -0.387020
v -0.546480 -0.426900 -0.316240
v 0.672200 -0.052920 -0.510700
v -0.572460 -0.354840 -0.439920
v 0.641320 0.041340 -0.617160
v -0.603340 -0.260600 -0.546380
v 0.606760 0.154140 -0.702280
v -0.637900 -0.147780 -0.631500
v 0.569820 0.281200 -0.762800
v -0.674840 -0.020720 -0.692020
v -0.750120 0.256180 -0.730980
v 0.101040 0.009220 -0.477740
v 0.125300 -0.064840 -0.394100
v 0.145720 -0.121460 -0.296900
v 0.161520 -0.158460 -0.189900
v 0.172080 -0.174440 -0.077200
v 0.177000 -0.168780 0.036880
v 0.176120 -0.141680 0.147940
v 0.169420 -0.094180 0.251720
v 0.157200 -0.028140 0.344220
v 0.139920 0.053940 0.421900
v 0.118240 0.148900 0.481760
v 0.092980 0.253060 0.521520
v 0.065140 0.362440 0.539640
v 0.035760 0.472860 0.535420
v -0.146380 0.147220 -0.581400
v -0.117360 0.047400 -0.533860
v -0.090200 -0.041260 -0.466980
v -0.065940 -0.115320 -0.383320
v -0.045520 -0.171940 -0.286140
v -0.029720 -0.208940 -0.179120
v -0.019160 -0.224920 -0.066420
v -0.014220 -0.219240 0.047660
v -0.015120 -0.192140 0.158720
v -0.021800 -0.144660 0.262480
v -0.034020 -0.078600 0.355000
v -0.051300 0.003480 0.432680
v -0.073000 0.098420 0.492540
v -0.098240 0.202580 0.532300
v -0.126100 0.311980 0.550420
v -0.155460 0.422380 0.546200
v -0.205540 0.364800 -0.612020
v 0.012640 0.430920 -0.774600
v 0.087920 0.154020 -0.735640
v 0.124860 0.026960 -0.675120
v 0.159420 -0.085840 -0.590000
v 0.190300 -0.180100 -0.483560
v 0.216280 -0.252160 -0.359860
v 0.236380 -0.299260 -0.223680
v 0.249840 -0.319580 -0.080240
v 0.256120 -0.312360 0.064940
v 0.254980 -0.277880 0.206280
v 0.246460 -0.217440 0.338340
v 0.230920 -0.133380 0.456080
v 0.208920 -0.028920 0.554940
v 0.181320 0.091920 0.631120
v 0.149180 0.224480 0.681720
v 0.113740 0.363700 0.704780
v 0.076360 0.504200 0.699400
v -0.181780 0.082840 -0.720440
v -0.144840 -0.044200 -0.659940
v -0.110260 -0.157020 -0.574800
v -0.079400 -0.251280 -0.468360
v -0.053400 -0.323320 -0.344660
v -0.033300 -0.370440 -0.208480
v -0.019860 -0.390760 -0.065040
v -0.013580 -0.383540 0.080140
v -0.014720 -0.349060 0.221480
v -0.023220 -0.288620 0.353540
v -0.038780 -0.204560 0.471280
v -0.060780 -0.100100 0.570140
v -0.088360 0.020740 0.646320
v -0.120500 0.153320 0.696920
v -0.155940 0.292520 0.719980
v -0.193340 0.433020 0.714600
v -0.231220 0.569420 0.681020
v -0.257040 0.359740 -0.759400
v -0.710340 0.107020 -0.723480
v 0.534340 0.408940 -0.794260
v 0.016960 0.298060 -0.616900
v -0.174280 0.247600 -0.606120
v 0.052420 0.281760 -0.767100
v -0.217260 0.210580 -0.751900
v 3.245000 -10.139660 1.757282
v 2.331180 -9.814060 -0.065198
v 1.400360 -9.646600 0.333002
v 2.136360 -10.258080 2.372362
v 3.190060 -10.378920 1.761982
v 2.305380 -10.080800 -0.144718
v 1.363320 -9.955860 0.260062
v 2.170020 -10.516359 2.348682
v 2.049960 -10.418640 2.163122
v 2.364920 -9.987460 -0.189858
v 2.385160 -10.533060 1.981302
v 3.313540 -10.296040 1.793562
v 1.835720 -9.947500 0.058822
v 1.330760 -9.784580 0.251862
v 1.834840 -9.186460 0.102982
v 2.385700 -10.201760 2.070782
v 2.151340 -10.421680 2.431382
v 2.897320 -10.472140 1.698982
v 2.841560 -10.422620 2.207722
v 2.806220 -10.148479 2.232442
v 2.933600 -10.150041 1.773822
v 1.763840 -9.682240 -0.089378
v 2.707440 -10.510159 1.905822
v 2.883040 -10.249359 2.381342
v 2.705660 -10.157460 1.995522
v 3.217000 -10.307199 1.539022
v 2.083000 -9.500259 0.018902
v 3.015800 -10.400781 1.984862
v 2.070560 -10.014139 -0.042958
v 3.025620 -10.144080 1.994862
v 2.030580 -9.837960 -0.217318
v 3.098280 -10.272699 2.087462
v 2.065720 -10.246039 2.146042
v 3.087180 -10.434140 1.492142
v 1.599520 -9.951679 0.159442
v 2.471300 -10.203280 2.302402
v 1.617600 -9.416520 0.217982
v 2.505780 -10.469500 2.278202
v 1.513500 -9.736520 0.003542
v 2.517200 -10.335521 2.406362
v 2.062860 -10.555940 2.056762
v 3.161520 -10.142620 1.552102
v 1.595420 -9.469660 -0.608138
v 1.649940 -9.473420 -0.634138
v 1.702740 -9.484440 -0.661618
v 1.752960 -9.502541 -0.690118
v 1.799820 -9.527420 -0.719218
v 1.842580 -9.558720 -0.748458
v 1.880580 -9.595901 -0.777358
v 1.913200 -9.638420 -0.805478
v 1.939940 -9.685580 -0.832378
v 1.960360 -9.736660 -0.857618
v 1.974160 -9.790820 -0.880798
v 1.981120 -9.847239 -0.901578
v 1.981120 -9.905000 -0.919598
v 1.974160 -9.963220 -0.934598
v 1.960360 -10.020961 -0.946338
v 1.939940 -10.077320 -0.954618
v 1.913200 -10.131420 -0.959318
v 1.880580 -10.182361 -0.960358
v 1.842580 -10.229401 -0.957738
v 1.799820 -10.271760 -0.951498
v 1.752960 -10.308780 -0.941698
v 1.702740 -10.339880 -0.928538
v 1.649940 -10.364580 -0.912218
v 1.595420 -10.382461 -0.892978
v 1.589660 -9.466580 -0.618018
v 1.638520 -9.467319 -0.653738
v 1.685800 -9.475400 -0.690618
v 1.730800 -9.490700 -0.728078
v 1.772800 -9.512980 -0.765538
v 1.811120 -9.541880 -0.802398
v 1.845160 -9.576961 -0.838078
v 1.874380 -9.617661 -0.871998
v 1.898340 -9.663340 -0.903658
v 1.916640 -9.713280 -0.932538
v 1.929020 -9.766680 -0.958198
v 1.935240 -9.822701 -0.980198
v 1.935240 -9.880480 -0.998218
v 1.929020 -9.939080 -1.011978
v 1.916640 -9.997580 -1.021258
v 1.898340 -10.055079 -1.025898
v 1.874380 -10.110660 -1.025838
v 1.845160 -10.163421 -1.021078
v 1.811120 -10.212580 -1.011678
v 1.772800 -10.257320 -0.997798
v 1.730800 -10.296940 -0.979658
v 1.685800 -10.330840 -0.957538
v 1.638520 -10.358459 -0.931798
v 1.589660 -10.379380 -0.902838
v 1.582000 -9.463881 -0.626638
v 1.623300 -9.461980 -0.670818
v 1.663280 -9.467500 -0.715918
v 1.701320 -9.480360 -0.761178
v 1.736840 -9.500381 -0.805918
v 1.769220 -9.527200 -0.849438
v 1.798000 -9.560440 -0.891018
v 1.822720 -9.599560 -0.930018
v 1.842980 -9.643940 -0.965838
v 1.858460 -9.692880 -0.997898
v 1.868920 -9.745620 -1.025678
v 1.874180 -9.801300 -1.048778
v 1.874180 -9.859079 -1.066798
v 1.868920 -9.918020 -1.079478
v 1.858460 -9.977180 -1.086598
v 1.842980 -10.035681 -1.088078
v 1.822720 -10.092560 -1.083858
v 1.798000 -10.146900 -1.074018
v 1.769220 -10.197901 -1.058718
v 1.736840 -10.244720 -1.038178
v 1.701320 -10.286619 -1.012758
v 1.663280 -10.322941 -0.982838
v 1.623300 -10.353121 -0.948898
v 1.582000 -10.376680 -0.911458
v 1.572720 -9.461699 -0.633658
v 1.604880 -9.457640 -0.684758
v 1.636020 -9.461061 -0.736518
v 1.665660 -9.471940 -0.788158
v 1.693300 -9.490100 -0.838838
v 1.718540 -9.515240 -0.887758
v 1.740960 -9.546980 -0.934158
v 1.760200 -9.584820 -0.977298
v 1.775980 -9.628139 -1.016498
v 1.788020 -9.676260 -1.051138
v 1.796180 -9.728459 -1.080678
v 1.800280 -9.783860 -1.104658
v 1.800280 -9.841640 -1.122678
v 1.796180 -9.900860 -1.134478
v 1.788020 -9.960580 -1.139858
v 1.775980 -10.019860 -1.138738
v 1.760200 -10.077800 -1.131138
v 1.740960 -10.133440 -1.117158
v 1.718540 -10.185940 -1.097038
v 1.693300 -10.234441 -1.071098
v 1.665660 -10.278200 -1.039738
v 1.636020 -10.316500 -1.003458
v 1.604880 -10.348780 -0.962818
v 1.572720 -10.374499 -0.918478
v 1.562180 -9.460100 -0.638798
v 1.583980 -9.454440 -0.694978
v 1.605080 -9.456340 -0.751658
v 1.625160 -9.465760 -0.807978
v 1.643880 -9.482560 -0.863018
v 1.660980 -9.506460 -0.915918
v 1.676180 -9.537100 -0.965858
v 1.689220 -9.573980 -1.012018
v 1.699900 -9.616520 -1.053718
v 1.708080 -9.664060 -1.090258
v 1.713580 -9.715840 -1.121078
v 1.716380 -9.771060 -1.145718
v 1.716380 -9.828820 -1.163738
v 1.713580 -9.888240 -1.174878
v 1.708080 -9.948359 -1.178978
v 1.699900 -10.008260 -1.175958
v 1.689220 -10.066959 -1.165858
v 1.676180 -10.123560 -1.148838
v 1.660980 -10.177160 -1.125198
v 1.643880 -10.226900 -1.095278
v 1.625160 -10.272020 -1.059558
v 1.605080 -10.311780 -1.018598
v 1.583980 -10.345581 -0.973058
v 1.562180 -10.372879 -0.923638
v 1.550780 -9.459120 -0.641898
v 1.561380 -9.452520 -0.701118
v 1.571620 -9.453520 -0.760758
v 1.581380 -9.462060 -0.819858
v 1.590480 -9.478040 -0.877518
v 1.598780 -9.501200 -0.932818
v 1.606160 -9.531160 -0.984858
v 1.612500 -9.567480 -1.032858
v 1.617680 -9.609560 -1.076038
v 1.621660 -9.656740 -1.113738
v 1.624340 -9.708280 -1.145338
v 1.625680 -9.763380 -1.170338
v 1.625680 -9.821140 -1.188358
v 1.624340 -9.880680 -1.199118
v 1.621660 -9.941040 -1.202458
v 1.617680 -10.001280 -1.198278
v 1.612500 -10.060461 -1.186698
v 1.606160 -10.117620 -1.167858
v 1.598780 -10.171880 -1.142098
v 1.590480 -10.222380 -1.109778
v 1.581380 -10.268299 -1.071438
v 1.571620 -10.308941 -1.027678
v 1.561380 -10.343680 -0.979178
v 1.550780 -10.371920 -0.926718
v 1.538980 -9.458839 -0.642818
v 1.537960 -9.451960 -0.702918
v 1.536960 -9.452660 -0.763438
v 1.536020 -9.460960 -0.823378
v 1.535140 -9.476700 -0.881798
v 1.534320 -9.499640 -0.937798
v 1.533600 -9.529400 -0.990478
v 1.533000 -9.565560 -1.039018
v 1.532480 -9.607500 -1.082638
v 1.532100 -9.654580 -1.120658
v 1.531840 -9.706040 -1.152478
v 1.531720 -9.761100 -1.177618
v 1.531720 -9.818880 -1.195638
v 1.531840 -9.878440 -1.206278
v 1.532100 -9.938880 -1.209378
v 1.532480 -9.999240 -1.204878
v 1.533000 -10.058540 -1.192838
v 1.533600 -10.115880 -1.173478
v 1.534320 -10.170321 -1.147078
v 1.535140 -10.221041 -1.114058
v 1.536020 -10.267200 -1.074958
v 1.536960 -10.308121 -1.030358
v 1.537960 -10.343100 -0.980998
v 1.538980 -10.371639 -0.927638
v 1.527220 -9.459240 -0.641498
v 1.514620 -9.452761 -0.700338
v 1.502420 -9.453860 -0.759598
v 1.490800 -9.462520 -0.818358
v 1.479980 -9.478600 -0.875698
v 1.470080 -9.501860 -0.930678
v 1.461300 -9.531900 -0.982478
v 1.453760 -9.568280 -1.030238
v 1.447580 -9.610420 -1.073238
v 1.442860 -9.657660 -1.110778
v 1.439660 -9.709220 -1.142278
v 1.438060 -9.764339 -1.167238
v 1.438060 -9.822100 -1.185278
v 1.439660 -9.881619 -1.196078
v 1.442860 -9.941960 -1.199498
v 1.447580 -10.002160 -1.195478
v 1.453760 -10.061279 -1.184078
v 1.461300 -10.118361 -1.165478
v 1.470080 -10.172540 -1.139958
v 1.479980 -10.222940 -1.107958
v 1.490800 -10.268780 -1.069938
v 1.502420 -10.309300 -1.026538
v 1.514620 -10.343920 -0.978418
v 1.527220 -10.372040 -0.926338
v 1.515960 -9.460320 -0.638038
v 1.492260 -9.454920 -0.693458
v 1.469320 -9.457040 -0.749418
v 1.447500 -9.466681 -0.805038
v 1.427120 -9.483680 -0.859438
v 1.408540 -9.507760 -0.911738
v 1.392020 -9.538560 -0.961158
v 1.377840 -9.575580 -1.006878
v 1.366220 -9.618240 -1.048198
v 1.357340 -9.665860 -1.084458
v 1.351340 -9.717700 -1.115098
v 1.348320 -9.772960 -1.139638
v 1.348320 -9.830720 -1.157658
v 1.351340 -9.890120 -1.168898
v 1.357340 -9.950180 -1.173178
v 1.366220 -10.009980 -1.170438
v 1.377840 -10.068560 -1.160718
v 1.392020 -10.125019 -1.144158
v 1.408540 -10.178460 -1.121018
v 1.427120 -10.228020 -1.091698
v 1.447500 -10.272921 -1.056618
v 1.469320 -10.312480 -1.016358
v 1.492260 -10.346060 -0.971538
v 1.515960 -10.373120 -0.922858
v 1.505620 -9.462040 -0.632538
v 1.471740 -9.458321 -0.682558
v 1.438940 -9.462080 -0.733258
v 1.407740 -9.473280 -0.783898
v 1.378620 -9.491720 -0.833638
v 1.352040 -9.517139 -0.881698
v 1.328440 -9.549100 -0.927338
v 1.308160 -9.587140 -0.969838
v 1.291540 -9.630620 -1.008498
v 1.278860 -9.678900 -1.042738
v 1.270280 -9.731160 -1.071998
v 1.265960 -9.786620 -1.095838
v 1.265960 -9.844400 -1.113858
v 1.270280 -9.903561 -1.125798
v 1.278860 -9.963200 -1.131458
v 1.291540 -10.022360 -1.130738
v 1.308160 -10.080120 -1.123658
v 1.328440 -10.135580 -1.110338
v 1.352040 -10.187820 -1.090978
v 1.378620 -10.236059 -1.065898
v 1.407740 -10.279520 -1.035478
v 1.438940 -10.317520 -1.000198
v 1.471740 -10.349460 -0.960618
v 1.505620 -10.374841 -0.917358
v 1.496600 -9.464320 -0.625218
v 1.453840 -9.462860 -0.668018
v 1.412440 -9.468800 -0.711758
v 1.373060 -9.482060 -0.755758
v 1.336300 -9.502440 -0.799298
v 1.302760 -9.529620 -0.841718
v 1.272980 -9.563160 -0.882338
v 1.247380 -9.602520 -0.920518
v 1.226420 -9.647120 -0.955658
v 1.210400 -9.696220 -0.987178
v 1.199580 -9.749061 -1.014618
v 1.194120 -9.804800 -1.037538
v 1.194120 -9.862579 -1.055578
v 1.199580 -9.921460 -1.068418
v 1.210400 -9.980540 -1.075898
v 1.226420 -10.038860 -1.077878
v 1.247380 -10.095520 -1.074338
v 1.272980 -10.149620 -1.065338
v 1.302760 -10.200300 -1.050998
v 1.336300 -10.246780 -1.031578
v 1.373060 -10.288301 -1.007338
v 1.412440 -10.324240 -0.978698
v 1.453840 -10.354000 -0.946098
v 1.496600 -10.377120 -0.910038
v 1.489240 -9.467100 -0.616358
v 1.439240 -9.468340 -0.650438
v 1.390840 -9.476920 -0.685738
v 1.344800 -9.492680 -0.721698
v 1.301820 -9.515400 -0.757758
v 1.262620 -9.544720 -0.793338
v 1.227780 -9.580140 -0.827878
v 1.197860 -9.621161 -0.860838
v 1.173340 -9.667080 -0.891678
v 1.154600 -9.717199 -0.919958
v 1.141960 -9.770741 -0.945198
v 1.135580 -9.826820 -0.966998
v 1.135580 -9.884600 -0.985018
v 1.141960 -9.943140 -0.998978
v 1.154600 -10.001520 -1.008678
v 1.173340 -10.058821 -1.013918
v 1.197860 -10.114141 -1.014658
v 1.227780 -10.166620 -1.010878
v 1.262620 -10.215401 -1.002618
v 1.301820 -10.259741 -0.990018
v 1.344800 -10.298940 -0.973278
v 1.390840 -10.332360 -0.952678
v 1.439240 -10.359480 -0.928518
v 1.489240 -10.379900 -0.901178
v 1.483840 -9.470240 -0.606298
v 1.428540 -9.474560 -0.630478
v 1.374980 -9.486140 -0.656198
v 1.324040 -9.504740 -0.683038
v 1.276500 -9.530120 -0.710578
v 1.233120 -9.561860 -0.738398
v 1.194580 -9.599440 -0.766038
v 1.161480 -9.642300 -0.793058
v 1.134360 -9.689740 -0.819078
v 1.113640 -9.741020 -0.843618
v 1.099640 -9.795321 -0.866358
v 1.092580 -9.851820 -0.886898
v 1.092580 -9.909580 -0.904918
v 1.099640 -9.967720 -0.920158
v 1.113640 -10.025320 -0.932338
v 1.134360 -10.081480 -0.941298
v 1.161480 -10.135280 -0.946898
v 1.194580 -10.185900 -0.949038
v 1.233120 -10.232540 -0.947678
v 1.276500 -10.274460 -0.942838
v 1.324040 -10.311001 -0.934618
v 1.374980 -10.341579 -0.923138
v 1.428540 -10.365720 -0.908558
v 1.483840 -10.383019 -0.891118
v 1.480600 -9.473620 -0.595438
v 1.422100 -9.481300 -0.608918
v 1.365460 -9.496099 -0.624278
v 1.311580 -9.517780 -0.641258
v 1.261300 -9.546041 -0.659598
v 1.215420 -9.580379 -0.679018
v 1.174660 -9.620300 -0.699198
v 1.139660 -9.665140 -0.719838
v 1.110960 -9.714220 -0.740578
v 1.089040 -9.766760 -0.761138
v 1.074240 -9.821919 -0.781158
v 1.066780 -9.878820 -0.800318
v 1.066780 -9.936600 -0.818358
v 1.074240 -9.994320 -0.834958
v 1.089040 -10.051080 -0.849858
v 1.110960 -10.105961 -0.862818
v 1.139660 -10.158139 -0.873658
v 1.174660 -10.206760 -0.882198
v 1.215420 -10.251080 -0.888298
v 1.261300 -10.290360 -0.891858
v 1.311580 -10.324039 -0.892838
v 1.365460 -10.351540 -0.891198
v 1.422100 -10.372439 -0.886978
v 1.480600 -10.386420 -0.880258
v 1.479640 -9.477139 -0.584158
v 1.420200 -9.488279 -0.586558
v 1.362660 -9.506420 -0.591178
v 1.307900 -9.531300 -0.597958
v 1.256820 -9.562520 -0.606758
v 1.210200 -9.599580 -0.617478
v 1.168780 -9.641920 -0.629938
v 1.133220 -9.688820 -0.643938
v 1.104060 -9.739600 -0.659258
v 1.081780 -9.793440 -0.675658
v 1.066740 -9.849461 -0.692858
v 1.059160 -9.906820 -0.710618
v 1.059160 -9.964601 -0.728638
v 1.066740 -10.021859 -0.746658
v 1.081780 -10.077740 -0.764358
v 1.104060 -10.131340 -0.781498
v 1.133220 -10.181820 -0.797778
v 1.168780 -10.228380 -0.812938
v 1.210200 -10.270280 -0.826758
v 1.256820 -10.306860 -0.839038
v 1.307900 -10.337540 -0.849538
v 1.362660 -10.361860 -0.858118
v 1.420200 -10.379420 -0.864638
v 1.479640 -10.389939 -0.868998
v 1.481000 -9.480640 -0.572938
v 1.422920 -9.495220 -0.564278
v 1.366660 -9.516720 -0.558198
v 1.313160 -9.544760 -0.554798
v 1.263220 -9.578940 -0.554118
v 1.217640 -9.618720 -0.556158
v 1.177160 -9.663440 -0.560918
v 1.142400 -9.712440 -0.568298
v 1.113900 -9.764900 -0.578198
v 1.092140 -9.820021 -0.590458
v 1.077440 -9.876920 -0.604858
v 1.070020 -9.934720 -0.621218
v 1.070020 -9.992480 -0.639238
v 1.077440 -10.049320 -0.658658
v 1.092140 -10.104321 -0.679178
v 1.113900 -10.156640 -0.700438
v 1.142400 -10.205420 -0.722138
v 1.177160 -10.249900 -0.743918
v 1.217640 -10.289400 -0.765438
v 1.263220 -10.323280 -0.786378
v 1.313160 -10.351020 -0.806378
v 1.366660 -10.372160 -0.825138
v 1.422920 -10.386380 -0.842358
v 1.481000 -10.393439 -0.857758
v 1.484640 -9.484000 -0.562178
v 1.430120 -9.501880 -0.542938
v 1.377340 -9.526560 -0.526598
v 1.327120 -9.557680 -0.513438
v 1.280260 -9.594700 -0.503658
v 1.237480 -9.637060 -0.497418
v 1.199500 -9.684080 -0.494778
v 1.166880 -9.735040 -0.495838
v 1.140140 -9.789141 -0.500538
v 1.119700 -9.845480 -0.508818
v 1.105900 -9.903240 -0.520558
v 1.098940 -9.961440 -0.535558
v 1.098940 -10.019220 -0.553578
v 1.105900 -10.075640 -0.574358
v 1.119700 -10.129800 -0.597538
v 1.140140 -10.180880 -0.622778
v 1.166880 -10.228041 -0.649658
v 1.199500 -10.270539 -0.677778
v 1.237480 -10.307740 -0.706698
v 1.280260 -10.339021 -0.735918
v 1.327120 -10.363920 -0.765018
v 1.377340 -10.382021 -0.793538
v 1.430120 -10.393020 -0.821018
v 1.484640 -10.396800 -0.846998
v 1.490400 -9.487080 -0.552298
v 1.441560 -9.508000 -0.523338
v 1.394260 -9.535620 -0.497598
v 1.349260 -9.569520 -0.475498
v 1.307280 -9.609140 -0.457358
v 1.268960 -9.653880 -0.443478
v 1.234920 -9.703020 -0.434078
v 1.205680 -9.755800 -0.429318
v 1.181720 -9.811380 -0.429258
v 1.163420 -9.868860 -0.433898
v 1.151060 -9.927380 -0.443158
v 1.144820 -9.985980 -0.456918
v 1.144820 -10.043760 -0.474958
v 1.151060 -10.099781 -0.496958
v 1.163420 -10.153180 -0.522618
v 1.181720 -10.203119 -0.551498
v 1.205680 -10.248780 -0.583138
v 1.234920 -10.289479 -0.617078
v 1.268960 -10.324560 -0.652758
v 1.307280 -10.353480 -0.689618
v 1.349260 -10.375759 -0.727078
v 1.394260 -10.391060 -0.764538
v 1.441560 -10.399140 -0.801418
v 1.490400 -10.399880 -0.837138
v 1.498080 -9.489759 -0.543698
v 1.456760 -9.513320 -0.506258
v 1.416780 -9.543520 -0.472318
v 1.378740 -9.579840 -0.442398
v 1.343240 -9.621740 -0.416958
v 1.310840 -9.668560 -0.396438
v 1.282060 -9.719540 -0.381138
v 1.257340 -9.773900 -0.371298
v 1.237080 -9.830780 -0.367078
v 1.221620 -9.889260 -0.368538
v 1.211160 -9.948441 -0.375678
v 1.205880 -10.007380 -0.388358
v 1.205880 -10.065160 -0.406378
v 1.211160 -10.120840 -0.429458
v 1.221620 -10.173560 -0.457258
v 1.237080 -10.222520 -0.489318
v 1.257340 -10.266900 -0.525138
v 1.282060 -10.306000 -0.564138
v 1.310840 -10.339240 -0.605718
v 1.343240 -10.366079 -0.649218
v 1.378740 -10.386080 -0.693978
v 1.416780 -10.398960 -0.739238
v 1.456760 -10.404480 -0.784318
v 1.498080 -10.402560 -0.828518
v 1.507360 -9.491960 -0.536678
v 1.475180 -9.517680 -0.492338
v 1.444040 -9.549940 -0.451698
v 1.414420 -9.588260 -0.415418
v 1.386760 -9.632020 -0.384058
v 1.361540 -9.680520 -0.358118
v 1.339120 -9.733000 -0.337998
v 1.319860 -9.788660 -0.324018
v 1.304100 -9.846581 -0.316418
v 1.292040 -9.905880 -0.315298
v 1.283900 -9.965600 -0.320658
v 1.279780 -10.024820 -0.332458
v 1.279780 -10.082580 -0.350498
v 1.283900 -10.138000 -0.374458
v 1.292040 -10.190200 -0.403998
v 1.304100 -10.238319 -0.438658
v 1.319860 -10.281640 -0.477858
v 1.339120 -10.319480 -0.520998
v 1.361540 -10.351200 -0.567398
v 1.386760 -10.376360 -0.616318
v 1.414420 -10.394501 -0.666998
v 1.444040 -10.405379 -0.718618
v 1.475180 -10.408820 -0.770398
v 1.507360 -10.404759 -0.821498
v 1.517880 -9.493560 -0.531518
v 1.496100 -9.520860 -0.482098
v 1.475000 -9.554660 -0.436558
v 1.454920 -9.594440 -0.395598
v 1.436180 -9.639560 -0.359878
v 1.419080 -9.689301 -0.329958
v 1.403900 -9.742900 -0.306298
v 1.390860 -9.799500 -0.289298
v 1.380160 -9.858200 -0.279198
v 1.372000 -9.918080 -0.276178
v 1.366480 -9.978220 -0.280258
v 1.363700 -10.037621 -0.291418
v 1.363700 -10.095400 -0.309438
v 1.366480 -10.150620 -0.334058
v 1.372000 -10.202399 -0.364898
v 1.380160 -10.249940 -0.401438
v 1.390860 -10.292480 -0.443118
v 1.403900 -10.329360 -0.489298
v 1.419080 -10.360001 -0.539238
v 1.436180 -10.383901 -0.592138
v 1.454920 -10.400681 -0.647178
v 1.475000 -10.410120 -0.703478
v 1.496100 -10.412020 -0.760178
v 1.517880 -10.406360 -0.816338
v 1.529280 -9.494540 -0.528418
v 1.518680 -9.522780 -0.475958
v 1.508440 -9.557500 -0.427478
v 1.498680 -9.598160 -0.383718
v 1.489580 -9.644080 -0.345378
v 1.481280 -9.694580 -0.313058
v 1.473900 -9.748839 -0.287278
v 1.467560 -9.806000 -0.268458
v 1.462380 -9.865160 -0.256858
v 1.458400 -9.925400 -0.252698
v 1.455720 -9.985780 -0.256018
v 1.454380 -10.045320 -0.266778
v 1.454380 -10.103081 -0.284818
v 1.455720 -10.158180 -0.309818
v 1.458400 -10.209721 -0.341418
v 1.462380 -10.256900 -0.379098
v 1.467560 -10.298981 -0.422278
v 1.473900 -10.335300 -0.470278
v 1.481280 -10.365259 -0.522338
v 1.489580 -10.388420 -0.577638
v 1.498680 -10.404400 -0.635298
v 1.508440 -10.412940 -0.694398
v 1.518680 -10.413919 -0.754038
v 1.529280 -10.407320 -0.813258
v 1.541080 -9.494821 -0.527518
v 1.542100 -9.523340 -0.474158
v 1.543100 -9.558340 -0.424798
v 1.544040 -9.599239 -0.380198
v 1.544940 -9.645420 -0.341098
v 1.545740 -9.696140 -0.308078
v 1.546460 -9.750580 -0.281678
v 1.547080 -9.807920 -0.262298
v 1.547580 -9.867220 -0.250278
v 1.547960 -9.927580 -0.245778
v 1.548220 -9.988000 -0.248858
v 1.548360 -10.047580 -0.259518
v 1.548360 -10.105341 -0.277538
v 1.548220 -10.160399 -0.302658
v 1.547960 -10.211880 -0.334478
v 1.547580 -10.258960 -0.372518
v 1.547080 -10.300900 -0.416138
v 1.546460 -10.337040 -0.464678
v 1.545740 -10.366820 -0.517358
v 1.544940 -10.389759 -0.573358
v 1.544040 -10.405500 -0.631778
v 1.543100 -10.413780 -0.691718
v 1.542100 -10.414500 -0.752218
v 1.541080 -10.407619 -0.812338
v 1.552840 -9.494420 -0.528818
v 1.565440 -9.522540 -0.476738
v 1.577640 -9.557140 -0.428618
v 1.589260 -9.597680 -0.385198
v 1.600100 -9.643520 -0.347198
v 1.609980 -9.693920 -0.315178
v 1.618760 -9.748079 -0.289678
v 1.626300 -9.805180 -0.271078
v 1.632480 -9.864281 -0.259678
v 1.637200 -9.924479 -0.255658
v 1.640400 -9.984819 -0.259078
v 1.642000 -10.044340 -0.269878
v 1.642000 -10.102119 -0.287918
v 1.640400 -10.157221 -0.312878
v 1.637200 -10.208799 -0.344378
v 1.632480 -10.256020 -0.381918
v 1.626300 -10.298161 -0.424918
v 1.618760 -10.334539 -0.472678
v 1.609980 -10.364600 -0.524458
v 1.600100 -10.387860 -0.579458
v 1.589260 -10.403939 -0.636778
v 1.577640 -10.412580 -0.695538
v 1.565440 -10.413680 -0.754818
v 1.552840 -10.407200 -0.813638
v 1.564100 -9.493340 -0.532278
v 1.587800 -9.520400 -0.483618
v 1.610740 -9.553960 -0.438798
v 1.632580 -9.593520 -0.398538
v 1.652940 -9.638440 -0.363458
v 1.671520 -9.688000 -0.334118
v 1.688040 -9.741440 -0.310998
v 1.702220 -9.797880 -0.294438
v 1.713840 -9.856480 -0.284718
v 1.722720 -9.916280 -0.281958
v 1.728720 -9.976340 -0.286258
v 1.731740 -10.035740 -0.297498
v 1.731740 -10.093499 -0.315518
v 1.728720 -10.148740 -0.340038
v 1.722720 -10.200581 -0.370678
v 1.713840 -10.248220 -0.406958
v 1.702220 -10.290880 -0.448278
v 1.688040 -10.327900 -0.493998
v 1.671520 -10.358700 -0.543398
v 1.652940 -10.382780 -0.595718
v 1.632580 -10.399780 -0.650118
v 1.610740 -10.409420 -0.705738
v 1.587800 -10.411540 -0.761698
v 1.564100 -10.406120 -0.817118
v 1.574460 -9.491620 -0.537778
v 1.608320 -9.516980 -0.494538
v 1.641120 -9.548920 -0.454958
v 1.672340 -9.586920 -0.419678
v 1.701460 -9.630400 -0.389258
v 1.728020 -9.678639 -0.364158
v 1.751640 -9.730881 -0.344798
v 1.771900 -9.786320 -0.331478
v 1.788520 -9.844080 -0.324418
v 1.801220 -9.903260 -0.323698
v 1.809800 -9.962900 -0.329358
v 1.814120 -10.022059 -0.341298
v 1.814120 -10.079841 -0.359318
v 1.809800 -10.135300 -0.383158
v 1.801220 -10.187560 -0.412418
v 1.788520 -10.235820 -0.446658
v 1.771900 -10.279321 -0.485318
v 1.751640 -10.317340 -0.527798
v 1.728020 -10.349320 -0.573438
v 1.701460 -10.374720 -0.621518
v 1.672340 -10.393180 -0.671258
v 1.641120 -10.404360 -0.721878
v 1.608320 -10.408140 -0.772598
v 1.574460 -10.404400 -0.822618
v 1.583480 -9.489340 -0.545098
v 1.626220 -9.512461 -0.509058
v 1.667620 -9.542220 -0.476458
v 1.707000 -9.578160 -0.447818
v 1.743760 -9.619680 -0.423578
v 1.777300 -9.666160 -0.404138
v 1.807100 -9.716840 -0.389818
v 1.832680 -9.770940 -0.380798
v 1.853640 -9.827600 -0.377258
v 1.869660 -9.885921 -0.379258
v 1.880500 -9.944981 -0.386718
v 1.885940 -10.003881 -0.399578
v 1.885940 -10.061640 -0.417598
v 1.880500 -10.117399 -0.440518
v 1.869660 -10.170240 -0.467958
v 1.853640 -10.219340 -0.499498
v 1.832680 -10.263920 -0.534638
v 1.807100 -10.303299 -0.572818
v 1.777300 -10.336840 -0.613418
v 1.743760 -10.364019 -0.655838
v 1.707000 -10.384399 -0.699398
v 1.667620 -10.397659 -0.743378
v 1.626220 -10.403600 -0.787118
v 1.583480 -10.402121 -0.829938
v 1.590820 -9.486560 -0.553958
v 1.640820 -9.506980 -0.526638
v 1.689220 -9.534101 -0.502478
v 1.735260 -9.567520 -0.481858
v 1.778240 -9.606720 -0.465138
v 1.817460 -9.651060 -0.452538
v 1.852300 -9.699840 -0.444278
v 1.882200 -9.752320 -0.440498
v 1.906720 -9.807640 -0.441218
v 1.925460 -9.864940 -0.446478
v 1.938120 -9.923320 -0.456158
v 1.944500 -9.981860 -0.470138
v 1.944500 -10.039620 -0.488158
v 1.938120 -10.095720 -0.509958
v 1.925460 -10.149260 -0.535198
v 1.906720 -10.199380 -0.563458
v 1.882200 -10.245300 -0.594318
v 1.852300 -10.286301 -0.627278
v 1.817460 -10.321740 -0.661818
v 1.778240 -10.351059 -0.697398
v 1.735260 -10.373760 -0.733438
v 1.689220 -10.389540 -0.769398
v 1.640820 -10.398120 -0.804698
v 1.590820 -10.399360 -0.838798
v 1.540040 -9.473200 -0.584038
v 1.596220 -9.483420 -0.564018
v 1.651540 -9.500740 -0.546598
v 1.705080 -9.524880 -0.532018
v 1.756020 -9.555460 -0.520538
v 1.803560 -9.592000 -0.512298
v 1.846940 -9.633921 -0.507478
v 1.885480 -9.680540 -0.506118
v 1.918580 -9.731180 -0.508258
v 1.945700 -9.784980 -0.513838
v 1.966440 -9.841120 -0.522798
v 1.980440 -9.898720 -0.534998
v 1.987500 -9.956860 -0.550238
v 1.987500 -10.014640 -0.568258
v 1.980440 -10.071120 -0.588798
v 1.966440 -10.125441 -0.611518
v 1.945700 -10.176720 -0.636078
v 1.918580 -10.224160 -0.662078
v 1.885480 -10.267000 -0.689118
v 1.846940 -10.304600 -0.716758
v 1.803560 -10.336321 -0.744558
v 1.756020 -10.361700 -0.772118
v 1.705080 -10.380321 -0.798958
v 1.651540 -10.391880 -0.824658
v 1.596220 -10.396219 -0.848858
v 1.599460 -9.480040 -0.574898
v 1.657960 -9.494020 -0.568158
v 1.714600 -9.514920 -0.563958
v 1.768480 -9.542419 -0.562318
v 1.818760 -9.576080 -0.563298
v 1.864640 -9.615380 -0.566858
v 1.905400 -9.659699 -0.572958
v 1.940420 -9.708320 -0.581478
v 1.969100 -9.760480 -0.592318
v 1.991020 -9.815380 -0.605298
v 2.005840 -9.872140 -0.620198
v 2.013300 -9.929860 -0.636798
v 2.013300 -9.987620 -0.654818
v 2.005840 -10.044540 -0.673998
v 1.991020 -10.099699 -0.694018
v 1.969100 -10.152220 -0.714558
v 1.940420 -10.201301 -0.735318
v 1.905400 -10.246161 -0.755958
v 1.864640 -10.286079 -0.776138
v 1.818760 -10.320420 -0.795558
v 1.768480 -10.348660 -0.813898
v 1.714600 -10.370359 -0.830878
v 1.657960 -10.385160 -0.846238
v 1.599460 -10.392819 -0.859718
v 1.600420 -9.476520 -0.586158
v 1.659860 -9.487040 -0.590518
v 1.717400 -9.504601 -0.597038
v 1.772160 -9.528900 -0.605618
v 1.823240 -9.559600 -0.616118
v 1.869860 -9.596180 -0.628378
v 1.911280 -9.638080 -0.642198
v 1.946860 -9.684640 -0.657378
v 1.976000 -9.735100 -0.673658
v 1.998280 -9.788720 -0.690778
v 2.013320 -9.844581 -0.708498
v 2.020920 -9.901859 -0.726498
v 2.020920 -9.959640 -0.744538
v 2.013320 -10.016980 -0.762298
v 1.998280 -10.073021 -0.779498
v 1.976000 -10.126840 -0.795898
v 1.946860 -10.177620 -0.811218
v 1.911280 -10.224541 -0.825198
v 1.869860 -10.266880 -0.837658
v 1.823240 -10.303940 -0.848378
v 1.772160 -10.335160 -0.857198
v 1.717400 -10.360040 -0.863978
v 1.659860 -10.378180 -0.868598
v 1.600420 -10.389319 -0.870978
v 1.599060 -9.473020 -0.597378
v 1.657160 -9.480080 -0.612798
v 1.713400 -9.494300 -0.630018
v 1.766920 -9.515440 -0.648778
v 1.816840 -9.543180 -0.668778
v 1.862420 -9.577040 -0.689698
v 1.902900 -9.616540 -0.711238
v 1.937660 -9.661039 -0.733018
v 1.966160 -9.709820 -0.754718
v 1.987920 -9.762120 -0.775978
v 2.002640 -9.817120 -0.796498
v 2.010040 -9.873960 -0.815898
v 2.010040 -9.931740 -0.833938
v 2.002640 -9.989540 -0.850278
v 1.987920 -10.046440 -0.864698
v 1.966160 -10.101561 -0.876958
v 1.937660 -10.154019 -0.886838
v 1.902900 -10.203000 -0.894238
v 1.862420 -10.247740 -0.898978
v 1.816840 -10.287499 -0.901038
v 1.766920 -10.321680 -0.900358
v 1.713400 -10.349740 -0.896938
v 1.657160 -10.371241 -0.890858
v 1.599060 -10.385819 -0.882218
v 2.111760 -10.270400 1.229902
v 2.146000 -9.855100 1.292102
v 2.626500 -10.343840 0.990922
v 2.661300 -9.928760 1.052902
v 2.354660 -10.285780 1.133322
v 2.384240 -9.779680 1.181202
v 1.808720 -10.091600 1.400242
v 2.999160 -10.241719 0.852402
v 1.907740 -9.930500 1.403022
v 2.898340 -10.401920 0.848522
v 1.868860 -10.255040 1.326482
v 2.938360 -10.077860 0.924582
v 2.034780 -10.173380 1.053222
v 2.068040 -9.749860 1.115042
v 2.579980 -9.824921 0.879162
v 2.547040 -10.247220 0.817142
v 2.276040 -10.187620 0.956122
v 2.303760 -9.664400 1.003402
v 1.733980 -9.994940 1.218922
v 2.915800 -10.149760 0.678622
v 1.793520 -10.159160 1.150322
v 2.856200 -9.985439 0.754902
v 1.832320 -9.835320 1.226702
v 2.818040 -10.306820 0.678162
v 1.540040 -10.393259 -0.871118
v 0.972000 -5.956000 -0.765820
v 0.992420 -5.952800 -0.768000
v 0.992420 -5.956960 -0.867840
v 0.485700 -2.823080 -0.998660
v 0.952760 -5.963200 -0.863620
v 0.446040 -2.829320 -0.994440
v 0.914600 -5.968860 -0.851640
v 0.407880 -2.835000 -0.982460
v 0.879460 -5.973740 -0.832380
v 0.372740 -2.839880 -0.963220
v 0.848640 -5.977660 -0.806580
v 0.341920 -2.843780 -0.937400
v 0.823340 -5.980440 -0.775220
v 0.316620 -2.846560 -0.906060
v 0.804560 -5.981980 -0.739519
v 0.297840 -2.848100 -0.870340
v 0.792980 -5.982240 -0.700820
v 0.286260 -2.848360 -0.831660
v 0.789080 -5.981180 -0.660659
v 0.282360 -2.847320 -0.791480
v 0.792980 -5.978880 -0.620520
v 0.286260 -2.845020 -0.751360
v 0.804560 -5.975400 -0.582000
v 0.297840 -2.841540 -0.712820
v 0.823340 -5.970880 -0.546539
v 0.316620 -2.837020 -0.677360
v 0.848640 -5.965500 -0.515519
v 0.341920 -2.831640 -0.646340
v 0.879460 -5.959460 -0.490140
v 0.372740 -2.825580 -0.620960
v 0.914600 -5.952980 -0.471360
v 0.407880 -2.819120 -0.602180
v 0.952760 -5.946340 -0.459900
v 0.446040 -2.812480 -0.590720
v 0.992420 -5.939780 -0.456220
v 0.485700 -2.805900 -0.587040
v 1.032100 -5.933540 -0.460440
v 0.525380 -2.799660 -0.591260
v 1.070260 -5.927880 -0.472400
v 0.563520 -2.794000 -0.603220
v 1.105400 -5.922980 -0.491660
v 0.598680 -2.789120 -0.622480
v 1.136220 -5.919080 -0.517460
v 0.629500 -2.785200 -0.648280
v 1.161520 -5.916300 -0.548820
v 0.654800 -2.782420 -0.679640
v 1.180300 -5.914760 -0.584520
v 0.673580 -2.780880 -0.715360
v 1.191880 -5.914500 -0.623220
v 0.685160 -2.780620 -0.754040
v 1.195780 -5.915540 -0.663400
v 0.689060 -2.781660 -0.794220
v 1.191880 -5.917840 -0.703520
v 0.685160 -2.783980 -0.834340
v 1.180300 -5.921340 -0.742040
v 0.673580 -2.787460 -0.872880
v 1.161520 -5.925860 -0.777499
v 0.654800 -2.791980 -0.908320
v 1.136220 -5.931240 -0.808520
v 0.629500 -2.797360 -0.939340
v 1.105400 -5.937280 -0.833899
v 0.598680 -2.803400 -0.964740
v 1.070260 -5.943740 -0.852700
v 0.563520 -2.809860 -0.983520
v 1.032100 -5.950380 -0.864139
v 0.525380 -2.816520 -0.994980
v 0.952360 -5.958920 -0.759660
v 0.934260 -5.961440 -0.749740
v 0.918380 -5.963460 -0.736459
v 0.905360 -5.964880 -0.720320
v 0.895680 -5.965680 -0.701919
v 0.889740 -5.965800 -0.682000
v 0.887720 -5.965280 -0.661319
v 0.889740 -5.964080 -0.640660
v 0.895680 -5.962300 -0.620820
v 0.905360 -5.959960 -0.602560
v 0.918380 -5.957200 -0.586580
v 0.934260 -5.954080 -0.573520
v 0.952360 -5.950760 -0.563839
v 0.972000 -5.947320 -0.557940
v 0.992420 -5.943940 -0.556040
v 1.012860 -5.940740 -0.558220
v 1.032500 -5.937820 -0.564380
v 1.050600 -5.935300 -0.574300
v 1.066480 -5.933300 -0.587580
v 1.079500 -5.931860 -0.603740
v 1.089160 -5.931060 -0.622120
v 1.095120 -5.930940 -0.642040
v 1.097140 -5.931460 -0.662719
v 1.095120 -5.932660 -0.683380
v 1.089160 -5.934440 -0.703220
v 1.079500 -5.936780 -0.721480
v 1.066480 -5.939540 -0.737460
v 1.050600 -5.942660 -0.750520
v 1.032500 -5.945980 -0.760200
v 1.012860 -5.949400 -0.766100
v 1.592380 -9.724120 -0.696558
v 1.612900 -9.721080 -0.698698
v 1.572640 -9.725980 -0.690418
v 1.554460 -9.727940 -0.680518
v 1.538520 -9.729460 -0.667258
v 1.525440 -9.730500 -0.651118
v 1.515720 -9.731000 -0.632738
v 1.509740 -9.730940 -0.612838
v 1.507720 -9.730340 -0.592158
v 1.509740 -9.729220 -0.571478
v 1.515720 -9.727620 -0.551638
v 1.525440 -9.725580 -0.533378
v 1.538520 -9.723200 -0.517378
v 1.554460 -9.720580 -0.504278
v 1.572640 -9.717800 -0.494598
v 1.592380 -9.714980 -0.488678
v 1.612900 -9.712240 -0.486738
v 1.633420 -9.709641 -0.488898
v 1.653140 -9.707319 -0.495038
v 1.671320 -9.705360 -0.504918
v 1.687260 -9.703840 -0.518198
v 1.700340 -9.702820 -0.534318
v 1.710060 -9.702300 -0.552698
v 1.716040 -9.702360 -0.572598
v 1.718080 -9.702960 -0.593298
v 1.716040 -9.704081 -0.613958
v 1.710060 -9.705700 -0.633798
v 1.700340 -9.707720 -0.652078
v 1.687260 -9.710100 -0.668058
v 1.671320 -9.712720 -0.681158
v 1.653140 -9.715500 -0.690858
v 1.633420 -9.718320 -0.696778
v 0.129600 -0.776140 -0.899780
v 0.149960 -0.772460 -0.901800
v 0.110020 -0.779660 -0.893740
v 0.091980 -0.782920 -0.883940
v 0.076160 -0.785780 -0.870740
v 0.063180 -0.788120 -0.854680
v 0.053520 -0.789860 -0.836340
v 0.047580 -0.790940 -0.816440
v 0.045580 -0.791300 -0.795740
v 0.047580 -0.790940 -0.775040
v 0.053520 -0.789860 -0.755160
v 0.063180 -0.788120 -0.736820
v 0.076160 -0.785780 -0.720740
v 0.091980 -0.782920 -0.707540
v 0.110020 -0.779660 -0.697740
v 0.129600 -0.776140 -0.691720
v 0.149960 -0.772460 -0.689680
v 0.170320 -0.768780 -0.691720
v 0.189900 -0.765240 -0.697740
v 0.207960 -0.761980 -0.707540
v 0.223780 -0.759120 -0.720740
v 0.236760 -0.756780 -0.736820
v 0.246400 -0.755040 -0.755160
v 0.252340 -0.753980 -0.775040
v 0.254340 -0.753620 -0.795740
v 0.252340 -0.753980 -0.816440
v 0.246400 -0.755040 -0.836340
v 0.236760 -0.756780 -0.854680
v 0.223780 -0.759120 -0.870740
v 0.207960 -0.761980 -0.883940
v 0.189900 -0.765240 -0.893740
v 0.170320 -0.768780 -0.899780
v 1.462580 -8.164820 0.152802
v 1.744200 -9.014800 0.394022
v 1.488760 -8.157520 0.147922
v 1.770380 -9.007520 0.389142
v 1.513960 -8.151999 0.138002
v 1.795580 -9.001980 0.379222
v 1.537160 -8.148440 0.123462
v 1.818780 -8.998421 0.364682
v 1.557520 -8.146980 0.104842
v 1.839140 -8.996960 0.346062
v 1.574200 -8.147680 0.082842
v 1.855820 -8.997680 0.324062
v 1.586620 -8.150540 0.058322
v 1.868240 -9.000520 0.299542
v 1.594260 -8.155400 0.032222
v 1.875880 -9.005400 0.273442
v 1.596840 -8.162120 0.005562
v 1.878460 -9.012100 0.246782
v 1.594260 -8.170420 -0.020658
v 1.875880 -9.020400 0.220562
v 1.586620 -8.179980 -0.045438
v 1.868240 -9.029960 0.195782
v 1.574200 -8.190440 -0.067778
v 1.855820 -9.040421 0.173422
v 1.557520 -8.201380 -0.086878
v 1.839140 -9.051360 0.154342
v 1.537160 -8.212400 -0.101958
v 1.818780 -9.062380 0.139262
v 1.513960 -8.223080 -0.112478
v 1.795580 -9.073060 0.128742
v 1.488760 -8.232980 -0.117998
v 1.770380 -9.082980 0.123222
v 1.462580 -8.241760 -0.118318
v 1.744200 -9.091741 0.122902
v 1.436380 -8.249060 -0.113438
v 1.718000 -9.099040 0.127782
v 1.411200 -8.254580 -0.103538
v 1.692820 -9.104560 0.137682
v 1.387980 -8.258141 -0.088978
v 1.669600 -9.108140 0.152242
v 1.367640 -8.259600 -0.070358
v 1.649260 -9.109580 0.170862
v 1.350940 -8.258900 -0.048358
v 1.632560 -9.108880 0.192862
v 1.338540 -8.256041 -0.023838
v 1.620160 -9.106020 0.217382
v 1.330900 -8.251180 0.002262
v 1.612520 -9.101160 0.243462
v 1.328320 -8.244460 0.028922
v 1.609940 -9.094440 0.270142
v 1.330900 -8.236160 0.055142
v 1.612520 -9.086140 0.296362
v 1.338540 -8.226601 0.079902
v 1.620160 -9.076580 0.321122
v 1.350940 -8.216141 0.102262
v 1.632560 -9.066120 0.343482
v 1.367640 -8.205200 0.121362
v 1.649260 -9.055180 0.362582
v 1.387980 -8.194180 0.136442
v 1.669600 -9.044160 0.377662
v 1.411200 -8.183500 0.146942
v 1.692820 -9.033481 0.388162
v 1.436380 -8.173580 0.152482
v 1.718000 -9.023580 0.393702
v 1.744200 -9.029320 0.342862
v 1.760500 -9.024780 0.339822
v 1.776180 -9.021340 0.333662
v 1.790640 -9.019119 0.324602
v 1.803300 -9.018200 0.313002
v 1.813700 -9.018661 0.299302
v 1.821420 -9.020420 0.284042
v 1.826180 -9.023460 0.267782
v 1.827780 -9.027640 0.251182
v 1.826180 -9.032801 0.234862
v 1.821420 -9.038760 0.219442
v 1.813700 -9.045259 0.205522
v 1.803300 -9.052080 0.193622
v 1.790640 -9.058940 0.184242
v 1.776180 -9.065600 0.177702
v 1.760500 -9.071760 0.174262
v 1.744200 -9.077220 0.174062
v 1.727880 -9.081760 0.177102
v 1.712200 -9.085220 0.183262
v 1.697760 -9.087420 0.192322
v 1.685080 -9.088340 0.203922
v 1.674680 -9.087900 0.217622
v 1.666960 -9.086121 0.232882
v 1.662200 -9.083080 0.249122
v 1.660600 -9.078900 0.265742
v 1.662200 -9.073740 0.282062
v 1.666960 -9.067780 0.297482
v 1.674680 -9.061280 0.311402
v 1.685080 -9.054460 0.323282
v 1.697760 -9.047600 0.332682
v 1.712200 -9.040960 0.339222
v 1.727880 -9.034781 0.342662
v 1.953740 -9.650000 0.543942
v 1.970060 -9.645460 0.540902
v 1.985740 -9.642020 0.534722
v 2.000200 -9.639800 0.525662
v 2.012860 -9.638880 0.514062
v 2.023260 -9.639319 0.500382
v 2.030980 -9.641100 0.485102
v 2.035740 -9.644140 0.468862
v 2.037340 -9.648320 0.452262
v 2.035740 -9.653481 0.435922
v 2.030980 -9.659440 0.420502
v 2.023260 -9.665939 0.406582
v 2.012860 -9.672760 0.394702
v 2.000200 -9.679621 0.385302
v 1.985740 -9.686280 0.378762
v 1.970060 -9.692440 0.375322
v 1.953740 -9.697900 0.375122
v 1.937440 -9.702440 0.378162
v 1.921760 -9.705880 0.384322
v 1.907300 -9.708100 0.393382
v 1.894640 -9.709021 0.404982
v 1.884240 -9.708560 0.418682
v 1.876520 -9.706800 0.433942
v 1.871760 -9.703760 0.450202
v 1.870160 -9.699580 0.466802
v 1.871760 -9.694420 0.483122
v 1.876520 -9.688460 0.498542
v 1.884240 -9.681960 0.512462
v 1.894640 -9.675139 0.524362
v 1.907300 -9.668280 0.533742
v 1.921760 -9.661620 0.540282
v 1.937440 -9.655460 0.543722
v 1.740100 -10.003639 0.922882
v 1.735940 -9.978460 0.925622
v 2.479220 -9.983541 0.595022
v 1.973980 -9.898300 0.866522
v 2.476320 -10.017559 0.584222
v 1.970600 -9.936260 0.853502
v 2.477820 -10.054460 0.584982
v 1.972200 -9.977900 0.851582
v 2.483700 -10.092860 0.597302
v 1.978720 -10.021561 0.860822
v 2.493700 -10.131260 0.620702
v 1.989920 -10.065620 0.880902
v 2.507440 -10.168180 0.654282
v 2.005380 -10.108360 0.911002
v 2.524400 -10.202200 0.696722
v 2.024500 -10.148120 0.950022
v 2.543940 -10.232019 0.746422
v 2.046520 -10.183400 0.996422
v 2.565280 -10.256500 0.801482
v 2.070620 -10.212840 1.048422
v 2.587640 -10.274679 0.859762
v 2.095880 -10.235300 1.104022
v 2.610120 -10.285881 0.919022
v 2.121300 -10.249920 1.161122
v 2.631860 -10.289680 0.977002
v 2.145920 -10.256140 1.217482
v 2.652060 -10.285900 1.031442
v 2.168800 -10.253700 1.270962
v 2.669900 -10.274700 1.080302
v 2.189060 -10.242740 1.319482
v 2.684740 -10.256500 1.121662
v 2.205900 -10.223640 1.361222
v 2.695960 -10.232039 1.153942
v 2.218700 -10.197161 1.394522
v 2.703160 -10.202219 1.175902
v 2.226960 -10.164300 1.418162
v 2.706060 -10.168200 1.186702
v 2.230360 -10.126320 1.431182
v 2.704560 -10.131281 1.185922
v 2.228760 -10.084681 1.433102
v 2.698680 -10.092879 1.173602
v 2.222220 -10.041019 1.423842
v 2.688680 -10.054501 1.150222
v 2.211020 -9.996960 1.403782
v 2.674940 -10.017580 1.116642
v 2.195560 -9.954240 1.373662
v 2.657980 -9.983560 1.074182
v 2.176460 -9.914460 1.334662
v 2.638440 -9.953720 1.024482
v 2.154420 -9.879180 1.288262
v 2.617100 -9.929260 0.969442
v 2.130320 -9.849740 1.236262
v 2.594760 -9.911059 0.911162
v 2.105080 -9.827280 1.180642
v 2.572280 -9.899860 0.851902
v 2.079640 -9.812660 1.123562
v 2.550520 -9.896080 0.793922
v 2.055020 -9.806460 1.067202
v 2.530320 -9.899860 0.739462
v 2.032140 -9.808880 1.013722
v 2.512480 -9.911059 0.690622
v 2.011880 -9.819840 0.965182
v 2.497660 -9.929239 0.649262
v 1.995040 -9.838940 0.923462
v 2.486420 -9.953720 0.616982
v 1.982240 -9.865419 0.890142
v 1.748600 -10.031759 0.931702
v 1.761080 -10.061680 0.951782
v 1.777080 -10.092300 0.982302
v 1.795980 -10.122419 1.022102
v 1.817040 -10.150900 1.069682
v 1.839460 -10.176620 1.123182
v 1.862400 -10.198601 1.180542
v 1.884940 -10.216021 1.239582
v 1.906240 -10.228180 1.298022
v 1.925480 -10.234640 1.353622
v 1.941920 -10.235120 1.404242
v 1.954900 -10.229620 1.447922
v 1.963960 -10.218340 1.483002
v 1.968740 -10.201740 1.508122
v 1.969040 -10.180440 1.522342
v 1.964860 -10.155240 1.525082
v 1.956380 -10.127140 1.516242
v 1.943900 -10.097219 1.496182
v 1.927900 -10.066600 1.465662
v 1.909000 -10.036480 1.425842
v 1.887940 -10.008000 1.378282
v 1.865500 -9.982280 1.324782
v 1.842580 -9.960280 1.267402
v 1.820020 -9.942881 1.208362
v 1.798720 -9.930719 1.149922
v 1.779480 -9.924260 1.094342
v 1.763060 -9.923780 1.043722
v 1.750060 -9.929280 1.000042
v 1.741020 -9.940540 0.964962
v 1.736240 -9.957160 0.939822
v 2.798920 -10.193979 0.619622
v 2.792560 -10.214200 0.617722
v 2.788920 -10.235260 0.622622
v 2.788100 -10.256400 0.634162
v 2.790180 -10.276760 0.651862
v 2.795040 -10.295600 0.675082
v 2.802520 -10.312181 0.702902
v 2.812320 -10.325840 0.734262
v 2.824060 -10.336100 0.767942
v 2.837280 -10.342521 0.802682
v 2.851500 -10.344879 0.837122
v 2.866160 -10.343080 0.869942
v 2.880700 -10.337200 0.899862
v 2.894540 -10.327459 0.925782
v 2.907180 -10.314220 0.946662
v 2.918120 -10.298019 0.961702
v 2.926920 -10.279460 0.970362
v 2.933280 -10.259239 0.972262
v 2.936920 -10.238160 0.967362
v 2.937740 -10.217039 0.955822
v 2.935660 -10.196680 0.938122
v 2.930800 -10.177840 0.914902
v 2.923320 -10.161261 0.887082
v 2.913520 -10.147600 0.855722
v 2.901780 -10.137340 0.822042
v 2.888560 -10.130920 0.787302
v 2.874340 -10.128560 0.752862
v 2.859680 -10.130360 0.720062
v 2.845140 -10.136240 0.690122
v 2.831300 -10.145980 0.664202
v 2.818660 -10.159201 0.643322
v 2.807720 -10.175420 0.628282
v 1.279160 -8.128040 -0.255018
v 1.376580 -9.018160 -0.496238
v 1.306300 -8.126400 -0.250138
v 1.403720 -9.016520 -0.491358
v 1.332080 -8.126260 -0.240238
v 1.429500 -9.016379 -0.481458
v 1.355520 -8.127640 -0.225678
v 1.452940 -9.017740 -0.466898
v 1.375720 -8.130480 -0.207058
v 1.473140 -9.020580 -0.448278
v 1.391900 -8.134660 -0.185058
v 1.489320 -9.024780 -0.426278
v 1.403440 -8.140059 -0.160538
v 1.500860 -9.030160 -0.401758
v 1.409880 -8.146420 -0.134458
v 1.507320 -9.036520 -0.375678
v 1.411000 -8.153521 -0.107778
v 1.508420 -9.043620 -0.348998
v 1.406740 -8.161100 -0.081558
v 1.504160 -9.051200 -0.322778
v 1.397280 -8.168839 -0.056798
v 1.494700 -9.058940 -0.298018
v 1.382960 -8.176460 -0.034438
v 1.480380 -9.066580 -0.275658
v 1.364340 -8.183681 -0.015338
v 1.461760 -9.073780 -0.256558
v 1.342140 -8.190200 -0.000258
v 1.439560 -9.080299 -0.241478
v 1.317200 -8.195780 0.010242
v 1.414620 -9.085880 -0.230978
v 1.290500 -8.200200 0.015762
v 1.387920 -9.090301 -0.225438
v 1.263040 -8.203279 0.016102
v 1.360480 -9.093400 -0.225118
v 1.235900 -8.204940 0.011222
v 1.333340 -9.095040 -0.229998
v 1.210120 -8.205080 0.001302
v 1.307540 -9.095181 -0.239918
v 1.186680 -8.203700 -0.013238
v 1.284100 -9.093801 -0.254458
v 1.166480 -8.200860 -0.031878
v 1.263900 -9.090960 -0.273078
v 1.150300 -8.196660 -0.053858
v 1.247720 -9.086780 -0.295078
v 1.138780 -8.191279 -0.078378
v 1.236200 -9.081400 -0.319598
v 1.132320 -8.184920 -0.104478
v 1.229740 -9.075020 -0.345698
v 1.131200 -8.177820 -0.131138
v 1.228620 -9.067920 -0.372358
v 1.135460 -8.170240 -0.157358
v 1.232880 -9.060340 -0.398578
v 1.144940 -8.162500 -0.182138
v 1.242360 -9.052600 -0.423358
v 1.159260 -8.154860 -0.204498
v 1.256680 -9.044980 -0.445698
v 1.177880 -8.147660 -0.223578
v 1.275300 -9.037760 -0.464798
v 1.200080 -8.141140 -0.238658
v 1.297500 -9.031240 -0.479878
v 1.225000 -8.135560 -0.249178
v 1.322420 -9.025661 -0.490398
v 1.251700 -8.131140 -0.254698
v 1.349140 -9.021240 -0.495918
v 1.373540 -9.032360 -0.445078
v 1.390440 -9.031321 -0.442038
v 1.406500 -9.031240 -0.435878
v 1.421100 -9.032100 -0.426818
v 1.433660 -9.033860 -0.415218
v 1.443740 -9.036480 -0.401518
v 1.450920 -9.039820 -0.386258
v 1.454940 -9.043780 -0.370018
v 1.455640 -9.048220 -0.353398
v 1.452980 -9.052919 -0.337078
v 1.447080 -9.057760 -0.321658
v 1.438160 -9.062500 -0.307738
v 1.426580 -9.066980 -0.295858
v 1.412760 -9.071040 -0.286458
v 1.397220 -9.074520 -0.279918
v 1.380600 -9.077260 -0.276478
v 1.363520 -9.079200 -0.276278
v 1.346620 -9.080220 -0.279318
v 1.330560 -9.080299 -0.285478
v 1.315960 -9.079460 -0.294538
v 1.303380 -9.077681 -0.306138
v 1.293320 -9.075080 -0.319838
v 1.286120 -9.071720 -0.335098
v 1.282120 -9.067760 -0.351358
v 1.281420 -9.063340 -0.367958
v 1.284060 -9.058619 -0.384278
v 1.289960 -9.053801 -0.399698
v 1.298880 -9.049060 -0.413618
v 1.310480 -9.044560 -0.425518
v 1.324300 -9.040500 -0.434898
v 1.339820 -9.037020 -0.441438
v 1.356460 -9.034280 -0.444878
v 1.448500 -9.683140 -0.646158
v 1.465400 -9.682120 -0.643118
v 1.481460 -9.682040 -0.636938
v 1.496060 -9.682899 -0.627898
v 1.508640 -9.684660 -0.616298
v 1.518700 -9.687260 -0.602598
v 1.525880 -9.690619 -0.587338
v 1.529900 -9.694580 -0.571078
v 1.530600 -9.699000 -0.554478
v 1.527940 -9.703720 -0.538158
v 1.522060 -9.708540 -0.522738
v 1.513140 -9.713300 -0.508818
v 1.501540 -9.717780 -0.496918
v 1.487720 -9.721840 -0.487538
v 1.472200 -9.725320 -0.480978
v 1.455560 -9.728060 -0.477538
v 1.438480 -9.729980 -0.477338
v 1.421580 -9.731020 -0.480378
v 1.405520 -9.731100 -0.486558
v 1.390920 -9.730240 -0.495618
v 1.378340 -9.728480 -0.507218
v 1.368280 -9.725860 -0.520898
v 1.361100 -9.722520 -0.536178
v 1.357080 -9.718560 -0.552418
v 1.356380 -9.714140 -0.569018
v 1.359040 -9.709420 -0.585358
v 1.364940 -9.704600 -0.600778
v 1.373840 -9.699840 -0.614698
v 1.385440 -9.695360 -0.626578
v 1.399260 -9.691299 -0.635978
v 1.414780 -9.687820 -0.642518
v 1.431420 -9.685080 -0.645958
v 0.577920 0.503780 0.423680
v 0.601840 0.409860 0.408120
v 0.623520 0.320420 0.373980
v 0.642140 0.238900 0.322580
v 0.656980 0.168440 0.255880
v 0.667460 0.111720 0.176460
v 0.673200 0.070960 0.087360
v 0.673980 0.047680 -0.007980
v 0.669740 0.042820 -0.105940
v 0.660680 0.056540 -0.202700
v 0.647100 0.088300 -0.294580
v 0.629580 0.136920 -0.378020
v 0.608740 0.200500 -0.449840
v 0.585420 0.276620 -0.507260
v 0.560500 0.362320 -0.548100
v 0.536560 0.448500 -0.569320
v -0.754260 0.331780 -0.450180
v -0.774140 0.413800 -0.418880
v -0.739200 0.453980 0.389180
v -0.716360 0.375380 0.426620
v -0.692920 0.291000 0.447400
v -0.669780 0.204080 0.450720
v -0.647860 0.117960 0.436460
v -0.627980 0.035960 0.405160
v -0.610900 -0.038800 0.358040
v -0.597300 -0.103420 0.296880
v -0.587680 -0.155420 0.224040
v -0.582420 -0.192800 0.142340
v -0.581720 -0.214140 0.054920
v -0.585600 -0.218600 -0.034900
v -0.593920 -0.206040 -0.123640
v -0.606340 -0.176900 -0.207880
v -0.622420 -0.132320 -0.284400
v -0.641520 -0.074020 -0.350240
v -0.662900 -0.004220 -0.402900
v -0.685760 0.074360 -0.440340
v -0.732320 0.245660 -0.464440
v -0.707720 0.153400 -0.459800
v -0.613220 0.367120 -0.436160
v -0.633100 0.449120 -0.404860
v -0.598180 0.489300 0.403220
v -0.575320 0.410720 0.440660
v -0.551880 0.326340 0.461440
v -0.528760 0.239420 0.464760
v -0.506840 0.153300 0.450500
v -0.486960 0.071280 0.419200
v -0.469880 -0.003460 0.372060
v -0.456280 -0.068080 0.310900
v -0.446660 -0.120080 0.238080
v -0.441380 -0.157480 0.156380
v -0.440680 -0.178800 0.068940
v -0.444560 -0.183280 -0.020880
v -0.452880 -0.170700 -0.109600
v -0.465320 -0.141560 -0.193840
v -0.481400 -0.096980 -0.270360
v -0.500500 -0.038680 -0.336220
v -0.521880 0.031120 -0.388880
v -0.544740 0.109700 -0.426320
v -0.591300 0.281000 -0.450420
v -0.566680 0.188720 -0.445780
v 0.441480 0.467780 0.431360
v 0.465400 0.373860 0.415800
v 0.487080 0.284420 0.381680
v 0.505700 0.202900 0.330260
v 0.520540 0.132420 0.263580
v 0.531020 0.075720 0.184160
v 0.536760 0.034940 0.095060
v 0.537540 0.011680 -0.000300
v 0.533300 0.006800 -0.098240
v 0.524220 0.020520 -0.195020
v 0.510660 0.052300 -0.286880
v 0.493120 0.100920 -0.370340
v 0.472300 0.164500 -0.442140
v 0.448980 0.240600 -0.499580
v 0.424060 0.326320 -0.540400
v 0.400120 0.412500 -0.561620
v 0.437200 0.470900 0.369920
v 0.458320 0.387940 0.356180
v 0.477460 0.308920 0.326040
v 0.493920 0.236920 0.280640
v 0.507020 0.174680 0.221720
v 0.516300 0.124580 0.151560
v 0.521360 0.088560 0.072860
v 0.522040 0.068000 -0.011380
v 0.518300 0.063700 -0.097880
v 0.510280 0.075820 -0.183360
v 0.498300 0.103880 -0.264520
v 0.482820 0.146840 -0.338240
v 0.464420 0.203000 -0.401680
v 0.443820 0.270220 -0.452400
v 0.421800 0.345940 -0.488460
v 0.400660 0.422060 -0.507220
v 0.556640 0.413880 0.350640
v 0.575800 0.334880 0.320500
v 0.592240 0.262860 0.275100
v 0.605360 0.200620 0.216180
v 0.614620 0.150520 0.146020
v 0.619700 0.114520 0.067320
v 0.620360 0.093960 -0.016920
v 0.616620 0.089660 -0.103440
v 0.608620 0.101780 -0.188900
v 0.596640 0.129840 -0.270060
v 0.581140 0.172780 -0.343780
v 0.562760 0.228940 -0.407220
v 0.542140 0.296180 -0.457940
v 0.520140 0.371880 -0.494000
v -0.608260 0.357020 -0.395280
v -0.626200 0.431020 -0.367040
v -0.594680 0.467280 0.362020
v -0.574060 0.396360 0.395800
v -0.552920 0.320240 0.414560
v -0.532060 0.241820 0.417560
v -0.512280 0.164120 0.404680
v -0.494340 0.090120 0.376440
v -0.478920 0.022680 0.333920
v -0.466660 -0.035620 0.278740
v -0.457980 -0.082540 0.213040
v -0.453220 -0.116280 0.139320
v -0.452580 -0.135520 0.060440
v -0.456080 -0.139560 -0.020600
v -0.463600 -0.128200 -0.100660
v -0.474820 -0.101920 -0.176660
v -0.489320 -0.061700 -0.245700
v -0.506560 -0.009100 -0.305120
v -0.525840 0.053880 -0.352620
v -0.546460 0.124780 -0.386400
v -0.588480 0.279340 -0.408140
v -0.566280 0.196080 -0.403960
v -0.699660 0.332920 -0.390140
v -0.717580 0.406900 -0.361900
v -0.733000 0.474340 -0.319360
v -0.745260 0.532660 -0.264200
v -0.753960 0.579560 -0.198480
v -0.758700 0.613300 -0.124760
v -0.759340 0.632560 -0.045880
v -0.755840 0.636580 0.035140
v -0.748320 0.625240 0.115200
v -0.737100 0.598940 0.191220
v -0.722600 0.558720 0.260260
v -0.705380 0.506120 0.319660
v -0.686080 0.443160 0.367180
v -0.665460 0.372240 0.400960
v -0.644320 0.296120 0.419700
v -0.623440 0.217700 0.422700
v -0.603660 0.140000 0.409840
v -0.585720 0.066000 0.381600
v -0.570320 -0.001440 0.339060
v -0.558040 -0.059740 0.283900
v -0.549360 -0.106660 0.218180
v -0.544620 -0.140400 0.144460
v -0.543980 -0.159640 0.065580
v -0.547480 -0.163680 -0.015440
v -0.554980 -0.152320 -0.095500
v -0.566200 -0.126040 -0.171520
v -0.580720 -0.085820 -0.240560
v -0.597940 -0.033220 -0.299960
v -0.617240 0.029760 -0.347480
v -0.637860 0.100660 -0.381260
v -0.679880 0.255220 -0.403000
v -0.657660 0.171960 -0.398820
vn 0.6233 -0.2636 -0.7362
vn -0.5818 -0.6427 -0.4984
vn -0.6123 -0.5341 -0.5829
vn 0.5854 -0.1224 -0.8014
vn -0.6449 -0.4110 -0.6443
vn 0.5491 0.0246 -0.8354
vn -0.6786 -0.2821 -0.6781
vn -0.9452 -0.2619 -0.1948
vn -0.6227 -0.2767 -0.7319
vn -0.6412 -0.2082 -0.7386
vn -0.5689 -0.1985 0.7981
vn -0.9314 -0.2373 0.2759
vn -0.5833 -0.1245 0.8027
vn -0.5323 -0.3423 0.7743
vn -0.7115 -0.2701 0.6487
vn -0.4576 -0.4817 0.7474
vn -0.4990 -0.4791 0.7222
vn -0.4276 -0.6113 0.6660
vn -0.4701 -0.6039 0.6437
vn -0.4034 -0.7235 0.5602
vn -0.4468 -0.7120 0.5418
vn -0.3861 -0.8140 0.4340
vn -0.4299 -0.7991 0.4203
vn -0.3760 -0.8793 0.2924
vn -0.4203 -0.8618 0.2839
vn -0.3738 -0.9168 0.1406
vn -0.4179 -0.8980 0.1377
vn -0.3795 -0.9250 -0.0156
vn -0.4234 -0.9059 -0.0129
vn -0.3930 -0.9036 -0.1703
vn -0.4362 -0.8852 -0.1617
vn -0.4136 -0.8533 -0.3174
vn -0.4559 -0.8367 -0.3034
vn -0.4406 -0.7760 -0.4514
vn -0.4818 -0.7622 -0.4324
vn -0.4730 -0.6745 -0.5669
vn -0.5129 -0.6644 -0.5436
vn -0.5096 -0.5527 -0.6594
vn -0.5482 -0.5471 -0.6326
vn -0.5489 -0.4153 -0.7254
vn -0.5859 -0.4148 -0.6962
vn -0.7534 -0.3301 -0.5687
vn 0.5855 0.0408 -0.8097
vn 0.5172 0.0952 -0.8506
vn 0.5668 0.1101 -0.8164
vn 0.6633 0.1261 0.7377
vn 0.3937 0.2199 0.8925
vn 0.6295 0.1131 0.7688
vn 0.7003 -0.0193 0.7136
vn 0.6643 -0.0392 0.7464
vn 0.6958 -0.1853 0.6940
vn 0.7225 -0.3193 0.6132
vn 0.7337 -0.1579 0.6609
vn 0.7436 -0.4360 0.5069
vn 0.7621 -0.2844 0.5816
vn 0.7581 -0.5306 0.3791
vn 0.7847 -0.3941 0.4785
vn 0.7653 -0.5993 0.2347
vn 0.8004 -0.4826 0.3557
vn 0.7650 -0.6391 0.0794
vn 0.8086 -0.5466 0.2178
vn 0.7570 -0.6484 -0.0806
vn 0.8089 -0.5837 0.0699
vn 0.7417 -0.6266 -0.2391
vn 0.8015 -0.5923 -0.0823
vn 0.7198 -0.5745 -0.3896
vn 0.7865 -0.5720 -0.2329
vn 0.6918 -0.4945 -0.5262
vn 0.7645 -0.5235 -0.3763
vn 0.6594 -0.3893 -0.6432
vn 0.7362 -0.4486 -0.5068
vn 0.7028 -0.3501 -0.6193
vn 0.6656 -0.2318 -0.7094
vn 0.6259 -0.0982 -0.7737
vn -0.7392 -0.1048 0.6652
vn -0.6672 -0.2145 0.7133
vn -0.7115 -0.2237 0.6661
vn 0.8319 -0.5084 -0.2224
vn 0.5327 0.8463 0.0021
vn 0.8451 -0.5284 -0.0817
vn 0.7464 0.0052 0.6655
vn -0.4921 -0.3396 0.8015
vn 0.7778 -0.1248 0.6159
vn 0.8049 -0.2433 0.5412
vn 0.8418 -0.4282 0.3288
vn 0.8501 -0.4875 0.1992
vn 0.8121 -0.4622 -0.3560
vn 0.7564 -0.2991 -0.5817
vn 0.7225 -0.1885 -0.6652
vn 0.6732 0.0049 -0.7395
vn -0.8761 -0.2543 -0.4097
vn -0.5546 -0.7328 -0.3942
vn -0.5315 -0.8014 -0.2742
vn -0.5135 -0.8461 -0.1429
vn -0.5011 -0.8654 -0.0051
vn -0.4947 -0.8586 0.1342
vn -0.4947 -0.8260 0.2702
vn -0.5010 -0.7686 0.3978
vn -0.5134 -0.6884 0.5124
vn -0.5315 -0.5882 0.6095
vn -0.5548 -0.4714 0.6855
vn -0.5824 -0.3422 0.7373
vn -0.6134 -0.2055 0.7626
vn -0.6464 -0.0664 0.7601
vn 0.0055 0.2405 0.9706
vn -0.6781 -0.0074 0.7349
vn 0.6395 0.1985 0.7427
vn 0.3736 -0.6472 -0.6645
vn -0.3288 -0.7411 -0.5854
vn -0.3208 -0.6145 -0.7208
vn 0.2033 0.6839 0.7007
vn -0.6350 0.3750 0.6754
vn 0.2599 0.5431 0.7984
vn -0.0317 0.4557 -0.8896
vn -0.3786 0.1982 -0.9041
vn -0.3516 0.4944 -0.7949
vn 0.3645 -0.7279 -0.5808
vn -0.3213 -0.8271 -0.4612
vn 0.3095 0.3675 0.8770
vn -0.1396 0.1548 -0.9780
vn -0.3850 -0.1034 -0.9171
vn 0.3698 -0.7830 -0.5002
vn -0.3029 -0.8856 -0.3522
vn 0.0824 0.8530 0.5154
vn -0.7267 0.4174 0.5456
vn 0.1408 0.7799 0.6098
vn -0.2274 -0.1608 -0.9604
vn -0.3760 -0.3579 -0.8547
vn 0.3833 -0.8202 -0.4246
vn -0.2727 -0.9287 -0.2513
vn 0.0311 0.9073 0.4192
vn -0.7553 0.4260 0.4980
vn -0.2884 -0.4254 -0.8578
vn -0.3591 -0.5495 -0.7544
vn 0.4064 -0.8429 -0.3528
vn -0.2342 -0.9599 -0.1538
vn -0.0166 0.9479 0.3181
vn -0.7762 0.4375 0.4541
vn -0.3379 -0.6877 -0.6426
vn 0.4316 -0.8569 -0.2819
vn -0.1868 -0.9809 -0.0549
vn -0.0625 0.9760 0.2084
vn -0.7955 0.4467 0.4094
vn -0.3107 -0.7880 -0.5315
vn 0.4661 -0.8592 -0.2111
vn -0.1234 -0.9910 0.0523
vn -0.1078 0.9905 0.0855
vn -0.8113 0.4602 0.3607
vn 0.5522 -0.8319 -0.0560
vn -0.0480 -0.9846 0.1682
vn -0.1543 0.9865 -0.0557
vn -0.8269 0.4743 0.3023
vn -0.2797 -0.8598 -0.4271
vn 0.6128 -0.7897 0.0306
vn 0.0453 -0.9507 0.3067
vn -0.2035 0.9538 -0.2210
vn -0.8414 0.4910 0.2257
vn -0.2440 -0.9141 -0.3239
vn 0.6884 -0.7151 0.1214
vn 0.1649 -0.8691 0.4664
vn -0.2555 0.8751 -0.4110
vn -0.8589 0.4986 0.1171
vn -0.2003 -0.9545 -0.2211
vn 0.5973 -0.0252 -0.8016
vn -0.3074 0.7270 -0.6140
vn -0.8764 0.4791 -0.0484
vn -0.1471 -0.9825 -0.1145
vn 0.7771 -0.5944 0.2066
vn 0.3092 -0.7080 0.6350
vn -0.8280 -0.2325 -0.5102
vn -0.0826 -0.9966 0.0013
vn 0.8668 -0.4211 0.2671
vn 0.4536 -0.4467 0.7712
vn -0.7838 -0.4611 -0.4160
vn -0.0053 -0.9912 0.1322
vn 0.9388 -0.2147 0.2693
vn 0.5557 -0.1197 0.8227
vn -0.7576 -0.5793 -0.3009
vn 0.0854 -0.9550 0.2842
vn 0.9756 -0.0223 0.2185
vn 0.5964 0.1922 0.7793
vn -0.7431 -0.6371 -0.2045
vn 0.1869 -0.8686 0.4589
vn 0.9833 0.1224 0.1344
vn 0.5923 0.4333 0.6793
vn -0.7339 -0.6672 -0.1276
vn 0.2882 -0.7086 0.6440
vn 0.9737 0.2224 0.0495
vn 0.5681 0.6001 0.5632
vn -0.7281 -0.6825 -0.0632
vn 0.3669 -0.4646 0.8059
vn 0.9577 0.2859 -0.0317
vn 0.5384 0.7122 0.4504
vn -0.7210 -0.6929 -0.0091
vn 0.3897 -0.1601 0.9069
vn 0.9389 0.3279 -0.1046
vn 0.5112 0.7869 0.3457
vn -0.7078 -0.7055 0.0358
vn 0.3617 0.1269 0.9236
vn 0.9199 0.3524 -0.1722
vn 0.4838 0.8400 0.2455
vn -0.6918 -0.7177 0.0794
vn 0.8997 0.3678 -0.2350
vn 0.4559 0.8770 0.1515
vn -0.6686 -0.7333 0.1235
vn 0.8805 0.3683 -0.2983
vn 0.4274 0.9022 0.0581
vn -0.8887 0.3649 -0.2775
vn 0.8594 0.3618 -0.3613
vn 0.3963 0.9173 -0.0387
vn -0.6376 -0.7503 0.1746
vn 0.8352 0.3483 -0.4256
vn 0.3605 0.9217 -0.1431
vn -0.5951 -0.7669 0.2403
vn 0.8064 0.3240 -0.4947
vn 0.3165 0.9122 -0.2601
vn -0.8727 0.0953 -0.4788
vn 0.7721 0.2816 -0.5697
vn 0.2597 0.8808 -0.3958
vn -0.5388 -0.7727 0.3355
vn 0.7310 0.2165 -0.6471
vn 0.1822 0.8135 -0.5523
vn -0.4622 -0.7448 0.4813
vn 0.0807 0.6793 -0.7294
vn -0.3781 -0.6195 0.6879
vn 0.5142 -0.2011 -0.8338
vn -0.3461 -0.3398 0.8745
vn -0.5671 0.3360 0.7520
vn -0.4835 0.2214 0.8469
vn 0.3966 -0.5343 -0.7465
vn -0.6928 0.4015 0.5990
vn 0.6720 0.1142 -0.7317
vn 0.4453 -0.3818 -0.8099
vn 0.5279 0.8079 -0.2618
vn 0.4727 0.8708 -0.1353
vn 0.4739 0.8369 -0.2738
vn 0.5958 0.4673 -0.6532
vn 0.6863 -0.0639 -0.7245
vn 0.6478 0.5271 0.5501
vn 0.5270 0.8396 -0.1317
vn 0.8512 -0.5213 0.0606
vn 0.6254 0.3452 -0.6998
vn 0.6160 0.6310 0.4716
vn 0.7289 0.0728 0.6807
vn 0.6384 0.2813 -0.7164
vn 0.8486 0.4075 0.3373
vn 0.5876 0.7178 0.3735
vn 0.7867 -0.3916 -0.4773
vn 0.5358 0.7522 -0.3835
vn 0.5636 0.7842 0.2596
vn 0.5501 0.6748 -0.4920
vn 0.8265 -0.3458 0.4442
vn 0.5451 0.8276 0.1341
vn 0.5704 0.5786 -0.5829
vn -0.8587 0.3869 0.3361
vn -0.8107 0.3655 0.4573
vn -0.8420 0.3121 0.4401
vn -0.8209 0.2215 0.5264
vn -0.8524 0.4163 -0.3164
vn -0.8669 0.4629 -0.1848
vn -0.7028 -0.1390 -0.6977
vn -0.8315 0.3434 -0.4366
vn -0.6666 -0.2801 -0.6908
vn -0.8702 0.4422 0.2174
vn -0.8049 0.2468 -0.5396
vn -0.7688 0.0074 0.6395
vn -0.8756 0.4750 0.0879
vn -0.7736 0.1307 -0.6201
vn -0.9655 -0.2548 0.0544
vn -0.4570 -0.3355 0.8237
vn -0.7961 0.1188 0.5933
vn -0.8747 0.4823 -0.0481
vn -0.7391 0.0001 -0.6736
vn -0.3164 -0.4009 -0.8597
vn -0.5533 -0.4839 -0.6780
vn -0.5870 -0.4125 -0.6966
vn -0.7665 0.2767 -0.5796
vn -0.4099 -0.3335 0.8490
vn -0.8442 0.5308 0.0749
vn -0.7620 0.1586 0.6279
vn -0.6230 -0.2709 -0.7338
vn -0.6605 -0.1250 -0.7404
vn -0.8171 0.4578 -0.3504
vn -0.8280 0.4434 0.3432
vn -0.7026 -0.0861 0.7063
vn -0.7338 0.1550 -0.6615
vn -0.8423 0.5346 -0.0696
vn -0.7884 0.2692 0.5531
vn -0.7946 0.3791 -0.4742
vn -0.0033 -0.3573 0.9340
vn -0.0034 -0.3573 0.9340
vn -0.8394 0.4995 0.2143
vn -0.7322 0.0378 0.6800
vn -0.6980 0.0191 -0.7159
vn -0.8331 0.5103 -0.2134
vn 0.5374 0.7409 0.4027
vn 0.8457 -0.4122 -0.3390
vn 0.5119 0.8117 0.2814
vn 0.5191 0.5928 -0.6158
vn 0.4921 0.8579 0.1478
vn 0.4789 0.8778 0.0071
vn 0.8243 0.4203 0.3793
vn 0.6015 0.5379 0.5906
vn 0.5777 0.3442 -0.7401
vn 0.5944 0.2764 -0.7552
vn 0.4824 0.7776 -0.4033
vn 0.5460 0.4742 -0.6906
vn 0.5677 0.6486 0.5070
vn 0.4974 0.6952 -0.5190
vn -0.7142 -0.2881 -0.6378
vn -0.7514 -0.1592 -0.6404
vn 0.8136 -0.0952 0.5736
vn 0.8824 -0.4676 0.0522
vn 0.7933 -0.2591 -0.5510
vn 0.9655 0.2548 -0.0543
vn 0.8985 0.0537 -0.4357
vn 0.8591 -0.3029 0.4125
vn 0.8642 -0.4556 -0.2136
vn 0.9324 0.0928 0.3493
vn 0.8813 -0.4359 0.1824
vn 0.8216 -0.3460 -0.4530
vn 0.8389 -0.2066 0.5036
vn 0.8766 -0.4743 -0.0815
vn 0.7615 -0.1551 -0.6294
vn 0.8734 -0.3804 0.3042
vn 0.1591 -0.4114 0.8975
vn 0.2600 -0.9562 0.1345
vn 0.0831 -0.4989 -0.8626
vn 0.1296 -0.6510 -0.7479
vn 0.2259 -0.7151 0.6615
vn 0.2063 -0.8751 -0.4378
vn 0.2334 -0.9385 -0.2543
vn 0.1381 -0.3236 0.9361
vn 0.2585 -0.9097 0.3249
vn 0.1712 -0.7780 -0.6045
vn 0.1963 -0.5743 0.7947
vn 0.2516 -0.9659 -0.0611
vn 0.2469 -0.8283 0.5029
vn -0.6159 -0.6310 -0.4716
vn -0.6014 -0.5380 -0.5907
vn -0.6479 -0.5270 -0.5500
vn -0.5875 -0.7178 -0.3735
vn -0.6925 -0.0874 0.7161
vn -0.5706 -0.5785 0.5829
vn -0.5501 -0.6747 0.4921
vn -0.5328 -0.8463 -0.0020
vn -0.5450 -0.8277 -0.1342
vn -0.6819 -0.4101 -0.6057
vn -0.6253 -0.3451 0.6999
vn -0.5358 -0.7522 0.3835
vn -0.5280 -0.8079 0.2618
vn -0.5635 -0.7842 -0.2596
vn -0.6746 -0.2837 -0.6815
vn -0.7095 -0.1455 -0.6895
vn -0.7274 0.0382 0.6852
vn -0.5958 -0.4673 0.6532
vn -0.5578 0.0850 -0.8256
vn -0.5269 -0.8396 0.1317
vn -0.6581 -0.2169 0.7210
vn -0.5461 -0.4743 0.6906
vn -0.9169 -0.0725 -0.3925
vn -0.6124 -0.2077 0.7628
vn -0.4974 -0.6952 0.5190
vn -0.4820 -0.7777 0.4035
vn -0.5118 -0.8117 -0.2814
vn -0.6377 -0.4134 -0.6500
vn -0.4739 -0.8369 0.2738
vn -0.4726 -0.8708 0.1352
vn -0.5676 -0.6486 -0.5071
vn -0.6862 0.0639 0.7246
vn -0.6496 -0.0701 0.7571
vn -0.5192 -0.5927 0.6157
vn -0.1381 0.3237 -0.9360
vn -0.4919 -0.8580 -0.1479
vn -0.5777 -0.3442 0.7401
vn -0.5379 -0.7407 -0.4024
vn -0.8792 -0.0292 0.4755
vn -0.7465 -0.0053 -0.6653
vn -0.4790 -0.8778 -0.0072
vn 0.8452 0.4199 -0.3307
vn 0.6758 0.7280 0.1154
vn 0.9200 0.3911 0.0261
vn 0.4776 0.6763 -0.5609
vn 0.5757 0.7824 -0.2376
vn 0.8985 0.2158 -0.3822
vn 0.5422 0.4353 -0.7187
vn 0.8022 0.5245 0.2852
vn 0.7385 0.1272 0.6621
vn 0.8711 0.2726 0.4085
vn 0.9819 0.1881 -0.0208
vn 0.9095 0.1122 0.4004
vn 0.9267 0.0095 0.3756
vn 0.7374 0.0352 0.6746
vn 0.7333 -0.0223 0.6795
vn 0.9976 0.0377 -0.0575
vn 0.9161 -0.1940 -0.3509
vn 0.9670 0.0082 0.2545
vn -0.6044 0.6206 -0.4995
vn -0.3085 0.3176 -0.8966
vn -0.5226 0.2554 -0.8134
vn -0.8584 0.4064 -0.3130
vn -0.4685 0.0060 -0.8835
vn -0.8652 0.1429 -0.4806
vn -0.2452 0.0591 -0.9677
vn 0.0546 0.3856 -0.9210
vn 0.0452 0.7821 -0.6215
vn 0.1206 0.1332 -0.9837
vn 0.6099 0.2042 -0.7657
vn 0.1439 -0.1000 -0.9845
vn 0.6246 -0.0046 -0.7809
vn 0.2772 -0.5004 -0.8202
vn -0.1904 -0.1761 -0.9658
vn 0.6653 -0.2109 -0.7162
vn -0.8675 0.1131 0.4845
vn -0.9345 -0.0308 0.3545
vn -0.7696 -0.1288 0.6254
vn -0.6354 -0.1699 0.7533
vn -0.7514 -0.2133 0.6244
vn -0.9172 -0.1965 0.3467
vn -0.9997 0.0232 0.0047
vn -0.8667 0.3419 0.3633
vn -0.9046 0.4211 0.0655
vn -0.9862 -0.1602 -0.0427
vn -0.7690 -0.3320 -0.5463
vn -0.9302 -0.3587 -0.0781
vn -0.7117 -0.6243 -0.3220
vn -0.8883 -0.3368 0.3122
vn -0.6890 -0.5327 -0.4913
vn 0.3922 0.9182 0.0558
vn 0.1576 -0.0316 0.9870
vn 0.6265 0.0937 0.7737
vn 0.7888 0.6039 0.1145
vn 0.5547 -0.0212 0.8318
vn 0.1706 -0.1168 0.9784
vn -0.4268 -0.1396 0.8935
vn -0.9621 0.1762 0.2084
vn -0.7805 0.5902 0.2062
vn -0.2634 -0.1945 0.9449
vn -0.2369 -0.2086 0.9489
vn -0.5893 -0.2222 0.7768
vn -0.5649 -0.2404 0.7893
vn 0.1632 -0.1495 0.9752
vn 0.1507 -0.1346 0.9794
vn -0.5672 -0.2345 0.7895
vn -0.2488 -0.1957 0.9486
vn 0.3589 -0.7493 -0.5566
vn 0.2432 -0.5062 -0.8274
vn 0.8010 -0.3328 -0.4976
vn -0.0457 -0.5925 -0.8043
vn 0.0927 -0.8383 -0.5373
vn -0.3657 -0.1195 -0.9231
vn -0.1446 -0.1891 -0.9713
vn -0.3569 -0.2246 -0.9067
vn -0.8524 -0.2145 -0.4768
vn -0.8301 -0.3797 -0.4084
vn -0.8377 -0.2977 -0.4578
vn -0.4064 -0.5751 -0.7100
vn -0.3924 -0.0553 0.9181
vn -0.7758 -0.1830 0.6038
vn -0.4061 -0.1041 0.9079
vn 0.1393 0.0391 0.9895
vn -0.3765 -0.4974 0.7815
vn 0.1453 -0.0171 0.9892
vn -0.7764 -0.2597 0.5743
vn -0.6633 0.6908 0.2879
vn -0.6315 0.7753 -0.0141
vn -0.3257 0.9395 -0.1063
vn -0.2897 0.9399 0.1809
vn -0.7556 0.6226 -0.2034
vn -0.3244 0.8474 -0.4203
vn 0.2691 0.9188 -0.2887
vn 0.2205 0.9639 0.1489
vn 0.0859 0.9849 -0.1505
vn -0.3567 0.7223 -0.5925
vn -0.2072 -0.8388 -0.5035
vn 0.0110 -0.6060 -0.7954
vn -0.2507 -0.5788 -0.7760
vn -0.3564 -0.6273 -0.6925
vn -0.8672 -0.4856 -0.1103
vn 0.5248 -0.0713 0.8482
vn 0.7818 -0.0096 0.6234
vn 0.5195 -0.0662 0.8519
vn -0.7435 -0.2776 0.6084
vn -0.8386 -0.2661 0.4753
vn -0.3992 -0.2250 -0.8888
vn -0.8392 -0.0858 -0.5370
vn 0.9200 0.0308 -0.3908
vn 0.9621 -0.2418 -0.1263
vn 0.7026 -0.3233 0.6339
vn 0.5919 -0.7996 -0.1016
vn 0.3459 -0.4733 -0.8102
vn -0.0415 -0.5606 -0.8270
vn 0.1661 -0.9860 0.0171
vn -0.3278 -0.9445 0.0226
vn -0.8523 -0.5145 0.0948
vn 0.6514 0.0560 0.7567
vn 0.9215 0.0733 0.3814
vn 0.6320 0.0954 0.7691
vn 0.9364 0.0016 0.3511
vn 0.0567 -0.0541 -0.9969
vn 0.7399 -0.0741 -0.6687
vn 0.0968 -0.1666 -0.9813
vn -0.1699 -0.0800 -0.9822
vn 0.7766 -0.1568 -0.6102
vn 0.9991 0.0399 -0.0147
vn 0.9085 0.1001 0.4056
vn 0.9968 0.0800 -0.0021
vn -0.9521 -0.2111 0.2211
vn -0.9460 -0.2493 0.2071
vn -0.7633 -0.1474 0.6290
vn -0.1202 -0.1131 -0.9863
vn -0.2199 -0.1352 -0.9661
vn -0.8413 -0.2415 -0.4836
vn -0.2707 0.0130 -0.9626
vn -0.1515 0.0408 -0.9876
vn -0.1559 0.0479 -0.9866
vn -0.2912 0.0137 -0.9566
vn -0.8386 -0.1548 -0.5223
vn -0.3169 -0.0164 -0.9483
vn -0.8370 -0.1453 -0.5276
vn -0.1599 0.0242 -0.9868
vn -0.1670 -0.0216 -0.9857
vn -0.3452 -0.0650 -0.9363
vn -0.8366 -0.1595 -0.5241
vn -0.8434 -0.1871 -0.5037
vn -0.5779 -0.2140 0.7876
vn -0.2572 -0.1676 0.9517
vn -0.2689 -0.1372 0.9534
vn 0.1453 -0.1098 0.9833
vn -0.6026 -0.1912 0.7748
vn -0.6448 -0.1734 0.7444
vn -0.2898 -0.1100 0.9507
vn 0.1438 -0.0786 0.9865
vn 0.1402 -0.0169 0.9900
vn 0.1420 -0.0468 0.9888
vn -0.6914 -0.1637 0.7037
vn -0.3184 -0.0898 0.9437
vn -0.7312 -0.1575 0.6637
vn -0.3554 -0.0715 0.9320
vn 0.1401 0.0135 0.9900
vn 0.5234 -0.0533 0.8504
vn 0.7938 -0.0119 0.6080
vn 0.8118 0.0020 0.5840
vn 0.5328 -0.0271 0.8458
vn 0.5494 0.0035 0.8355
vn 0.8415 0.0288 0.5395
vn 0.8719 0.0560 0.4865
vn 0.5730 0.0344 0.8188
vn 0.6046 0.0659 0.7938
vn 0.8940 0.0790 0.4411
vn 0.7203 -0.0195 -0.6934
vn -0.0102 -0.1113 -0.9937
vn -0.0292 0.0487 -0.9984
vn -0.0149 0.0574 -0.9982
vn 0.6733 0.0576 -0.7371
vn 0.6681 0.0663 -0.7411
vn 0.0100 0.0398 -0.9992
vn 0.0339 0.0021 -0.9994
vn 0.6752 0.0646 -0.7348
vn 0.6973 0.0513 -0.7149
vn 0.9872 0.0254 0.1577
vn 0.9924 0.0249 0.1208
vn 0.9969 0.0425 0.0656
vn 0.9979 0.0627 0.0165
vn 0.9972 0.0750 -0.0006
vn 0.7210 0.0194 -0.6927
vn -0.8774 -0.2511 0.4088
vn -0.8956 -0.2357 0.3773
vn -0.9203 -0.2206 0.3230
vn -0.9394 -0.2148 0.2671
vn -0.9481 -0.2148 0.2346
vn 0.9795 -0.1405 0.1445
vn 0.6142 0.5982 -0.5147
vn 0.8111 0.4025 0.4244
vn -0.6090 -0.0202 -0.7929
vn -0.8043 0.5756 0.1473
vn -0.6790 0.7337 -0.0255
vn -0.9374 -0.1413 0.3184
vn -0.5165 0.6236 0.5868
vn -0.6704 0.6474 0.3626
vn 0.9557 -0.2180 0.1977
vn 0.3120 0.9119 0.2665
vn 0.8057 -0.0060 0.5923
vn 0.1482 0.5159 0.8437
vn -0.1262 0.4402 0.8890
vn 0.0795 -0.8223 0.5635
vn -0.0641 -0.7360 -0.6740
vn 0.4995 -0.8455 0.1888
vn -0.3481 0.1069 -0.9313
vn 0.5090 0.6467 -0.5680
vn -0.1633 -0.0659 -0.9844
vn -0.3242 -0.8230 -0.4664
vn -0.3593 -0.8437 -0.3988
vn -0.2625 -0.8298 -0.4924
vn -0.9688 0.0720 -0.2370
vn -0.2817 -0.8196 0.4989
vn -0.5413 -0.8395 0.0465
vn 0.1587 -0.0466 0.9862
vn 0.0973 0.9406 0.3253
vn -0.0460 0.8897 0.4542
vn 0.3651 -0.8288 0.4240
vn 0.2004 -0.8675 0.4552
vn 0.4864 -0.8676 0.1034
vn 0.4570 -0.8480 0.2685
vn 0.3789 0.6700 0.6384
vn 0.6144 0.5667 0.5490
vn 0.1819 -0.8369 0.5162
vn 0.1657 -0.7946 0.5840
vn 0.4501 0.1623 0.8781
vn 0.4546 -0.0709 -0.8879
vn -0.0909 0.9539 -0.2861
vn -0.4366 -0.2406 0.8669
vn 0.9250 -0.2321 -0.3009
vn 0.6301 0.7723 0.0804
vn -0.2277 -0.7869 0.5736
vn 0.3408 -0.8421 -0.4179
vn 0.3983 -0.7527 -0.5242
vn 0.4446 -0.7774 -0.4450
vn 0.7753 -0.4095 -0.4808
vn 0.7441 -0.2512 -0.6190
vn 0.8305 -0.2974 -0.4710
vn 0.9153 0.1782 -0.3611
vn 0.8073 0.3450 -0.4788
vn 0.9010 0.2949 -0.3182
vn 0.7081 0.6983 -0.1044
vn 0.5642 0.8106 -0.1569
vn 0.6297 0.7755 -0.0447
vn 0.2313 0.9538 0.1920
vn 0.1064 0.9684 0.2254
vn 0.1184 0.9620 0.2462
vn 0.2315 -0.8937 -0.3843
vn 0.3053 -0.8232 -0.4787
vn 0.7081 -0.5150 -0.4831
vn 0.6948 -0.3663 -0.6190
vn 0.8201 0.1097 -0.5615
vn 0.9153 0.0588 -0.3984
vn 0.6948 0.6533 -0.3009
vn 0.7754 0.6102 -0.1626
vn 0.3410 0.9303 0.1351
vn 0.2074 0.9666 0.1508
vn 0.1183 -0.9312 -0.3448
vn 0.2069 -0.8809 -0.4256
vn 0.5643 -0.5774 -0.5901
vn 0.6298 -0.6125 -0.4777
vn 0.9010 -0.0615 -0.4294
vn 0.8305 0.5125 -0.2182
vn 0.3983 0.9173 -0.0032
vn 0.4446 0.8925 0.0760
vn 0.5415 -0.7005 -0.4649
vn 0.8726 -0.1808 -0.4537
vn 0.8073 -0.0114 -0.5900
vn 0.7818 0.4554 -0.4258
vn 0.8726 0.4068 -0.2704
vn 0.4850 0.8708 -0.0807
vn 0.5414 0.8406 0.0158
vn 0.4850 -0.6704 -0.5615
vn 0.5364 0.7721 -0.3409
vn 0.6345 0.7377 -0.2308
vn 0.0898 0.9743 0.2068
vn 0.1753 -0.8696 -0.4615
vn 0.6345 -0.4755 -0.6093
vn 0.5874 -0.3287 -0.7395
vn 0.6934 0.1541 -0.7038
vn 0.8201 0.2290 -0.5244
vn 0.5874 0.6909 -0.4214
vn 0.3052 0.9494 0.0744
vn 0.1753 0.9778 0.1149
vn 0.0899 -0.9189 -0.3842
vn 0.1063 -0.9243 -0.3664
vn 0.5364 -0.4413 -0.7194
vn 0.6826 0.0323 -0.7301
vn 0.7441 0.5587 -0.3663
vn 0.3369 0.9388 -0.0722
vn 0.4101 -0.6441 -0.6457
vn 0.7818 -0.1324 -0.6093
vn 0.6291 0.5990 -0.4953
vn 0.4102 0.8970 -0.1648
vn 0.6292 -0.2109 -0.7481
vn 0.6826 0.3886 -0.6189
vn 0.2581 -0.8067 -0.5317
vn 0.1366 -0.8605 -0.4908
vn 0.4178 -0.4133 -0.8091
vn 0.5401 0.1902 -0.8198
vn 0.6934 0.2735 -0.6666
vn 0.4178 0.8000 -0.4306
vn 0.2582 0.9658 0.0216
vn 0.1366 0.9869 0.0856
vn 0.3715 -0.5220 -0.7678
vn 0.4770 -0.5468 -0.6881
vn 0.5316 0.0679 -0.8443
vn 0.4575 0.7216 -0.5197
vn 0.2624 0.9564 -0.1286
vn 0.3194 -0.6226 -0.7144
vn 0.6610 -0.0900 -0.7449
vn 0.6611 0.4977 -0.5615
vn 0.4900 0.6319 -0.6006
vn 0.3194 0.9184 -0.2335
vn 0.2624 -0.7136 -0.6496
vn 0.3368 -0.7312 -0.5933
vn 0.5148 -0.0556 -0.8555
vn 0.5316 0.4243 -0.7330
vn 0.4770 0.8411 -0.2549
vn 0.2010 -0.7932 -0.5748
vn 0.4574 -0.2980 -0.8378
vn 0.0695 0.9791 0.1913
vn 0.1360 0.9893 -0.0534
vn 0.2010 0.9794 -0.0215
vn 0.0471 -0.9107 -0.4103
vn 0.0699 -0.9142 -0.3991
vn 0.2831 -0.3927 -0.8750
vn 0.3602 0.0941 -0.9281
vn 0.3100 0.7441 -0.5918
vn 0.2518 -0.5037 -0.8264
vn 0.3489 -0.0301 -0.9367
vn 0.5148 0.5322 -0.6721
vn 0.3320 0.6560 -0.6778
vn 0.1776 0.9693 -0.1701
vn 0.1776 -0.7006 -0.6911
vn 0.3320 -0.1540 -0.9306
vn 0.4900 -0.1780 -0.8533
vn 0.3602 0.4506 -0.8168
vn 0.2517 0.8843 -0.3933
vn 0.3715 0.8660 -0.3346
vn 0.3659 0.3364 -0.8677
vn 0.5401 0.3097 -0.7825
vn 0.0928 0.9936 0.0642
vn 0.0926 -0.8537 -0.5124
vn 0.3659 0.2167 -0.9051
vn 0.2831 0.8206 -0.4965
vn 0.1375 -0.3803 -0.9146
vn 0.1777 0.2328 -0.9561
vn 0.1506 0.7576 -0.6351
vn 0.0663 0.9952 -0.0726
vn 0.1051 -0.5976 -0.7949
vn 0.2164 -0.6069 -0.7647
vn 0.1694 -0.0150 -0.9854
vn 0.1694 0.5729 -0.8020
vn 0.3489 0.5575 -0.7533
vn 0.1051 0.9435 -0.3141
vn 0.2164 0.9341 -0.2839
vn 0.0863 -0.6929 -0.7158
vn 0.1361 -0.7834 -0.6065
vn 0.1505 -0.2620 -0.9533
vn 0.3099 -0.2756 -0.9099
vn 0.1750 0.4662 -0.8672
vn 0.1375 0.8329 -0.5360
vn 0.0231 0.9845 0.1738
vn 0.0476 0.9824 0.1808
vn 0.0662 -0.7774 -0.6255
vn 0.1777 0.3521 -0.9189
vn 0.0450 0.9977 0.0512
vn 0.0449 -0.8497 -0.5254
vn -0.0083 0.9793 -0.2022
vn 0.0863 0.9770 -0.1948
vn -0.0102 -0.5947 -0.8039
vn 0.1223 -0.4927 -0.8616
vn -0.0165 -0.0105 -0.9998
vn 0.1750 0.1099 -0.9784
vn -0.0165 0.5773 -0.8164
vn 0.1612 0.6705 -0.7242
vn -0.0083 -0.6906 -0.7232
vn 0.1612 -0.1396 -0.9770
vn -0.0171 0.4709 -0.8820
vn 0.1222 0.8953 -0.4284
vn -0.0101 0.9463 -0.3231
vn -0.0145 -0.2581 -0.9660
vn -0.0173 0.3570 -0.9340
vn -0.0133 0.8366 -0.5476
vn -0.0044 0.9989 0.0474
vn -0.0042 -0.8485 -0.5291
vn -0.0145 0.7616 -0.6479
vn -0.0062 0.9969 -0.0781
vn -0.0022 -0.9081 -0.4187
vn 0.0233 -0.9088 -0.4166
vn -0.0133 -0.3766 -0.9263
vn -0.0172 0.2374 -0.9712
vn -0.1251 -0.5986 -0.7912
vn -0.0120 -0.4895 -0.8719
vn -0.2017 -0.0169 -0.9793
vn -0.0169 0.1144 -0.9933
vn -0.2017 0.5708 -0.7959
vn -0.0156 0.6747 -0.7380
vn -0.1252 0.9423 -0.3104
vn -0.1920 -0.1414 -0.9712
vn -0.0156 -0.1354 -0.9907
vn -0.0119 0.8985 -0.4387
vn -0.0063 -0.7757 -0.6311
vn -0.1029 -0.6939 -0.7127
vn -0.1792 -0.2637 -0.9478
vn -0.2116 0.3503 -0.9124
vn -0.1637 0.8315 -0.5309
vn -0.0536 0.9972 0.0528
vn -0.0021 0.9851 0.1720
vn -0.0534 -0.8503 -0.5236
vn -0.1637 -0.3820 -0.9096
vn -0.2116 0.2309 -0.9497
vn -0.1793 0.7559 -0.6296
vn -0.0789 0.9944 -0.0700
vn -0.0278 -0.9090 -0.4159
vn -0.1456 -0.4941 -0.8571
vn -0.1920 0.6686 -0.7184
vn -0.1028 0.9761 -0.1917
vn -0.1932 -0.7025 -0.6849
vn -0.3792 -0.0340 -0.9247
vn -0.3916 0.4466 -0.8044
vn -0.2083 0.4642 -0.8609
vn -0.1456 0.8939 -0.4239
vn -0.2353 0.9318 -0.2764
vn -0.1481 -0.7848 -0.6018
vn -0.0788 -0.7781 -0.6231
vn -0.3371 -0.2788 -0.8992
vn -0.3979 0.3324 -0.8551
vn -0.3078 0.8176 -0.4866
vn -0.0517 0.9819 0.1823
vn -0.0270 0.9842 0.1749
vn -0.1003 -0.8549 -0.5091
vn -0.1008 0.9926 0.0673
vn -0.3078 -0.3958 -0.8652
vn -0.2083 0.1077 -0.9721
vn -0.3979 0.2129 -0.8924
vn -0.3370 0.7408 -0.5811
vn -0.1481 0.9878 -0.0487
vn -0.2354 -0.6092 -0.7572
vn -0.3916 0.0901 -0.9157
vn -0.3793 0.5538 -0.7412
vn -0.1933 0.9674 -0.1638
vn -0.3610 -0.1576 -0.9192
vn -0.5422 -0.0610 -0.8380
vn -0.5422 0.5267 -0.6547
vn -0.3913 0.8621 -0.3220
vn -0.2737 0.8816 -0.3846
vn -0.2763 -0.7163 -0.6408
vn -0.4818 -0.3029 -0.8222
vn -0.5688 0.3040 -0.7643
vn -0.4400 0.7957 -0.4162
vn -0.0737 0.9782 0.1940
vn -0.2117 -0.7953 -0.5680
vn -0.4818 0.7168 -0.5041
vn -0.1439 0.9855 0.0903
vn -0.0517 -0.9113 -0.4085
vn -0.1438 -0.8620 -0.4862
vn -0.2737 -0.5064 -0.8177
vn -0.4400 -0.4177 -0.7949
vn -0.5688 0.1845 -0.8015
vn -0.3610 0.6524 -0.6664
vn -0.2763 0.9536 -0.1197
vn -0.3364 -0.6260 -0.7035
vn -0.3364 0.9150 -0.2227
vn -0.3486 -0.7346 -0.5821
vn -0.6513 -0.2176 -0.7270
vn -0.5161 -0.1834 -0.8367
vn -0.7178 0.2664 -0.6433
vn -0.5599 0.4187 -0.7150
vn -0.5552 0.7665 -0.3228
vn -0.1815 0.9759 0.1208
vn -0.2671 -0.8093 -0.5231
vn -0.5552 -0.4469 -0.7014
vn -0.7178 0.1468 -0.6806
vn -0.2672 0.9632 0.0302
vn -0.2118 0.9772 -0.0148
vn -0.0926 -0.9198 -0.3814
vn -0.0737 -0.9150 -0.3967
vn -0.3913 -0.5259 -0.7552
vn -0.7066 0.0251 -0.7072
vn -0.5599 0.0624 -0.8262
vn -0.6514 0.5923 -0.4742
vn -0.5160 0.6266 -0.5840
vn -0.3486 0.9353 -0.0610
vn -0.4245 -0.6484 -0.6320
vn -0.6843 0.4907 -0.5394
vn -0.6843 -0.0969 -0.7227
vn -0.7066 0.3815 -0.5960
vn -0.4246 0.8927 -0.1511
vn -0.6081 -0.3348 -0.7198
vn -0.7615 -0.2591 -0.5941
vn -0.8262 0.3365 -0.4519
vn -0.6493 0.7311 -0.2095
vn -0.4939 0.8361 -0.2389
vn -0.1090 0.9673 0.2290
vn -0.0933 0.9733 0.2099
vn -0.2122 -0.8830 -0.4187
vn -0.1813 -0.8715 -0.4557
vn -0.6493 -0.4822 -0.5881
vn -0.8393 0.2206 -0.4969
vn -0.6080 0.6848 -0.4016
vn -0.2121 0.9644 0.1577
vn -0.1085 -0.9259 -0.3619
vn -0.4938 -0.5518 -0.6720
vn -0.8393 0.1011 -0.5342
vn -0.7110 0.6460 -0.2776
vn -0.4075 0.9131 0.0101
vn -0.5774 -0.5834 -0.5712
vn -0.8262 -0.0198 -0.5631
vn -0.7615 0.5510 -0.3413
vn -0.4965 -0.6754 -0.5453
vn -0.8002 -0.1405 -0.5831
vn -0.8001 0.4472 -0.3998
vn -0.5774 0.8047 -0.1381
vn -0.4076 -0.7568 -0.5110
vn -0.3457 -0.8457 -0.4065
vn -0.3124 -0.8264 -0.4685
vn -0.7184 -0.5223 -0.4595
vn -0.7110 -0.3735 -0.5958
vn -0.9285 0.1687 -0.3307
vn -0.7183 0.6910 -0.0809
vn -0.3456 0.9269 0.1466
vn -0.3124 0.9462 0.0847
vn -0.2348 -0.8962 -0.3765
vn -0.6388 -0.6190 -0.4569
vn -0.9140 -0.0709 -0.3995
vn -0.8425 0.5039 -0.1906
vn -0.4509 0.8879 0.0909
vn -0.8852 -0.1899 -0.4247
vn -0.4965 0.8656 -0.0646
vn -0.4510 -0.7820 -0.4302
vn -0.9140 0.2855 -0.2882
vn -0.6388 0.7690 -0.0238
vn -0.7866 -0.4175 -0.4549
vn -0.2348 0.9512 0.2000
vn -0.9821 -0.0067 -0.1883
vn -0.9285 0.0493 -0.3679
vn -0.8319 0.5547 0.0154
vn -0.7866 0.6022 -0.1368
vn -0.2484 0.9370 0.2455
vn -0.1272 -0.9397 -0.3175
vn -0.1203 -0.9326 -0.3403
vn -0.7598 -0.5656 -0.3206
vn -0.8910 0.4531 -0.0276
vn -0.3655 0.9060 0.2134
vn -0.5493 -0.7060 -0.4470
vn -0.6757 -0.6576 -0.3333
vn -0.9667 -0.1260 -0.2226
vn -0.8852 0.3977 -0.2412
vn -0.5493 0.8349 0.0338
vn -0.4770 0.8606 0.1782
vn -0.4771 -0.8092 -0.3429
vn -0.8425 -0.3061 -0.4433
vn -0.9362 -0.2434 -0.2535
vn -0.9667 0.2302 -0.1115
vn -0.6757 0.7304 0.0998
vn -0.3655 -0.8666 -0.3396
vn -0.8319 -0.4650 -0.3028
vn -0.7598 0.6476 0.0581
vn -0.1270 0.9536 0.2731
vn -0.1200 0.9608 0.2499
vn -0.2484 -0.9103 -0.3311
vn -0.1291 -0.9473 -0.2933
vn -0.7720 -0.6106 -0.1765
vn -0.9822 -0.1835 -0.0391
vn -0.8453 0.5055 0.1731
vn -0.4847 0.8324 0.2686
vn -0.5902 -0.7736 -0.2307
vn -0.5809 -0.7392 -0.3408
vn -0.9513 -0.2988 -0.0759
vn -0.9513 0.2889 0.1074
vn -0.9362 0.3443 -0.0701
vn -0.5809 0.8018 0.1401
vn -0.4847 -0.8374 -0.2525
vn -0.9054 -0.4097 -0.1115
vn -0.8910 -0.3571 -0.2803
vn -0.6866 0.6904 0.2279
vn -0.9821 0.1126 -0.1510
vn -0.9823 0.1731 0.0718
vn -0.1292 0.9460 0.2974
vn -0.3715 -0.8882 -0.2705
vn -0.8453 -0.5142 -0.1452
vn -0.9979 0.0545 0.0351
vn -0.3714 0.8844 0.2827
vn -0.9601 -0.2402 0.1432
vn -0.9979 -0.0649 -0.0021
vn -0.9054 0.4004 0.1414
vn -0.8262 0.4564 0.3302
vn -0.4737 0.8043 0.3588
vn -0.5769 -0.8078 -0.1209
vn -0.6865 -0.6976 -0.2051
vn -0.9298 -0.3538 0.1009
vn -0.9298 0.2337 0.2842
vn -0.5769 0.7332 0.3600
vn -0.5903 0.7675 0.2501
vn -0.4738 -0.8655 -0.1624
vn -0.8262 -0.5633 0.0120
vn -0.9754 -0.0033 0.2206
vn -0.7720 0.6027 0.2020
vn -0.6710 0.6506 0.3556
vn -0.2467 0.9078 0.3391
vn -0.2524 0.9224 0.2923
vn -0.2521 -0.9249 -0.2846
vn -0.3631 -0.9097 -0.2014
vn -0.7546 -0.6554 -0.0330
vn -0.7546 0.5579 0.3456
vn -0.3631 0.8628 0.3517
vn -0.2465 -0.9397 -0.2369
vn -0.6710 -0.7374 -0.0776
vn -0.6297 -0.7756 0.0448
vn -0.8726 -0.4068 0.2703
vn -0.8726 0.1809 0.4538
vn -0.8849 0.3478 0.3097
vn -0.4446 0.7773 0.4451
vn -0.4446 -0.8925 -0.0760
vn -0.8850 -0.4622 0.0569
vn -0.9601 0.1161 0.2545
vn -0.5414 0.7004 0.4651
vn -0.3406 -0.9304 -0.1351
vn -0.8305 -0.5126 0.2182
vn -0.9153 -0.0587 0.3984
vn -0.6297 0.6125 0.4779
vn -0.2314 0.8937 0.3843
vn -0.1262 0.9385 0.3215
vn -0.2313 -0.9537 -0.1920
vn -0.7753 -0.6103 0.1626
vn -0.9754 -0.1228 0.1833
vn -0.7754 0.4094 0.4808
vn -0.3408 0.8421 0.4179
vn -0.1263 -0.9548 -0.2690
vn -0.7081 -0.6983 0.1045
vn -0.9153 -0.1782 0.3611
vn -0.8304 0.2976 0.4710
vn -0.7818 0.1324 0.6093
vn -0.4851 0.6704 0.5615
vn -0.4852 -0.8707 0.0807
vn -0.5414 -0.8406 -0.0158
vn -0.7818 -0.4553 0.4259
vn -0.9010 0.0615 0.4294
vn -0.5642 0.5775 0.5900
vn -0.3053 -0.9493 -0.0744
vn -0.7442 -0.5587 0.3662
vn -0.8201 -0.1097 0.5616
vn -0.7081 0.5150 0.4831
vn -0.1060 0.9246 0.3659
vn -0.1184 0.9313 0.3445
vn -0.2074 -0.9665 -0.1512
vn -0.6344 -0.7378 0.2307
vn -0.6948 0.3663 0.6190
vn -0.2074 0.8809 0.4254
vn -0.1187 -0.9619 -0.2464
vn -0.5642 -0.8105 0.1570
vn -0.9010 -0.2949 0.3182
vn -0.8201 -0.2292 0.5243
vn -0.3053 0.8231 0.4788
vn -0.3368 -0.9388 0.0723
vn -0.3983 -0.9173 0.0033
vn -0.6291 -0.5989 0.4955
vn -0.8073 0.0115 0.5901
vn -0.6610 0.0900 0.7450
vn -0.4101 0.6441 0.6457
vn -0.6947 -0.6534 0.3008
vn -0.6934 -0.1541 0.7039
vn -0.6344 0.4756 0.6093
vn -0.4770 0.5469 0.6880
vn -0.1752 0.8696 0.4617
vn -0.1753 -0.9778 -0.1151
vn -0.5873 -0.6910 0.4213
vn -0.5874 0.3287 0.7395
vn -0.0898 -0.9743 -0.2065
vn -0.1060 -0.9686 -0.2248
vn -0.4771 -0.8411 0.2549
vn -0.8073 -0.3450 0.4788
vn -0.6934 -0.2735 0.6666
vn -0.6291 0.2109 0.7481
vn -0.7442 0.2513 0.6189
vn -0.3368 0.7311 0.5933
vn -0.3984 0.7526 0.5242
vn -0.4102 -0.8970 0.1649
vn -0.6610 -0.4977 0.5616
vn -0.6826 -0.0323 0.7301
vn -0.5148 0.0556 0.8555
vn -0.3194 0.6226 0.7144
vn -0.2011 -0.9793 0.0218
vn -0.2581 -0.9659 -0.0213
vn -0.4575 -0.7216 0.5197
vn -0.5401 -0.1903 0.8198
vn -0.4177 0.4133 0.8091
vn -0.5364 0.4413 0.7194
vn -0.0700 0.9142 0.3991
vn -0.0894 0.9189 0.3842
vn -0.5364 -0.7721 0.3407
vn -0.5401 -0.3098 0.7825
vn -0.4574 0.2980 0.8378
vn -0.2581 0.8067 0.5317
vn -0.1366 0.8604 0.4909
vn -0.1366 -0.9869 -0.0857
vn -0.4178 -0.8001 0.4305
vn -0.6825 -0.3888 0.6189
vn -0.2010 0.7935 0.5744
vn -0.3716 -0.8660 0.3346
vn -0.5316 -0.4242 0.7331
vn -0.4900 0.1781 0.8534
vn -0.2623 0.7135 0.6497
vn -0.3195 -0.9184 0.2335
vn -0.4900 -0.6319 0.6005
vn -0.2518 0.5038 0.8263
vn -0.3715 0.5221 0.7678
vn -0.0473 0.9108 0.4101
vn -0.1363 -0.9892 0.0534
vn -0.2831 -0.8206 0.4964
vn -0.3659 -0.3363 0.8678
vn -0.2831 0.3927 0.8750
vn -0.1362 0.7833 0.6065
vn -0.0470 -0.9825 -0.1804
vn -0.0700 -0.9790 -0.1916
vn -0.2518 -0.8843 0.3932
vn -0.3100 0.2755 0.9100
vn -0.1777 0.7006 0.6911
vn -0.2164 -0.9341 0.2838
vn -0.5149 -0.5323 0.6720
vn -0.3602 -0.4505 0.8169
vn -0.3321 0.1541 0.9306
vn -0.2165 0.6069 0.7647
vn -0.1778 -0.9693 0.1700
vn -0.2622 -0.9564 0.1285
vn -0.3320 -0.6559 0.6778
vn -0.5316 -0.0678 0.8443
vn -0.3489 0.0303 0.9367
vn -0.3100 -0.7441 0.5918
vn -0.3659 -0.2169 0.9050
vn -0.0450 -0.9977 -0.0512
vn -0.0923 -0.9937 -0.0642
vn -0.1374 -0.8330 0.5359
vn -0.1777 -0.2329 0.9561
vn -0.1375 0.3803 0.9146
vn -0.0449 0.8497 0.5253
vn -0.0927 0.8538 0.5123
vn -0.1222 -0.8953 0.4284
vn -0.1749 -0.4661 0.8673
vn -0.1613 0.1396 0.9770
vn -0.0864 0.6929 0.7159
vn -0.1051 -0.9436 0.3141
vn -0.1695 -0.5728 0.8020
vn -0.3488 -0.5576 0.7533
vn -0.1694 0.0150 0.9854
vn -0.1051 0.5975 0.7950
vn -0.1613 -0.6704 0.7243
vn -0.1750 -0.1097 0.9784
vn -0.3602 -0.0941 0.9281
vn -0.0865 -0.9770 0.1948
vn -0.1505 -0.7576 0.6351
vn -0.1222 0.4928 0.8615
vn -0.0230 0.9087 0.4167
vn 0.0147 0.2580 0.9660
vn -0.1507 0.2620 0.9532
vn 0.0064 0.7757 0.6311
vn -0.0661 0.7773 0.6256
vn 0.0022 -0.9851 -0.1721
vn -0.0235 -0.9844 -0.1745
vn 0.0134 -0.8366 0.5476
vn 0.0170 -0.4707 0.8821
vn -0.1777 -0.3523 0.9189
vn 0.0082 0.6906 0.7232
vn 0.0118 -0.8985 0.4388
vn 0.0165 -0.5773 0.8164
vn 0.0165 0.0106 0.9998
vn 0.0083 -0.9793 0.2021
vn 0.0119 0.4896 0.8719
vn -0.0660 -0.9952 0.0724
vn 0.0158 -0.6748 0.7379
vn 0.0171 -0.1144 0.9933
vn 0.0134 0.3768 0.9262
vn 0.0045 0.8486 0.5291
vn 0.0043 -0.9989 -0.0473
vn 0.0147 -0.7616 0.6479
vn 0.0173 -0.3569 0.9340
vn 0.0536 -0.9972 -0.0528
vn 0.1455 -0.8938 0.4241
vn 0.2116 -0.3503 0.9124
vn 0.1920 0.1414 0.9712
vn 0.0157 0.1352 0.9907
vn 0.0786 0.7782 0.6231
vn 0.1251 -0.9424 0.3103
vn 0.0101 -0.9463 0.3231
vn 0.2083 -0.4642 0.8609
vn 0.2017 0.0170 0.9793
vn 0.0102 0.5946 0.8040
vn 0.1028 0.6938 0.7128
vn 0.1027 -0.9761 0.1916
vn 0.2017 -0.5709 0.7959
vn 0.2083 -0.1078 0.9721
vn 0.1251 0.5986 0.7912
vn 0.0787 -0.9944 0.0701
vn 0.0065 -0.9969 0.0780
vn 0.1920 -0.6686 0.7184
vn 0.0173 -0.2376 0.9712
vn 0.1455 0.4942 0.8571
vn 0.0275 0.9090 0.4159
vn 0.0025 0.9082 0.4186
vn 0.1637 -0.8314 0.5311
vn 0.2116 -0.2308 0.9497
vn 0.1793 0.2637 0.9478
vn 0.0536 0.8503 0.5236
vn 0.1481 0.7849 0.6017
vn 0.2737 -0.8816 0.3846
vn 0.3792 -0.5539 0.7412
vn 0.3609 0.1576 0.9192
vn 0.2354 0.6093 0.7572
vn 0.2354 -0.9318 0.2763
vn 0.3792 0.0340 0.9247
vn 0.2737 0.5064 0.8177
vn 0.1933 -0.9674 0.1638
vn 0.1793 -0.7559 0.6296
vn 0.3609 -0.6524 0.6664
vn 0.3978 -0.2129 0.8924
vn 0.1637 0.3819 0.9096
vn 0.0513 0.9113 0.4085
vn 0.1481 -0.9878 0.0487
vn 0.3369 -0.7408 0.5811
vn 0.3077 0.3957 0.8653
vn 0.1005 0.8548 0.5092
vn 0.0273 -0.9842 -0.1749
vn 0.1003 -0.9927 -0.0673
vn 0.3077 -0.8175 0.4867
vn 0.3915 -0.4466 0.8045
vn 0.3370 0.2788 0.8993
vn 0.3913 -0.8621 0.3220
vn 0.5599 -0.4187 0.7150
vn 0.5422 0.0610 0.8380
vn 0.3365 0.6260 0.7035
vn 0.1933 0.7025 0.6849
vn 0.3365 -0.9150 0.2227
vn 0.5160 -0.6266 0.5840
vn 0.3916 -0.0903 0.9157
vn 0.3912 0.5260 0.7552
vn 0.2118 -0.9772 0.0148
vn 0.4818 -0.7167 0.5041
vn 0.5688 -0.1846 0.8015
vn 0.1438 0.8620 0.4862
vn 0.1439 -0.9854 -0.0904
vn 0.4400 -0.7956 0.4164
vn 0.5688 -0.3040 0.7643
vn 0.3978 -0.3323 0.8552
vn 0.4818 0.3028 0.8223
vn 0.2118 0.7954 0.5679
vn 0.0737 -0.9783 -0.1939
vn 0.0514 -0.9819 -0.1823
vn 0.3486 0.7346 0.5821
vn 0.2765 0.7163 0.6407
vn 0.2763 -0.9536 0.1197
vn 0.4245 -0.8927 0.1511
vn 0.6842 -0.4909 0.5393
vn 0.5422 -0.5268 0.6546
vn 0.7066 -0.0251 0.7072
vn 0.5598 -0.0624 0.8263
vn 0.4938 0.5519 0.6719
vn 0.2671 -0.9632 -0.0301
vn 0.6081 -0.6848 0.4016
vn 0.7178 -0.1469 0.6806
vn 0.4399 0.4177 0.7950
vn 0.0928 0.9197 0.3814
vn 0.0736 0.9150 0.3967
vn 0.1815 -0.9759 -0.1208
vn 0.7178 -0.2662 0.6434
vn 0.6081 0.3349 0.7197
vn 0.1816 0.8715 0.4555
vn 0.4938 -0.8361 0.2389
vn 0.5160 0.1833 0.8367
vn 0.2672 0.8094 0.5229
vn 0.6513 0.2175 0.7270
vn 0.4077 -0.9131 -0.0102
vn 0.3487 -0.9352 0.0608
vn 0.7615 -0.5510 0.3413
vn 0.6512 -0.5925 0.4742
vn 0.8262 0.0199 0.5631
vn 0.6843 0.0971 0.7227
vn 0.4965 0.6754 0.5453
vn 0.4245 0.6484 0.6320
vn 0.3125 -0.9462 -0.0846
vn 0.5554 0.4469 0.7013
vn 0.5774 0.5834 0.5711
vn 0.2122 0.8830 0.4188
vn 0.2123 -0.9644 -0.1579
vn 0.5554 -0.7664 0.3228
vn 0.7110 -0.6461 0.2776
vn 0.8393 -0.2206 0.4969
vn 0.7110 0.3736 0.5957
vn 0.0927 -0.9734 -0.2097
vn 0.5775 -0.8046 0.1381
vn 0.8262 -0.3365 0.4519
vn 0.7066 -0.3815 0.5960
vn 0.7615 0.2591 0.5941
vn 0.4077 0.7568 0.5109
vn 0.8001 -0.4473 0.3997
vn 0.4510 -0.8879 -0.0908
vn 0.8424 -0.5040 0.1905
vn 0.8393 -0.1012 0.5342
vn 0.9140 0.0709 0.3995
vn 0.7184 0.5224 0.4594
vn 0.6493 0.4821 0.5881
vn 0.1202 0.9325 0.3405
vn 0.1081 0.9257 0.3624
vn 0.2349 -0.9513 -0.1999
vn 0.6493 -0.7311 0.2095
vn 0.7865 -0.6022 0.1368
vn 0.9285 -0.1687 0.3307
vn 0.7866 0.4175 0.4550
vn 0.3457 0.8457 0.4066
vn 0.3123 0.8264 0.4685
vn 0.1087 -0.9674 -0.2286
vn 0.7183 -0.6910 0.0809
vn 0.8424 0.3062 0.4434
vn 0.4510 0.7820 0.4302
vn 0.5492 -0.8350 -0.0338
vn 0.4964 -0.8657 0.0643
vn 0.8852 -0.3978 0.2413
vn 0.8000 0.1406 0.5832
vn 0.6388 0.6190 0.4568
vn 0.8319 -0.5547 -0.0154
vn 0.9285 -0.0493 0.3679
vn 0.9667 0.1261 0.2226
vn 0.7597 0.5657 0.3206
vn 0.2484 0.9103 0.3310
vn 0.2348 0.8961 0.3766
vn 0.3656 -0.9060 -0.2133
vn 0.3456 -0.9269 -0.1465
vn 0.9821 -0.1126 0.1511
vn 0.1203 -0.9606 -0.2505
vn 0.2483 -0.9371 -0.2452
vn 0.6388 -0.7690 0.0238
vn 0.7597 -0.6476 -0.0580
vn 0.9140 -0.2855 0.2882
vn 0.8911 0.3570 0.2803
vn 0.3655 0.8666 0.3396
vn 0.6756 -0.7304 -0.0998
vn 0.9362 -0.3444 0.0700
vn 0.8852 0.1900 0.4247
vn 0.5809 0.7392 0.3408
vn 0.5492 0.7060 0.4471
vn 0.5808 -0.8019 -0.1400
vn 0.8911 -0.4530 0.0275
vn 0.9362 0.2435 0.2534
vn 0.6757 0.6575 0.3334
vn 0.1292 0.9472 0.2934
vn 0.1275 0.9398 0.3172
vn 0.3714 -0.8844 -0.2828
vn 0.7720 -0.6027 -0.2021
vn 0.9979 0.0650 0.0021
vn 0.9821 0.0067 0.1883
vn 0.8453 0.5142 0.1451
vn 0.8318 0.4651 0.3029
vn 0.3712 0.8884 0.2700
vn 0.1294 -0.9460 -0.2973
vn 0.1271 -0.9535 -0.2733
vn 0.6865 -0.6904 -0.2279
vn 0.9667 -0.2304 0.1114
vn 0.9979 -0.0546 -0.0353
vn 0.4847 0.8374 0.2526
vn 0.4770 0.8092 0.3431
vn 0.9513 -0.2890 -0.1075
vn 0.9513 0.2988 0.0759
vn 0.5903 0.7736 0.2306
vn 0.4770 -0.8607 -0.1780
vn 0.5903 -0.7674 -0.2502
vn 0.6865 0.6976 0.2053
vn 0.4847 -0.8324 -0.2685
vn 0.9054 -0.4003 -0.1414
vn 0.7720 0.6106 0.1766
vn 0.8262 -0.4565 -0.3301
vn 0.8453 -0.5054 -0.1731
vn 0.9753 0.1227 -0.1834
vn 0.7546 0.6554 0.0330
vn 0.2466 0.9396 0.2373
vn 0.2524 0.9249 0.2843
vn 0.1263 -0.9385 -0.3213
vn 0.2523 -0.9224 -0.2923
vn 0.6710 -0.6507 -0.3555
vn 0.9823 -0.1731 -0.0719
vn 0.9753 0.0034 -0.2207
vn 0.9054 0.4097 0.1114
vn 0.8262 0.5632 -0.0120
vn 0.3631 0.9097 0.2015
vn 0.5769 -0.7332 -0.3599
vn 0.9601 -0.1161 -0.2544
vn 0.9298 0.3540 -0.1008
vn 0.4738 0.8655 0.1623
vn 0.4738 -0.8043 -0.3587
vn 0.9298 -0.2338 -0.2843
vn 0.9823 0.1834 0.0393
vn 0.5769 0.8078 0.1211
vn 0.3631 -0.8628 -0.3519
vn 0.6710 0.7374 0.0777
vn 0.1263 0.9548 0.2692
vn 0.2467 -0.9078 -0.3392
vn -0.6625 -0.4380 -0.6076
vn 0.0424 -0.9951 -0.0894
vn -0.0094 0.9858 0.1675
vn -0.3910 0.8395 -0.3772
vn -0.0851 0.9671 0.2398
vn -0.3863 -0.5345 -0.7517
vn 0.1138 -0.9922 -0.0501
vn 0.1252 -0.9920 -0.0186
vn 0.6202 0.7728 -0.1345
vn 0.0394 0.7682 -0.6390
vn 0.1201 0.9849 0.1245
vn -0.4580 -0.5368 -0.7086
vn 0.4186 -0.8945 -0.1570
vn -0.1608 0.8682 -0.4695
vn -0.5974 0.7865 -0.1566
vn 0.5363 0.0679 -0.8413
vn 0.3666 0.6638 -0.6519
vn -0.7257 -0.5941 -0.3470
vn -0.4897 -0.1301 0.8621
vn -0.9379 0.1881 -0.2914
vn -0.0000 -0.9546 -0.2979
vn -0.0000 0.9546 0.2979
vn 0.7546 -0.5579 -0.3455
vn 0.8850 0.4622 -0.0569
vn 0.8850 -0.3478 -0.3096
vn 0.9601 0.2402 -0.1433
vn -0.0186 -0.7623 -0.6469
vn -0.2138 -0.7026 -0.6787
vn -0.1461 -0.7819 -0.6060
vn -0.1657 -0.6925 0.7021
vn -0.0122 -0.7210 0.6928
vn -0.0309 -0.6692 0.7424
vn 0.1096 -0.7066 -0.6990
vn -0.2497 0.6242 -0.7403
vn -0.1094 0.6460 -0.7555
vn 0.1150 -0.7409 -0.6617
vn -0.0520 -0.7231 -0.6888
vn -0.0310 -0.7288 -0.6841
vn -0.3844 0.6037 -0.6984
vn 0.3767 -0.6968 -0.6104
vn 0.2348 -0.6697 -0.7046
vn 0.2488 -0.7189 -0.6491
vn 0.1174 -0.6995 0.7049
vn 0.2493 -0.6239 0.7406
vn 0.1094 -0.6460 0.7554
vn -0.1659 -0.7487 -0.6418
vn -0.5087 0.5863 -0.6305
vn 0.4946 -0.6753 -0.5471
vn 0.3686 -0.6589 -0.6557
vn 0.3727 -0.6593 0.6530
vn 0.3844 -0.6040 0.6982
vn -0.2898 -0.7660 -0.5738
vn -0.6174 0.5729 -0.5391
vn 0.6062 -0.6204 -0.4976
vn 0.5974 -0.6564 -0.4607
vn 0.5087 -0.5865 0.6302
vn -0.4881 -0.7896 -0.3717
vn -0.3986 -0.7798 -0.4827
vn 0.6982 -0.6021 -0.3873
vn 0.6819 -0.6392 -0.3556
vn 0.5901 -0.6282 0.5070
vn 0.6177 -0.5728 0.5388
vn -0.5545 -0.7951 -0.2456
vn -0.7069 0.5628 -0.4284
vn 0.7644 -0.5905 -0.2588
vn 0.7434 -0.6256 -0.2365
vn 0.7069 -0.5629 0.4283
vn -0.8140 0.5568 -0.1653
vn -0.7731 0.5579 -0.3019
vn 0.8075 -0.5773 -0.1212
vn 0.7808 -0.6154 -0.1075
vn 0.6748 -0.6175 0.4041
vn 0.7732 -0.5576 0.3021
vn -0.6093 -0.7923 0.0331
vn -0.5954 -0.7960 -0.1088
vn 0.8196 -0.5725 0.0227
vn 0.7922 -0.6097 0.0264
vn 0.7778 -0.6078 0.1598
vn 0.8142 -0.5566 0.1653
vn -0.8143 0.5683 0.1185
vn -0.8279 0.5603 -0.0234
vn 0.8048 -0.5697 0.1666
vn 0.8279 -0.5604 0.0233
vn -0.5955 -0.7841 0.1748
vn -0.7732 0.5808 0.2545
vn 0.7639 -0.5689 0.3046
vn 0.7378 -0.6108 0.2873
vn 0.8143 -0.5683 -0.1184
vn -0.4883 -0.7558 0.4363
vn -0.5545 -0.7719 0.3110
vn 0.6931 -0.5782 0.4304
vn 0.7733 -0.5806 -0.2546
vn -0.6174 0.6157 0.4896
vn -0.7066 0.5972 0.3796
vn 0.6020 -0.5876 0.5407
vn 0.7068 -0.5968 -0.3798
vn -0.2898 -0.7155 0.6356
vn -0.3987 -0.7369 0.5460
vn 0.4913 -0.6012 0.6302
vn 0.4881 -0.6423 0.5909
vn 0.6173 -0.6158 -0.4896
vn -0.5082 0.6383 0.5782
vn 0.3660 -0.6180 0.6958
vn 0.5086 -0.6372 -0.5790
vn -0.2496 0.6825 0.6870
vn -0.3844 0.6600 0.6454
vn 0.2311 -0.6367 0.7357
vn 0.2472 -0.6785 0.6918
vn 0.3843 -0.6599 -0.6456
vn 0.0906 -0.6612 -0.7447
vn 0.2495 -0.6835 -0.6860
vn -0.1094 0.7067 0.6990
vn 0.0914 -0.6599 0.7457
vn 0.1657 0.7485 0.6420
vn 0.0307 0.7291 0.6837
vn -0.0479 -0.6783 0.7332
vn -0.1806 -0.6988 0.6922
vn -0.1374 -0.7423 0.6558
vn 0.2902 0.7654 0.5744
vn -0.3029 -0.7191 0.6254
vn -0.2529 -0.7631 0.5948
vn -0.3656 -0.8130 -0.4531
vn 0.4881 0.7897 0.3716
vn 0.3987 0.7798 0.4827
vn -0.3546 -0.7823 0.5121
vn -0.4488 -0.8235 -0.3469
vn 0.5547 0.7950 0.2456
vn -0.4390 -0.7991 0.4109
vn -0.4111 -0.7369 0.5367
vn -0.5023 -0.8129 0.2948
vn -0.4980 -0.7540 0.4284
vn -0.5099 -0.8298 -0.2267
vn 0.5957 0.7958 0.1091
vn -0.5424 -0.8231 0.1682
vn -0.5623 -0.7688 0.3046
vn -0.5572 -0.8296 0.0355
vn 0.5962 0.7835 -0.1751
vn 0.6091 0.7923 -0.0334
vn -0.6058 -0.7768 0.1718
vn 0.5547 0.7717 -0.3111
vn -0.5463 -0.8318 -0.0979
vn -0.6208 -0.7834 0.0315
vn 0.4885 0.7555 -0.4366
vn -0.6086 -0.7860 -0.1087
vn 0.3988 0.7368 -0.5459
vn -0.5689 -0.7853 -0.2441
vn 0.2902 0.7153 -0.6358
vn 0.0312 0.6680 -0.7435
vn 0.1656 0.6929 -0.7018
vn -0.3204 -0.7475 -0.5818
vn -0.2633 -0.7989 -0.5408
vn -0.4194 -0.7685 -0.4832
vn -0.5088 -0.7768 -0.3710
vn 0.1777 -0.9841 -0.0000
vn 0.1775 -0.9841 0.0001
vn 0.1776 -0.9841 -0.0002
vn -0.2078 0.8264 0.5233
vn 0.3436 -0.3921 0.8533
vn -0.0728 0.8650 0.4964
vn 0.0579 0.8931 0.4461
vn 0.4738 -0.3635 0.8021
vn 0.1769 0.9118 0.3706
vn 0.5934 -0.3453 0.7271
vn 0.2831 0.9186 0.2756
vn 0.7848 -0.3415 0.5171
vn 0.3681 0.9159 0.1603
vn 0.4347 0.8999 0.0350
vn 0.8883 -0.3814 0.2558
vn 0.4720 0.8758 -0.1009
vn 0.9018 -0.4158 0.1180
vn 0.4856 0.8409 -0.2388
vn 0.4721 0.7982 -0.3742
vn 0.8490 -0.5080 -0.1455
vn 0.4320 0.7491 -0.5023
vn 0.3684 0.6949 -0.6176
vn 0.6985 -0.6187 -0.3596
vn 0.2823 0.6385 -0.7160
vn 0.5936 -0.6756 -0.4373
vn 0.1770 0.5816 -0.7940
vn 0.0583 0.5250 -0.8491
vn 0.3433 -0.7820 -0.5202
vn -0.0731 0.4751 -0.8769
vn -0.2082 0.4290 -0.8790
vn 0.2082 -0.8272 -0.5218
vn -0.3434 0.3914 -0.8538
vn -0.0573 -0.8933 -0.4457
vn -0.4736 0.3645 -0.8018
vn -0.5936 0.3452 -0.7270
vn -0.2823 -0.9193 -0.2742
vn -0.6985 0.3381 -0.6307
vn -0.7851 0.3410 -0.5171
vn -0.4326 -0.9010 -0.0338
vn -0.8482 0.3579 -0.3905
vn -0.8885 0.3810 -0.2558
vn -0.4853 -0.8411 0.2388
vn -0.9016 0.4161 -0.1182
vn -0.4720 -0.7982 0.3743
vn -0.8884 0.4588 0.0174
vn -0.4325 -0.7489 0.5021
vn -0.8491 0.5078 0.1453
vn -0.3687 -0.6949 0.6174
vn -0.7849 0.5621 0.2607
vn -0.6989 0.6178 0.3604
vn -0.1769 -0.5813 0.7942
vn -0.5935 0.6753 0.4379
vn -0.0573 -0.5263 0.8484
vn -0.4738 0.7307 0.4915
vn -0.2822 -0.6384 0.7161
vn -0.3274 -0.7270 0.6035
vn -0.2476 -0.6715 0.6984
vn 0.0728 -0.4752 0.8768
vn -0.3431 0.7821 0.5202
vn -0.1307 -0.9401 -0.3148
vn -0.0497 -0.9003 -0.4324
vn -0.1700 -0.9171 -0.3607
vn 0.3493 -0.8212 -0.4513
vn 0.2255 -0.8629 -0.4523
vn 0.6867 -0.3835 0.6176
vn 0.6986 -0.3375 0.6309
vn -0.4131 -0.9031 0.1170
vn -0.4718 -0.8759 0.1008
vn 0.2179 -0.4678 0.8566
vn 0.3474 -0.4320 0.8323
vn 0.7593 -0.6131 -0.2181
vn 0.7848 -0.5622 -0.2608
vn -0.1494 -0.6156 0.7737
vn -0.0357 -0.5616 0.8267
vn 0.0730 -0.8649 -0.4966
vn -0.0193 -0.9236 -0.3828
vn 0.8272 -0.4064 0.3880
vn 0.8489 -0.3560 0.3907
vn -0.4196 -0.8278 0.3723
vn 0.6781 -0.6676 -0.3076
vn 0.5804 -0.7214 -0.3777
vn 0.2083 -0.4297 0.8786
vn 0.0885 -0.5118 0.8545
vn -0.1770 -0.9119 -0.3703
vn -0.2287 -0.9465 -0.2278
vn 0.8629 -0.4331 0.2606
vn 0.8736 -0.4686 0.1314
vn 0.4694 -0.7732 -0.4264
vn 0.5870 -0.3887 0.7101
vn -0.3110 -0.9423 -0.1237
vn -0.3732 -0.9277 -0.0073
vn 0.8591 -0.5119 0.0056
vn 0.8205 -0.5604 -0.1127
vn 0.1012 -0.8975 -0.4293
vn 0.7681 -0.3892 0.5085
vn -0.4287 -0.8696 0.2451
vn -0.3853 -0.7798 0.4934
vn 0.4739 -0.7303 -0.4921
vn 0.4721 -0.4052 0.7829
vn -0.3685 -0.9157 -0.1604
vn 0.8884 -0.4588 -0.0173
vn 0.8473 -0.5119 -0.1413
vn 0.4738 -0.3485 0.8087
vn 0.4736 -0.7395 -0.4784
vn 0.8886 -0.4584 -0.0158
vn 0.7011 -0.3245 0.6350
vn -0.1832 -0.5717 0.7997
vn -0.0640 -0.5138 0.8555
vn -0.4841 -0.8413 0.2405
vn -0.4728 -0.7971 0.3756
vn -0.2733 -0.9248 -0.2647
vn 0.3449 -0.7899 -0.5070
vn 0.7875 -0.3310 0.5199
vn 0.0674 -0.4628 0.8839
vn -0.4365 -0.7453 0.5040
vn -0.3642 -0.9181 -0.1562
vn 0.2119 -0.8353 -0.5073
vn 0.7833 -0.5666 -0.2558
vn 0.8515 -0.3485 0.3918
vn 0.3419 -0.3771 0.8608
vn 0.2039 -0.4150 0.8867
vn -0.3739 -0.6897 0.6200
vn -0.4265 -0.9040 -0.0295
vn 0.0793 -0.8734 -0.4805
vn 0.6968 -0.6256 -0.3510
vn 0.8895 -0.3777 0.2570
vn -0.2886 -0.6307 0.7203
vn -0.4688 -0.8772 0.1037
vn 0.5930 -0.6825 -0.4273
vn 0.9021 -0.4147 0.1195
vn 0.5949 -0.3333 0.7314
vn 0.1097 0.8610 -0.4967
vn 0.1136 -0.4639 -0.8786
vn -0.0306 0.8532 -0.5207
vn 0.3873 -0.4547 -0.8020
vn 0.2536 -0.4555 -0.8533
vn 0.2431 0.8617 -0.4453
vn 0.5083 -0.4616 -0.7270
vn 0.4691 0.8392 -0.2753
vn 0.3641 0.8546 -0.3703
vn 0.6959 -0.4981 -0.5173
vn 0.6124 -0.4763 -0.6310
vn 0.6129 0.7894 -0.0344
vn 0.5519 0.8183 -0.1604
vn 0.7890 -0.5587 -0.2556
vn 0.7555 -0.5259 -0.3907
vn 0.6451 0.7574 0.1010
vn 0.7947 -0.5953 -0.1183
vn 0.6287 0.6818 0.3741
vn 0.6497 0.7217 0.2389
vn 0.7240 -0.6743 0.1452
vn 0.7726 -0.6346 0.0173
vn 0.5055 0.6027 0.6174
vn 0.5798 0.6419 0.5018
vn 0.5536 -0.7511 0.3596
vn 0.6498 -0.7140 0.2607
vn 0.2947 0.5314 0.7942
vn 0.4097 0.5648 0.7163
vn 0.1659 0.5024 0.8486
vn 0.4388 -0.7849 0.4374
vn 0.1725 -0.8364 0.5203
vn 0.3102 -0.8138 0.4915
vn 0.0283 0.4796 0.8770
vn 0.0305 -0.8525 0.5218
vn -0.2539 0.4552 0.8534
vn -0.1135 0.4665 0.8772
vn -0.3875 0.4539 0.8024
vn -0.1099 -0.8610 0.4967
vn -0.3641 -0.8546 0.3703
vn -0.2429 -0.8618 0.4453
vn -0.5083 0.4614 0.7272
vn -0.4684 -0.8399 0.2743
vn -0.6128 0.4752 0.6313
vn -0.5520 -0.8183 0.1605
vn -0.7554 0.5262 0.3904
vn -0.6961 0.4980 0.5172
vn -0.6450 -0.7575 -0.1008
vn -0.6114 -0.7906 0.0335
vn -0.7953 0.5947 0.1179
vn -0.7891 0.5584 0.2559
vn -0.6288 -0.6817 -0.3742
vn -0.6506 -0.7209 -0.2387
vn -0.7251 0.6729 -0.1465
vn -0.7727 0.6345 -0.0175
vn -0.5057 -0.6024 -0.6176
vn -0.5797 -0.6418 -0.5021
vn -0.5539 0.7506 -0.3604
vn -0.6497 0.7140 -0.2608
vn -0.2949 -0.5315 -0.7941
vn -0.4096 -0.5650 -0.7163
vn -0.4390 0.7849 -0.4373
vn -0.1662 -0.5026 -0.8484
vn -0.3826 -0.6048 -0.6985
vn -0.0281 -0.4797 -0.8770
vn -0.1722 0.8365 -0.5201
vn -0.3104 0.8136 -0.4917
vn -0.3246 -0.8919 0.3150
vn -0.2371 -0.8701 0.4321
vn -0.2119 -0.8991 0.3831
vn 0.0397 -0.8909 0.4525
vn 0.4926 -0.5031 -0.7101
vn -0.5589 -0.8292 0.0077
vn 0.2492 -0.4953 -0.8322
vn 0.6851 -0.7197 0.1126
vn -0.1524 -0.5420 -0.8265
vn 0.7238 -0.5705 -0.3881
vn -0.5833 -0.7219 -0.3723
vn 0.4164 -0.8271 0.3776
vn -0.0210 -0.5188 -0.8546
vn -0.4221 -0.8776 0.2272
vn 0.7530 -0.6041 -0.2609
vn -0.5401 -0.6818 -0.4933
vn 0.1701 -0.8761 0.4511
vn 0.3768 -0.4951 -0.7829
vn 0.7327 -0.6805 -0.0052
vn -0.0897 -0.8987 0.4293
vn 0.5911 -0.5189 -0.6175
vn -0.6013 -0.7605 -0.2451
vn 0.5234 -0.7946 0.3076
vn 0.7562 -0.6411 -0.1314
vn 0.0326 -0.8613 0.5070
vn -0.6497 -0.7212 -0.2404
vn 0.1131 -0.4483 -0.8867
vn 0.3085 -0.8224 0.4780
vn 0.2968 -0.8544 0.4265
vn 0.7711 -0.6366 0.0142
vn 0.6175 -0.4648 -0.6346
vn -0.2995 -0.5208 -0.7995
vn -0.2744 -0.5706 -0.7740
vn -0.3579 -0.8617 0.3597
vn 0.1719 -0.8447 0.5069
vn 0.7215 -0.6779 0.1411
vn 0.7026 -0.4861 -0.5197
vn 0.6693 -0.5414 -0.5089
vn -0.1700 -0.4890 -0.8556
vn -0.6304 -0.6794 -0.3755
vn -0.5016 -0.8562 0.1241
vn -0.4613 -0.8467 0.2652
vn 0.6448 -0.7215 0.2521
vn 0.6139 -0.7586 0.2185
vn 0.7595 -0.5193 -0.3918
vn 0.2553 -0.4402 -0.8608
vn 0.1153 -0.5029 -0.8567
vn -0.0301 -0.4686 -0.8829
vn -0.4726 -0.6421 -0.6036
vn -0.5831 -0.6378 -0.5032
vn -0.5484 -0.8215 0.1561
vn 0.5500 -0.7579 0.3508
vn 0.7918 -0.5542 -0.2566
vn 0.3899 -0.4402 -0.8088
vn -0.5122 -0.5925 -0.6218
vn -0.5931 -0.7966 -0.1169
vn -0.6064 -0.7946 0.0295
vn -0.1050 -0.8708 0.4803
vn 0.4362 -0.7928 0.4256
vn 0.7956 -0.5940 -0.1191
vn 0.5117 -0.4500 -0.7319
vn -0.4145 -0.5559 -0.7205
vn -0.6416 -0.7600 -0.1033
vn 0.5062 -0.8526 -0.1301
vn -0.3981 0.0040 0.9173
vn 0.1850 -0.3783 -0.9070
vn 0.9655 0.2547 -0.0544
vn 0.0584 -0.4154 -0.9077
vn -0.7367 0.1041 0.6682
vn -0.9654 -0.2550 0.0542
vn -0.9655 -0.2545 0.0545
vn -0.9657 -0.2536 0.0548
vn -0.9654 -0.2550 0.0544
vn -0.9655 -0.2546 0.0543
vn -0.9654 -0.2549 0.0544
vn -0.9649 -0.2567 0.0554
vn -0.9655 -0.2547 0.0543
vn -0.9650 -0.2562 0.0564
vn -0.1433 0.8662 0.4788
vn 0.2003 -0.4869 0.8502
vn -0.3525 -0.4643 -0.8125
vn 0.0584 -0.6177 -0.7843
vn 0.4978 -0.6351 -0.5906
vn 0.1779 -0.9841 -0.0000
vn 0.1779 -0.9841 -0.0002
vn 0.1783 -0.9840 -0.0013
vn 0.1780 -0.9840 -0.0004
vn 0.1789 -0.9839 -0.0012
vn 0.1783 -0.9840 -0.0006
vn 0.1802 -0.9836 -0.0014
vn 0.1778 -0.9841 -0.0001
vn 0.1771 -0.9842 -0.0000
vn 0.1770 -0.9842 -0.0000
vn 0.1802 -0.9836 0.0014
vn 0.1779 -0.9840 0.0003
vn 0.1789 -0.9839 0.0012
vn 0.1779 -0.9840 0.0002
vn 0.1783 -0.9840 0.0013
vn 0.1778 -0.9841 -0.0010
vn 0.1758 -0.9844 0.0039
vn 0.1776 -0.9841 0.0001
vn 0.1789 -0.9839 -0.0013
vn 0.1752 -0.9845 0.0011
vn 0.1772 -0.9842 -0.0000
vn 0.1778 -0.9841 -0.0000
vn 0.1752 -0.9845 -0.0011
vn 0.1774 -0.9841 -0.0001
vn 0.1789 -0.9839 0.0013
vn 0.1772 -0.9842 -0.0006
vn 0.1758 -0.9844 -0.0039
vt 0.565275 0.323618
vt 0.554535 0.318550
vt 0.553725 0.321192
vt 0.564410 0.326594
vt 0.552860 0.324168
vt 0.563578 0.329586
vt 0.552029 0.327161
vt 0.568964 0.334747
vt 0.569065 0.331636
vt 0.568332 0.334381
vt 0.570193 0.333144
vt 0.570456 0.336464
vt 0.569505 0.335730
vt 0.570845 0.330581
vt 0.571332 0.333173
vt 0.572914 0.326807
vt 0.571437 0.328141
vt 0.573561 0.323976
vt 0.571945 0.325917
vt 0.574076 0.321530
vt 0.572350 0.323995
vt 0.574440 0.319561
vt 0.572636 0.322448
vt 0.574640 0.318145
vt 0.572793 0.321335
vt 0.574666 0.317337
vt 0.572814 0.320700
vt 0.574519 0.317168
vt 0.572698 0.320568
vt 0.574204 0.317644
vt 0.572451 0.320942
vt 0.573734 0.318747
vt 0.572081 0.321809
vt 0.573125 0.320435
vt 0.571602 0.323135
vt 0.572402 0.322643
vt 0.571034 0.324870
vt 0.571592 0.325285
vt 0.570398 0.326946
vt 0.570727 0.328261
vt 0.569718 0.329284
vt 0.569895 0.331254
vt 0.564585 0.330453
vt 0.562647 0.333080
vt 0.563853 0.333199
vt 0.565714 0.331961
vt 0.564139 0.334797
vt 0.565015 0.331506
vt 0.566366 0.329399
vt 0.565845 0.328245
vt 0.566597 0.325140
vt 0.567244 0.322309
vt 0.566958 0.326959
vt 0.567759 0.319862
vt 0.567466 0.324735
vt 0.568123 0.317893
vt 0.567870 0.322813
vt 0.568323 0.316478
vt 0.568157 0.321265
vt 0.568349 0.315670
vt 0.568313 0.320153
vt 0.568202 0.315501
vt 0.568334 0.319518
vt 0.567887 0.315977
vt 0.568219 0.319385
vt 0.567417 0.317080
vt 0.567971 0.319760
vt 0.566808 0.318768
vt 0.567601 0.320627
vt 0.566085 0.320976
vt 0.567123 0.321953
vt 0.566555 0.323687
vt 0.565919 0.325764
vt 0.565239 0.328102
vt 0.552090 0.328247
vt 0.554817 0.331236
vt 0.551514 0.330408
vt 0.585492 0.320623
vt 0.584355 0.325657
vt 0.585807 0.320147
vt 0.583450 0.332891
vt 0.572162 0.329912
vt 0.584202 0.329786
vt 0.584849 0.326955
vt 0.585728 0.322540
vt 0.585928 0.321124
vt 0.585021 0.321726
vt 0.583690 0.325622
vt 0.582880 0.328264
vt 0.581183 0.334233
vt 0.551097 0.330654
vt 0.555258 0.316342
vt 0.555867 0.314654
vt 0.556338 0.313551
vt 0.556653 0.313075
vt 0.556800 0.313244
vt 0.556773 0.314052
vt 0.556574 0.315467
vt 0.556210 0.317437
vt 0.555694 0.319883
vt 0.555048 0.322714
vt 0.554295 0.325819
vt 0.553465 0.329080
vt 0.552589 0.332371
vt 0.563251 0.337992
vt 0.551702 0.335566
vt 0.565026 0.334547
vt 0.635110 0.084288
vt 0.629757 0.085165
vt 0.629287 0.085860
vt 0.618079 0.094202
vt 0.611850 0.087501
vt 0.618550 0.093506
vt 0.628280 0.089825
vt 0.613785 0.088420
vt 0.613687 0.089515
vt 0.635224 0.083847
vt 0.630284 0.084648
vt 0.618946 0.092658
vt 0.628377 0.088730
vt 0.613991 0.087368
vt 0.635399 0.083459
vt 0.630846 0.084331
vt 0.616990 0.095035
vt 0.611000 0.088882
vt 0.617553 0.094719
vt 0.628583 0.087678
vt 0.614298 0.086399
vt 0.635628 0.083138
vt 0.631423 0.084226
vt 0.616414 0.095141
vt 0.610502 0.089487
vt 0.628890 0.086709
vt 0.614694 0.085551
vt 0.635903 0.082898
vt 0.631991 0.084337
vt 0.615845 0.095030
vt 0.609980 0.090002
vt 0.615165 0.084855
vt 0.636213 0.082748
vt 0.632530 0.084658
vt 0.615306 0.094708
vt 0.609454 0.090408
vt 0.615692 0.084338
vt 0.636546 0.082693
vt 0.633018 0.085179
vt 0.614818 0.094187
vt 0.608945 0.090690
vt 0.637230 0.082872
vt 0.633437 0.085879
vt 0.614400 0.093487
vt 0.608472 0.090836
vt 0.616254 0.084021
vt 0.637554 0.083101
vt 0.633770 0.086732
vt 0.614066 0.092635
vt 0.608054 0.090840
vt 0.616831 0.083916
vt 0.637850 0.083411
vt 0.634005 0.087703
vt 0.613831 0.091664
vt 0.607706 0.090704
vt 0.617399 0.084027
vt 0.635314 0.086227
vt 0.613703 0.090610
vt 0.607441 0.090431
vt 0.617938 0.084349
vt 0.638107 0.083790
vt 0.634133 0.088757
vt 0.607233 0.088926
vt 0.618426 0.084869
vt 0.638313 0.084225
vt 0.634149 0.089852
vt 0.607368 0.088259
vt 0.618845 0.085569
vt 0.638462 0.084698
vt 0.634052 0.090946
vt 0.607600 0.087550
vt 0.619178 0.086422
vt 0.638547 0.085192
vt 0.633846 0.091998
vt 0.607920 0.086826
vt 0.619413 0.087393
vt 0.638566 0.085687
vt 0.633539 0.092968
vt 0.608315 0.086115
vt 0.619541 0.088447
vt 0.638517 0.086164
vt 0.633142 0.093816
vt 0.608770 0.085445
vt 0.619557 0.089542
vt 0.638404 0.086605
vt 0.632671 0.094512
vt 0.609268 0.084840
vt 0.619460 0.090636
vt 0.638229 0.086994
vt 0.632145 0.095029
vt 0.609790 0.084325
vt 0.619254 0.091689
vt 0.637999 0.087314
vt 0.631582 0.095345
vt 0.610316 0.083919
vt 0.637724 0.087554
vt 0.631006 0.095451
vt 0.610825 0.083637
vt 0.637414 0.087704
vt 0.630437 0.095340
vt 0.607270 0.090033
vt 0.637081 0.087760
vt 0.629899 0.095018
vt 0.611298 0.083491
vt 0.636738 0.087718
vt 0.629411 0.094497
vt 0.611716 0.083487
vt 0.636397 0.087580
vt 0.628992 0.093797
vt 0.607200 0.089525
vt 0.636073 0.087352
vt 0.628659 0.092945
vt 0.612064 0.083623
vt 0.635777 0.087042
vt 0.628423 0.091974
vt 0.612329 0.083896
vt 0.628296 0.090920
vt 0.612500 0.084294
vt 0.635166 0.085754
vt 0.612570 0.084802
vt 0.612170 0.086777
vt 0.612402 0.086068
vt 0.635061 0.084765
vt 0.611455 0.088212
vt 0.635521 0.086662
vt 0.635080 0.085260
vt 0.584436 0.326316
vt 0.581258 0.324927
vt 0.581240 0.325472
vt 0.583272 0.332159
vt 0.582015 0.331240
vt 0.582380 0.331133
vt 0.584454 0.325771
vt 0.585954 0.320316
vt 0.582765 0.334254
vt 0.582926 0.329350
vt 0.582619 0.336152
vt 0.582204 0.336454
vt 0.581796 0.333141
vt 0.583414 0.327861
vt 0.584413 0.323414
vt 0.584302 0.327271
vt 0.583825 0.326722
vt 0.584056 0.328599
vt 0.585364 0.324509
vt 0.584143 0.325978
vt 0.583709 0.330250
vt 0.554465 0.320510
vt 0.557391 0.322382
vt 0.554088 0.321554
vt 0.553641 0.322920
vt 0.554902 0.321013
vt 0.555025 0.320138
vt 0.552979 0.329434
vt 0.554677 0.322231
vt 0.552437 0.331470
vt 0.554756 0.319828
vt 0.554358 0.323745
vt 0.552604 0.326396
vt 0.554951 0.319533
vt 0.553958 0.325496
vt 0.550267 0.333915
vt 0.551000 0.332425
vt 0.553140 0.324555
vt 0.555042 0.319638
vt 0.553492 0.327417
vt 0.551888 0.333446
vt 0.554656 0.336115
vt 0.555191 0.334274
vt 0.557661 0.324573
vt 0.554304 0.333253
vt 0.558254 0.320361
vt 0.556443 0.325382
vt 0.555740 0.332298
vt 0.556282 0.330262
vt 0.558205 0.321841
vt 0.557768 0.321338
vt 0.555394 0.329075
vt 0.557261 0.326324
vt 0.558345 0.320465
vt 0.556944 0.323748
vt 0.557980 0.323059
vt 0.550535 0.334346
vt 0.553838 0.335174
vt 0.558059 0.320655
vt 0.555908 0.327223
vt 0.556796 0.328245
vt 0.558329 0.320965
vt 0.580218 0.327017
vt 0.580629 0.325879
vt 0.580512 0.329406
vt 0.580947 0.325134
vt 0.581159 0.324813
vt 0.578600 0.332297
vt 0.579184 0.330290
vt 0.579569 0.333411
vt 0.579008 0.335611
vt 0.581106 0.326427
vt 0.580076 0.331316
vt 0.579730 0.328507
vt 0.580860 0.327756
vt 0.578040 0.334316
vt 0.553331 0.340160
vt 0.590889 0.306531
vt 0.587574 0.316836
vt 0.593930 0.304611
vt 0.581701 0.315331
vt 0.584960 0.318523
vt 0.594960 0.288866
vt 0.584886 0.306676
vt 0.587727 0.312430
vt 0.589771 0.296818
vt 0.593266 0.300380
vt 0.598231 0.286890
vt 0.597204 0.283253
vt 0.599973 0.262374
vt 0.593187 0.279773
vt 0.596189 0.258652
vt 0.600996 0.265910
vt 0.601698 0.244199
vt 0.601711 0.241390
vt 0.559003 0.313130
vt 0.567963 0.303575
vt 0.560491 0.301002
vt 0.555772 0.307501
vt 0.563365 0.283319
vt 0.555411 0.298272
vt 0.571257 0.285784
vt 0.576670 0.305578
vt 0.574932 0.317870
vt 0.580148 0.287968
vt 0.588547 0.289215
vt 0.584057 0.267695
vt 0.592166 0.268873
vt 0.587938 0.250928
vt 0.575261 0.265516
vt 0.593103 0.255940
vt 0.559522 0.303636
vt 0.555308 0.293350
vt 0.559108 0.290711
vt 0.564573 0.290013
vt 0.561706 0.274186
vt 0.557676 0.276568
vt 0.553879 0.295796
vt 0.556021 0.306391
vt 0.554484 0.308819
vt 0.556189 0.278703
vt 0.561683 0.260909
vt 0.560151 0.258738
vt 0.565859 0.243233
vt 0.561819 0.256512
vt 0.565928 0.249068
vt 0.581734 0.310559
vt 0.577778 0.296975
vt 0.584322 0.296900
vt 0.586576 0.307097
vt 0.587488 0.278267
vt 0.580841 0.277119
vt 0.570995 0.293390
vt 0.563796 0.300492
vt 0.568077 0.306728
vt 0.573979 0.274714
vt 0.577827 0.252453
vt 0.567425 0.273065
vt 0.571440 0.252354
vt 0.584461 0.253794
vt 0.587836 0.231562
vt 0.575613 0.231826
vt 0.581620 0.230937
vt 0.591330 0.243838
vt 0.593958 0.238245
vt 0.597750 0.250992
vt 0.579156 0.248806
vt 0.582122 0.241689
vt 0.593572 0.145709
vt 0.600149 0.131992
vt 0.596400 0.131422
vt 0.590813 0.144774
vt 0.596537 0.123438
vt 0.593971 0.130947
vt 0.598736 0.120938
vt 0.596385 0.143334
vt 0.596087 0.129987
vt 0.598903 0.129891
vt 0.599933 0.143846
vt 0.600478 0.120166
vt 0.601991 0.130198
vt 0.597974 0.122838
vt 0.561124 0.315226
vt 0.559266 0.316574
vt 0.566946 0.320539
vt 0.569152 0.320117
vt 0.564424 0.312975
vt 0.571930 0.318024
vt 0.580156 0.318077
vt 0.578642 0.321329
vt 0.576245 0.322191
vt 0.566239 0.316092
vt 0.573407 0.239519
vt 0.584535 0.236161
vt 0.575511 0.234007
vt 0.571002 0.246629
vt 0.567750 0.236313
vt 0.590800 0.255826
vt 0.598493 0.237520
vt 0.593664 0.234000
vt 0.565843 0.254046
vt 0.570411 0.233930
vt 0.567261 0.263211
vt 0.557875 0.280862
vt 0.598103 0.268177
vt 0.607694 0.122413
vt 0.605850 0.121092
vt 0.605978 0.118133
vt 0.605283 0.122059
vt 0.602045 0.121206
vt 0.603216 0.117306
vt 0.600259 0.117183
vt 0.597205 0.120603
vt 0.604738 0.130987
vt 0.606720 0.131979
vt 0.603128 0.144701
vt 0.606981 0.124436
vt 0.602215 0.147433
vt 0.606718 0.133312
vt 0.603926 0.132817
vt 0.597849 0.146616
vt 0.606818 0.125255
vt 0.607515 0.132894
vt 0.605451 0.145780
vt 0.606386 0.146966
vt 0.591000 0.143875
vt 0.594155 0.130403
vt 0.593176 0.143298
vt 0.586770 0.224220
vt 0.578346 0.222218
vt 0.573213 0.219969
vt 0.581490 0.207170
vt 0.588895 0.208955
vt 0.590981 0.193454
vt 0.584520 0.191877
vt 0.576932 0.205082
vt 0.587520 0.176417
vt 0.580465 0.190025
vt 0.593136 0.177788
vt 0.595468 0.162028
vt 0.590575 0.160867
vt 0.583923 0.174843
vt 0.587418 0.159583
vt 0.578937 0.215425
vt 0.584437 0.214491
vt 0.586727 0.200479
vt 0.590166 0.214984
vt 0.581757 0.201043
vt 0.584413 0.186571
vt 0.588940 0.186264
vt 0.591987 0.201097
vt 0.595762 0.172579
vt 0.593833 0.186938
vt 0.587126 0.172035
vt 0.591235 0.171907
vt 0.590118 0.157463
vt 0.593773 0.157468
vt 0.597825 0.158094
vt 0.595489 0.217211
vt 0.599816 0.220442
vt 0.600726 0.205424
vt 0.596853 0.202875
vt 0.598335 0.188408
vt 0.601788 0.190471
vt 0.602957 0.175506
vt 0.599898 0.173819
vt 0.601505 0.159114
vt 0.604187 0.160449
vt 0.601779 0.226275
vt 0.595548 0.225969
vt 0.596610 0.210322
vt 0.597653 0.194615
vt 0.602143 0.210409
vt 0.602512 0.194669
vt 0.598871 0.178827
vt 0.600461 0.162935
vt 0.603115 0.178936
vt 0.604180 0.163096
vt 0.602557 0.223948
vt 0.603002 0.208356
vt 0.603535 0.192923
vt 0.604253 0.177521
vt 0.605251 0.162021
vt 0.605463 0.147702
vt 0.574303 0.217478
vt 0.577756 0.202808
vt 0.581008 0.188040
vt 0.584240 0.173198
vt 0.587633 0.158308
vt 0.636966 0.086911
vt 0.623272 0.094774
vt 0.635569 0.090760
vt 0.604119 0.096590
vt 0.601469 0.098697
vt 0.606557 0.104086
vt 0.616685 0.080613
vt 0.618708 0.084373
vt 0.617054 0.084656
vt 0.646282 0.083484
vt 0.639538 0.087044
vt 0.641240 0.084031
vt 0.617108 0.096278
vt 0.611587 0.094276
vt 0.628328 0.084628
vt 0.622668 0.088526
vt 0.634676 0.083232
vt 0.609983 0.097862
vt 0.617459 0.102124
vt 0.616231 0.094214
vt 0.611667 0.091648
vt 0.617167 0.090087
vt 0.606134 0.091551
vt 0.599839 0.095465
vt 0.619497 0.078324
vt 0.616987 0.077397
vt 0.627629 0.082560
vt 0.634399 0.086941
vt 0.626554 0.085657
vt 0.635226 0.080520
vt 0.627362 0.079422
vt 0.643390 0.081543
vt 0.639308 0.081031
vt 0.622629 0.098280
vt 0.629099 0.094520
vt 0.616329 0.086357
vt 0.621980 0.086024
vt 0.636198 0.084578
vt 0.624062 0.090713
vt 0.611646 0.109475
vt 0.619059 0.080542
vt 0.644021 0.083223
vt 0.644677 0.087147
vt 0.610678 0.086691
vt 0.608551 0.082458
vt 0.609209 0.083463
vt 0.609728 0.083186
vt 0.613481 0.087341
vt 0.613133 0.089129
vt 0.614107 0.088608
vt 0.615072 0.093997
vt 0.613852 0.095884
vt 0.614909 0.095319
vt 0.612717 0.099884
vt 0.611090 0.101149
vt 0.611827 0.100755
vt 0.607315 0.102753
vt 0.605903 0.102913
vt 0.606038 0.102841
vt 0.607315 0.081879
vt 0.608155 0.082670
vt 0.612717 0.086147
vt 0.612572 0.087827
vt 0.613998 0.093219
vt 0.615072 0.092644
vt 0.612572 0.099375
vt 0.613481 0.098888
vt 0.608551 0.102495
vt 0.607047 0.102896
vt 0.606038 0.081460
vt 0.607047 0.082023
vt 0.611090 0.085440
vt 0.611827 0.085045
vt 0.614909 0.091280
vt 0.614107 0.097784
vt 0.609209 0.102349
vt 0.609728 0.102071
vt 0.610825 0.084053
vt 0.614586 0.089928
vt 0.613852 0.091846
vt 0.613562 0.097135
vt 0.614586 0.096587
vt 0.610192 0.101827
vt 0.610825 0.101488
vt 0.610192 0.084392
vt 0.610783 0.100715
vt 0.611887 0.100328
vt 0.605723 0.102976
vt 0.606691 0.082147
vt 0.611887 0.086591
vt 0.611362 0.088251
vt 0.612567 0.093720
vt 0.613998 0.094572
vt 0.611362 0.099799
vt 0.608155 0.102707
vt 0.606691 0.103021
vt 0.605723 0.081596
vt 0.605903 0.081533
vt 0.610783 0.086978
vt 0.612444 0.092339
vt 0.613133 0.098305
vt 0.608518 0.102591
vt 0.609350 0.084687
vt 0.613562 0.090475
vt 0.611836 0.098759
vt 0.609350 0.102122
vt 0.611836 0.089583
vt 0.612444 0.096378
vt 0.607627 0.082854
vt 0.606259 0.082249
vt 0.609447 0.087293
vt 0.610836 0.094128
vt 0.612567 0.095073
vt 0.609447 0.101030
vt 0.607627 0.102892
vt 0.606259 0.103123
vt 0.608921 0.086064
vt 0.610109 0.085783
vt 0.610740 0.092741
vt 0.609897 0.100144
vt 0.607683 0.102788
vt 0.608330 0.084927
vt 0.612199 0.090953
vt 0.612199 0.097613
vt 0.610267 0.099129
vt 0.608330 0.102362
vt 0.607683 0.083903
vt 0.608518 0.083705
vt 0.610549 0.091342
vt 0.610740 0.096780
vt 0.610109 0.101493
vt 0.606989 0.083005
vt 0.609897 0.088597
vt 0.605506 0.103028
vt 0.606264 0.103153
vt 0.606989 0.103043
vt 0.605259 0.081685
vt 0.605506 0.081647
vt 0.607929 0.087525
vt 0.608806 0.093037
vt 0.608235 0.100398
vt 0.607573 0.086269
vt 0.608676 0.091628
vt 0.610549 0.098002
vt 0.608485 0.099401
vt 0.606734 0.102933
vt 0.606734 0.084047
vt 0.608485 0.090225
vt 0.610267 0.089953
vt 0.608806 0.097075
vt 0.607573 0.101979
vt 0.608921 0.101773
vt 0.608871 0.095782
vt 0.610836 0.095482
vt 0.605770 0.103198
vt 0.605770 0.082324
vt 0.608871 0.094428
vt 0.607929 0.101262
vt 0.606289 0.087664
vt 0.606747 0.094608
vt 0.606438 0.100550
vt 0.605480 0.103220
vt 0.605922 0.085210
vt 0.607173 0.085104
vt 0.606652 0.091800
vt 0.606652 0.098459
vt 0.608676 0.098288
vt 0.605922 0.102645
vt 0.607173 0.102539
vt 0.605709 0.084134
vt 0.606264 0.083116
vt 0.606438 0.089003
vt 0.608235 0.088850
vt 0.606715 0.097252
vt 0.606289 0.101401
vt 0.604992 0.103088
vt 0.605259 0.103065
vt 0.605480 0.083182
vt 0.606747 0.095962
vt 0.605240 0.103243
vt 0.605240 0.082369
vt 0.604646 0.103045
vt 0.605709 0.103019
vt 0.604626 0.085241
vt 0.606116 0.086393
vt 0.604555 0.091850
vt 0.606715 0.093214
vt 0.604555 0.098510
vt 0.606559 0.099565
vt 0.604646 0.084160
vt 0.606559 0.090389
vt 0.604549 0.097304
vt 0.606116 0.102103
vt 0.604626 0.102676
vt 0.604576 0.089048
vt 0.604545 0.096015
vt 0.604590 0.101442
vt 0.604692 0.103256
vt 0.604692 0.082382
vt 0.604576 0.100595
vt 0.604668 0.103239
vt 0.604716 0.081714
vt 0.604992 0.081707
vt 0.604590 0.087705
vt 0.604545 0.094662
vt 0.603334 0.085197
vt 0.604607 0.086429
vt 0.602464 0.091778
vt 0.604549 0.093266
vt 0.602464 0.098438
vt 0.604564 0.099613
vt 0.603334 0.102632
vt 0.602575 0.090368
vt 0.604564 0.090437
vt 0.604607 0.102139
vt 0.604668 0.083202
vt 0.603587 0.084123
vt 0.602720 0.088983
vt 0.602352 0.095939
vt 0.602896 0.101383
vt 0.604145 0.103237
vt 0.604716 0.103095
vt 0.604145 0.082363
vt 0.602896 0.087646
vt 0.602352 0.094586
vt 0.602720 0.100531
vt 0.603859 0.103211
vt 0.604440 0.081704
vt 0.603102 0.086377
vt 0.602575 0.099544
vt 0.603587 0.103008
vt 0.602573 0.084026
vt 0.600461 0.091586
vt 0.600321 0.097031
vt 0.602389 0.097230
vt 0.603102 0.102087
vt 0.602096 0.102513
vt 0.603084 0.083099
vt 0.603859 0.083174
vt 0.600941 0.088813
vt 0.600250 0.095737
vt 0.601273 0.101227
vt 0.604176 0.103060
vt 0.604440 0.103085
vt 0.603621 0.082313
vt 0.603621 0.103187
vt 0.601273 0.087490
vt 0.602389 0.093191
vt 0.600250 0.094384
vt 0.600941 0.100360
vt 0.603084 0.103137
vt 0.602096 0.085078
vt 0.600321 0.092993
vt 0.600461 0.098245
vt 0.602573 0.102911
vt 0.600669 0.090185
vt 0.598623 0.091281
vt 0.598623 0.097940
vt 0.600337 0.101729
vt 0.601660 0.101949
vt 0.601641 0.083871
vt 0.599309 0.088542
vt 0.598320 0.095417
vt 0.599784 0.100980
vt 0.603934 0.103020
vt 0.602372 0.082981
vt 0.599309 0.100090
vt 0.603141 0.103107
vt 0.604176 0.081679
vt 0.603141 0.082233
vt 0.601660 0.086239
vt 0.599784 0.087243
vt 0.598320 0.094064
vt 0.600669 0.099361
vt 0.601641 0.102757
vt 0.600959 0.084889
vt 0.600959 0.102324
vt 0.600829 0.083666
vt 0.597394 0.089509
vt 0.598920 0.089895
vt 0.596638 0.094991
vt 0.598422 0.096716
vt 0.598485 0.100651
vt 0.602721 0.103001
vt 0.601752 0.082824
vt 0.598485 0.086914
vt 0.596638 0.093638
vt 0.601752 0.102862
vt 0.602372 0.103019
vt 0.603723 0.081585
vt 0.603934 0.081639
vt 0.600337 0.086019
vt 0.596766 0.092258
vt 0.598422 0.092678
vt 0.597394 0.098685
vt 0.598920 0.099071
vt 0.600829 0.102551
vt 0.599968 0.084639
vt 0.597019 0.097534
vt 0.597019 0.090875
vt 0.596766 0.096297
vt 0.599968 0.102074
vt 0.597886 0.088182
vt 0.596151 0.089041
vt 0.595416 0.095789
vt 0.597426 0.100253
vt 0.599183 0.101437
vt 0.603551 0.102901
vt 0.603723 0.102966
vt 0.602380 0.081998
vt 0.602721 0.082127
vt 0.597426 0.086516
vt 0.595267 0.094475
vt 0.597886 0.099729
vt 0.602380 0.102872
vt 0.603551 0.081521
vt 0.599183 0.085727
vt 0.595267 0.093122
vt 0.596726 0.099293
vt 0.600167 0.102302
vt 0.598242 0.085373
vt 0.595416 0.091751
vt 0.596151 0.098217
vt 0.599161 0.084335
vt 0.595712 0.090383
vt 0.595712 0.097043
vt 0.598242 0.101083
vt 0.600167 0.083417
vt 0.600874 0.082418
vt 0.601246 0.082634
vt 0.596649 0.086064
vt 0.596726 0.087745
vt 0.594259 0.093890
vt 0.596649 0.099801
vt 0.600874 0.102455
vt 0.601246 0.102671
vt 0.602129 0.081853
vt 0.597551 0.084972
vt 0.594425 0.091175
vt 0.595238 0.097686
vt 0.599681 0.102019
vt 0.594753 0.089826
vt 0.599161 0.101770
vt 0.599681 0.083134
vt 0.594425 0.095213
vt 0.597551 0.100682
vt 0.595873 0.087250
vt 0.602129 0.102726
vt 0.593655 0.091904
vt 0.594259 0.092537
vt 0.595362 0.098262
vt 0.595873 0.098798
vt 0.601978 0.102569
vt 0.603348 0.081368
vt 0.603424 0.081447
vt 0.596182 0.085576
vt 0.594690 0.097113
vt 0.600651 0.102222
vt 0.598568 0.083990
vt 0.597137 0.084538
vt 0.593830 0.090552
vt 0.594753 0.096485
vt 0.598568 0.101425
vt 0.599389 0.101714
vt 0.599389 0.082829
vt 0.595238 0.088510
vt 0.594177 0.089223
vt 0.593830 0.094590
vt 0.597137 0.100248
vt 0.600651 0.082185
vt 0.595362 0.086715
vt 0.596182 0.099313
vt 0.603348 0.102748
vt 0.603424 0.102828
vt 0.601978 0.081695
vt 0.603326 0.081285
vt 0.596044 0.085070
vt 0.593654 0.089907
vt 0.595211 0.097708
vt 0.599303 0.101397
vt 0.598107 0.083231
vt 0.598212 0.083617
vt 0.594007 0.088598
vt 0.594007 0.095257
vt 0.594177 0.095882
vt 0.598212 0.101052
vt 0.599303 0.082512
vt 0.594528 0.087342
vt 0.594690 0.087937
vt 0.597014 0.099798
vt 0.593655 0.093257
vt 0.593654 0.093945
vt 0.603326 0.102666
vt 0.600586 0.081943
vt 0.595211 0.086160
vt 0.593477 0.092601
vt 0.600586 0.101980
vt 0.593905 0.089263
vt 0.593477 0.091248
vt 0.594528 0.096518
vt 0.595426 0.097155
vt 0.599426 0.101082
vt 0.598256 0.082846
vt 0.597014 0.084088
vt 0.594249 0.087975
vt 0.594249 0.094635
vt 0.598256 0.100281
vt 0.598107 0.100666
vt 0.599426 0.082197
vt 0.595426 0.085607
vt 0.593731 0.091948
vt 0.596044 0.098807
vt 0.597189 0.099350
vt 0.601997 0.102242
vt 0.601934 0.102405
vt 0.601934 0.081532
vt 0.600680 0.081702
vt 0.596241 0.084565
vt 0.596241 0.098302
vt 0.600679 0.101739
vt 0.601997 0.081369
vt 0.597189 0.083640
vt 0.597654 0.083211
vt 0.594895 0.087378
vt 0.594895 0.094038
vt 0.594759 0.095926
vt 0.599753 0.100780
vt 0.599753 0.081895
vt 0.594759 0.086750
vt 0.593905 0.093302
vt 0.598655 0.099913
vt 0.600929 0.081471
vt 0.595373 0.086182
vt 0.594409 0.091322
vt 0.597654 0.098920
vt 0.602166 0.102086
vt 0.603358 0.102584
vt 0.602166 0.081213
vt 0.596000 0.085078
vt 0.593731 0.090595
vt 0.596000 0.096625
vt 0.600929 0.101508
vt 0.603358 0.081203
vt 0.596764 0.084082
vt 0.594409 0.089969
vt 0.595373 0.095358
vt 0.595919 0.093490
vt 0.599288 0.099574
vt 0.599288 0.082139
vt 0.598655 0.082478
vt 0.595919 0.086831
vt 0.594571 0.092686
vt 0.598391 0.098526
vt 0.601326 0.081259
vt 0.596348 0.085661
vt 0.595483 0.090747
vt 0.596764 0.097819
vt 0.603578 0.102433
vt 0.603443 0.102505
vt 0.602434 0.081069
vt 0.597593 0.083638
vt 0.596909 0.096139
vt 0.602434 0.101943
vt 0.603443 0.081124
vt 0.598391 0.082816
vt 0.594571 0.088647
vt 0.595483 0.089394
vt 0.601326 0.101296
vt 0.600962 0.081375
vt 0.600272 0.081617
vt 0.597644 0.085207
vt 0.595629 0.092120
vt 0.597282 0.093013
vt 0.600131 0.099279
vt 0.596909 0.084591
vt 0.596913 0.090246
vt 0.597593 0.097375
vt 0.599372 0.098182
vt 0.602790 0.101818
vt 0.602790 0.080945
vt 0.598119 0.084167
vt 0.598119 0.095715
vt 0.603757 0.080989
vt 0.603578 0.081052
vt 0.599372 0.082473
vt 0.595629 0.088082
vt 0.596913 0.088893
vt 0.597644 0.094383
vt 0.596348 0.094837
vt 0.600962 0.100260
vt 0.600272 0.100502
vt 0.600131 0.081844
vt 0.597282 0.086353
vt 0.597037 0.091627
vt 0.598931 0.092624
vt 0.601150 0.099038
vt 0.602492 0.080923
vt 0.601853 0.081074
vt 0.599583 0.083822
vt 0.598645 0.089837
vt 0.600034 0.096673
vt 0.598698 0.096988
vt 0.603975 0.102319
vt 0.603757 0.102370
vt 0.598698 0.083251
vt 0.598645 0.088484
vt 0.599583 0.095369
vt 0.601853 0.101111
vt 0.603221 0.101717
vt 0.603221 0.080843
vt 0.600034 0.082936
vt 0.597037 0.087588
vt 0.602492 0.100961
vt 0.600559 0.082192
vt 0.598741 0.087186
vt 0.599214 0.094012
vt 0.601798 0.100063
vt 0.601150 0.081603
vt 0.599214 0.084836
vt 0.601907 0.097696
vt 0.600559 0.097902
vt 0.604222 0.102281
vt 0.603217 0.080813
vt 0.601551 0.082704
vt 0.600610 0.088184
vt 0.601551 0.096441
vt 0.603217 0.100850
vt 0.604222 0.080900
vt 0.603975 0.080938
vt 0.601907 0.081987
vt 0.601246 0.095115
vt 0.602747 0.099918
vt 0.602308 0.081427
vt 0.598931 0.085964
vt 0.600675 0.086891
vt 0.600996 0.093740
vt 0.602308 0.098862
vt 0.602747 0.081033
vt 0.601798 0.081178
vt 0.600996 0.084565
vt 0.598741 0.091225
vt 0.600804 0.092338
vt 0.601246 0.083568
vt 0.600610 0.089537
vt 0.604240 0.080723
vt 0.603711 0.080768
vt 0.603191 0.082565
vt 0.602734 0.089357
vt 0.603191 0.096302
vt 0.604240 0.101597
vt 0.603711 0.101642
vt 0.603364 0.081863
vt 0.602766 0.086714
vt 0.602921 0.093577
vt 0.603772 0.099832
vt 0.603559 0.081321
vt 0.602828 0.085506
vt 0.600804 0.085678
vt 0.602828 0.092166
vt 0.603559 0.098756
vt 0.602921 0.084401
vt 0.602766 0.090752
vt 0.600675 0.090929
vt 0.603772 0.080946
vt 0.603043 0.083416
vt 0.603364 0.097573
vt 0.604488 0.102259
vt 0.604905 0.094918
vt 0.603043 0.094963
vt 0.604812 0.100764
vt 0.604000 0.100784
vt 0.604765 0.080871
vt 0.604488 0.080878
vt 0.604891 0.082524
vt 0.604932 0.086662
vt 0.602734 0.088004
vt 0.604834 0.099806
vt 0.604874 0.081827
vt 0.604926 0.085456
vt 0.604926 0.092115
vt 0.604834 0.080921
vt 0.604874 0.097537
vt 0.604000 0.080746
vt 0.604917 0.084353
vt 0.604932 0.090700
vt 0.604891 0.096261
vt 0.604789 0.101584
vt 0.604789 0.080710
vt 0.604905 0.083371
vt 0.604935 0.087951
vt 0.605336 0.080729
vt 0.606379 0.081879
vt 0.607129 0.088027
vt 0.606906 0.093598
vt 0.604917 0.093529
vt 0.605621 0.100792
vt 0.606147 0.081334
vt 0.604855 0.081289
vt 0.607091 0.086736
vt 0.607017 0.092188
vt 0.604855 0.098724
vt 0.605893 0.099843
vt 0.605893 0.080957
vt 0.607017 0.085528
vt 0.607091 0.090774
vt 0.606147 0.098769
vt 0.605621 0.080755
vt 0.604812 0.080727
vt 0.606906 0.084422
vt 0.604935 0.089304
vt 0.606379 0.097589
vt 0.605040 0.102262
vt 0.604765 0.102252
vt 0.606584 0.082583
vt 0.607129 0.089380
vt 0.606761 0.094982
vt 0.605336 0.101603
vt 0.606397 0.100866
vt 0.607820 0.082017
vt 0.609020 0.085720
vt 0.608812 0.093781
vt 0.607385 0.098888
vt 0.607385 0.081453
vt 0.609020 0.092380
vt 0.607820 0.097727
vt 0.606908 0.081055
vt 0.606761 0.083435
vt 0.608812 0.084605
vt 0.609231 0.089582
vt 0.606584 0.096320
vt 0.605304 0.102287
vt 0.606397 0.080829
vt 0.608539 0.083606
vt 0.608207 0.096475
vt 0.605859 0.101653
vt 0.605040 0.080881
vt 0.605859 0.080779
vt 0.608207 0.082738
vt 0.609160 0.086935
vt 0.608539 0.095153
vt 0.609144 0.082237
vt 0.611059 0.087250
vt 0.610858 0.092685
vt 0.608521 0.099076
vt 0.606908 0.099940
vt 0.608521 0.081641
vt 0.610561 0.084895
vt 0.609160 0.090973
vt 0.609144 0.097946
vt 0.607108 0.080947
vt 0.610172 0.083876
vt 0.611160 0.089902
vt 0.606340 0.101733
vt 0.606340 0.080859
vt 0.609697 0.082986
vt 0.611160 0.088549
vt 0.609231 0.088229
vt 0.610172 0.095424
vt 0.607108 0.100985
vt 0.605547 0.080946
vt 0.605304 0.080906
vt 0.608651 0.100300
vt 0.607839 0.100094
vt 0.607839 0.081209
vt 0.609512 0.081892
vt 0.612462 0.086431
vt 0.610858 0.086025
vt 0.612715 0.091707
vt 0.611059 0.091288
vt 0.610298 0.098239
vt 0.607729 0.081104
vt 0.611595 0.084237
vt 0.612843 0.090328
vt 0.609697 0.096723
vt 0.605758 0.102381
vt 0.605547 0.102327
vt 0.606759 0.080965
vt 0.612843 0.088975
vt 0.611595 0.095784
vt 0.606759 0.101839
vt 0.610298 0.082529
vt 0.610561 0.094071
vt 0.607729 0.101142
vt 0.612086 0.094457
vt 0.609313 0.081664
vt 0.608651 0.081415
vt 0.613329 0.085749
vt 0.612086 0.085281
vt 0.614065 0.092215
vt 0.612462 0.093091
vt 0.610320 0.099631
vt 0.609512 0.099327
vt 0.608235 0.081294
vt 0.610996 0.097051
vt 0.611238 0.098592
vt 0.607101 0.101967
vt 0.607101 0.081094
vt 0.610996 0.083314
vt 0.612755 0.084673
vt 0.614214 0.089491
vt 0.612755 0.096221
vt 0.605758 0.081000
vt 0.611238 0.082883
vt 0.614065 0.088177
vt 0.612715 0.087669
vt 0.613329 0.094925
vt 0.609313 0.100549
vt 0.613768 0.086923
vt 0.609800 0.081946
vt 0.614243 0.086280
vt 0.614214 0.090844
vt 0.615056 0.092791
vt 0.612832 0.097902
vt 0.612055 0.097450
vt 0.606057 0.102519
vt 0.605930 0.102445
vt 0.607352 0.081239
vt 0.612055 0.083713
vt 0.613607 0.085168
vt 0.615221 0.090076
vt 0.613607 0.096716
vt 0.608606 0.101548
vt 0.608235 0.101332
vt 0.605930 0.081064
vt 0.612832 0.084165
vt 0.614243 0.095455
vt 0.609800 0.100832
vt 0.610913 0.082541
vt 0.610320 0.082196
vt 0.614728 0.087481
vt 0.613768 0.093582
vt 0.611929 0.098994
vt 0.614119 0.085704
vt 0.615221 0.091429
vt 0.615651 0.093414
vt 0.613299 0.098390
vt 0.607503 0.102271
vt 0.607352 0.102113
vt 0.608829 0.081744
vt 0.608606 0.081510
vt 0.615826 0.090709
vt 0.606057 0.081138
vt 0.607503 0.081397
vt 0.611929 0.083284
vt 0.613299 0.084653
vt 0.615056 0.088753
vt 0.614791 0.096029
vt 0.608829 0.101781
vt 0.612344 0.083718
vt 0.615304 0.088084
vt 0.614728 0.094140
vt 0.611269 0.100348
vt 0.610913 0.099976
vt 0.611269 0.082913
vt 0.614791 0.086853
vt 0.615304 0.094743
vt 0.612344 0.099428
vt 0.606155 0.102681
vt 0.606132 0.102598
vt 0.608895 0.081986
vt 0.613436 0.085159
vt 0.616004 0.092718
vt 0.615826 0.092062
vt 0.614270 0.097806
vt 0.614119 0.097251
vt 0.608895 0.102023
vt 0.606155 0.081300
vt 0.606132 0.081217
vt 0.612466 0.084168
vt 0.615651 0.089376
vt 0.616004 0.091364
vt 0.610178 0.101454
vt 0.610091 0.101137
vt 0.615474 0.088708
vt 0.615474 0.095368
vt 0.611374 0.100735
vt 0.610091 0.082252
vt 0.611374 0.083300
vt 0.612466 0.099878
vt 0.610178 0.082568
vt 0.614952 0.087448
vt 0.613436 0.098896
vt 0.614054 0.086811
vt 0.614270 0.086258
vt 0.615750 0.093371
vt 0.613240 0.099401
vt 0.607484 0.102597
vt 0.607547 0.102434
vt 0.606123 0.081382
vt 0.607547 0.081560
vt 0.612292 0.084616
vt 0.615827 0.090021
vt 0.615750 0.092018
vt 0.614952 0.096623
vt 0.614054 0.098359
vt 0.608801 0.102264
vt 0.611224 0.083684
vt 0.615576 0.090664
vt 0.615232 0.095991
vt 0.610055 0.101769
vt 0.610055 0.082884
vt 0.615232 0.089331
vt 0.615827 0.094059
vt 0.611224 0.101119
vt 0.608801 0.082227
vt 0.612292 0.100326
vt 0.606123 0.102763
vt 0.607484 0.081723
vt 0.612442 0.084445
vt 0.624536 0.077933
vt 0.632043 0.086730
vt 0.618934 0.093813
vt 0.624549 0.085693
vt 0.623822 0.083725
vt 0.636532 0.079360
vt 0.632085 0.078469
vt 0.642721 0.087078
vt 0.631004 0.092087
vt 0.637382 0.086904
vt 0.630189 0.082365
vt 0.640980 0.080250
vt 0.624515 0.095579
vt 0.613353 0.092047
vt 0.638918 0.084757
vt 0.637494 0.088595
vt 0.600601 0.091453
vt 0.609283 0.090537
vt 0.611034 0.088273
vt 0.604740 0.081208
vt 0.604740 0.102758
vt 0.613240 0.085664
vt 0.614722 0.097216
vt 0.614722 0.088040
vt 0.615576 0.094702
vt 0.591435 0.185143
vt 0.605504 0.096837
vt 0.590975 0.185075
vt 0.590091 0.185214
vt 0.591435 0.185347
vt 0.590984 0.185370
vt 0.591914 0.185121
vt 0.579115 0.258381
vt 0.580044 0.258527
vt 0.591914 0.185219
vt 0.605966 0.103760
vt 0.590984 0.184975
vt 0.578222 0.258248
vt 0.592852 0.185378
vt 0.606928 0.097017
vt 0.592392 0.185298
vt 0.591914 0.185426
vt 0.592843 0.185670
vt 0.591914 0.185523
vt 0.590091 0.184842
vt 0.577398 0.258134
vt 0.593276 0.185456
vt 0.607390 0.097083
vt 0.592852 0.185569
vt 0.593736 0.185802
vt 0.589267 0.184728
vt 0.576676 0.258042
vt 0.608189 0.097209
vt 0.593648 0.185529
vt 0.594560 0.185917
vt 0.587953 0.184571
vt 0.588545 0.184636
vt 0.608495 0.097265
vt 0.593953 0.185594
vt 0.593648 0.185675
vt 0.595282 0.186008
vt 0.587513 0.184535
vt 0.576084 0.257977
vt 0.608723 0.097312
vt 0.594180 0.185648
vt 0.595874 0.186073
vt 0.575373 0.257935
vt 0.575644 0.257941
vt 0.608863 0.097350
vt 0.594319 0.185690
vt 0.593953 0.185709
vt 0.596314 0.186110
vt 0.587150 0.184553
vt 0.587242 0.184529
vt 0.608911 0.097377
vt 0.594366 0.185718
vt 0.594319 0.185731
vt 0.596585 0.186116
vt 0.575373 0.258014
vt 0.575281 0.257960
vt 0.608863 0.097391
vt 0.596677 0.186091
vt 0.587242 0.184607
vt 0.575644 0.258095
vt 0.608723 0.097392
vt 0.594180 0.185728
vt 0.596585 0.186037
vt 0.587953 0.184795
vt 0.587513 0.184689
vt 0.608495 0.097380
vt 0.596314 0.185956
vt 0.576676 0.258327
vt 0.576084 0.258201
vt 0.608189 0.097356
vt 0.595874 0.185850
vt 0.589267 0.185062
vt 0.588545 0.184921
vt 0.607816 0.097320
vt 0.593276 0.185628
vt 0.595282 0.185724
vt 0.577398 0.258469
vt 0.607390 0.097274
vt 0.594560 0.185582
vt 0.579115 0.258776
vt 0.578222 0.258620
vt 0.606928 0.097220
vt 0.592392 0.185501
vt 0.593736 0.185430
vt 0.606447 0.096952
vt 0.592843 0.185275
vt 0.580044 0.258930
vt 0.606447 0.097159
vt 0.581867 0.259209
vt 0.580974 0.259076
vt 0.605966 0.097095
vt 0.605504 0.097029
vt 0.590975 0.185266
vt 0.582691 0.259323
vt 0.605078 0.096964
vt 0.590551 0.185188
vt 0.590179 0.184969
vt 0.584005 0.259480
vt 0.583413 0.259414
vt 0.590179 0.185116
vt 0.589874 0.184935
vt 0.584445 0.259516
vt 0.589874 0.185051
vt 0.604705 0.096902
vt 0.589648 0.184996
vt 0.604399 0.096847
vt 0.589648 0.184917
vt 0.584716 0.259522
vt 0.589508 0.184954
vt 0.604171 0.096799
vt 0.589461 0.184926
vt 0.584716 0.259443
vt 0.584808 0.259497
vt 0.604031 0.096761
vt 0.584445 0.259362
vt 0.589508 0.184914
vt 0.603983 0.096735
vt 0.584005 0.259256
vt 0.604031 0.096721
vt 0.583413 0.259130
vt 0.604171 0.096720
vt 0.582691 0.258988
vt 0.580974 0.258681
vt 0.581867 0.258837
vt 0.605078 0.096791
vt 0.590551 0.185016
vt 0.604705 0.096756
vt 0.604399 0.096732
vt 0.572657 0.306646
vt 0.569782 0.306127
vt 0.571703 0.306474
vt 0.602926 0.133405
vt 0.610136 0.113666
vt 0.603540 0.133576
vt 0.604129 0.133706
vt 0.610726 0.113796
vt 0.604673 0.133789
vt 0.611270 0.113879
vt 0.605150 0.133823
vt 0.612137 0.113897
vt 0.605541 0.133806
vt 0.605831 0.133740
vt 0.612607 0.113716
vt 0.606010 0.133626
vt 0.612667 0.113559
vt 0.606071 0.133468
vt 0.606010 0.133274
vt 0.612428 0.113141
vt 0.605831 0.133050
vt 0.605541 0.132805
vt 0.611746 0.112639
vt 0.605150 0.132549
vt 0.611270 0.112381
vt 0.604673 0.132291
vt 0.604129 0.132041
vt 0.610136 0.111899
vt 0.603540 0.131808
vt 0.602926 0.131603
vt 0.609523 0.111693
vt 0.602313 0.131432
vt 0.608319 0.111393
vt 0.601723 0.131303
vt 0.601179 0.131219
vt 0.607299 0.111276
vt 0.600702 0.131185
vt 0.600311 0.131202
vt 0.606617 0.111359
vt 0.600021 0.131268
vt 0.599842 0.131383
vt 0.606378 0.111630
vt 0.599781 0.131540
vt 0.606438 0.111825
vt 0.599842 0.131734
vt 0.606617 0.112048
vt 0.600021 0.131958
vt 0.606908 0.112293
vt 0.600311 0.132203
vt 0.600702 0.132459
vt 0.607775 0.112808
vt 0.601179 0.132718
vt 0.608319 0.113058
vt 0.601723 0.132968
vt 0.607299 0.112550
vt 0.607894 0.112407
vt 0.608138 0.112567
vt 0.608909 0.113290
vt 0.602313 0.133200
vt 0.608435 0.111794
vt 0.613682 0.097308
vt 0.613343 0.097256
vt 0.609905 0.112161
vt 0.609523 0.112033
vt 0.610907 0.113416
vt 0.611746 0.113914
vt 0.607602 0.111896
vt 0.606438 0.111473
vt 0.609523 0.113156
vt 0.609905 0.113262
vt 0.611151 0.112782
vt 0.612137 0.112896
vt 0.608435 0.112727
vt 0.608773 0.112883
vt 0.608909 0.111523
vt 0.608773 0.111846
vt 0.611332 0.113364
vt 0.612428 0.113830
vt 0.607602 0.112115
vt 0.610907 0.112622
vt 0.610610 0.112462
vt 0.609523 0.113496
vt 0.609141 0.113028
vt 0.607775 0.111310
vt 0.608138 0.111773
vt 0.611443 0.113293
vt 0.611481 0.113195
vt 0.610272 0.112306
vt 0.610610 0.113395
vt 0.607894 0.111784
vt 0.607714 0.111825
vt 0.611443 0.113074
vt 0.611332 0.112935
vt 0.609141 0.111927
vt 0.611151 0.113405
vt 0.607565 0.111994
vt 0.607714 0.112255
vt 0.610726 0.112131
vt 0.610272 0.113343
vt 0.606908 0.111292
vt 0.612607 0.113364
vt 0.616240 0.098396
vt 0.615180 0.098804
vt 0.615180 0.097768
vt 0.616351 0.098536
vt 0.615816 0.098877
vt 0.613343 0.098189
vt 0.613682 0.098345
vt 0.612473 0.097456
vt 0.612511 0.097577
vt 0.613046 0.097235
vt 0.614813 0.097623
vt 0.616059 0.098867
vt 0.614049 0.098489
vt 0.612622 0.097716
vt 0.612803 0.097245
vt 0.614431 0.097495
vt 0.616059 0.098244
vt 0.616240 0.098826
vt 0.614813 0.098724
vt 0.614431 0.098617
vt 0.612803 0.097869
vt 0.612622 0.097287
vt 0.614049 0.097389
vt 0.615816 0.098084
vt 0.616351 0.098754
vt 0.613046 0.098028
vt 0.612511 0.097358
vt 0.615519 0.097923
vt 0.616389 0.098657
vt 0.615519 0.098856
vt 0.599265 0.134305
vt 0.600912 0.113417
vt 0.598630 0.134266
vt 0.602151 0.113459
vt 0.601547 0.113456
vt 0.599869 0.134308
vt 0.602700 0.113427
vt 0.600892 0.134210
vt 0.600419 0.134276
vt 0.603553 0.113262
vt 0.603174 0.113360
vt 0.601541 0.133985
vt 0.601271 0.134111
vt 0.603974 0.112987
vt 0.603823 0.113136
vt 0.601692 0.133836
vt 0.604000 0.112820
vt 0.601618 0.133492
vt 0.601718 0.133670
vt 0.603678 0.112462
vt 0.603900 0.112643
vt 0.601061 0.133132
vt 0.601396 0.133311
vt 0.602907 0.112114
vt 0.603343 0.112283
vt 0.600105 0.132811
vt 0.600625 0.132963
vt 0.599521 0.132680
vt 0.602387 0.111961
vt 0.601177 0.111727
vt 0.601803 0.111831
vt 0.598895 0.132577
vt 0.600534 0.111655
vt 0.597617 0.132466
vt 0.598252 0.132504
vt 0.597013 0.132462
vt 0.599899 0.111616
vt 0.598746 0.111645
vt 0.599295 0.111613
vt 0.596464 0.132495
vt 0.598273 0.111712
vt 0.595990 0.132561
vt 0.597894 0.111810
vt 0.595341 0.132785
vt 0.595612 0.132659
vt 0.597472 0.112085
vt 0.597623 0.111936
vt 0.595164 0.133101
vt 0.595190 0.132934
vt 0.597546 0.112429
vt 0.597446 0.112251
vt 0.595486 0.133460
vt 0.595264 0.133278
vt 0.598103 0.112789
vt 0.597768 0.112610
vt 0.596257 0.133807
vt 0.595821 0.133638
vt 0.599059 0.113111
vt 0.598539 0.112958
vt 0.596777 0.133960
vt 0.599643 0.113241
vt 0.599363 0.112799
vt 0.600269 0.113345
vt 0.597987 0.134194
vt 0.597361 0.134091
vt 0.599492 0.111981
vt 0.601590 0.096717
vt 0.599834 0.111961
vt 0.600606 0.111987
vt 0.601954 0.113091
vt 0.598793 0.112162
vt 0.601236 0.113109
vt 0.602563 0.112490
vt 0.600051 0.112975
vt 0.602653 0.112910
vt 0.598745 0.112469
vt 0.601759 0.112178
vt 0.600440 0.113040
vt 0.599197 0.112023
vt 0.602747 0.112817
vt 0.598883 0.112582
vt 0.601006 0.112032
vt 0.601612 0.113111
vt 0.602701 0.112603
vt 0.600210 0.111963
vt 0.602249 0.113049
vt 0.598683 0.112359
vt 0.602083 0.112273
vt 0.602763 0.112713
vt 0.602362 0.096743
vt 0.600439 0.097115
vt 0.602596 0.097841
vt 0.603151 0.096853
vt 0.601395 0.112097
vt 0.604457 0.097359
vt 0.604005 0.097805
vt 0.601443 0.097650
vt 0.599687 0.112894
vt 0.601248 0.096737
vt 0.602762 0.096789
vt 0.604319 0.097246
vt 0.604241 0.097744
vt 0.602485 0.112988
vt 0.601807 0.097731
vt 0.600501 0.097225
vt 0.598961 0.112084
vt 0.600953 0.096779
vt 0.604110 0.097135
vt 0.602354 0.112378
vt 0.604409 0.097666
vt 0.602992 0.097865
vt 0.600841 0.113085
vt 0.602196 0.097796
vt 0.599092 0.112693
vt 0.600639 0.097338
vt 0.600717 0.096840
vt 0.603839 0.097029
vt 0.604503 0.097573
vt 0.603368 0.097867
vt 0.600848 0.097450
vt 0.598699 0.112255
vt 0.600549 0.096918
vt 0.601966 0.096719
vt 0.603515 0.096934
vt 0.604519 0.097469
vt 0.603710 0.097847
vt 0.601119 0.097555
vt 0.600455 0.097011
vt 0.636890 0.082735
vt 0.612537 0.085401
vt 0.581236 0.335159
vt 0.551353 0.335287
vt 0.554155 0.337750
vt 0.553708 0.339115
vt 0.553040 0.340842
vt 0.552845 0.341137
vt 0.552754 0.341032
vt 0.552771 0.340532
vt 0.552894 0.339657
vt 0.553119 0.338438
vt 0.553438 0.336925
vt 0.574923 0.311298
vt 0.603314 0.120301
vt 0.618132 0.084085
vt 0.636557 0.081005
vt 0.607816 0.097148
vt 0.572180 0.306560
vt 0.573116 0.306729
vt 0.573538 0.306805
vt 0.573909 0.306872
vt 0.574213 0.306927
vt 0.574439 0.306968
vt 0.574578 0.306993
vt 0.574625 0.307002
vt 0.571244 0.306391
vt 0.570822 0.306315
vt 0.570451 0.306248
vt 0.570147 0.306193
vt 0.569921 0.306152
vt 0.569735 0.306119
s 1
usemtl joints.002
f 281/1/1 226/2/2 228/3/3
f 280/4/4 228/3/3 230/5/5
f 303/6/6 230/5/5 298/7/7
f 263/8/8 300/9/9 197/10/10
f 244/11/11 279/12/12 245/13/13
f 243/14/14 278/15/15 244/11/11
f 276/16/16 243/14/14 242/17/17
f 275/18/18 242/17/17 241/19/19
f 274/20/20 241/19/19 240/21/21
f 273/22/22 240/21/21 239/23/23
f 272/24/24 239/23/23 238/25/25
f 271/26/26 238/25/25 237/27/27
f 270/28/28 237/27/27 236/29/29
f 269/30/30 236/29/29 235/31/31
f 268/32/32 235/31/31 234/33/33
f 267/34/34 234/33/33 233/35/35
f 266/36/36 233/35/35 232/37/37
f 265/38/38 232/37/37 195/39/39
f 264/40/40 195/39/39 196/41/41
f 302/42/42 196/41/41 300/9/9
f 301/43/43 297/44/44 262/45/45
f 260/46/46 295/47/47 294/48/48
f 259/49/49 294/48/48 293/50/50
f 292/51/51 259/49/49 293/50/50
f 291/52/52 258/53/53 292/51/51
f 290/54/54 257/55/55 291/52/52
f 289/56/56 256/57/57 290/54/54
f 288/58/58 255/59/59 289/56/56
f 287/60/60 254/61/61 288/58/58
f 286/62/62 253/63/63 287/60/60
f 285/64/64 252/65/65 286/62/62
f 284/66/66 251/67/67 285/64/64
f 283/68/68 250/69/69 284/66/66
f 282/70/70 249/71/71 283/68/68
f 281/1/1 248/72/72 282/70/70
f 280/4/4 247/73/73 281/1/1
f 303/6/6 246/74/74 280/4/4
f 197/10/10 301/43/43 262/45/45
f 1721/75/75 1742/76/76 1720/77/77
f 219/78/78 1692/79/79 217/80/80
f 203/81/81 278/15/15 277/82/82
f 276/16/16 203/81/81 277/82/82
f 275/18/18 205/83/83 276/16/16
f 274/20/20 207/84/84 275/18/18
f 211/85/85 274/20/20 273/22/22
f 272/24/24 211/85/85 273/22/22
f 271/26/26 213/86/86 272/24/24
f 217/80/80 271/26/26 270/28/28
f 219/78/78 270/28/28 269/30/30
f 221/87/87 269/30/30 268/32/32
f 267/34/34 221/87/87 268/32/32
f 225/88/88 267/34/34 266/36/36
f 265/38/38 225/88/88 266/36/36
f 264/40/40 227/89/89 265/38/38
f 299/90/90 264/40/40 302/42/42
f 297/44/44 298/7/7 231/91/91
f 282/70/70 224/92/92 226/2/2
f 283/68/68 222/93/93 224/92/92
f 284/66/66 220/94/94 222/93/93
f 285/64/64 218/95/95 220/94/94
f 218/95/95 287/60/60 216/96/96
f 216/96/96 288/58/58 214/97/97
f 214/97/97 289/56/56 212/98/98
f 212/98/98 290/54/54 210/99/99
f 210/99/99 291/52/52 208/100/100
f 208/100/100 292/51/51 206/101/101
f 206/101/101 293/50/50 204/102/102
f 204/102/102 294/48/48 202/103/103
f 202/103/103 295/47/47 200/104/104
f 200/104/104 296/105/105 199/106/106
f 300/9/9 246/74/74 301/43/43
f 196/41/41 247/73/73 246/74/74
f 247/73/73 232/37/37 248/72/72
f 232/37/37 249/71/71 248/72/72
f 233/35/35 250/69/69 249/71/71
f 234/33/33 251/67/67 250/69/69
f 251/67/67 236/29/29 252/65/65
f 252/65/65 237/27/27 253/63/63
f 237/27/27 254/61/61 253/63/63
f 254/61/61 239/23/23 255/59/59
f 239/23/23 256/57/57 255/59/59
f 240/21/21 257/55/55 256/57/57
f 257/55/55 242/17/17 258/53/53
f 242/17/17 259/49/49 258/53/53
f 259/49/49 244/11/11 260/46/46
f 244/11/11 261/107/107 260/46/46
f 1528/108/108 1440/109/109 1438/110/110
f 1473/111/111 1512/112/112 1471/113/113
f 1430/114/114 1433/115/115 1431/116/116
f 1529/117/117 1442/118/118 1440/109/109
f 1512/112/112 1469/119/119 1471/113/113
f 1432/120/120 1435/121/121 1433/115/115
f 1530/122/122 1444/123/123 1442/118/118
f 1477/124/124 1514/125/125 1475/126/126
f 1434/127/127 1437/128/128 1435/121/121
f 1531/129/129 1446/130/130 1444/123/123
f 1479/131/131 1515/132/132 1477/124/124
f 1436/133/133 1439/134/134 1437/128/128
f 1532/135/135 1448/136/136 1446/130/130
f 1481/137/137 1516/138/138 1479/131/131
f 1438/110/110 1441/139/139 1439/134/134
f 1533/140/140 1450/141/141 1448/136/136
f 1483/142/142 1517/143/143 1481/137/137
f 1440/109/109 1443/144/144 1441/139/139
f 1534/145/145 1452/146/146 1450/141/141
f 1485/147/147 1518/148/148 1483/142/142
f 1444/123/123 1443/144/144 1442/118/118
f 1452/146/146 1536/149/149 1454/150/150
f 1487/151/151 1519/152/152 1485/147/147
f 1446/130/130 1445/153/153 1444/123/123
f 1454/150/150 1537/154/154 1456/155/155
f 1489/156/156 1520/157/157 1487/151/151
f 1448/136/136 1447/158/158 1446/130/130
f 1456/155/155 1538/159/159 1458/160/160
f 1491/161/161 1521/162/162 1489/156/156
f 1450/141/141 1449/163/163 1448/136/136
f 1524/164/164 1432/120/120 1430/114/114
f 1493/165/165 1522/166/166 1491/161/161
f 1452/146/146 1451/167/167 1450/141/141
f 1458/160/160 1539/168/168 1460/169/169
f 1435/121/121 1428/170/170 1433/115/115
f 1454/150/150 1453/171/171 1452/146/146
f 1460/169/169 1540/172/172 1462/173/173
f 1437/128/128 1494/174/174 1435/121/121
f 1456/155/155 1455/175/175 1454/150/150
f 1462/173/173 1541/176/176 1464/177/177
f 1439/134/134 1495/178/178 1437/128/128
f 1458/160/160 1457/179/179 1456/155/155
f 1464/177/177 1542/180/180 1466/181/181
f 1441/139/139 1496/182/182 1439/134/134
f 1460/169/169 1459/183/183 1458/160/160
f 1466/181/181 1543/184/184 1468/185/185
f 1443/144/144 1497/186/186 1441/139/139
f 1462/173/173 1461/187/187 1460/169/169
f 1468/185/185 1544/188/188 1470/189/189
f 1445/153/153 1498/190/190 1443/144/144
f 1464/177/177 1463/191/191 1462/173/173
f 1470/189/189 1545/192/192 1472/193/193
f 1447/158/158 1499/194/194 1445/153/153
f 1466/181/181 1465/195/195 1464/177/177
f 1472/193/193 1546/196/196 1474/197/197
f 1449/163/163 1500/198/198 1447/158/158
f 1468/185/185 1467/199/199 1466/181/181
f 1474/197/197 1547/200/200 1476/201/201
f 1451/167/167 1501/202/202 1449/163/163
f 1470/189/189 1469/119/119 1468/185/185
f 1476/201/201 1548/203/203 1478/204/204
f 1453/171/171 1502/205/205 1451/167/167
f 1472/193/193 1471/113/113 1470/189/189
f 1478/204/204 1549/206/206 1480/207/207
f 1431/116/116 1523/208/208 1493/165/165
f 1474/197/197 1473/111/111 1472/193/193
f 1480/207/207 1550/209/209 1482/210/210
f 1455/175/175 1503/211/211 1453/171/171
f 1474/197/197 1477/124/124 1475/126/126
f 1482/210/210 1551/212/212 1484/213/213
f 1457/179/179 1504/214/214 1455/175/175
f 1476/201/201 1479/131/131 1477/124/124
f 1484/213/213 1552/215/215 1486/216/216
f 1433/115/115 1429/217/217 1431/116/116
f 1478/204/204 1481/137/137 1479/131/131
f 1486/216/216 1553/218/218 1488/219/219
f 1459/183/183 1505/220/220 1457/179/179
f 1480/207/207 1483/142/142 1481/137/137
f 1488/219/219 1554/221/221 1490/222/222
f 1461/187/187 1506/223/223 1459/183/183
f 1482/210/210 1485/147/147 1483/142/142
f 1554/221/221 1492/224/224 1490/222/222
f 1463/191/191 1507/225/225 1461/187/187
f 1484/213/213 1487/151/151 1485/147/147
f 1541/176/176 1533/140/140 1525/226/226
f 1465/195/195 1508/227/227 1463/191/191
f 1486/216/216 1489/156/156 1487/151/151
f 1511/228/228 1467/199/199 1469/119/119
f 1508/227/227 1516/138/138 1429/217/217
f 1488/219/219 1491/161/161 1489/156/156
f 1510/229/229 1465/195/195 1467/199/199
f 1492/224/224 1431/116/116 1493/165/165
f 1490/222/222 1493/165/165 1491/161/161
f 1527/230/230 1438/110/110 1436/133/133
f 1475/126/126 1513/231/231 1473/111/111
f 1555/232/232 1430/114/114 1492/224/224
f 1526/233/233 1436/133/133 1434/127/127
f 1525/226/226 1434/127/127 1432/120/120
f 1690/234/234 1751/235/235 1750/236/236
f 207/84/84 1686/237/237 205/83/83
f 229/238/238 1697/239/239 227/89/89
f 217/80/80 1691/240/240 215/241/241
f 205/83/83 1685/242/242 203/81/81
f 227/89/89 1696/243/243 225/88/88
f 215/241/241 1690/234/234 213/86/86
f 201/244/244 1685/242/242 1684/245/245
f 299/90/90 1698/246/246 229/238/238
f 231/91/91 1721/75/75 1720/77/77
f 225/88/88 1695/247/247 223/248/248
f 213/86/86 1689/249/249 211/85/85
f 223/248/248 1694/250/250 221/87/87
f 211/85/85 1688/251/251 209/252/252
f 221/87/87 1693/253/253 219/78/78
f 209/252/252 1687/254/254 207/84/84
f 1715/255/255 1738/256/256 1716/257/257
f 226/2/2 1716/257/257 1717/258/258
f 214/97/97 1710/259/259 1711/260/260
f 200/104/104 1705/261/261 202/103/103
f 224/92/92 1715/255/255 1716/257/257
f 212/98/98 1709/262/262 1710/259/259
f 199/106/106 1704/263/263 200/104/104
f 222/93/93 1714/264/264 1715/255/255
f 210/99/99 1708/265/265 1709/262/262
f 298/7/7 1719/266/266 1721/75/75
f 220/94/94 1713/267/267 1714/264/264
f 208/100/100 1707/268/268 1708/265/265
f 198/269/269 1720/77/77 1700/270/270
f 230/5/5 1718/271/271 1719/266/266
f 218/95/95 1712/272/272 1713/267/267
f 206/101/101 1706/273/273 1707/268/268
f 228/3/3 1717/258/258 1718/271/271
f 216/96/96 1711/260/260 1712/272/272
f 202/103/103 1706/273/273 204/102/102
f 1703/274/274 1724/275/275 1725/276/276
f 1707/268/268 1730/277/277 1708/265/265
f 1700/270/270 1742/76/76 1722/278/278
f 1712/272/272 1735/279/279 1713/267/267
f 1717/258/258 1740/280/280 1718/271/271
f 1705/261/261 1726/281/281 1727/282/282
f 1709/262/262 1732/283/283 1710/259/259
f 1714/264/264 1737/284/284 1715/255/255
f 1719/266/266 1743/285/285 1721/75/75
f 1706/273/273 1729/286/286 1707/268/268
f 1711/260/260 1734/287/287 1712/272/272
f 1716/257/257 1739/288/288 1717/258/258
f 1704/263/263 1725/276/276 1726/281/281
f 1708/265/265 1731/289/289 1709/262/262
f 1701/290/290 1722/278/278 1723/291/291
f 1713/267/267 1736/292/292 1714/264/264
f 1718/271/271 1741/293/293 1719/266/266
f 1705/261/261 1728/294/294 1706/273/273
f 1710/259/259 1733/295/295 1711/260/260
f 1755/296/296 1770/297/297 1754/297/298
f 1696/243/243 1755/296/296 1695/247/247
f 1688/251/251 1747/298/299 1687/254/254
f 1692/79/79 1753/299/300 1752/300/301
f 1697/239/239 1758/301/302 1757/302/303
f 1684/245/245 1745/303/304 1744/304/305
f 1689/249/249 1750/236/236 1749/305/306
f 1694/250/250 1755/296/296 1754/297/298
f 1686/237/237 1747/298/299 1746/306/307
f 1692/79/79 1751/235/235 1691/240/240
f 1696/243/243 1757/302/303 1756/307/308
f 1689/249/249 1748/308/309 1688/251/251
f 1694/250/250 1753/299/300 1693/253/253
f 1685/242/242 1746/306/307 1745/303/304
f 1742/76/76 1811/285/310 1810/76/311
f 1747/298/299 1762/306/312 1746/306/307
f 1752/300/301 1767/235/313 1751/235/235
f 1757/302/303 1772/307/314 1756/307/308
f 1759/309/315 1774/301/316 1758/301/302
f 1749/305/306 1764/308/317 1748/308/309
f 1754/297/298 1769/299/318 1753/299/300
f 1746/306/307 1761/303/319 1745/303/304
f 1751/235/235 1766/236/320 1750/236/236
f 1756/307/308 1771/296/321 1755/296/296
f 1748/308/309 1763/298/322 1747/298/299
f 1753/299/300 1768/300/323 1752/300/301
f 1758/301/302 1773/302/324 1757/302/303
f 1744/304/305 1761/303/319 1760/304/315
f 1750/236/236 1765/305/325 1749/305/306
f 1763/298/322 1777/306/326 1762/306/312
f 1768/300/323 1782/235/327 1767/235/313
f 1772/307/314 1788/302/328 1787/307/329
f 1765/305/325 1779/308/330 1764/308/317
f 1769/299/318 1785/297/331 1784/299/332
f 1761/303/319 1777/306/326 1776/303/333
f 1766/236/320 1782/235/327 1781/236/334
f 1771/296/321 1787/307/329 1786/296/335
f 1764/308/317 1778/298/336 1763/298/322
f 1769/299/318 1783/300/337 1768/300/323
f 1774/301/316 1788/302/328 1773/302/324
f 1766/236/320 1780/305/338 1765/305/325
f 1770/297/297 1786/296/335 1785/297/331
f 1807/288/339 1840/280/340 1808/280/341
f 1739/288/288 1806/256/342 1807/288/339
f 1725/276/276 1794/281/343 1726/281/281
f 1731/289/289 1798/277/344 1799/289/345
f 1736/292/292 1803/279/346 1804/292/347
f 1741/293/293 1808/280/341 1809/293/348
f 1727/282/282 1796/294/349 1728/294/294
f 1733/295/295 1800/283/350 1801/295/351
f 1738/256/256 1805/284/352 1806/256/342
f 1810/76/311 1843/285/353 1842/76/354
f 1724/275/275 1793/276/355 1725/276/276
f 1730/277/277 1797/286/356 1798/277/344
f 1722/278/278 1810/76/311 1790/278/357
f 1735/279/279 1802/287/358 1803/279/346
f 1740/280/280 1807/288/339 1808/280/341
f 1726/281/281 1795/282/359 1727/282/282
f 1732/283/283 1799/289/345 1800/283/350
f 1737/284/284 1804/292/347 1805/284/352
f 1743/285/285 1809/293/348 1811/285/310
f 1729/286/286 1796/294/349 1797/286/356
f 1734/287/287 1801/295/351 1802/287/358
f 1829/286/360 1821/310/269 1813/291/361
f 1794/281/343 1827/282/362 1795/282/359
f 1800/283/350 1831/289/363 1832/283/364
f 1804/292/347 1837/284/365 1805/284/352
f 1811/285/310 1841/293/366 1843/285/353
f 1796/294/349 1829/286/360 1797/286/356
f 1802/287/358 1833/295/367 1834/287/368
f 1806/256/342 1839/288/369 1807/288/339
f 1794/281/343 1825/276/370 1826/281/371
f 1799/289/345 1830/277/372 1831/289/363
f 1790/278/357 1813/291/361 1791/291/373
f 1803/279/346 1836/292/374 1804/292/347
f 1809/293/348 1840/280/340 1841/293/366
f 1796/294/349 1827/282/362 1828/294/375
f 1801/295/351 1832/283/364 1833/295/367
f 1806/256/342 1837/284/365 1838/256/376
f 1793/276/355 1824/275/377 1825/276/370
f 1797/286/356 1830/277/372 1798/277/344
f 1790/278/357 1842/76/354 1812/278/378
f 1803/279/346 1834/287/368 1835/279/379
f 281/1/1 282/70/70 226/2/2
f 280/4/4 281/1/1 228/3/3
f 303/6/6 280/4/4 230/5/5
f 263/8/8 302/42/42 300/9/9
f 244/11/11 278/15/15 279/12/12
f 243/14/14 277/82/82 278/15/15
f 276/16/16 277/82/82 243/14/14
f 275/18/18 276/16/16 242/17/17
f 274/20/20 275/18/18 241/19/19
f 273/22/22 274/20/20 240/21/21
f 272/24/24 273/22/22 239/23/23
f 271/26/26 272/24/24 238/25/25
f 270/28/28 271/26/26 237/27/27
f 269/30/30 270/28/28 236/29/29
f 268/32/32 269/30/30 235/31/31
f 267/34/34 268/32/32 234/33/33
f 266/36/36 267/34/34 233/35/35
f 265/38/38 266/36/36 232/37/37
f 264/40/40 265/38/38 195/39/39
f 302/42/42 264/40/40 196/41/41
f 301/43/43 303/6/6 297/44/44
f 260/46/46 261/107/107 295/47/47
f 259/49/49 260/46/46 294/48/48
f 292/51/51 258/53/53 259/49/49
f 291/52/52 257/55/55 258/53/53
f 290/54/54 256/57/57 257/55/55
f 289/56/56 255/59/59 256/57/57
f 288/58/58 254/61/61 255/59/59
f 287/60/60 253/63/63 254/61/61
f 286/62/62 252/65/65 253/63/63
f 285/64/64 251/67/67 252/65/65
f 284/66/66 250/69/69 251/67/67
f 283/68/68 249/71/71 250/69/69
f 282/70/70 248/72/72 249/71/71
f 281/1/1 247/73/73 248/72/72
f 280/4/4 246/74/74 247/73/73
f 303/6/6 301/43/43 246/74/74
f 197/10/10 300/9/9 301/43/43
f 1721/75/75 1743/285/285 1742/76/76
f 219/78/78 1693/253/253 1692/79/79
f 203/81/81 201/244/244 278/15/15
f 276/16/16 205/83/83 203/81/81
f 275/18/18 207/84/84 205/83/83
f 274/20/20 209/252/252 207/84/84
f 211/85/85 209/252/252 274/20/20
f 272/24/24 213/86/86 211/85/85
f 271/26/26 215/241/241 213/86/86
f 217/80/80 215/241/241 271/26/26
f 219/78/78 217/80/80 270/28/28
f 221/87/87 219/78/78 269/30/30
f 267/34/34 223/248/248 221/87/87
f 225/88/88 223/248/248 267/34/34
f 265/38/38 227/89/89 225/88/88
f 264/40/40 229/238/238 227/89/89
f 299/90/90 229/238/238 264/40/40
f 297/44/44 303/6/6 298/7/7
f 282/70/70 283/68/68 224/92/92
f 283/68/68 284/66/66 222/93/93
f 284/66/66 285/64/64 220/94/94
f 285/64/64 286/62/62 218/95/95
f 218/95/95 286/62/62 287/60/60
f 216/96/96 287/60/60 288/58/58
f 214/97/97 288/58/58 289/56/56
f 212/98/98 289/56/56 290/54/54
f 210/99/99 290/54/54 291/52/52
f 208/100/100 291/52/52 292/51/51
f 206/101/101 292/51/51 293/50/50
f 204/102/102 293/50/50 294/48/48
f 202/103/103 294/48/48 295/47/47
f 200/104/104 295/47/47 296/105/105
f 300/9/9 196/41/41 246/74/74
f 196/41/41 195/39/39 247/73/73
f 247/73/73 195/39/39 232/37/37
f 232/37/37 233/35/35 249/71/71
f 233/35/35 234/33/33 250/69/69
f 234/33/33 235/31/31 251/67/67
f 251/67/67 235/31/31 236/29/29
f 252/65/65 236/29/29 237/27/27
f 237/27/27 238/25/25 254/61/61
f 254/61/61 238/25/25 239/23/23
f 239/23/23 240/21/21 256/57/57
f 240/21/21 241/19/19 257/55/55
f 257/55/55 241/19/19 242/17/17
f 242/17/17 243/14/14 259/49/49
f 259/49/49 243/14/14 244/11/11
f 244/11/11 245/13/13 261/107/107
f 1528/108/108 1529/117/117 1440/109/109
f 1473/111/111 1513/231/231 1512/112/112
f 1430/114/114 1432/120/120 1433/115/115
f 1529/117/117 1530/122/122 1442/118/118
f 1512/112/112 1511/228/228 1469/119/119
f 1432/120/120 1434/127/127 1435/121/121
f 1530/122/122 1531/129/129 1444/123/123
f 1477/124/124 1515/132/132 1514/125/125
f 1434/127/127 1436/133/133 1437/128/128
f 1531/129/129 1532/135/135 1446/130/130
f 1479/131/131 1516/138/138 1515/132/132
f 1436/133/133 1438/110/110 1439/134/134
f 1532/135/135 1533/140/140 1448/136/136
f 1481/137/137 1517/143/143 1516/138/138
f 1438/110/110 1440/109/109 1441/139/139
f 1533/140/140 1534/145/145 1450/141/141
f 1483/142/142 1518/148/148 1517/143/143
f 1440/109/109 1442/118/118 1443/144/144
f 1534/145/145 1535/1723/1792 1452/146/146
f 1485/147/147 1519/152/152 1518/148/148
f 1444/123/123 1445/153/153 1443/144/144
f 1452/146/146 1535/1723/1792 1536/149/149
f 1487/151/151 1520/157/157 1519/152/152
f 1446/130/130 1447/158/158 1445/153/153
f 1454/150/150 1536/149/149 1537/154/154
f 1489/156/156 1521/162/162 1520/157/157
f 1448/136/136 1449/163/163 1447/158/158
f 1456/155/155 1537/154/154 1538/159/159
f 1491/161/161 1522/166/166 1521/162/162
f 1450/141/141 1451/167/167 1449/163/163
f 1524/164/164 1525/226/226 1432/120/120
f 1493/165/165 1523/208/208 1522/166/166
f 1452/146/146 1453/171/171 1451/167/167
f 1458/160/160 1538/159/159 1539/168/168
f 1435/121/121 1494/174/174 1428/170/170
f 1454/150/150 1455/175/175 1453/171/171
f 1460/169/169 1539/168/168 1540/172/172
f 1437/128/128 1495/178/178 1494/174/174
f 1456/155/155 1457/179/179 1455/175/175
f 1462/173/173 1540/172/172 1541/176/176
f 1439/134/134 1496/182/182 1495/178/178
f 1458/160/160 1459/183/183 1457/179/179
f 1464/177/177 1541/176/176 1542/180/180
f 1441/139/139 1497/186/186 1496/182/182
f 1460/169/169 1461/187/187 1459/183/183
f 1466/181/181 1542/180/180 1543/184/184
f 1443/144/144 1498/190/190 1497/186/186
f 1462/173/173 1463/191/191 1461/187/187
f 1468/185/185 1543/184/184 1544/188/188
f 1445/153/153 1499/194/194 1498/190/190
f 1464/177/177 1465/195/195 1463/191/191
f 1470/189/189 1544/188/188 1545/192/192
f 1447/158/158 1500/198/198 1499/194/194
f 1466/181/181 1467/199/199 1465/195/195
f 1472/193/193 1545/192/192 1546/196/196
f 1449/163/163 1501/202/202 1500/198/198
f 1468/185/185 1469/119/119 1467/199/199
f 1474/197/197 1546/196/196 1547/200/200
f 1451/167/167 1502/205/205 1501/202/202
f 1470/189/189 1471/113/113 1469/119/119
f 1476/201/201 1547/200/200 1548/203/203
f 1453/171/171 1503/211/211 1502/205/205
f 1472/193/193 1473/111/111 1471/113/113
f 1478/204/204 1548/203/203 1549/206/206
f 1431/116/116 1429/217/217 1523/208/208
f 1474/197/197 1475/126/126 1473/111/111
f 1480/207/207 1549/206/206 1550/209/209
f 1455/175/175 1504/214/214 1503/211/211
f 1474/197/197 1476/201/201 1477/124/124
f 1482/210/210 1550/209/209 1551/212/212
f 1457/179/179 1505/220/220 1504/214/214
f 1476/201/201 1478/204/204 1479/131/131
f 1484/213/213 1551/212/212 1552/215/215
f 1433/115/115 1428/170/170 1429/217/217
f 1478/204/204 1480/207/207 1481/137/137
f 1486/216/216 1552/215/215 1553/218/218
f 1459/183/183 1506/223/223 1505/220/220
f 1480/207/207 1482/210/210 1483/142/142
f 1488/219/219 1553/218/218 1554/221/221
f 1461/187/187 1507/225/225 1506/223/223
f 1482/210/210 1484/213/213 1485/147/147
f 1554/221/221 1555/232/232 1492/224/224
f 1463/191/191 1508/227/227 1507/225/225
f 1484/213/213 1486/216/216 1487/151/151
f 1525/226/226 1524/164/164 1555/232/232
f 1555/232/232 1554/221/221 1553/218/218
f 1553/218/218 1552/215/215 1551/212/212
f 1551/212/212 1550/209/209 1549/206/206
f 1549/206/206 1548/203/203 1547/200/200
f 1547/200/200 1546/196/196 1545/192/192
f 1545/192/192 1544/188/188 1543/184/184
f 1543/184/184 1542/180/180 1541/176/176
f 1541/176/176 1540/172/172 1539/168/168
f 1539/168/168 1538/159/159 1537/154/154
f 1537/154/154 1536/149/149 1535/1723/1792
f 1535/1723/1792 1534/145/145 1533/140/140
f 1533/140/140 1532/135/135 1531/129/129
f 1531/129/129 1530/122/122 1529/117/117
f 1529/117/117 1528/108/108 1527/230/230
f 1527/230/230 1526/233/233 1525/226/226
f 1525/226/226 1555/232/232 1553/218/218
f 1553/218/218 1551/212/212 1549/206/206
f 1549/206/206 1547/200/200 1545/192/192
f 1545/192/192 1543/184/184 1541/176/176
f 1541/176/176 1539/168/168 1537/154/154
f 1537/154/154 1535/1723/1792 1533/140/140
f 1533/140/140 1531/129/129 1529/117/117
f 1529/117/117 1527/230/230 1525/226/226
f 1525/226/226 1553/218/218 1549/206/206
f 1549/206/206 1545/192/192 1541/176/176
f 1541/176/176 1537/154/154 1533/140/140
f 1533/140/140 1529/117/117 1525/226/226
f 1525/226/226 1549/206/206 1541/176/176
f 1465/195/195 1509/1724/1793 1508/227/227
f 1486/216/216 1488/219/219 1489/156/156
f 1511/228/228 1510/229/229 1467/199/199
f 1429/217/217 1428/170/170 1494/174/174
f 1494/174/174 1495/178/178 1496/182/182
f 1496/182/182 1497/186/186 1498/190/190
f 1498/190/190 1499/194/194 1500/198/198
f 1500/198/198 1501/202/202 1502/205/205
f 1502/205/205 1503/211/211 1504/214/214
f 1504/214/214 1505/220/220 1506/223/223
f 1506/223/223 1507/225/225 1508/227/227
f 1508/227/227 1509/1724/1793 1510/229/229
f 1510/229/229 1511/228/228 1512/112/112
f 1512/112/112 1513/231/231 1514/125/125
f 1514/125/125 1515/132/132 1516/138/138
f 1516/138/138 1517/143/143 1518/148/148
f 1518/148/148 1519/152/152 1520/157/157
f 1520/157/157 1521/162/162 1522/166/166
f 1522/166/166 1523/208/208 1429/217/217
f 1429/217/217 1494/174/174 1496/182/182
f 1496/182/182 1498/190/190 1500/198/198
f 1500/198/198 1502/205/205 1504/214/214
f 1504/214/214 1506/223/223 1508/227/227
f 1508/227/227 1510/229/229 1512/112/112
f 1512/112/112 1514/125/125 1516/138/138
f 1516/138/138 1518/148/148 1520/157/157
f 1520/157/157 1522/166/166 1429/217/217
f 1429/217/217 1496/182/182 1500/198/198
f 1500/198/198 1504/214/214 1508/227/227
f 1508/227/227 1512/112/112 1516/138/138
f 1516/138/138 1520/157/157 1429/217/217
f 1429/217/217 1500/198/198 1508/227/227
f 1488/219/219 1490/222/222 1491/161/161
f 1510/229/229 1509/1724/1793 1465/195/195
f 1492/224/224 1430/114/114 1431/116/116
f 1490/222/222 1492/224/224 1493/165/165
f 1527/230/230 1528/108/108 1438/110/110
f 1475/126/126 1514/125/125 1513/231/231
f 1555/232/232 1524/164/164 1430/114/114
f 1526/233/233 1527/230/230 1436/133/133
f 1525/226/226 1526/233/233 1434/127/127
f 1690/234/234 1691/240/240 1751/235/235
f 207/84/84 1687/254/254 1686/237/237
f 229/238/238 1698/246/246 1697/239/239
f 217/80/80 1692/79/79 1691/240/240
f 205/83/83 1686/237/237 1685/242/242
f 227/89/89 1697/239/239 1696/243/243
f 215/241/241 1691/240/240 1690/234/234
f 201/244/244 203/81/81 1685/242/242
f 299/90/90 1699/1725/315 1698/246/246
f 231/91/91 298/7/7 1721/75/75
f 225/88/88 1696/243/243 1695/247/247
f 213/86/86 1690/234/234 1689/249/249
f 223/248/248 1695/247/247 1694/250/250
f 211/85/85 1689/249/249 1688/251/251
f 221/87/87 1694/250/250 1693/253/253
f 209/252/252 1688/251/251 1687/254/254
f 1715/255/255 1737/284/284 1738/256/256
f 226/2/2 224/92/92 1716/257/257
f 214/97/97 212/98/98 1710/259/259
f 200/104/104 1704/263/263 1705/261/261
f 224/92/92 222/93/93 1715/255/255
f 212/98/98 210/99/99 1709/262/262
f 199/106/106 1703/274/274 1704/263/263
f 222/93/93 220/94/94 1714/264/264
f 210/99/99 208/100/100 1708/265/265
f 298/7/7 230/5/5 1719/266/266
f 220/94/94 218/95/95 1713/267/267
f 208/100/100 206/101/101 1707/268/268
f 198/269/269 231/91/91 1720/77/77
f 230/5/5 228/3/3 1718/271/271
f 218/95/95 216/96/96 1712/272/272
f 206/101/101 204/102/102 1706/273/273
f 228/3/3 226/2/2 1717/258/258
f 216/96/96 214/97/97 1711/260/260
f 202/103/103 1705/261/261 1706/273/273
f 1703/274/274 1702/1726/1794 1724/275/275
f 1707/268/268 1729/286/286 1730/277/277
f 1700/270/270 1720/77/77 1742/76/76
f 1712/272/272 1734/287/287 1735/279/279
f 1717/258/258 1739/288/288 1740/280/280
f 1705/261/261 1704/263/263 1726/281/281
f 1709/262/262 1731/289/289 1732/283/283
f 1714/264/264 1736/292/292 1737/284/284
f 1719/266/266 1741/293/293 1743/285/285
f 1706/273/273 1728/294/294 1729/286/286
f 1711/260/260 1733/295/295 1734/287/287
f 1716/257/257 1738/256/256 1739/288/288
f 1704/263/263 1703/274/274 1725/276/276
f 1708/265/265 1730/277/277 1731/289/289
f 1701/290/290 1700/270/270 1722/278/278
f 1713/267/267 1735/279/279 1736/292/292
f 1718/271/271 1740/280/280 1741/293/293
f 1705/261/261 1727/282/282 1728/294/294
f 1710/259/259 1732/283/283 1733/295/295
f 1755/296/296 1771/296/321 1770/297/297
f 1696/243/243 1756/307/308 1755/296/296
f 1688/251/251 1748/308/309 1747/298/299
f 1692/79/79 1693/253/253 1753/299/300
f 1697/239/239 1698/246/246 1758/301/302
f 1684/245/245 1685/242/242 1745/303/304
f 1689/249/249 1690/234/234 1750/236/236
f 1694/250/250 1695/247/247 1755/296/296
f 1686/237/237 1687/254/254 1747/298/299
f 1692/79/79 1752/300/301 1751/235/235
f 1696/243/243 1697/239/239 1757/302/303
f 1689/249/249 1749/305/306 1748/308/309
f 1694/250/250 1754/297/298 1753/299/300
f 1685/242/242 1686/237/237 1746/306/307
f 1742/76/76 1743/285/285 1811/285/310
f 1747/298/299 1763/298/322 1762/306/312
f 1752/300/301 1768/300/323 1767/235/313
f 1757/302/303 1773/302/324 1772/307/314
f 1759/309/315 1775/309/1795 1774/301/316
f 1749/305/306 1765/305/325 1764/308/317
f 1754/297/298 1770/297/297 1769/299/318
f 1746/306/307 1762/306/312 1761/303/319
f 1751/235/235 1767/235/313 1766/236/320
f 1756/307/308 1772/307/314 1771/296/321
f 1748/308/309 1764/308/317 1763/298/322
f 1753/299/300 1769/299/318 1768/300/323
f 1758/301/302 1774/301/316 1773/302/324
f 1744/304/305 1745/303/304 1761/303/319
f 1750/236/236 1766/236/320 1765/305/325
f 1763/298/322 1778/298/336 1777/306/326
f 1768/300/323 1783/300/337 1782/235/327
f 1772/307/314 1773/302/324 1788/302/328
f 1765/305/325 1780/305/338 1779/308/330
f 1769/299/318 1770/297/297 1785/297/331
f 1761/303/319 1762/306/312 1777/306/326
f 1766/236/320 1767/235/313 1782/235/327
f 1771/296/321 1772/307/314 1787/307/329
f 1764/308/317 1779/308/330 1778/298/336
f 1769/299/318 1784/299/332 1783/300/337
f 1774/301/316 1789/301/1796 1788/302/328
f 1766/236/320 1781/236/334 1780/305/338
f 1770/297/297 1771/296/321 1786/296/335
f 1807/288/339 1839/288/369 1840/280/340
f 1739/288/288 1738/256/256 1806/256/342
f 1725/276/276 1793/276/355 1794/281/343
f 1731/289/289 1730/277/277 1798/277/344
f 1736/292/292 1735/279/279 1803/279/346
f 1741/293/293 1740/280/280 1808/280/341
f 1727/282/282 1795/282/359 1796/294/349
f 1733/295/295 1732/283/283 1800/283/350
f 1738/256/256 1737/284/284 1805/284/352
f 1810/76/311 1811/285/310 1843/285/353
f 1724/275/275 1792/275/1797 1793/276/355
f 1730/277/277 1729/286/286 1797/286/356
f 1722/278/278 1742/76/76 1810/76/311
f 1735/279/279 1734/287/287 1802/287/358
f 1740/280/280 1739/288/288 1807/288/339
f 1726/281/281 1794/281/343 1795/282/359
f 1732/283/283 1731/289/289 1799/289/345
f 1737/284/284 1736/292/292 1804/292/347
f 1743/285/285 1741/293/293 1809/293/348
f 1729/286/286 1728/294/294 1796/294/349
f 1734/287/287 1733/295/295 1801/295/351
f 1813/291/361 1812/278/378 1842/76/354
f 1842/76/354 1843/285/353 1841/293/366
f 1841/293/366 1840/280/340 1839/288/369
f 1839/288/369 1838/256/376 1837/284/365
f 1837/284/365 1836/292/374 1835/279/379
f 1835/279/379 1834/287/368 1833/295/367
f 1833/295/367 1832/283/364 1831/289/363
f 1831/289/363 1830/277/372 1829/286/360
f 1829/286/360 1828/294/375 1827/282/362
f 1827/282/362 1826/281/371 1825/276/370
f 1825/276/370 1824/275/377 1823/1727/1798
f 1823/1727/1798 1822/1728/1799 1821/310/269
f 1821/310/269 1820/1729/1800 1819/1730/1801
f 1819/1730/1801 1818/1731/1802 1817/1732/1803
f 1817/1732/1803 1816/1733/1804 1815/1734/1805
f 1815/1734/1805 1814/1735/1806 1813/291/361
f 1813/291/361 1842/76/354 1841/293/366
f 1841/293/366 1839/288/369 1837/284/365
f 1837/284/365 1835/279/379 1833/295/367
f 1833/295/367 1831/289/363 1829/286/360
f 1829/286/360 1827/282/362 1825/276/370
f 1825/276/370 1823/1727/1798 1821/310/269
f 1821/310/269 1819/1730/1801 1817/1732/1803
f 1817/1732/1803 1815/1734/1805 1813/291/361
f 1813/291/361 1841/293/366 1837/284/365
f 1837/284/365 1833/295/367 1829/286/360
f 1829/286/360 1825/276/370 1821/310/269
f 1821/310/269 1817/1732/1803 1813/291/361
f 1813/291/361 1837/284/365 1829/286/360
f 1794/281/343 1826/281/371 1827/282/362
f 1800/283/350 1799/289/345 1831/289/363
f 1804/292/347 1836/292/374 1837/284/365
f 1811/285/310 1809/293/348 1841/293/366
f 1796/294/349 1828/294/375 1829/286/360
f 1802/287/358 1801/295/351 1833/295/367
f 1806/256/342 1838/256/376 1839/288/369
f 1794/281/343 1793/276/355 1825/276/370
f 1799/289/345 1798/277/344 1830/277/372
f 1790/278/357 1812/278/378 1813/291/361
f 1803/279/346 1835/279/379 1836/292/374
f 1809/293/348 1808/280/341 1840/280/340
f 1796/294/349 1795/282/359 1827/282/362
f 1801/295/351 1800/283/350 1832/283/364
f 1806/256/342 1805/284/352 1837/284/365
f 1793/276/355 1792/275/1797 1824/275/377
f 1797/286/356 1829/286/360 1830/277/372
f 1790/278/357 1810/76/311 1842/76/354
f 1803/279/346 1802/287/358 1834/287/368
usemtl limbs.003
f 1/311/380 151/312/381 51/313/382
f 1/311/380 165/314/383 96/315/384
f 49/316/385 74/317/386 1/311/380
f 51/313/382 49/316/385 1/311/380
f 73/318/387 93/319/388 2/320/389
f 51/313/382 73/318/387 2/320/389
f 2/320/389 145/321/390 51/313/382
f 93/319/388 50/322/391 2/320/389
f 3/323/392 154/324/393 76/325/394
f 52/326/395 50/322/391 3/323/392
f 3/323/392 153/327/396 52/326/395
f 76/325/394 94/328/397 3/323/392
f 92/329/398 55/330/399 4/331/400
f 4/331/400 164/332/401 92/329/398
f 53/333/402 78/334/403 4/331/400
f 4/331/400 146/335/404 53/333/402
f 5/336/405 165/314/383 74/317/386
f 55/330/399 77/337/406 5/336/405
f 54/338/407 55/330/399 5/336/405
f 5/336/405 152/339/408 54/338/407
f 6/340/409 152/339/408 95/341/410
f 6/340/409 146/335/404 54/338/407
f 90/342/411 56/343/412 6/340/409
f 6/340/409 169/344/413 90/342/411
f 89/345/414 59/346/415 7/347/416
f 81/348/417 89/345/414 7/347/416
f 57/349/418 81/348/417 7/347/416
f 7/347/416 147/350/419 57/349/418
f 8/351/420 164/332/401 78/334/403
f 8/351/420 158/352/421 80/353/422
f 58/354/423 59/346/415 8/351/420
f 78/334/403 58/354/423 8/351/420
f 58/354/423 91/355/424 9/356/425
f 9/356/425 147/350/419 58/354/423
f 87/357/426 60/358/427 9/356/425
f 9/356/425 168/359/428 87/357/426
f 86/360/429 63/361/430 10/362/431
f 10/362/431 166/363/432 86/360/429
f 61/364/433 93/319/388 10/362/431
f 10/362/431 148/365/434 61/364/433
f 11/366/435 163/367/436 81/348/417
f 63/361/430 83/368/437 11/366/435
f 11/366/435 148/365/434 63/361/430
f 81/348/417 62/369/438 11/366/435
f 12/370/439 159/371/440 88/372/441
f 64/373/442 62/369/438 12/370/439
f 12/370/439 162/374/443 64/373/442
f 12/370/439 167/375/444 85/376/445
f 13/377/446 153/327/396 67/378/447
f 90/342/411 75/379/448 13/377/446
f 13/377/446 157/380/449 90/342/411
f 67/378/447 65/381/450 13/377/446
f 129/382/451 118/383/452 14/384/453
f 14/384/453 185/385/454 129/382/451
f 14/384/453 173/386/455 105/387/456
f 118/383/452 99/388/457 14/384/453
f 132/389/458 112/390/459 15/391/460
f 15/391/460 179/392/461 132/389/458
f 102/393/462 66/394/463 15/391/460
f 15/391/460 175/395/464 102/393/462
f 80/353/422 71/396/465 16/397/466
f 16/397/466 164/332/401 80/353/422
f 69/398/467 92/329/398 16/397/466
f 16/397/466 150/399/468 69/398/467
f 17/400/469 163/367/436 83/368/437
f 71/396/465 89/345/414 17/400/469
f 17/400/469 150/399/468 71/396/465
f 83/368/437 70/401/470 17/400/469
f 70/401/470 86/360/429 18/402/471
f 18/402/471 150/399/468 70/401/470
f 73/318/387 72/403/472 18/402/471
f 18/402/471 166/363/432 73/318/387
f 69/398/467 72/403/472 19/404/473
f 19/404/473 155/405/474 69/398/467
f 19/404/473 165/314/383 77/337/406
f 19/404/473 151/312/381 96/315/384
f 20/406/475 149/407/476 68/408/477
f 79/409/478 65/381/450 20/406/475
f 20/406/475 168/359/428 79/409/478
f 20/406/475 160/410/479 87/357/426
f 21/411/480 148/365/434 64/373/442
f 76/325/394 61/364/433 21/411/480
f 21/411/480 170/412/481 76/325/394
f 64/373/442 84/413/482 21/411/480
f 57/349/418 60/358/427 22/414/483
f 22/414/483 159/371/440 57/349/418
f 82/415/484 88/372/441 22/414/483
f 22/414/483 160/410/479 82/415/484
f 53/333/402 56/343/412 23/416/485
f 23/416/485 156/417/486 53/333/402
f 23/416/485 168/359/428 91/355/424
f 23/416/485 157/380/449 79/409/478
f 24/418/487 145/321/390 52/326/395
f 95/341/410 49/316/385 24/418/487
f 24/418/487 169/344/413 95/341/410
f 52/326/395 75/379/448 24/418/487
f 103/419/488 101/420/489 25/421/490
f 98/422/491 103/419/488 25/421/490
f 25/421/490 171/423/492 98/422/491
f 101/420/489 97/424/493 25/421/490
f 97/424/493 102/393/462 26/425/494
f 26/425/494 171/423/492 97/424/493
f 100/426/495 99/388/457 26/425/494
f 102/393/462 100/426/495 26/425/494
f 27/427/496 179/392/461 66/394/463
f 107/428/497 135/429/498 27/427/496
f 27/427/496 176/430/499 107/428/497
f 66/394/463 101/420/489 27/427/496
f 138/431/500 124/432/501 28/433/502
f 28/433/502 186/434/503 138/431/500
f 98/422/491 118/383/452 28/433/502
f 28/433/502 172/435/504 98/422/491
f 29/436/505 191/437/506 107/428/497
f 124/432/501 141/438/507 29/436/505
f 29/436/505 172/435/504 124/432/501
f 29/436/505 176/430/499 103/419/488
f 144/439/508 105/387/456 30/440/509
f 30/440/509 180/441/510 144/439/508
f 30/440/509 175/395/464 112/390/459
f 30/440/509 173/386/455 100/426/495
f 68/408/477 106/442/511 31/443/512
f 115/444/513 68/408/477 31/443/512
f 127/445/514 115/444/513 31/443/512
f 31/443/512 188/446/515 127/445/514
f 127/445/514 120/447/516 32/448/517
f 32/448/517 183/449/518 127/445/514
f 128/450/519 116/451/520 32/448/517
f 32/448/517 187/452/521 128/450/519
f 128/450/519 119/453/522 33/454/523
f 33/454/523 184/455/524 128/450/519
f 129/382/451 117/456/525 33/454/523
f 33/454/523 186/434/503 129/382/451
f 85/376/445 104/457/526 34/458/527
f 34/458/527 162/374/443 85/376/445
f 130/459/528 109/460/529 34/458/527
f 34/458/527 182/461/530 130/459/528
f 130/459/528 114/462/531 35/463/532
f 35/463/532 177/464/533 130/459/528
f 35/463/532 178/465/534 110/466/535
f 35/463/532 181/467/536 131/468/537
f 131/468/537 113/469/538 36/470/539
f 36/470/539 178/465/534 131/468/537
f 132/389/458 111/471/540 36/470/539
f 36/470/539 180/441/510 132/389/458
f 37/472/541 162/374/443 109/460/529
f 121/473/542 84/413/482 37/472/541
f 37/472/541 189/474/543 121/473/542
f 109/460/529 133/475/544 37/472/541
f 38/476/545 177/464/533 110/466/535
f 122/477/546 133/475/544 38/476/545
f 38/476/545 190/478/547 122/477/546
f 110/466/535 134/479/548 38/476/545
f 39/480/549 178/465/534 111/471/540
f 123/481/550 134/479/548 39/480/549
f 39/480/549 191/437/506 123/481/550
f 111/471/540 135/429/498 39/480/549
f 67/378/447 108/482/551 40/483/552
f 40/483/552 149/407/476 67/378/447
f 136/484/553 106/442/511 40/483/552
f 108/482/551 136/484/553 40/483/552
f 41/485/554 194/486/555 126/487/556
f 41/485/554 188/446/515 136/484/553
f 137/488/557 120/447/516 41/485/554
f 126/487/556 137/488/557 41/485/554
f 42/489/558 193/490/559 125/491/560
f 42/489/558 187/452/521 137/488/557
f 138/431/500 119/453/522 42/489/558
f 125/491/560 138/431/500 42/489/558
f 43/492/561 170/412/481 121/473/542
f 108/482/551 94/328/397 43/492/561
f 43/492/561 194/486/555 108/482/551
f 121/473/542 139/493/562 43/492/561
f 44/494/563 189/474/543 122/477/546
f 126/487/556 139/493/562 44/494/563
f 44/494/563 193/490/559 126/487/556
f 122/477/546 140/495/564 44/494/563
f 45/496/565 190/478/547 123/481/550
f 125/491/560 140/495/564 45/496/565
f 45/496/565 192/497/566 125/491/560
f 123/481/550 141/438/507 45/496/565
f 82/415/484 115/444/513 46/498/567
f 46/498/567 167/375/444 82/415/484
f 142/499/568 104/457/526 46/498/567
f 46/498/567 183/449/518 142/499/568
f 142/499/568 116/451/520 47/500/569
f 47/500/569 182/461/530 142/499/568
f 143/501/570 114/462/531 47/500/569
f 47/500/569 184/455/524 143/501/570
f 143/501/570 117/456/525 48/502/571
f 48/502/571 181/467/536 143/501/570
f 144/439/508 113/469/538 48/502/571
f 48/502/571 185/385/454 144/439/508
f 1134/503/572 305/504/573 1136/505/574
f 342/506/575 306/507/576 340/508/577
f 312/509/578 307/510/579 336/511/580
f 315/512/581 333/513/582 335/514/583
f 1128/515/584 306/507/576 1137/516/585
f 1130/517/586 309/518/587 1138/519/588
f 309/518/587 1134/503/572 1138/519/588
f 325/520/589 330/521/590 334/522/591
f 316/523/592 334/522/591 332/524/593
f 338/525/594 317/526/595 342/506/575
f 311/527/596 312/509/578 344/528/597
f 343/529/598 323/530/599 339/531/600
f 322/532/601 343/529/598 341/533/602
f 308/534/603 335/514/583 331/535/604
f 330/521/590 1132/536/605 1129/537/606
f 1127/538/607 316/523/592 1131/539/608
f 335/514/583 323/530/599 327/540/609
f 1131/539/608 332/524/593 1130/517/586
f 334/522/591 305/504/573 313/541/610
f 332/524/593 313/541/610 309/518/587
f 322/532/601 335/514/583 327/540/609
f 305/504/573 1129/537/606 1136/505/574
f 325/520/589 340/508/577 318/542/611
f 1132/536/605 340/508/577 1128/515/584
f 316/523/592 342/506/575 325/520/589
f 343/529/598 307/510/579 320/543/612
f 341/533/602 320/543/612 311/527/596
f 329/544/613 304/545/614 315/512/581
f 308/534/603 329/544/613 315/512/581
f 1135/546/615 338/525/594 1127/538/607
f 367/547/616 390/548/617 366/549/618
f 362/550/619 385/551/620 361/552/621
f 357/553/622 380/554/623 356/555/624
f 352/556/625 375/557/626 351/558/627
f 347/559/628 370/560/629 346/561/630
f 368/562/631 391/563/632 367/547/616
f 363/564/633 386/565/634 362/550/619
f 382/566/635 357/553/622 358/567/636
f 377/568/637 352/556/625 353/569/638
f 348/570/639 371/571/640 347/559/628
f 369/572/641 392/573/642 368/562/631
f 388/574/643 363/564/633 364/575/644
f 359/576/645 382/566/635 358/567/636
f 354/577/646 377/568/637 353/569/638
f 373/578/647 348/570/639 349/579/648
f 365/580/649 388/574/643 364/575/644
f 360/581/650 383/582/651 359/576/645
f 379/583/652 354/577/646 355/584/653
f 374/585/654 349/579/648 350/586/655
f 366/549/618 389/587/656 365/580/649
f 385/551/620 360/581/650 361/552/621
f 356/555/624 379/583/652 355/584/653
f 351/558/627 374/585/654 350/586/655
f 400/588/657 375/557/626 376/589/658
f 371/571/640 394/590/659 370/560/629
f 416/591/660 391/563/632 392/573/642
f 387/592/661 410/593/662 386/565/634
f 406/594/663 381/595/664 382/566/635
f 401/596/665 376/589/658 377/568/637
f 372/597/666 395/598/667 371/571/640
f 417/599/668 392/573/642 393/600/669
f 388/574/643 411/601/670 387/592/661
f 407/602/671 382/566/635 383/582/651
f 378/603/672 401/596/665 377/568/637
f 397/604/673 372/597/666 373/578/647
f 413/605/674 388/574/643 389/587/656
f 384/606/675 407/602/671 383/582/651
f 379/583/652 402/607/676 378/603/672
f 398/608/677 373/578/647 374/585/654
f 390/548/617 413/605/674 389/587/656
f 409/609/678 384/606/675 385/551/620
f 404/610/679 379/583/652 380/554/623
f 375/557/626 398/608/677 374/585/654
f 415/611/680 390/548/617 391/563/632
f 386/565/634 409/609/678 385/551/620
f 381/595/664 404/610/679 380/554/623
f 440/612/681 415/611/680 416/591/660
f 435/613/682 410/593/662 411/601/670
f 430/614/683 405/615/684 406/594/663
f 401/596/665 424/616/685 400/588/657
f 396/617/686 419/618/687 395/598/667
f 417/599/668 440/612/681 416/591/660
f 436/619/688 411/601/670 412/620/689
f 431/621/690 406/594/663 407/602/671
f 402/607/676 425/622/691 401/596/665
f 421/623/692 396/617/686 397/604/673
f 437/624/693 412/620/689 413/605/674
f 408/625/694 431/621/690 407/602/671
f 403/626/695 426/627/696 402/607/676
f 422/628/697 397/604/673 398/608/677
f 438/629/698 413/605/674 414/630/699
f 409/609/678 432/631/700 408/625/694
f 428/632/701 403/626/695 404/610/679
f 399/633/702 422/628/697 398/608/677
f 439/634/703 414/630/699 415/611/680
f 434/635/704 409/609/678 410/593/662
f 405/615/684 428/632/701 404/610/679
f 424/616/685 399/633/702 400/588/657
f 395/598/667 418/636/705 394/590/659
f 444/637/706 419/618/687 420/638/707
f 465/639/708 440/612/681 441/640/709
f 436/619/688 459/641/710 435/613/682
f 455/642/711 430/614/683 431/621/690
f 426/627/696 449/643/712 425/622/691
f 421/623/692 444/637/706 420/638/707
f 437/624/693 460/644/713 436/619/688
f 456/645/714 431/621/690 432/631/700
f 427/646/715 450/647/716 426/627/696
f 422/628/697 445/648/717 421/623/692
f 462/649/718 437/624/693 438/629/698
f 457/650/719 432/631/700 433/651/720
f 452/652/721 427/646/715 428/632/701
f 447/653/722 422/628/697 423/654/723
f 439/634/703 462/649/718 438/629/698
f 434/635/704 457/650/719 433/651/720
f 453/655/724 428/632/701 429/656/725
f 424/616/685 447/653/722 423/654/723
f 443/657/726 418/636/705 419/618/687
f 464/658/727 439/634/703 440/612/681
f 459/641/710 434/635/704 435/613/682
f 454/659/728 429/656/725 430/614/683
f 425/622/691 448/660/729 424/616/685
f 460/644/713 483/661/730 459/641/710
f 455/642/711 478/662/731 454/659/728
f 450/647/716 473/663/732 449/643/712
f 445/648/717 468/664/733 444/637/706
f 485/665/734 460/644/713 461/666/735
f 480/667/736 455/642/711 456/645/714
f 475/668/737 450/647/716 451/669/738
f 470/670/739 445/648/717 446/671/740
f 486/672/741 461/666/735 462/649/718
f 457/650/719 480/667/736 456/645/714
f 452/652/721 475/668/737 451/669/738
f 447/653/722 470/670/739 446/671/740
f 463/673/742 486/672/741 462/649/718
f 482/674/743 457/650/719 458/675/744
f 453/655/724 476/676/745 452/652/721
f 472/677/746 447/653/722 448/660/729
f 443/657/726 466/678/747 442/679/748
f 464/658/727 487/680/749 463/673/742
f 483/661/730 458/675/744 459/641/710
f 454/659/728 477/681/750 453/655/724
f 473/663/732 448/660/729 449/643/712
f 444/637/706 467/682/751 443/657/726
f 465/639/708 488/683/752 464/658/727
f 493/684/753 468/664/733 469/685/754
f 509/686/755 484/687/756 485/665/734
f 504/688/757 479/689/758 480/667/736
f 499/690/759 474/691/760 475/668/737
f 470/670/739 493/684/753 469/685/754
f 510/692/761 485/665/734 486/672/741
f 481/693/762 504/688/757 480/667/736
f 500/694/763 475/668/737 476/676/745
f 471/695/764 494/696/765 470/670/739
f 487/680/749 510/692/761 486/672/741
f 506/697/766 481/693/762 482/674/743
f 501/698/767 476/676/745 477/681/750
f 496/699/768 471/695/764 472/677/746
f 491/700/769 466/678/747 467/682/751
f 512/701/770 487/680/749 488/683/752
f 483/661/730 506/697/766 482/674/743
f 478/662/731 501/698/767 477/681/750
f 497/702/771 472/677/746 473/663/732
f 492/703/772 467/682/751 468/664/733
f 513/704/773 488/683/752 489/705/774
f 484/687/756 507/706/775 483/661/730
f 479/689/758 502/707/776 478/662/731
f 474/691/760 497/702/771 473/663/732
f 533/708/777 508/709/778 509/686/755
f 528/710/779 503/711/780 504/688/757
f 523/712/781 498/713/782 499/690/759
f 518/714/783 493/684/753 494/696/765
f 510/692/761 533/708/777 509/686/755
f 529/715/784 504/688/757 505/716/785
f 500/694/763 523/712/781 499/690/759
f 495/717/786 518/714/783 494/696/765
f 511/718/787 534/719/788 510/692/761
f 530/720/789 505/716/785 506/697/766
f 525/721/790 500/694/763 501/698/767
f 520/722/791 495/717/786 496/699/768
f 515/723/792 490/724/793 491/700/769
f 536/725/794 511/718/787 512/701/770
f 531/726/795 506/697/766 507/706/775
f 526/727/796 501/698/767 502/707/776
f 521/728/797 496/699/768 497/702/771
f 516/729/798 491/700/769 492/703/772
f 537/730/799 512/701/770 513/704/773
f 532/731/800 507/706/775 508/709/778
f 503/711/780 526/727/796 502/707/776
f 522/732/801 497/702/771 498/713/782
f 517/733/802 492/703/772 493/684/753
f 558/734/803 533/708/777 534/719/788
f 529/715/784 552/735/804 528/710/779
f 548/736/805 523/712/781 524/737/806
f 519/738/807 542/739/808 518/714/783
f 559/740/809 534/719/788 535/741/810
f 554/742/811 529/715/784 530/720/789
f 549/743/812 524/737/806 525/721/790
f 544/744/813 519/738/807 520/722/791
f 515/723/792 538/745/814 514/746/815
f 560/747/816 535/741/810 536/725/794
f 531/726/795 554/742/811 530/720/789
f 526/727/796 549/743/812 525/721/790
f 521/728/797 544/744/813 520/722/791
f 516/729/798 539/748/817 515/723/792
f 537/730/799 560/747/816 536/725/794
f 532/731/800 555/749/818 531/726/795
f 527/750/819 550/751/820 526/727/796
f 522/732/801 545/752/821 521/728/797
f 517/733/802 540/753/822 516/729/798
f 557/754/823 532/731/800 533/708/777
f 528/710/779 551/755/824 527/750/819
f 547/756/825 522/732/801 523/712/781
f 518/714/783 541/757/826 517/733/802
f 553/758/827 576/759/828 552/735/804
f 548/736/805 571/760/829 547/756/825
f 567/761/830 542/739/808 543/762/831
f 559/740/809 582/763/832 558/734/803
f 578/764/833 553/758/827 554/742/811
f 573/765/834 548/736/805 549/743/812
f 568/766/835 543/762/831 544/744/813
f 539/748/817 562/767/836 538/745/814
f 560/747/816 583/768/837 559/740/809
f 555/749/818 578/764/833 554/742/811
f 550/751/820 573/765/834 549/743/812
f 569/769/838 544/744/813 545/752/821
f 540/753/822 563/770/839 539/748/817
f 561/771/840 584/772/841 560/747/816
f 556/773/842 579/774/843 555/749/818
f 551/755/824 574/775/844 550/751/820
f 546/776/845 569/769/838 545/752/821
f 565/777/846 540/753/822 541/757/826
f 581/778/847 556/773/842 557/754/823
f 576/759/828 551/755/824 552/735/804
f 571/760/829 546/776/845 547/756/825
f 566/779/848 541/757/826 542/739/808
f 582/763/832 557/754/823 558/734/803
f 583/768/837 606/780/849 582/763/832
f 578/764/833 601/781/850 577/782/851
f 597/783/852 572/784/853 573/765/834
f 592/785/854 567/761/830 568/766/835
f 587/786/855 562/767/836 563/770/839
f 584/772/841 607/787/856 583/768/837
f 603/788/857 578/764/833 579/774/843
f 598/789/858 573/765/834 574/775/844
f 569/769/838 592/785/854 568/766/835
f 588/790/859 563/770/839 564/791/860
f 609/792/861 584/772/841 585/793/862
f 580/794/863 603/788/857 579/774/843
f 599/795/864 574/775/844 575/796/865
f 594/797/866 569/769/838 570/798/867
f 589/799/868 564/791/860 565/777/846
f 605/800/869 580/794/863 581/778/847
f 576/759/828 599/795/864 575/796/865
f 595/801/870 570/798/867 571/760/829
f 566/779/848 589/799/868 565/777/846
f 606/780/849 581/778/847 582/763/832
f 577/782/851 600/802/871 576/759/828
f 596/803/872 571/760/829 572/784/853
f 567/761/830 590/804/873 566/779/848
f 602/805/874 625/806/875 601/781/850
f 597/783/852 620/807/876 596/803/872
f 616/808/877 591/809/878 592/785/854
f 587/786/855 610/810/879 586/811/880
f 632/812/881 607/787/856 608/813/882
f 627/814/883 602/805/874 603/788/857
f 598/789/858 621/815/884 597/783/852
f 593/816/885 616/808/877 592/785/854
f 588/790/859 611/817/886 587/786/855
f 633/818/887 608/813/882 609/792/861
f 604/819/888 627/814/883 603/788/857
f 599/795/864 622/820/889 598/789/858
f 594/797/866 617/821/890 593/816/885
f 613/822/891 588/790/859 589/799/868
f 605/800/869 628/823/892 604/819/888
f 600/802/871 623/824/893 599/795/864
f 595/801/870 618/825/894 594/797/866
f 590/804/873 613/822/891 589/799/868
f 606/780/849 629/826/895 605/800/869
f 601/781/850 624/827/896 600/802/871
f 596/803/872 619/828/897 595/801/870
f 615/829/898 590/804/873 591/809/878
f 607/787/856 630/830/899 606/780/849
f 632/812/881 655/831/900 631/832/901
f 651/833/902 626/834/903 627/814/883
f 622/820/889 645/835/904 621/815/884
f 617/821/890 640/836/905 616/808/877
f 636/837/906 611/817/886 612/838/907
f 633/818/887 656/839/908 632/812/881
f 652/840/909 627/814/883 628/823/892
f 647/841/910 622/820/889 623/824/893
f 642/842/911 617/821/890 618/825/894
f 637/843/912 612/838/907 613/822/891
f 629/826/895 652/840/909 628/823/892
f 648/844/913 623/824/893 624/827/896
f 619/828/897 642/842/911 618/825/894
f 614/845/914 637/843/912 613/822/891
f 654/846/915 629/826/895 630/830/899
f 625/806/875 648/844/913 624/827/896
f 644/847/916 619/828/897 620/807/876
f 639/848/917 614/845/914 615/829/898
f 655/831/900 630/830/899 631/832/901
f 650/849/918 625/806/875 626/834/903
f 645/835/904 620/807/876 621/815/884
f 640/836/905 615/829/898 616/808/877
f 635/850/919 610/810/879 611/817/886
f 670/851/920 645/835/904 646/852/921
f 665/853/922 640/836/905 641/854/923
f 636/837/906 659/855/924 635/850/919
f 681/856/925 656/839/908 657/857/926
f 652/840/909 675/858/927 651/833/902
f 647/841/910 670/851/920 646/852/921
f 666/859/928 641/854/923 642/842/911
f 637/843/912 660/860/929 636/837/906
f 653/861/930 676/862/931 652/840/909
f 648/844/913 671/863/932 647/841/910
f 643/864/933 666/859/928 642/842/911
f 638/865/934 661/866/935 637/843/912
f 678/867/936 653/861/930 654/846/915
f 649/868/937 672/869/938 648/844/913
f 668/870/939 643/864/933 644/847/916
f 663/871/940 638/865/934 639/848/917
f 679/872/941 654/846/915 655/831/900
f 674/873/942 649/868/937 650/849/918
f 645/835/904 668/870/939 644/847/916
f 664/874/943 639/848/917 640/836/905
f 635/850/919 658/875/944 634/876/945
f 680/877/946 655/831/900 656/839/908
f 651/833/902 674/873/942 650/849/918
f 705/878/947 680/877/946 681/856/925
f 676/862/931 699/879/948 675/858/927
f 695/880/949 670/851/920 671/863/932
f 666/859/928 689/881/950 665/853/922
f 685/882/951 660/860/929 661/866/935
f 701/883/952 676/862/931 677/884/953
f 696/885/954 671/863/932 672/869/938
f 691/886/955 666/859/928 667/887/956
f 662/888/957 685/882/951 661/866/935
f 702/889/958 677/884/953 678/867/936
f 697/890/959 672/869/938 673/891/960
f 668/870/939 691/886/955 667/887/956
f 687/892/961 662/888/957 663/871/940
f 679/872/941 702/889/958 678/867/936
f 674/873/942 697/890/959 673/891/960
f 669/893/962 692/894/963 668/870/939
f 664/874/943 687/892/961 663/871/940
f 659/855/924 682/895/964 658/875/944
f 680/877/946 703/896/965 679/872/941
f 675/858/927 698/897/966 674/873/942
f 670/851/920 693/898/967 669/893/962
f 689/881/950 664/874/943 665/853/922
f 684/899/968 659/855/924 660/860/929
f 719/900/969 694/901/970 695/880/949
f 690/902/971 713/903/972 689/881/950
f 709/904/973 684/899/968 685/882/951
f 725/905/974 700/906/975 701/883/952
f 720/907/976 695/880/949 696/885/954
f 715/908/977 690/902/971 691/886/955
f 710/909/978 685/882/951 686/910/979
f 702/889/958 725/905/974 701/883/952
f 697/890/959 720/907/976 696/885/954
f 692/894/963 715/908/977 691/886/955
f 687/892/961 710/909/978 686/910/979
f 703/896/965 726/911/980 702/889/958
f 722/912/981 697/890/959 698/897/966
f 717/913/982 692/894/963 693/898/967
f 688/914/983 711/915/984 687/892/961
f 707/916/985 682/895/964 683/917/986
f 704/918/987 727/919/988 703/896/965
f 723/920/989 698/897/966 699/879/948
f 694/901/970 717/913/982 693/898/967
f 689/881/950 712/921/990 688/914/983
f 708/922/991 683/917/986 684/899/968
f 705/878/947 728/923/992 704/918/987
f 724/924/993 699/879/948 700/906/975
f 725/905/974 748/925/994 724/924/993
f 744/926/995 719/900/969 720/907/976
f 739/927/996 714/928/997 715/908/977
f 710/909/978 733/929/998 709/904/973
f 750/930/999 725/905/974 726/911/980
f 721/931/1000 744/926/995 720/907/976
f 716/932/1001 739/927/996 715/908/977
f 711/915/984 734/933/1002 710/909/978
f 751/934/1003 726/911/980 727/919/988
f 722/912/981 745/935/1004 721/931/1000
f 741/936/1005 716/932/1001 717/913/982
f 712/921/990 735/937/1006 711/915/984
f 731/938/1007 706/939/1008 707/916/985
f 752/940/1009 727/919/988 728/923/992
f 723/920/989 746/941/1010 722/912/981
f 718/942/1011 741/936/1005 717/913/982
f 737/943/1012 712/921/990 713/903/972
f 732/944/1013 707/916/985 708/922/991
f 729/945/1014 752/940/1009 728/923/992
f 724/924/993 747/946/1015 723/920/989
f 719/900/969 742/947/1016 718/942/1011
f 738/948/1017 713/903/972 714/928/997
f 733/929/998 708/922/991 709/904/973
f 763/949/1018 738/948/1017 739/927/996
f 758/950/1019 733/929/998 734/933/1002
f 750/930/999 773/951/1020 749/952/1021
f 745/935/1004 768/953/1022 744/926/995
f 740/954/1023 763/949/1018 739/927/996
f 759/955/1024 734/933/1002 735/937/1006
f 775/956/1025 750/930/999 751/934/1003
f 746/941/1010 769/957/1026 745/935/1004
f 765/958/1027 740/954/1023 741/936/1005
f 736/959/1028 759/955/1024 735/937/1006
f 731/938/1007 754/960/1029 730/961/1030
f 776/962/1031 751/934/1003 752/940/1009
f 771/963/1032 746/941/1010 747/946/1015
f 742/947/1016 765/958/1027 741/936/1005
f 761/964/1033 736/959/1028 737/943/1012
f 732/944/1013 755/965/1034 731/938/1007
f 753/966/1035 776/962/1031 752/940/1009
f 772/967/1036 747/946/1015 748/925/994
f 743/968/1037 766/969/1038 742/947/1016
f 738/948/1017 761/964/1033 737/943/1012
f 733/929/998 756/970/1039 732/944/1013
f 749/952/1021 772/967/1036 748/925/994
f 768/953/1022 743/968/1037 744/926/995
f 798/971/1040 773/951/1020 774/972/1041
f 793/973/1042 768/953/1022 769/957/1026
f 764/974/1043 787/975/1044 763/949/1018
f 759/955/1024 782/976/1045 758/950/1019
f 775/956/1025 798/971/1040 774/972/1041
f 770/977/1046 793/973/1042 769/957/1026
f 789/978/1047 764/974/1043 765/958/1027
f 760/979/1048 783/980/1049 759/955/1024
f 779/981/1050 754/960/1029 755/965/1034
f 800/982/1051 775/956/1025 776/962/1031
f 771/963/1032 794/983/1052 770/977/1046
f 766/969/1038 789/978/1047 765/958/1027
f 785/984/1053 760/979/1048 761/964/1033
f 756/970/1039 779/981/1050 755/965/1034
f 801/985/1054 776/962/1031 777/986/1055
f 796/987/1056 771/963/1032 772/967/1036
f 767/988/1057 790/989/1058 766/969/1038
f 786/990/1059 761/964/1033 762/991/1060
f 781/992/1061 756/970/1039 757/993/1062
f 797/994/1063 772/967/1036 773/951/1020
f 792/995/1064 767/988/1057 768/953/1022
f 763/949/1018 786/990/1059 762/991/1060
f 758/950/1019 781/992/1061 757/993/1062
f 788/996/1065 811/997/1066 787/975/1044
f 783/980/1049 806/998/1067 782/976/1045
f 823/999/1068 798/971/1040 799/1000/1069
f 818/1001/1070 793/973/1042 794/983/1052
f 813/1002/1071 788/996/1065 789/978/1047
f 808/1003/1072 783/980/1049 784/1004/1073
f 779/981/1050 802/1005/1074 778/1006/1075
f 800/982/1051 823/999/1068 799/1000/1069
f 795/1007/1076 818/1001/1070 794/983/1052
f 814/1008/1077 789/978/1047 790/989/1058
f 809/1009/1078 784/1004/1073 785/984/1053
f 780/1010/1079 803/1011/1080 779/981/1050
f 801/985/1054 824/1012/1081 800/982/1051
f 796/987/1056 819/1013/1082 795/1007/1076
f 791/1014/1083 814/1008/1077 790/989/1058
f 786/990/1059 809/1009/1078 785/984/1053
f 781/992/1061 804/1015/1084 780/1010/1079
f 797/994/1063 820/1016/1085 796/987/1056
f 792/995/1064 815/1017/1086 791/1014/1083
f 787/975/1044 810/1018/1087 786/990/1059
f 782/976/1045 805/1019/1088 781/992/1061
f 798/971/1040 821/1020/1089 797/994/1063
f 817/1021/1090 792/995/1064 793/973/1042
f 808/1003/1072 831/1022/1091 807/1023/1092
f 803/1011/1080 826/1024/1093 802/1005/1074
f 824/1012/1081 847/1025/1094 823/999/1068
f 843/1026/1095 818/1001/1070 819/1013/1082
f 838/1027/1096 813/1002/1071 814/1008/1077
f 809/1009/1078 832/1028/1097 808/1003/1072
f 828/1029/1098 803/1011/1080 804/1015/1084
f 849/1030/1099 824/1012/1081 825/1031/1100
f 844/1032/1101 819/1013/1082 820/1016/1085
f 815/1017/1086 838/1027/1096 814/1008/1077
f 810/1018/1087 833/1033/1102 809/1009/1078
f 829/1034/1103 804/1015/1084 805/1019/1088
f 845/1035/1104 820/1016/1085 821/1020/1089
f 816/1036/1105 839/1037/1106 815/1017/1086
f 811/997/1066 834/1038/1107 810/1018/1087
f 830/1039/1108 805/1019/1088 806/998/1067
f 846/1040/1109 821/1020/1089 822/1041/1110
f 841/1042/1111 816/1036/1105 817/1021/1090
f 812/1043/1112 835/1044/1113 811/997/1066
f 807/1023/1092 830/1039/1108 806/998/1067
f 823/999/1068 846/1040/1109 822/1041/1110
f 842/1045/1114 817/1021/1090 818/1001/1070
f 837/1046/1115 812/1043/1112 813/1002/1071
f 872/1047/1116 847/1025/1094 848/1048/1117
f 867/1049/1118 842/1045/1114 843/1026/1095
f 838/1027/1096 861/1050/1119 837/1046/1115
f 833/1033/1102 856/1051/1120 832/1028/1097
f 828/1029/1098 851/1052/1121 827/1053/1122
f 849/1030/1099 872/1047/1116 848/1048/1117
f 868/1054/1123 843/1026/1095 844/1032/1101
f 863/1055/1124 838/1027/1096 839/1037/1106
f 858/1056/1125 833/1033/1102 834/1038/1107
f 853/1057/1126 828/1029/1098 829/1034/1103
f 869/1058/1127 844/1032/1101 845/1035/1104
f 864/1059/1128 839/1037/1106 840/1060/1129
f 859/1061/1130 834/1038/1107 835/1044/1113
f 854/1062/1131 829/1034/1103 830/1039/1108
f 846/1040/1109 869/1058/1127 845/1035/1104
f 865/1063/1132 840/1060/1129 841/1042/1111
f 860/1064/1133 835/1044/1113 836/1065/1134
f 831/1022/1091 854/1062/1131 830/1039/1108
f 847/1025/1094 870/1066/1135 846/1040/1109
f 866/1067/1136 841/1042/1111 842/1045/1114
f 837/1046/1115 860/1064/1133 836/1065/1134
f 832/1028/1097 855/1068/1137 831/1022/1091
f 827/1053/1122 850/1069/1138 826/1024/1093
f 881/1070/1139 856/1051/1120 857/1071/1140
f 876/1072/1141 851/1052/1121 852/1073/1142
f 897/1074/1143 872/1047/1116 873/1075/1144
f 868/1054/1123 891/1076/1145 867/1049/1118
f 887/1077/1146 862/1078/1147 863/1055/1124
f 858/1056/1125 881/1070/1139 857/1071/1140
f 877/1079/1148 852/1073/1142 853/1057/1126
f 869/1058/1127 892/1080/1149 868/1054/1123
f 888/1081/1150 863/1055/1124 864/1059/1128
f 883/1082/1151 858/1056/1125 859/1061/1130
f 854/1062/1131 877/1079/1148 853/1057/1126
f 894/1083/1152 869/1058/1127 870/1066/1135
f 865/1063/1132 888/1081/1150 864/1059/1128
f 860/1064/1133 883/1082/1151 859/1061/1130
f 879/1084/1153 854/1062/1131 855/1068/1137
f 871/1085/1154 894/1083/1152 870/1066/1135
f 866/1067/1136 889/1086/1155 865/1063/1132
f 861/1050/1119 884/1087/1156 860/1064/1133
f 880/1088/1157 855/1068/1137 856/1051/1120
f 875/1089/1158 850/1069/1138 851/1052/1121
f 896/1090/1159 871/1085/1154 872/1047/1116
f 867/1049/1118 890/1091/1160 866/1067/1136
f 886/1092/1161 861/1050/1119 862/1078/1147
f 897/1074/1143 920/1093/1162 896/1090/1159
f 916/1094/1163 891/1076/1145 892/1080/1149
f 887/1077/1146 910/1095/1164 886/1092/1161
f 906/1096/1165 881/1070/1139 882/1097/1166
f 877/1079/1148 900/1098/1167 876/1072/1141
f 917/1099/1168 892/1080/1149 893/1100/1169
f 888/1081/1150 911/1101/1170 887/1077/1146
f 907/1102/1171 882/1097/1166 883/1082/1151
f 878/1103/1172 901/1104/1173 877/1079/1148
f 918/1105/1174 893/1100/1169 894/1083/1152
f 889/1086/1155 912/1106/1175 888/1081/1150
f 908/1107/1176 883/1082/1151 884/1087/1156
f 879/1084/1153 902/1108/1177 878/1103/1172
f 919/1109/1178 894/1083/1152 895/1110/1179
f 890/1091/1160 913/1111/1180 889/1086/1155
f 885/1112/1181 908/1107/1176 884/1087/1156
f 880/1088/1157 903/1113/1182 879/1084/1153
f 875/1089/1158 898/1114/1183 874/1115/1184
f 896/1090/1159 919/1109/1178 895/1110/1179
f 915/1116/1185 890/1091/1160 891/1076/1145
f 886/1092/1161 909/1117/1186 885/1112/1181
f 905/1118/1187 880/1088/1157 881/1070/1139
f 876/1072/1141 899/1119/1188 875/1089/1158
f 901/1104/1173 924/1120/1189 900/1098/1167
f 917/1099/1168 940/1121/1190 916/1094/1163
f 936/1122/1191 911/1101/1170 912/1106/1175
f 907/1102/1171 930/1123/1192 906/1096/1165
f 926/1124/1193 901/1104/1173 902/1108/1177
f 918/1105/1174 941/1125/1194 917/1099/1168
f 913/1111/1180 936/1122/1191 912/1106/1175
f 908/1107/1176 931/1126/1195 907/1102/1171
f 927/1127/1196 902/1108/1177 903/1113/1182
f 919/1109/1178 942/1128/1197 918/1105/1174
f 914/1129/1198 937/1130/1199 913/1111/1180
f 933/1131/1200 908/1107/1176 909/1117/1186
f 904/1132/1201 927/1127/1196 903/1113/1182
f 899/1119/1188 922/1133/1202 898/1114/1183
f 920/1093/1162 943/1134/1203 919/1109/1178
f 915/1116/1185 938/1135/1204 914/1129/1198
f 910/1095/1164 933/1131/1200 909/1117/1186
f 905/1118/1187 928/1136/1205 904/1132/1201
f 900/1098/1167 923/1137/1206 899/1119/1188
f 921/1138/1207 944/1139/1208 920/1093/1162
f 916/1094/1163 939/1140/1209 915/1116/1185
f 935/1141/1210 910/1095/1164 911/1101/1170
f 906/1096/1165 929/1142/1211 905/1118/1187
f 941/1125/1194 964/1143/1212 940/1121/1190
f 936/1122/1191 959/1144/1213 935/1141/1210
f 955/1145/1214 930/1123/1192 931/1126/1195
f 950/1146/1215 925/1147/1216 926/1124/1193
f 942/1128/1197 965/1148/1217 941/1125/1194
f 961/1149/1218 936/1122/1191 937/1130/1199
f 932/1150/1219 955/1145/1214 931/1126/1195
f 951/1151/1220 926/1124/1193 927/1127/1196
f 967/1152/1221 942/1128/1197 943/1134/1203
f 962/1153/1222 937/1130/1199 938/1135/1204
f 957/1154/1223 932/1150/1219 933/1131/1200
f 928/1136/1205 951/1151/1220 927/1127/1196
f 947/1155/1224 922/1133/1202 923/1137/1206
f 968/1156/1225 943/1134/1203 944/1139/1208
f 963/1157/1226 938/1135/1204 939/1140/1209
f 958/1158/1227 933/1131/1200 934/1159/1228
f 953/1160/1229 928/1136/1205 929/1142/1211
f 948/1161/1230 923/1137/1206 924/1120/1189
f 969/1162/1231 944/1139/1208 945/1163/1232
f 964/1143/1212 939/1140/1209 940/1121/1190
f 935/1141/1210 958/1158/1227 934/1159/1228
f 930/1123/1192 953/1160/1229 929/1142/1211
f 925/1147/1216 948/1161/1230 924/1120/1189
f 950/1146/1215 973/1164/1233 949/1165/1234
f 966/1166/1235 989/1167/1236 965/1148/1217
f 961/1149/1218 984/1168/1237 960/1169/1238
f 980/1170/1239 955/1145/1214 956/1171/1240
f 975/1172/1241 950/1146/1215 951/1151/1220
f 991/1173/1242 966/1166/1235 967/1152/1221
f 986/1174/1243 961/1149/1218 962/1153/1222
f 981/1175/1244 956/1171/1240 957/1154/1223
f 952/1176/1245 975/1172/1241 951/1151/1220
f 947/1155/1224 970/1177/1246 946/1178/1247
f 992/1179/1248 967/1152/1221 968/1156/1225
f 963/1157/1226 986/1174/1243 962/1153/1222
f 982/1180/1249 957/1154/1223 958/1158/1227
f 977/1181/1250 952/1176/1245 953/1160/1229
f 948/1161/1230 971/1182/1251 947/1155/1224
f 969/1162/1231 992/1179/1248 968/1156/1225
f 988/1183/1252 963/1157/1226 964/1143/1212
f 959/1144/1213 982/1180/1249 958/1158/1227
f 954/1184/1253 977/1181/1250 953/1160/1229
f 949/1165/1234 972/1185/1254 948/1161/1230
f 965/1148/1217 988/1183/1252 964/1143/1212
f 984/1168/1237 959/1144/1213 960/1169/1238
f 955/1145/1214 978/1186/1255 954/1184/1253
f 1014/1187/1256 989/1167/1236 990/1188/1257
f 1009/1189/1258 984/1168/1237 985/1190/1259
f 1004/1191/1260 979/1192/1261 980/1170/1239
f 975/1172/1241 998/1193/1262 974/1194/1263
f 1015/1195/1264 990/1188/1257 991/1173/1242
f 986/1174/1243 1009/1189/1258 985/1190/1259
f 981/1175/1244 1004/1191/1260 980/1170/1239
f 976/1196/1265 999/1197/1266 975/1172/1241
f 995/1198/1267 970/1177/1246 971/1182/1251
f 1016/1199/1268 991/1173/1242 992/1179/1248
f 987/1200/1269 1010/1201/1270 986/1174/1243
f 1006/1202/1271 981/1175/1244 982/1180/1249
f 1001/1203/1272 976/1196/1265 977/1181/1250
f 972/1185/1254 995/1198/1267 971/1182/1251
f 993/1204/1273 1016/1199/1268 992/1179/1248
f 1012/1205/1274 987/1200/1269 988/1183/1252
f 1007/1206/1275 982/1180/1249 983/1207/1276
f 1002/1208/1277 977/1181/1250 978/1186/1255
f 997/1209/1278 972/1185/1254 973/1164/1233
f 989/1167/1236 1012/1205/1274 988/1183/1252
f 1008/1210/1279 983/1207/1276 984/1168/1237
f 979/1192/1261 1002/1208/1277 978/1186/1255
f 974/1194/1263 997/1209/1278 973/1164/1233
f 1015/1195/1264 1039/1211/1280 1014/1187/1256
f 1010/1201/1270 1034/1212/1281 1009/1189/1258
f 1005/1213/1282 1029/1214/1283 1004/1191/1260
f 1025/1215/1284 999/1197/1266 1000/1216/1285
f 995/1198/1267 1019/1217/1286 994/1218/1287
f 1041/1219/1288 1015/1195/1264 1016/1199/1268
f 1011/1220/1289 1035/1221/1290 1010/1201/1270
f 1031/1222/1291 1005/1213/1282 1006/1202/1271
f 1026/1223/1292 1000/1216/1285 1001/1203/1272
f 1021/1224/1293 995/1198/1267 996/1225/1294
f 1017/1226/1295 1041/1219/1288 1016/1199/1268
f 1012/1205/1274 1036/1227/1296 1011/1220/1289
f 1007/1206/1275 1031/1222/1291 1006/1202/1271
f 1027/1228/1297 1001/1203/1272 1002/1208/1277
f 1022/1229/1298 996/1225/1294 997/1209/1278
f 1038/1230/1299 1012/1205/1274 1013/1231/1300
f 1033/1232/1301 1007/1206/1275 1008/1210/1279
f 1003/1233/1302 1027/1228/1297 1002/1208/1277
f 998/1193/1262 1022/1229/1298 997/1209/1278
f 1014/1187/1256 1038/1230/1299 1013/1231/1300
f 1034/1212/1281 1008/1210/1279 1009/1189/1258
f 1029/1214/1283 1003/1233/1302 1004/1191/1260
f 1024/1234/1303 998/1193/1262 999/1197/1266
f 1059/1235/1304 1034/1212/1281 1035/1221/1290
f 1030/1236/1305 1053/1237/1306 1029/1214/1283
f 1049/1238/1307 1024/1234/1303 1025/1215/1284
f 1044/1239/1308 1019/1217/1286 1020/1240/1309
f 1041/1219/1288 1064/1241/1310 1040/1242/1311
f 1036/1227/1296 1059/1235/1304 1035/1221/1290
f 1055/1243/1312 1030/1236/1305 1031/1222/1291
f 1026/1223/1292 1049/1238/1307 1025/1215/1284
f 1021/1224/1293 1044/1239/1308 1020/1240/1309
f 1042/1244/1313 1065/1245/1314 1041/1219/1288
f 1037/1246/1315 1060/1247/1316 1036/1227/1296
f 1032/1248/1317 1055/1243/1312 1031/1222/1291
f 1051/1249/1318 1026/1223/1292 1027/1228/1297
f 1022/1229/1298 1045/1250/1319 1021/1224/1293
f 1038/1230/1299 1061/1251/1320 1037/1246/1315
f 1057/1252/1321 1032/1248/1317 1033/1232/1301
f 1028/1253/1322 1051/1249/1318 1027/1228/1297
f 1047/1254/1323 1022/1229/1298 1023/1255/1324
f 1039/1211/1280 1062/1256/1325 1038/1230/1299
f 1058/1257/1326 1033/1232/1301 1034/1212/1281
f 1029/1214/1283 1052/1258/1327 1028/1253/1322
f 1048/1259/1328 1023/1255/1324 1024/1234/1303
f 1064/1241/1310 1039/1211/1280 1040/1242/1311
f 1044/1239/1308 1067/1260/1329 1043/1261/1330
f 1065/1245/1314 1088/1262/1331 1064/1241/1310
f 1084/1263/1332 1059/1235/1304 1060/1247/1316
f 1055/1243/1312 1078/1264/1333 1054/1265/1334
f 1074/1266/1335 1049/1238/1307 1050/1267/1336
f 1069/1268/1337 1044/1239/1308 1045/1250/1319
f 1090/1269/1338 1065/1245/1314 1066/1270/1339
f 1085/1271/1340 1060/1247/1316 1061/1251/1320
f 1056/1272/1341 1079/1273/1342 1055/1243/1312
f 1051/1249/1318 1074/1266/1335 1050/1267/1336
f 1070/1274/1343 1045/1250/1319 1046/1275/1344
f 1062/1256/1325 1085/1271/1340 1061/1251/1320
f 1081/1276/1345 1056/1272/1341 1057/1252/1321
f 1076/1277/1346 1051/1249/1318 1052/1258/1327
f 1071/1278/1347 1046/1275/1344 1047/1254/1323
f 1063/1279/1348 1086/1280/1349 1062/1256/1325
f 1058/1257/1326 1081/1276/1345 1057/1252/1321
f 1053/1237/1306 1076/1277/1346 1052/1258/1327
f 1072/1281/1350 1047/1254/1323 1048/1259/1328
f 1064/1241/1310 1087/1282/1351 1063/1279/1348
f 1059/1235/1304 1082/1283/1352 1058/1257/1326
f 1078/1264/1333 1053/1237/1306 1054/1265/1334
f 1073/1284/1353 1048/1259/1328 1049/1238/1307
f 1084/1263/1332 1107/1285/1354 1083/1286/1355
f 1079/1273/1342 1102/1287/1356 1078/1264/1333
f 1074/1266/1335 1097/1288/1357 1073/1284/1353
f 1069/1268/1337 1092/1289/1358 1068/1290/1359
f 1114/1291/1360 1089/1292/1361 1090/1269/1338
f 1109/1293/1362 1084/1263/1332 1085/1271/1340
f 1080/1294/1363 1103/1295/1364 1079/1273/1342
f 1075/1296/1365 1098/1297/1366 1074/1266/1335
f 1070/1274/1343 1093/1298/1367 1069/1268/1337
f 1110/1299/1368 1085/1271/1340 1086/1280/1349
f 1081/1276/1345 1104/1300/1369 1080/1294/1363
f 1100/1301/1370 1075/1296/1365 1076/1277/1346
f 1071/1278/1347 1094/1302/1371 1070/1274/1343
f 1111/1303/1372 1086/1280/1349 1087/1282/1351
f 1082/1283/1352 1105/1304/1373 1081/1276/1345
f 1077/1305/1374 1100/1301/1370 1076/1277/1346
f 1072/1281/1350 1095/1306/1375 1071/1278/1347
f 1112/1307/1376 1087/1282/1351 1088/1262/1331
f 1107/1285/1354 1082/1283/1352 1083/1286/1355
f 1102/1287/1356 1077/1305/1374 1078/1264/1333
f 1073/1284/1353 1096/1308/1377 1072/1281/1350
f 1068/1290/1359 1091/1309/1378 1067/1260/1329
f 1113/1310/1379 1088/1262/1331 1089/1292/1361
f 1125/1311/1380 314/1312/1381 344/528/597
f 328/1313/1382 1116/1314/1383 319/1315/1384
f 1119/1316/1385 321/1317/1386 326/1318/1387
f 345/1319/1388 1118/1320/1389 324/1321/1390
f 314/1312/1381 1119/1316/1385 326/1318/1387
f 1117/1322/1391 337/1323/1392 321/1317/1386
f 324/1321/1390 1120/1324/1393 328/1313/1382
f 319/1315/1384 1123/1325/1394 336/511/580
f 319/1315/1384 307/510/579 339/531/600
f 337/1323/1392 1122/1326/1395 329/544/613
f 329/544/613 1126/1327/1396 345/1319/1388
f 333/513/582 328/1313/1382 323/530/599
f 321/1317/1386 308/534/603 331/535/604
f 341/533/602 326/1318/1387 322/532/601
f 304/545/614 324/1321/1390 333/513/582
f 326/1318/1387 331/535/604 322/532/601
f 328/1313/1382 339/531/600 323/530/599
f 311/527/596 314/1312/1381 341/533/602
f 310/1328/1397 1133/1329/1398 317/526/595
f 1133/1329/1398 306/507/576 317/526/595
f 344/528/597 1121/1330/1399 1125/1311/1380
f 1121/1330/1399 336/511/580 1123/1325/1394
f 1130/517/586 1136/505/574 1128/515/584
f 1116/1314/1383 1122/1326/1395 1119/1316/1385
f 1139/1331/1400 393/600/669 369/572/641
f 346/561/630 370/560/629 1018/1332/1401
f 1139/1331/1400 417/599/668 393/600/669
f 370/560/629 394/590/659 1018/1332/1401
f 1139/1331/1400 441/640/709 417/599/668
f 394/590/659 418/636/705 1018/1332/1401
f 1139/1331/1400 465/639/708 441/640/709
f 418/636/705 442/679/748 1018/1332/1401
f 1139/1331/1400 489/705/774 465/639/708
f 442/679/748 466/678/747 1018/1332/1401
f 1139/1331/1400 513/704/773 489/705/774
f 466/678/747 490/724/793 1018/1332/1401
f 490/724/793 514/746/815 1018/1332/1401
f 1139/1331/1400 537/730/799 513/704/773
f 514/746/815 538/745/814 1018/1332/1401
f 1139/1331/1400 561/771/840 537/730/799
f 538/745/814 562/767/836 1018/1332/1401
f 1139/1331/1400 585/793/862 561/771/840
f 562/767/836 586/811/880 1018/1332/1401
f 1139/1331/1400 609/792/861 585/793/862
f 1139/1331/1400 633/818/887 609/792/861
f 586/811/880 610/810/879 1018/1332/1401
f 1139/1331/1400 657/857/926 633/818/887
f 610/810/879 634/876/945 1018/1332/1401
f 1139/1331/1400 681/856/925 657/857/926
f 634/876/945 658/875/944 1018/1332/1401
f 1139/1331/1400 705/878/947 681/856/925
f 658/875/944 682/895/964 1018/1332/1401
f 1139/1331/1400 729/945/1014 705/878/947
f 682/895/964 706/939/1008 1018/1332/1401
f 1139/1331/1400 753/966/1035 729/945/1014
f 706/939/1008 730/961/1030 1018/1332/1401
f 730/961/1030 754/960/1029 1018/1332/1401
f 1139/1331/1400 777/986/1055 753/966/1035
f 754/960/1029 778/1006/1075 1018/1332/1401
f 1139/1331/1400 801/985/1054 777/986/1055
f 778/1006/1075 802/1005/1074 1018/1332/1401
f 1139/1331/1400 825/1031/1100 801/985/1054
f 1139/1331/1400 849/1030/1099 825/1031/1100
f 802/1005/1074 826/1024/1093 1018/1332/1401
f 1139/1331/1400 873/1075/1144 849/1030/1099
f 826/1024/1093 850/1069/1138 1018/1332/1401
f 1139/1331/1400 897/1074/1143 873/1075/1144
f 850/1069/1138 874/1115/1184 1018/1332/1401
f 1139/1331/1400 921/1138/1207 897/1074/1143
f 874/1115/1184 898/1114/1183 1018/1332/1401
f 1139/1331/1400 945/1163/1232 921/1138/1207
f 898/1114/1183 922/1133/1202 1018/1332/1401
f 922/1133/1202 946/1178/1247 1018/1332/1401
f 1139/1331/1400 969/1162/1231 945/1163/1232
f 946/1178/1247 970/1177/1246 1018/1332/1401
f 1139/1331/1400 993/1204/1273 969/1162/1231
f 970/1177/1246 994/1218/1287 1018/1332/1401
f 1139/1331/1400 1017/1226/1295 993/1204/1273
f 994/1218/1287 1019/1217/1286 1018/1332/1401
f 1139/1331/1400 1042/1244/1313 1017/1226/1295
f 1139/1331/1400 1066/1270/1339 1042/1244/1313
f 1019/1217/1286 1043/1261/1330 1018/1332/1401
f 1139/1331/1400 1090/1269/1338 1066/1270/1339
f 1043/1261/1330 1067/1260/1329 1018/1332/1401
f 1139/1331/1400 1114/1291/1360 1090/1269/1338
f 1067/1260/1329 1091/1309/1378 1018/1332/1401
f 1114/1291/1360 368/562/631 1113/1310/1379
f 364/575/644 1108/1333/1402 1109/1293/1362
f 359/576/645 1103/1295/1364 1104/1300/1369
f 1099/1334/1403 353/569/638 1098/1297/1366
f 1094/1302/1371 348/570/639 1093/1298/1367
f 1139/1331/1400 369/572/641 1114/1291/1360
f 1110/1299/1368 364/575/644 1109/1293/1362
f 1105/1304/1373 359/576/645 1104/1300/1369
f 1100/1301/1370 354/577/646 1099/1334/1403
f 1095/1306/1375 349/579/648 1094/1302/1371
f 366/549/618 1110/1299/1368 1111/1303/1372
f 361/552/621 1105/1304/1373 1106/1335/1404
f 1101/1336/1405 355/584/653 1100/1301/1370
f 1096/1308/1377 350/586/655 1095/1306/1375
f 1091/1309/1378 346/561/630 1018/1332/1401
f 367/547/616 1111/1303/1372 1112/1307/1376
f 362/550/619 1106/1335/1404 1107/1285/1354
f 1102/1287/1356 356/555/624 1101/1336/1405
f 1097/1288/1357 351/558/627 1096/1308/1377
f 347/559/628 1091/1309/1378 1092/1289/1358
f 1113/1310/1379 367/547/616 1112/1307/1376
f 1108/1333/1402 362/550/619 1107/1285/1354
f 1103/1295/1364 357/553/622 1102/1287/1356
f 353/569/638 1097/1288/1357 1098/1297/1366
f 348/570/639 1092/1289/1358 1093/1298/1367
f 1/311/380 96/315/384 151/312/381
f 1/311/380 74/317/386 165/314/383
f 49/316/385 152/339/408 74/317/386
f 51/313/382 145/321/390 49/316/385
f 73/318/387 166/363/432 93/319/388
f 51/313/382 151/312/381 73/318/387
f 2/320/389 50/322/391 145/321/390
f 93/319/388 154/324/393 50/322/391
f 3/323/392 50/322/391 154/324/393
f 52/326/395 145/321/390 50/322/391
f 3/323/392 94/328/397 153/327/396
f 76/325/394 170/412/481 94/328/397
f 92/329/398 155/405/474 55/330/399
f 4/331/400 78/334/403 164/332/401
f 53/333/402 156/417/486 78/334/403
f 4/331/400 55/330/399 146/335/404
f 5/336/405 77/337/406 165/314/383
f 55/330/399 155/405/474 77/337/406
f 54/338/407 146/335/404 55/330/399
f 5/336/405 74/317/386 152/339/408
f 6/340/409 54/338/407 152/339/408
f 6/340/409 56/343/412 146/335/404
f 90/342/411 157/380/449 56/343/412
f 6/340/409 95/341/410 169/344/413
f 89/345/414 158/352/421 59/346/415
f 81/348/417 163/367/436 89/345/414
f 57/349/418 159/371/440 81/348/417
f 7/347/416 59/346/415 147/350/419
f 8/351/420 80/353/422 164/332/401
f 8/351/420 59/346/415 158/352/421
f 58/354/423 147/350/419 59/346/415
f 78/334/403 156/417/486 58/354/423
f 58/354/423 156/417/486 91/355/424
f 9/356/425 60/358/427 147/350/419
f 87/357/426 160/410/479 60/358/427
f 9/356/425 91/355/424 168/359/428
f 86/360/429 161/1736/1807 63/361/430
f 10/362/431 93/319/388 166/363/432
f 61/364/433 154/324/393 93/319/388
f 10/362/431 63/361/430 148/365/434
f 11/366/435 83/368/437 163/367/436
f 63/361/430 161/1736/1807 83/368/437
f 11/366/435 62/369/438 148/365/434
f 81/348/417 159/371/440 62/369/438
f 12/370/439 62/369/438 159/371/440
f 64/373/442 148/365/434 62/369/438
f 12/370/439 85/376/445 162/374/443
f 12/370/439 88/372/441 167/375/444
f 13/377/446 75/379/448 153/327/396
f 90/342/411 169/344/413 75/379/448
f 13/377/446 65/381/450 157/380/449
f 67/378/447 149/407/476 65/381/450
f 129/382/451 186/434/503 118/383/452
f 14/384/453 105/387/456 185/385/454
f 14/384/453 99/388/457 173/386/455
f 118/383/452 171/423/492 99/388/457
f 132/389/458 180/441/510 112/390/459
f 15/391/460 66/394/463 179/392/461
f 102/393/462 174/1737/1808 66/394/463
f 15/391/460 112/390/459 175/395/464
f 80/353/422 158/352/421 71/396/465
f 16/397/466 92/329/398 164/332/401
f 69/398/467 155/405/474 92/329/398
f 16/397/466 71/396/465 150/399/468
f 17/400/469 89/345/414 163/367/436
f 71/396/465 158/352/421 89/345/414
f 17/400/469 70/401/470 150/399/468
f 83/368/437 161/1736/1807 70/401/470
f 70/401/470 161/1736/1807 86/360/429
f 18/402/471 72/403/472 150/399/468
f 73/318/387 151/312/381 72/403/472
f 18/402/471 86/360/429 166/363/432
f 69/398/467 150/399/468 72/403/472
f 19/404/473 77/337/406 155/405/474
f 19/404/473 96/315/384 165/314/383
f 19/404/473 72/403/472 151/312/381
f 20/406/475 65/381/450 149/407/476
f 79/409/478 157/380/449 65/381/450
f 20/406/475 87/357/426 168/359/428
f 20/406/475 68/408/477 160/410/479
f 21/411/480 61/364/433 148/365/434
f 76/325/394 154/324/393 61/364/433
f 21/411/480 84/413/482 170/412/481
f 64/373/442 162/374/443 84/413/482
f 57/349/418 147/350/419 60/358/427
f 22/414/483 88/372/441 159/371/440
f 82/415/484 167/375/444 88/372/441
f 22/414/483 60/358/427 160/410/479
f 53/333/402 146/335/404 56/343/412
f 23/416/485 91/355/424 156/417/486
f 23/416/485 79/409/478 168/359/428
f 23/416/485 56/343/412 157/380/449
f 24/418/487 49/316/385 145/321/390
f 95/341/410 152/339/408 49/316/385
f 24/418/487 75/379/448 169/344/413
f 52/326/395 153/327/396 75/379/448
f 103/419/488 176/430/499 101/420/489
f 98/422/491 172/435/504 103/419/488
f 25/421/490 97/424/493 171/423/492
f 101/420/489 174/1737/1808 97/424/493
f 97/424/493 174/1737/1808 102/393/462
f 26/425/494 99/388/457 171/423/492
f 100/426/495 173/386/455 99/388/457
f 102/393/462 175/395/464 100/426/495
f 27/427/496 135/429/498 179/392/461
f 107/428/497 191/437/506 135/429/498
f 27/427/496 101/420/489 176/430/499
f 66/394/463 174/1737/1808 101/420/489
f 138/431/500 192/497/566 124/432/501
f 28/433/502 118/383/452 186/434/503
f 98/422/491 171/423/492 118/383/452
f 28/433/502 124/432/501 172/435/504
f 29/436/505 141/438/507 191/437/506
f 124/432/501 192/497/566 141/438/507
f 29/436/505 103/419/488 172/435/504
f 29/436/505 107/428/497 176/430/499
f 144/439/508 185/385/454 105/387/456
f 30/440/509 112/390/459 180/441/510
f 30/440/509 100/426/495 175/395/464
f 30/440/509 105/387/456 173/386/455
f 68/408/477 149/407/476 106/442/511
f 115/444/513 160/410/479 68/408/477
f 127/445/514 183/449/518 115/444/513
f 31/443/512 106/442/511 188/446/515
f 127/445/514 188/446/515 120/447/516
f 32/448/517 116/451/520 183/449/518
f 128/450/519 184/455/524 116/451/520
f 32/448/517 120/447/516 187/452/521
f 128/450/519 187/452/521 119/453/522
f 33/454/523 117/456/525 184/455/524
f 129/382/451 185/385/454 117/456/525
f 33/454/523 119/453/522 186/434/503
f 85/376/445 167/375/444 104/457/526
f 34/458/527 109/460/529 162/374/443
f 130/459/528 177/464/533 109/460/529
f 34/458/527 104/457/526 182/461/530
f 130/459/528 182/461/530 114/462/531
f 35/463/532 110/466/535 177/464/533
f 35/463/532 131/468/537 178/465/534
f 35/463/532 114/462/531 181/467/536
f 131/468/537 181/467/536 113/469/538
f 36/470/539 111/471/540 178/465/534
f 132/389/458 179/392/461 111/471/540
f 36/470/539 113/469/538 180/441/510
f 37/472/541 84/413/482 162/374/443
f 121/473/542 170/412/481 84/413/482
f 37/472/541 133/475/544 189/474/543
f 109/460/529 177/464/533 133/475/544
f 38/476/545 133/475/544 177/464/533
f 122/477/546 189/474/543 133/475/544
f 38/476/545 134/479/548 190/478/547
f 110/466/535 178/465/534 134/479/548
f 39/480/549 134/479/548 178/465/534
f 123/481/550 190/478/547 134/479/548
f 39/480/549 135/429/498 191/437/506
f 111/471/540 179/392/461 135/429/498
f 67/378/447 153/327/396 108/482/551
f 40/483/552 106/442/511 149/407/476
f 136/484/553 188/446/515 106/442/511
f 108/482/551 194/486/555 136/484/553
f 41/485/554 136/484/553 194/486/555
f 41/485/554 120/447/516 188/446/515
f 137/488/557 187/452/521 120/447/516
f 126/487/556 193/490/559 137/488/557
f 42/489/558 137/488/557 193/490/559
f 42/489/558 119/453/522 187/452/521
f 138/431/500 186/434/503 119/453/522
f 125/491/560 192/497/566 138/431/500
f 43/492/561 94/328/397 170/412/481
f 108/482/551 153/327/396 94/328/397
f 43/492/561 139/493/562 194/486/555
f 121/473/542 189/474/543 139/493/562
f 44/494/563 139/493/562 189/474/543
f 126/487/556 194/486/555 139/493/562
f 44/494/563 140/495/564 193/490/559
f 122/477/546 190/478/547 140/495/564
f 45/496/565 140/495/564 190/478/547
f 125/491/560 193/490/559 140/495/564
f 45/496/565 141/438/507 192/497/566
f 123/481/550 191/437/506 141/438/507
f 82/415/484 160/410/479 115/444/513
f 46/498/567 104/457/526 167/375/444
f 142/499/568 182/461/530 104/457/526
f 46/498/567 115/444/513 183/449/518
f 142/499/568 183/449/518 116/451/520
f 47/500/569 114/462/531 182/461/530
f 143/501/570 181/467/536 114/462/531
f 47/500/569 116/451/520 184/455/524
f 143/501/570 184/455/524 117/456/525
f 48/502/571 113/469/538 181/467/536
f 144/439/508 180/441/510 113/469/538
f 48/502/571 117/456/525 185/385/454
f 1134/503/572 313/541/610 305/504/573
f 342/506/575 317/526/595 306/507/576
f 312/509/578 320/543/612 307/510/579
f 315/512/581 304/545/614 333/513/582
f 1128/515/584 340/508/577 306/507/576
f 1130/517/586 332/524/593 309/518/587
f 309/518/587 313/541/610 1134/503/572
f 325/520/589 318/542/611 330/521/590
f 316/523/592 325/520/589 334/522/591
f 338/525/594 310/1328/1397 317/526/595
f 311/527/596 320/543/612 312/509/578
f 343/529/598 327/540/609 323/530/599
f 322/532/601 327/540/609 343/529/598
f 308/534/603 315/512/581 335/514/583
f 330/521/590 318/542/611 1132/536/605
f 1127/538/607 338/525/594 316/523/592
f 335/514/583 333/513/582 323/530/599
f 1131/539/608 316/523/592 332/524/593
f 334/522/591 330/521/590 305/504/573
f 332/524/593 334/522/591 313/541/610
f 322/532/601 331/535/604 335/514/583
f 305/504/573 330/521/590 1129/537/606
f 325/520/589 342/506/575 340/508/577
f 1132/536/605 318/542/611 340/508/577
f 316/523/592 338/525/594 342/506/575
f 343/529/598 339/531/600 307/510/579
f 341/533/602 343/529/598 320/543/612
f 329/544/613 345/1319/1388 304/545/614
f 308/534/603 337/1323/1392 329/544/613
f 1135/546/615 310/1328/1397 338/525/594
f 367/547/616 391/563/632 390/548/617
f 362/550/619 386/565/634 385/551/620
f 357/553/622 381/595/664 380/554/623
f 352/556/625 376/589/658 375/557/626
f 347/559/628 371/571/640 370/560/629
f 368/562/631 392/573/642 391/563/632
f 363/564/633 387/592/661 386/565/634
f 382/566/635 381/595/664 357/553/622
f 377/568/637 376/589/658 352/556/625
f 348/570/639 372/597/666 371/571/640
f 369/572/641 393/600/669 392/573/642
f 388/574/643 387/592/661 363/564/633
f 359/576/645 383/582/651 382/566/635
f 354/577/646 378/603/672 377/568/637
f 373/578/647 372/597/666 348/570/639
f 365/580/649 389/587/656 388/574/643
f 360/581/650 384/606/675 383/582/651
f 379/583/652 378/603/672 354/577/646
f 374/585/654 373/578/647 349/579/648
f 366/549/618 390/548/617 389/587/656
f 385/551/620 384/606/675 360/581/650
f 356/555/624 380/554/623 379/583/652
f 351/558/627 375/557/626 374/585/654
f 400/588/657 399/633/702 375/557/626
f 371/571/640 395/598/667 394/590/659
f 416/591/660 415/611/680 391/563/632
f 387/592/661 411/601/670 410/593/662
f 406/594/663 405/615/684 381/595/664
f 401/596/665 400/588/657 376/589/658
f 372/597/666 396/617/686 395/598/667
f 417/599/668 416/591/660 392/573/642
f 388/574/643 412/620/689 411/601/670
f 407/602/671 406/594/663 382/566/635
f 378/603/672 402/607/676 401/596/665
f 397/604/673 396/617/686 372/597/666
f 413/605/674 412/620/689 388/574/643
f 384/606/675 408/625/694 407/602/671
f 379/583/652 403/626/695 402/607/676
f 398/608/677 397/604/673 373/578/647
f 390/548/617 414/630/699 413/605/674
f 409/609/678 408/625/694 384/606/675
f 404/610/679 403/626/695 379/583/652
f 375/557/626 399/633/702 398/608/677
f 415/611/680 414/630/699 390/548/617
f 386/565/634 410/593/662 409/609/678
f 381/595/664 405/615/684 404/610/679
f 440/612/681 439/634/703 415/611/680
f 435/613/682 434/635/704 410/593/662
f 430/614/683 429/656/725 405/615/684
f 401/596/665 425/622/691 424/616/685
f 396/617/686 420/638/707 419/618/687
f 417/599/668 441/640/709 440/612/681
f 436/619/688 435/613/682 411/601/670
f 431/621/690 430/614/683 406/594/663
f 402/607/676 426/627/696 425/622/691
f 421/623/692 420/638/707 396/617/686
f 437/624/693 436/619/688 412/620/689
f 408/625/694 432/631/700 431/621/690
f 403/626/695 427/646/715 426/627/696
f 422/628/697 421/623/692 397/604/673
f 438/629/698 437/624/693 413/605/674
f 409/609/678 433/651/720 432/631/700
f 428/632/701 427/646/715 403/626/695
f 399/633/702 423/654/723 422/628/697
f 439/634/703 438/629/698 414/630/699
f 434/635/704 433/651/720 409/609/678
f 405/615/684 429/656/725 428/632/701
f 424/616/685 423/654/723 399/633/702
f 395/598/667 419/618/687 418/636/705
f 444/637/706 443/657/726 419/618/687
f 465/639/708 464/658/727 440/612/681
f 436/619/688 460/644/713 459/641/710
f 455/642/711 454/659/728 430/614/683
f 426/627/696 450/647/716 449/643/712
f 421/623/692 445/648/717 444/637/706
f 437/624/693 461/666/735 460/644/713
f 456/645/714 455/642/711 431/621/690
f 427/646/715 451/669/738 450/647/716
f 422/628/697 446/671/740 445/648/717
f 462/649/718 461/666/735 437/624/693
f 457/650/719 456/645/714 432/631/700
f 452/652/721 451/669/738 427/646/715
f 447/653/722 446/671/740 422/628/697
f 439/634/703 463/673/742 462/649/718
f 434/635/704 458/675/744 457/650/719
f 453/655/724 452/652/721 428/632/701
f 424/616/685 448/660/729 447/653/722
f 443/657/726 442/679/748 418/636/705
f 464/658/727 463/673/742 439/634/703
f 459/641/710 458/675/744 434/635/704
f 454/659/728 453/655/724 429/656/725
f 425/622/691 449/643/712 448/660/729
f 460/644/713 484/687/756 483/661/730
f 455/642/711 479/689/758 478/662/731
f 450/647/716 474/691/760 473/663/732
f 445/648/717 469/685/754 468/664/733
f 485/665/734 484/687/756 460/644/713
f 480/667/736 479/689/758 455/642/711
f 475/668/737 474/691/760 450/647/716
f 470/670/739 469/685/754 445/648/717
f 486/672/741 485/665/734 461/666/735
f 457/650/719 481/693/762 480/667/736
f 452/652/721 476/676/745 475/668/737
f 447/653/722 471/695/764 470/670/739
f 463/673/742 487/680/749 486/672/741
f 482/674/743 481/693/762 457/650/719
f 453/655/724 477/681/750 476/676/745
f 472/677/746 471/695/764 447/653/722
f 443/657/726 467/682/751 466/678/747
f 464/658/727 488/683/752 487/680/749
f 483/661/730 482/674/743 458/675/744
f 454/659/728 478/662/731 477/681/750
f 473/663/732 472/677/746 448/660/729
f 444/637/706 468/664/733 467/682/751
f 465/639/708 489/705/774 488/683/752
f 493/684/753 492/703/772 468/664/733
f 509/686/755 508/709/778 484/687/756
f 504/688/757 503/711/780 479/689/758
f 499/690/759 498/713/782 474/691/760
f 470/670/739 494/696/765 493/684/753
f 510/692/761 509/686/755 485/665/734
f 481/693/762 505/716/785 504/688/757
f 500/694/763 499/690/759 475/668/737
f 471/695/764 495/717/786 494/696/765
f 487/680/749 511/718/787 510/692/761
f 506/697/766 505/716/785 481/693/762
f 501/698/767 500/694/763 476/676/745
f 496/699/768 495/717/786 471/695/764
f 491/700/769 490/724/793 466/678/747
f 512/701/770 511/718/787 487/680/749
f 483/661/730 507/706/775 506/697/766
f 478/662/731 502/707/776 501/698/767
f 497/702/771 496/699/768 472/677/746
f 492/703/772 491/700/769 467/682/751
f 513/704/773 512/701/770 488/683/752
f 484/687/756 508/709/778 507/706/775
f 479/689/758 503/711/780 502/707/776
f 474/691/760 498/713/782 497/702/771
f 533/708/777 532/731/800 508/709/778
f 528/710/779 527/750/819 503/711/780
f 523/712/781 522/732/801 498/713/782
f 518/714/783 517/733/802 493/684/753
f 510/692/761 534/719/788 533/708/777
f 529/715/784 528/710/779 504/688/757
f 500/694/763 524/737/806 523/712/781
f 495/717/786 519/738/807 518/714/783
f 511/718/787 535/741/810 534/719/788
f 530/720/789 529/715/784 505/716/785
f 525/721/790 524/737/806 500/694/763
f 520/722/791 519/738/807 495/717/786
f 515/723/792 514/746/815 490/724/793
f 536/725/794 535/741/810 511/718/787
f 531/726/795 530/720/789 506/697/766
f 526/727/796 525/721/790 501/698/767
f 521/728/797 520/722/791 496/699/768
f 516/729/798 515/723/792 491/700/769
f 537/730/799 536/725/794 512/701/770
f 532/731/800 531/726/795 507/706/775
f 503/711/780 527/750/819 526/727/796
f 522/732/801 521/728/797 497/702/771
f 517/733/802 516/729/798 492/703/772
f 558/734/803 557/754/823 533/708/777
f 529/715/784 553/758/827 552/735/804
f 548/736/805 547/756/825 523/712/781
f 519/738/807 543/762/831 542/739/808
f 559/740/809 558/734/803 534/719/788
f 554/742/811 553/758/827 529/715/784
f 549/743/812 548/736/805 524/737/806
f 544/744/813 543/762/831 519/738/807
f 515/723/792 539/748/817 538/745/814
f 560/747/816 559/740/809 535/741/810
f 531/726/795 555/749/818 554/742/811
f 526/727/796 550/751/820 549/743/812
f 521/728/797 545/752/821 544/744/813
f 516/729/798 540/753/822 539/748/817
f 537/730/799 561/771/840 560/747/816
f 532/731/800 556/773/842 555/749/818
f 527/750/819 551/755/824 550/751/820
f 522/732/801 546/776/845 545/752/821
f 517/733/802 541/757/826 540/753/822
f 557/754/823 556/773/842 532/731/800
f 528/710/779 552/735/804 551/755/824
f 547/756/825 546/776/845 522/732/801
f 518/714/783 542/739/808 541/757/826
f 553/758/827 577/782/851 576/759/828
f 548/736/805 572/784/853 571/760/829
f 567/761/830 566/779/848 542/739/808
f 559/740/809 583/768/837 582/763/832
f 578/764/833 577/782/851 553/758/827
f 573/765/834 572/784/853 548/736/805
f 568/766/835 567/761/830 543/762/831
f 539/748/817 563/770/839 562/767/836
f 560/747/816 584/772/841 583/768/837
f 555/749/818 579/774/843 578/764/833
f 550/751/820 574/775/844 573/765/834
f 569/769/838 568/766/835 544/744/813
f 540/753/822 564/791/860 563/770/839
f 561/771/840 585/793/862 584/772/841
f 556/773/842 580/794/863 579/774/843
f 551/755/824 575/796/865 574/775/844
f 546/776/845 570/798/867 569/769/838
f 565/777/846 564/791/860 540/753/822
f 581/778/847 580/794/863 556/773/842
f 576/759/828 575/796/865 551/755/824
f 571/760/829 570/798/867 546/776/845
f 566/779/848 565/777/846 541/757/826
f 582/763/832 581/778/847 557/754/823
f 583/768/837 607/787/856 606/780/849
f 578/764/833 602/805/874 601/781/850
f 597/783/852 596/803/872 572/784/853
f 592/785/854 591/809/878 567/761/830
f 587/786/855 586/811/880 562/767/836
f 584/772/841 608/813/882 607/787/856
f 603/788/857 602/805/874 578/764/833
f 598/789/858 597/783/852 573/765/834
f 569/769/838 593/816/885 592/785/854
f 588/790/859 587/786/855 563/770/839
f 609/792/861 608/813/882 584/772/841
f 580/794/863 604/819/888 603/788/857
f 599/795/864 598/789/858 574/775/844
f 594/797/866 593/816/885 569/769/838
f 589/799/868 588/790/859 564/791/860
f 605/800/869 604/819/888 580/794/863
f 576/759/828 600/802/871 599/795/864
f 595/801/870 594/797/866 570/798/867
f 566/779/848 590/804/873 589/799/868
f 606/780/849 605/800/869 581/778/847
f 577/782/851 601/781/850 600/802/871
f 596/803/872 595/801/870 571/760/829
f 567/761/830 591/809/878 590/804/873
f 602/805/874 626/834/903 625/806/875
f 597/783/852 621/815/884 620/807/876
f 616/808/877 615/829/898 591/809/878
f 587/786/855 611/817/886 610/810/879
f 632/812/881 631/832/901 607/787/856
f 627/814/883 626/834/903 602/805/874
f 598/789/858 622/820/889 621/815/884
f 593/816/885 617/821/890 616/808/877
f 588/790/859 612/838/907 611/817/886
f 633/818/887 632/812/881 608/813/882
f 604/819/888 628/823/892 627/814/883
f 599/795/864 623/824/893 622/820/889
f 594/797/866 618/825/894 617/821/890
f 613/822/891 612/838/907 588/790/859
f 605/800/869 629/826/895 628/823/892
f 600/802/871 624/827/896 623/824/893
f 595/801/870 619/828/897 618/825/894
f 590/804/873 614/845/914 613/822/891
f 606/780/849 630/830/899 629/826/895
f 601/781/850 625/806/875 624/827/896
f 596/803/872 620/807/876 619/828/897
f 615/829/898 614/845/914 590/804/873
f 607/787/856 631/832/901 630/830/899
f 632/812/881 656/839/908 655/831/900
f 651/833/902 650/849/918 626/834/903
f 622/820/889 646/852/921 645/835/904
f 617/821/890 641/854/923 640/836/905
f 636/837/906 635/850/919 611/817/886
f 633/818/887 657/857/926 656/839/908
f 652/840/909 651/833/902 627/814/883
f 647/841/910 646/852/921 622/820/889
f 642/842/911 641/854/923 617/821/890
f 637/843/912 636/837/906 612/838/907
f 629/826/895 653/861/930 652/840/909
f 648/844/913 647/841/910 623/824/893
f 619/828/897 643/864/933 642/842/911
f 614/845/914 638/865/934 637/843/912
f 654/846/915 653/861/930 629/826/895
f 625/806/875 649/868/937 648/844/913
f 644/847/916 643/864/933 619/828/897
f 639/848/917 638/865/934 614/845/914
f 655/831/900 654/846/915 630/830/899
f 650/849/918 649/868/937 625/806/875
f 645/835/904 644/847/916 620/807/876
f 640/836/905 639/848/917 615/829/898
f 635/850/919 634/876/945 610/810/879
f 670/851/920 669/893/962 645/835/904
f 665/853/922 664/874/943 640/836/905
f 636/837/906 660/860/929 659/855/924
f 681/856/925 680/877/946 656/839/908
f 652/840/909 676/862/931 675/858/927
f 647/841/910 671/863/932 670/851/920
f 666/859/928 665/853/922 641/854/923
f 637/843/912 661/866/935 660/860/929
f 653/861/930 677/884/953 676/862/931
f 648/844/913 672/869/938 671/863/932
f 643/864/933 667/887/956 666/859/928
f 638/865/934 662/888/957 661/866/935
f 678/867/936 677/884/953 653/861/930
f 649/868/937 673/891/960 672/869/938
f 668/870/939 667/887/956 643/864/933
f 663/871/940 662/888/957 638/865/934
f 679/872/941 678/867/936 654/846/915
f 674/873/942 673/891/960 649/868/937
f 645/835/904 669/893/962 668/870/939
f 664/874/943 663/871/940 639/848/917
f 635/850/919 659/855/924 658/875/944
f 680/877/946 679/872/941 655/831/900
f 651/833/902 675/858/927 674/873/942
f 705/878/947 704/918/987 680/877/946
f 676/862/931 700/906/975 699/879/948
f 695/880/949 694/901/970 670/851/920
f 666/859/928 690/902/971 689/881/950
f 685/882/951 684/899/968 660/860/929
f 701/883/952 700/906/975 676/862/931
f 696/885/954 695/880/949 671/863/932
f 691/886/955 690/902/971 666/859/928
f 662/888/957 686/910/979 685/882/951
f 702/889/958 701/883/952 677/884/953
f 697/890/959 696/885/954 672/869/938
f 668/870/939 692/894/963 691/886/955
f 687/892/961 686/910/979 662/888/957
f 679/872/941 703/896/965 702/889/958
f 674/873/942 698/897/966 697/890/959
f 669/893/962 693/898/967 692/894/963
f 664/874/943 688/914/983 687/892/961
f 659/855/924 683/917/986 682/895/964
f 680/877/946 704/918/987 703/896/965
f 675/858/927 699/879/948 698/897/966
f 670/851/920 694/901/970 693/898/967
f 689/881/950 688/914/983 664/874/943
f 684/899/968 683/917/986 659/855/924
f 719/900/969 718/942/1011 694/901/970
f 690/902/971 714/928/997 713/903/972
f 709/904/973 708/922/991 684/899/968
f 725/905/974 724/924/993 700/906/975
f 720/907/976 719/900/969 695/880/949
f 715/908/977 714/928/997 690/902/971
f 710/909/978 709/904/973 685/882/951
f 702/889/958 726/911/980 725/905/974
f 697/890/959 721/931/1000 720/907/976
f 692/894/963 716/932/1001 715/908/977
f 687/892/961 711/915/984 710/909/978
f 703/896/965 727/919/988 726/911/980
f 722/912/981 721/931/1000 697/890/959
f 717/913/982 716/932/1001 692/894/963
f 688/914/983 712/921/990 711/915/984
f 707/916/985 706/939/1008 682/895/964
f 704/918/987 728/923/992 727/919/988
f 723/920/989 722/912/981 698/897/966
f 694/901/970 718/942/1011 717/913/982
f 689/881/950 713/903/972 712/921/990
f 708/922/991 707/916/985 683/917/986
f 705/878/947 729/945/1014 728/923/992
f 724/924/993 723/920/989 699/879/948
f 725/905/974 749/952/1021 748/925/994
f 744/926/995 743/968/1037 719/900/969
f 739/927/996 738/948/1017 714/928/997
f 710/909/978 734/933/1002 733/929/998
f 750/930/999 749/952/1021 725/905/974
f 721/931/1000 745/935/1004 744/926/995
f 716/932/1001 740/954/1023 739/927/996
f 711/915/984 735/937/1006 734/933/1002
f 751/934/1003 750/930/999 726/911/980
f 722/912/981 746/941/1010 745/935/1004
f 741/936/1005 740/954/1023 716/932/1001
f 712/921/990 736/959/1028 735/937/1006
f 731/938/1007 730/961/1030 706/939/1008
f 752/940/1009 751/934/1003 727/919/988
f 723/920/989 747/946/1015 746/941/1010
f 718/942/1011 742/947/1016 741/936/1005
f 737/943/1012 736/959/1028 712/921/990
f 732/944/1013 731/938/1007 707/916/985
f 729/945/1014 753/966/1035 752/940/1009
f 724/924/993 748/925/994 747/946/1015
f 719/900/969 743/968/1037 742/947/1016
f 738/948/1017 737/943/1012 713/903/972
f 733/929/998 732/944/1013 708/922/991
f 763/949/1018 762/991/1060 738/948/1017
f 758/950/1019 757/993/1062 733/929/998
f 750/930/999 774/972/1041 773/951/1020
f 745/935/1004 769/957/1026 768/953/1022
f 740/954/1023 764/974/1043 763/949/1018
f 759/955/1024 758/950/1019 734/933/1002
f 775/956/1025 774/972/1041 750/930/999
f 746/941/1010 770/977/1046 769/957/1026
f 765/958/1027 764/974/1043 740/954/1023
f 736/959/1028 760/979/1048 759/955/1024
f 731/938/1007 755/965/1034 754/960/1029
f 776/962/1031 775/956/1025 751/934/1003
f 771/963/1032 770/977/1046 746/941/1010
f 742/947/1016 766/969/1038 765/958/1027
f 761/964/1033 760/979/1048 736/959/1028
f 732/944/1013 756/970/1039 755/965/1034
f 753/966/1035 777/986/1055 776/962/1031
f 772/967/1036 771/963/1032 747/946/1015
f 743/968/1037 767/988/1057 766/969/1038
f 738/948/1017 762/991/1060 761/964/1033
f 733/929/998 757/993/1062 756/970/1039
f 749/952/1021 773/951/1020 772/967/1036
f 768/953/1022 767/988/1057 743/968/1037
f 798/971/1040 797/994/1063 773/951/1020
f 793/973/1042 792/995/1064 768/953/1022
f 764/974/1043 788/996/1065 787/975/1044
f 759/955/1024 783/980/1049 782/976/1045
f 775/956/1025 799/1000/1069 798/971/1040
f 770/977/1046 794/983/1052 793/973/1042
f 789/978/1047 788/996/1065 764/974/1043
f 760/979/1048 784/1004/1073 783/980/1049
f 779/981/1050 778/1006/1075 754/960/1029
f 800/982/1051 799/1000/1069 775/956/1025
f 771/963/1032 795/1007/1076 794/983/1052
f 766/969/1038 790/989/1058 789/978/1047
f 785/984/1053 784/1004/1073 760/979/1048
f 756/970/1039 780/1010/1079 779/981/1050
f 801/985/1054 800/982/1051 776/962/1031
f 796/987/1056 795/1007/1076 771/963/1032
f 767/988/1057 791/1014/1083 790/989/1058
f 786/990/1059 785/984/1053 761/964/1033
f 781/992/1061 780/1010/1079 756/970/1039
f 797/994/1063 796/987/1056 772/967/1036
f 792/995/1064 791/1014/1083 767/988/1057
f 763/949/1018 787/975/1044 786/990/1059
f 758/950/1019 782/976/1045 781/992/1061
f 788/996/1065 812/1043/1112 811/997/1066
f 783/980/1049 807/1023/1092 806/998/1067
f 823/999/1068 822/1041/1110 798/971/1040
f 818/1001/1070 817/1021/1090 793/973/1042
f 813/1002/1071 812/1043/1112 788/996/1065
f 808/1003/1072 807/1023/1092 783/980/1049
f 779/981/1050 803/1011/1080 802/1005/1074
f 800/982/1051 824/1012/1081 823/999/1068
f 795/1007/1076 819/1013/1082 818/1001/1070
f 814/1008/1077 813/1002/1071 789/978/1047
f 809/1009/1078 808/1003/1072 784/1004/1073
f 780/1010/1079 804/1015/1084 803/1011/1080
f 801/985/1054 825/1031/1100 824/1012/1081
f 796/987/1056 820/1016/1085 819/1013/1082
f 791/1014/1083 815/1017/1086 814/1008/1077
f 786/990/1059 810/1018/1087 809/1009/1078
f 781/992/1061 805/1019/1088 804/1015/1084
f 797/994/1063 821/1020/1089 820/1016/1085
f 792/995/1064 816/1036/1105 815/1017/1086
f 787/975/1044 811/997/1066 810/1018/1087
f 782/976/1045 806/998/1067 805/1019/1088
f 798/971/1040 822/1041/1110 821/1020/1089
f 817/1021/1090 816/1036/1105 792/995/1064
f 808/1003/1072 832/1028/1097 831/1022/1091
f 803/1011/1080 827/1053/1122 826/1024/1093
f 824/1012/1081 848/1048/1117 847/1025/1094
f 843/1026/1095 842/1045/1114 818/1001/1070
f 838/1027/1096 837/1046/1115 813/1002/1071
f 809/1009/1078 833/1033/1102 832/1028/1097
f 828/1029/1098 827/1053/1122 803/1011/1080
f 849/1030/1099 848/1048/1117 824/1012/1081
f 844/1032/1101 843/1026/1095 819/1013/1082
f 815/1017/1086 839/1037/1106 838/1027/1096
f 810/1018/1087 834/1038/1107 833/1033/1102
f 829/1034/1103 828/1029/1098 804/1015/1084
f 845/1035/1104 844/1032/1101 820/1016/1085
f 816/1036/1105 840/1060/1129 839/1037/1106
f 811/997/1066 835/1044/1113 834/1038/1107
f 830/1039/1108 829/1034/1103 805/1019/1088
f 846/1040/1109 845/1035/1104 821/1020/1089
f 841/1042/1111 840/1060/1129 816/1036/1105
f 812/1043/1112 836/1065/1134 835/1044/1113
f 807/1023/1092 831/1022/1091 830/1039/1108
f 823/999/1068 847/1025/1094 846/1040/1109
f 842/1045/1114 841/1042/1111 817/1021/1090
f 837/1046/1115 836/1065/1134 812/1043/1112
f 872/1047/1116 871/1085/1154 847/1025/1094
f 867/1049/1118 866/1067/1136 842/1045/1114
f 838/1027/1096 862/1078/1147 861/1050/1119
f 833/1033/1102 857/1071/1140 856/1051/1120
f 828/1029/1098 852/1073/1142 851/1052/1121
f 849/1030/1099 873/1075/1144 872/1047/1116
f 868/1054/1123 867/1049/1118 843/1026/1095
f 863/1055/1124 862/1078/1147 838/1027/1096
f 858/1056/1125 857/1071/1140 833/1033/1102
f 853/1057/1126 852/1073/1142 828/1029/1098
f 869/1058/1127 868/1054/1123 844/1032/1101
f 864/1059/1128 863/1055/1124 839/1037/1106
f 859/1061/1130 858/1056/1125 834/1038/1107
f 854/1062/1131 853/1057/1126 829/1034/1103
f 846/1040/1109 870/1066/1135 869/1058/1127
f 865/1063/1132 864/1059/1128 840/1060/1129
f 860/1064/1133 859/1061/1130 835/1044/1113
f 831/1022/1091 855/1068/1137 854/1062/1131
f 847/1025/1094 871/1085/1154 870/1066/1135
f 866/1067/1136 865/1063/1132 841/1042/1111
f 837/1046/1115 861/1050/1119 860/1064/1133
f 832/1028/1097 856/1051/1120 855/1068/1137
f 827/1053/1122 851/1052/1121 850/1069/1138
f 881/1070/1139 880/1088/1157 856/1051/1120
f 876/1072/1141 875/1089/1158 851/1052/1121
f 897/1074/1143 896/1090/1159 872/1047/1116
f 868/1054/1123 892/1080/1149 891/1076/1145
f 887/1077/1146 886/1092/1161 862/1078/1147
f 858/1056/1125 882/1097/1166 881/1070/1139
f 877/1079/1148 876/1072/1141 852/1073/1142
f 869/1058/1127 893/1100/1169 892/1080/1149
f 888/1081/1150 887/1077/1146 863/1055/1124
f 883/1082/1151 882/1097/1166 858/1056/1125
f 854/1062/1131 878/1103/1172 877/1079/1148
f 894/1083/1152 893/1100/1169 869/1058/1127
f 865/1063/1132 889/1086/1155 888/1081/1150
f 860/1064/1133 884/1087/1156 883/1082/1151
f 879/1084/1153 878/1103/1172 854/1062/1131
f 871/1085/1154 895/1110/1179 894/1083/1152
f 866/1067/1136 890/1091/1160 889/1086/1155
f 861/1050/1119 885/1112/1181 884/1087/1156
f 880/1088/1157 879/1084/1153 855/1068/1137
f 875/1089/1158 874/1115/1184 850/1069/1138
f 896/1090/1159 895/1110/1179 871/1085/1154
f 867/1049/1118 891/1076/1145 890/1091/1160
f 886/1092/1161 885/1112/1181 861/1050/1119
f 897/1074/1143 921/1138/1207 920/1093/1162
f 916/1094/1163 915/1116/1185 891/1076/1145
f 887/1077/1146 911/1101/1170 910/1095/1164
f 906/1096/1165 905/1118/1187 881/1070/1139
f 877/1079/1148 901/1104/1173 900/1098/1167
f 917/1099/1168 916/1094/1163 892/1080/1149
f 888/1081/1150 912/1106/1175 911/1101/1170
f 907/1102/1171 906/1096/1165 882/1097/1166
f 878/1103/1172 902/1108/1177 901/1104/1173
f 918/1105/1174 917/1099/1168 893/1100/1169
f 889/1086/1155 913/1111/1180 912/1106/1175
f 908/1107/1176 907/1102/1171 883/1082/1151
f 879/1084/1153 903/1113/1182 902/1108/1177
f 919/1109/1178 918/1105/1174 894/1083/1152
f 890/1091/1160 914/1129/1198 913/1111/1180
f 885/1112/1181 909/1117/1186 908/1107/1176
f 880/1088/1157 904/1132/1201 903/1113/1182
f 875/1089/1158 899/1119/1188 898/1114/1183
f 896/1090/1159 920/1093/1162 919/1109/1178
f 915/1116/1185 914/1129/1198 890/1091/1160
f 886/1092/1161 910/1095/1164 909/1117/1186
f 905/1118/1187 904/1132/1201 880/1088/1157
f 876/1072/1141 900/1098/1167 899/1119/1188
f 901/1104/1173 925/1147/1216 924/1120/1189
f 917/1099/1168 941/1125/1194 940/1121/1190
f 936/1122/1191 935/1141/1210 911/1101/1170
f 907/1102/1171 931/1126/1195 930/1123/1192
f 926/1124/1193 925/1147/1216 901/1104/1173
f 918/1105/1174 942/1128/1197 941/1125/1194
f 913/1111/1180 937/1130/1199 936/1122/1191
f 908/1107/1176 932/1150/1219 931/1126/1195
f 927/1127/1196 926/1124/1193 902/1108/1177
f 919/1109/1178 943/1134/1203 942/1128/1197
f 914/1129/1198 938/1135/1204 937/1130/1199
f 933/1131/1200 932/1150/1219 908/1107/1176
f 904/1132/1201 928/1136/1205 927/1127/1196
f 899/1119/1188 923/1137/1206 922/1133/1202
f 920/1093/1162 944/1139/1208 943/1134/1203
f 915/1116/1185 939/1140/1209 938/1135/1204
f 910/1095/1164 934/1159/1228 933/1131/1200
f 905/1118/1187 929/1142/1211 928/1136/1205
f 900/1098/1167 924/1120/1189 923/1137/1206
f 921/1138/1207 945/1163/1232 944/1139/1208
f 916/1094/1163 940/1121/1190 939/1140/1209
f 935/1141/1210 934/1159/1228 910/1095/1164
f 906/1096/1165 930/1123/1192 929/1142/1211
f 941/1125/1194 965/1148/1217 964/1143/1212
f 936/1122/1191 960/1169/1238 959/1144/1213
f 955/1145/1214 954/1184/1253 930/1123/1192
f 950/1146/1215 949/1165/1234 925/1147/1216
f 942/1128/1197 966/1166/1235 965/1148/1217
f 961/1149/1218 960/1169/1238 936/1122/1191
f 932/1150/1219 956/1171/1240 955/1145/1214
f 951/1151/1220 950/1146/1215 926/1124/1193
f 967/1152/1221 966/1166/1235 942/1128/1197
f 962/1153/1222 961/1149/1218 937/1130/1199
f 957/1154/1223 956/1171/1240 932/1150/1219
f 928/1136/1205 952/1176/1245 951/1151/1220
f 947/1155/1224 946/1178/1247 922/1133/1202
f 968/1156/1225 967/1152/1221 943/1134/1203
f 963/1157/1226 962/1153/1222 938/1135/1204
f 958/1158/1227 957/1154/1223 933/1131/1200
f 953/1160/1229 952/1176/1245 928/1136/1205
f 948/1161/1230 947/1155/1224 923/1137/1206
f 969/1162/1231 968/1156/1225 944/1139/1208
f 964/1143/1212 963/1157/1226 939/1140/1209
f 935/1141/1210 959/1144/1213 958/1158/1227
f 930/1123/1192 954/1184/1253 953/1160/1229
f 925/1147/1216 949/1165/1234 948/1161/1230
f 950/1146/1215 974/1194/1263 973/1164/1233
f 966/1166/1235 990/1188/1257 989/1167/1236
f 961/1149/1218 985/1190/1259 984/1168/1237
f 980/1170/1239 979/1192/1261 955/1145/1214
f 975/1172/1241 974/1194/1263 950/1146/1215
f 991/1173/1242 990/1188/1257 966/1166/1235
f 986/1174/1243 985/1190/1259 961/1149/1218
f 981/1175/1244 980/1170/1239 956/1171/1240
f 952/1176/1245 976/1196/1265 975/1172/1241
f 947/1155/1224 971/1182/1251 970/1177/1246
f 992/1179/1248 991/1173/1242 967/1152/1221
f 963/1157/1226 987/1200/1269 986/1174/1243
f 982/1180/1249 981/1175/1244 957/1154/1223
f 977/1181/1250 976/1196/1265 952/1176/1245
f 948/1161/1230 972/1185/1254 971/1182/1251
f 969/1162/1231 993/1204/1273 992/1179/1248
f 988/1183/1252 987/1200/1269 963/1157/1226
f 959/1144/1213 983/1207/1276 982/1180/1249
f 954/1184/1253 978/1186/1255 977/1181/1250
f 949/1165/1234 973/1164/1233 972/1185/1254
f 965/1148/1217 989/1167/1236 988/1183/1252
f 984/1168/1237 983/1207/1276 959/1144/1213
f 955/1145/1214 979/1192/1261 978/1186/1255
f 1014/1187/1256 1013/1231/1300 989/1167/1236
f 1009/1189/1258 1008/1210/1279 984/1168/1237
f 1004/1191/1260 1003/1233/1302 979/1192/1261
f 975/1172/1241 999/1197/1266 998/1193/1262
f 1015/1195/1264 1014/1187/1256 990/1188/1257
f 986/1174/1243 1010/1201/1270 1009/1189/1258
f 981/1175/1244 1005/1213/1282 1004/1191/1260
f 976/1196/1265 1000/1216/1285 999/1197/1266
f 995/1198/1267 994/1218/1287 970/1177/1246
f 1016/1199/1268 1015/1195/1264 991/1173/1242
f 987/1200/1269 1011/1220/1289 1010/1201/1270
f 1006/1202/1271 1005/1213/1282 981/1175/1244
f 1001/1203/1272 1000/1216/1285 976/1196/1265
f 972/1185/1254 996/1225/1294 995/1198/1267
f 993/1204/1273 1017/1226/1295 1016/1199/1268
f 1012/1205/1274 1011/1220/1289 987/1200/1269
f 1007/1206/1275 1006/1202/1271 982/1180/1249
f 1002/1208/1277 1001/1203/1272 977/1181/1250
f 997/1209/1278 996/1225/1294 972/1185/1254
f 989/1167/1236 1013/1231/1300 1012/1205/1274
f 1008/1210/1279 1007/1206/1275 983/1207/1276
f 979/1192/1261 1003/1233/1302 1002/1208/1277
f 974/1194/1263 998/1193/1262 997/1209/1278
f 1015/1195/1264 1040/1242/1311 1039/1211/1280
f 1010/1201/1270 1035/1221/1290 1034/1212/1281
f 1005/1213/1282 1030/1236/1305 1029/1214/1283
f 1025/1215/1284 1024/1234/1303 999/1197/1266
f 995/1198/1267 1020/1240/1309 1019/1217/1286
f 1041/1219/1288 1040/1242/1311 1015/1195/1264
f 1011/1220/1289 1036/1227/1296 1035/1221/1290
f 1031/1222/1291 1030/1236/1305 1005/1213/1282
f 1026/1223/1292 1025/1215/1284 1000/1216/1285
f 1021/1224/1293 1020/1240/1309 995/1198/1267
f 1017/1226/1295 1042/1244/1313 1041/1219/1288
f 1012/1205/1274 1037/1246/1315 1036/1227/1296
f 1007/1206/1275 1032/1248/1317 1031/1222/1291
f 1027/1228/1297 1026/1223/1292 1001/1203/1272
f 1022/1229/1298 1021/1224/1293 996/1225/1294
f 1038/1230/1299 1037/1246/1315 1012/1205/1274
f 1033/1232/1301 1032/1248/1317 1007/1206/1275
f 1003/1233/1302 1028/1253/1322 1027/1228/1297
f 998/1193/1262 1023/1255/1324 1022/1229/1298
f 1014/1187/1256 1039/1211/1280 1038/1230/1299
f 1034/1212/1281 1033/1232/1301 1008/1210/1279
f 1029/1214/1283 1028/1253/1322 1003/1233/1302
f 1024/1234/1303 1023/1255/1324 998/1193/1262
f 1059/1235/1304 1058/1257/1326 1034/1212/1281
f 1030/1236/1305 1054/1265/1334 1053/1237/1306
f 1049/1238/1307 1048/1259/1328 1024/1234/1303
f 1044/1239/1308 1043/1261/1330 1019/1217/1286
f 1041/1219/1288 1065/1245/1314 1064/1241/1310
f 1036/1227/1296 1060/1247/1316 1059/1235/1304
f 1055/1243/1312 1054/1265/1334 1030/1236/1305
f 1026/1223/1292 1050/1267/1336 1049/1238/1307
f 1021/1224/1293 1045/1250/1319 1044/1239/1308
f 1042/1244/1313 1066/1270/1339 1065/1245/1314
f 1037/1246/1315 1061/1251/1320 1060/1247/1316
f 1032/1248/1317 1056/1272/1341 1055/1243/1312
f 1051/1249/1318 1050/1267/1336 1026/1223/1292
f 1022/1229/1298 1046/1275/1344 1045/1250/1319
f 1038/1230/1299 1062/1256/1325 1061/1251/1320
f 1057/1252/1321 1056/1272/1341 1032/1248/1317
f 1028/1253/1322 1052/1258/1327 1051/1249/1318
f 1047/1254/1323 1046/1275/1344 1022/1229/1298
f 1039/1211/1280 1063/1279/1348 1062/1256/1325
f 1058/1257/1326 1057/1252/1321 1033/1232/1301
f 1029/1214/1283 1053/1237/1306 1052/1258/1327
f 1048/1259/1328 1047/1254/1323 1023/1255/1324
f 1064/1241/1310 1063/1279/1348 1039/1211/1280
f 1044/1239/1308 1068/1290/1359 1067/1260/1329
f 1065/1245/1314 1089/1292/1361 1088/1262/1331
f 1084/1263/1332 1083/1286/1355 1059/1235/1304
f 1055/1243/1312 1079/1273/1342 1078/1264/1333
f 1074/1266/1335 1073/1284/1353 1049/1238/1307
f 1069/1268/1337 1068/1290/1359 1044/1239/1308
f 1090/1269/1338 1089/1292/1361 1065/1245/1314
f 1085/1271/1340 1084/1263/1332 1060/1247/1316
f 1056/1272/1341 1080/1294/1363 1079/1273/1342
f 1051/1249/1318 1075/1296/1365 1074/1266/1335
f 1070/1274/1343 1069/1268/1337 1045/1250/1319
f 1062/1256/1325 1086/1280/1349 1085/1271/1340
f 1081/1276/1345 1080/1294/1363 1056/1272/1341
f 1076/1277/1346 1075/1296/1365 1051/1249/1318
f 1071/1278/1347 1070/1274/1343 1046/1275/1344
f 1063/1279/1348 1087/1282/1351 1086/1280/1349
f 1058/1257/1326 1082/1283/1352 1081/1276/1345
f 1053/1237/1306 1077/1305/1374 1076/1277/1346
f 1072/1281/1350 1071/1278/1347 1047/1254/1323
f 1064/1241/1310 1088/1262/1331 1087/1282/1351
f 1059/1235/1304 1083/1286/1355 1082/1283/1352
f 1078/1264/1333 1077/1305/1374 1053/1237/1306
f 1073/1284/1353 1072/1281/1350 1048/1259/1328
f 1084/1263/1332 1108/1333/1402 1107/1285/1354
f 1079/1273/1342 1103/1295/1364 1102/1287/1356
f 1074/1266/1335 1098/1297/1366 1097/1288/1357
f 1069/1268/1337 1093/1298/1367 1092/1289/1358
f 1114/1291/1360 1113/1310/1379 1089/1292/1361
f 1109/1293/1362 1108/1333/1402 1084/1263/1332
f 1080/1294/1363 1104/1300/1369 1103/1295/1364
f 1075/1296/1365 1099/1334/1403 1098/1297/1366
f 1070/1274/1343 1094/1302/1371 1093/1298/1367
f 1110/1299/1368 1109/1293/1362 1085/1271/1340
f 1081/1276/1345 1105/1304/1373 1104/1300/1369
f 1100/1301/1370 1099/1334/1403 1075/1296/1365
f 1071/1278/1347 1095/1306/1375 1094/1302/1371
f 1111/1303/1372 1110/1299/1368 1086/1280/1349
f 1082/1283/1352 1106/1335/1404 1105/1304/1373
f 1077/1305/1374 1101/1336/1405 1100/1301/1370
f 1072/1281/1350 1096/1308/1377 1095/1306/1375
f 1112/1307/1376 1111/1303/1372 1087/1282/1351
f 1107/1285/1354 1106/1335/1404 1082/1283/1352
f 1102/1287/1356 1101/1336/1405 1077/1305/1374
f 1073/1284/1353 1097/1288/1357 1096/1308/1377
f 1068/1290/1359 1092/1289/1358 1091/1309/1378
f 1113/1310/1379 1112/1307/1376 1088/1262/1331
f 1125/1311/1380 1115/1738/1809 314/1312/1381
f 328/1313/1382 1120/1324/1393 1116/1314/1383
f 1119/1316/1385 1117/1322/1391 321/1317/1386
f 345/1319/1388 1126/1327/1396 1118/1320/1389
f 314/1312/1381 1115/1738/1809 1119/1316/1385
f 1117/1322/1391 1124/1739/1810 337/1323/1392
f 324/1321/1390 1118/1320/1389 1120/1324/1393
f 319/1315/1384 1116/1314/1383 1123/1325/1394
f 319/1315/1384 336/511/580 307/510/579
f 337/1323/1392 1124/1739/1810 1122/1326/1395
f 329/544/613 1122/1326/1395 1126/1327/1396
f 333/513/582 324/1321/1390 328/1313/1382
f 321/1317/1386 337/1323/1392 308/534/603
f 341/533/602 314/1312/1381 326/1318/1387
f 304/545/614 345/1319/1388 324/1321/1390
f 326/1318/1387 321/1317/1386 331/535/604
f 328/1313/1382 319/1315/1384 339/531/600
f 311/527/596 344/528/597 314/1312/1381
f 310/1328/1397 1135/546/615 1133/1329/1398
f 1133/1329/1398 1137/516/585 306/507/576
f 344/528/597 312/509/578 1121/1330/1399
f 1121/1330/1399 312/509/578 336/511/580
f 1137/516/585 1133/1329/1398 1135/546/615
f 1137/516/585 1135/546/615 1127/538/607
f 1129/537/606 1132/536/605 1128/515/584
f 1128/515/584 1137/516/585 1127/538/607
f 1128/515/584 1127/538/607 1131/539/608
f 1136/505/574 1129/537/606 1128/515/584
f 1138/519/588 1134/503/572 1136/505/574
f 1128/515/584 1131/539/608 1130/517/586
f 1130/517/586 1138/519/588 1136/505/574
f 1115/1738/1809 1125/1311/1380 1121/1330/1399
f 1121/1330/1399 1123/1325/1394 1116/1314/1383
f 1116/1314/1383 1120/1324/1393 1118/1320/1389
f 1118/1320/1389 1126/1327/1396 1122/1326/1395
f 1122/1326/1395 1124/1739/1810 1117/1322/1391
f 1119/1316/1385 1115/1738/1809 1121/1330/1399
f 1122/1326/1395 1117/1322/1391 1119/1316/1385
f 1116/1314/1383 1118/1320/1389 1122/1326/1395
f 1119/1316/1385 1121/1330/1399 1116/1314/1383
f 1114/1291/1360 369/572/641 368/562/631
f 364/575/644 363/564/633 1108/1333/1402
f 359/576/645 358/567/636 1103/1295/1364
f 1099/1334/1403 354/577/646 353/569/638
f 1094/1302/1371 349/579/648 348/570/639
f 1110/1299/1368 365/580/649 364/575/644
f 1105/1304/1373 360/581/650 359/576/645
f 1100/1301/1370 355/584/653 354/577/646
f 1095/1306/1375 350/586/655 349/579/648
f 366/549/618 365/580/649 1110/1299/1368
f 361/552/621 360/581/650 1105/1304/1373
f 1101/1336/1405 356/555/624 355/584/653
f 1096/1308/1377 351/558/627 350/586/655
f 367/547/616 366/549/618 1111/1303/1372
f 362/550/619 361/552/621 1106/1335/1404
f 1102/1287/1356 357/553/622 356/555/624
f 1097/1288/1357 352/556/625 351/558/627
f 347/559/628 346/561/630 1091/1309/1378
f 1113/1310/1379 368/562/631 367/547/616
f 1108/1333/1402 363/564/633 362/550/619
f 1103/1295/1364 358/567/636 357/553/622
f 353/569/638 352/556/625 1097/1288/1357
f 348/570/639 347/559/628 1092/1289/1358
usemtl hydraulics.002
f 1140/1337/1406 1238/1338/1407 1206/1339/1408
f 1170/1340/1409 1219/1341/1410 1172/1342/1411
f 1142/1343/1412 1145/1344/1413 1143/1345/1414
f 1141/1346/1415 1236/1347/1416 1140/1337/1406
f 1141/1346/1415 1144/1348/1417 1142/1343/1412
f 1144/1348/1417 1147/1349/1418 1145/1344/1413
f 1234/1350/1419 1267/1351/1420 1235/1352/1421
f 1220/1353/1422 1176/1354/1423 1174/1355/1424
f 1146/1356/1425 1149/1357/1426 1147/1349/1418
f 1233/1358/1427 1266/1359/1428 1234/1350/1419
f 1176/1354/1423 1222/1360/1429 1178/1361/1430
f 1148/1362/1431 1151/1363/1432 1149/1357/1426
f 1264/1364/1433 1233/1358/1427 1232/1365/1434
f 1222/1360/1429 1180/1366/1435 1178/1361/1430
f 1152/1367/1436 1151/1363/1432 1150/1368/1437
f 1263/1369/1438 1232/1365/1434 1231/1370/1439
f 1180/1366/1435 1224/1371/1440 1182/1372/1441
f 1154/1373/1442 1153/1374/1443 1152/1367/1436
f 1262/1375/1444 1231/1370/1439 1230/1376/1445
f 1224/1371/1440 1184/1377/1446 1182/1372/1441
f 1154/1373/1442 1157/1378/1447 1155/1379/1448
f 1261/1380/1449 1230/1376/1445 1229/1381/1450
f 1225/1382/1451 1186/1383/1452 1184/1377/1446
f 1158/1384/1453 1157/1378/1447 1156/1385/1454
f 1260/1386/1455 1229/1381/1450 1228/1387/1456
f 1186/1383/1452 1227/1388/1457 1188/1389/1458
f 1158/1384/1453 1161/1390/1459 1159/1391/1460
f 1259/1392/1461 1228/1387/1456 1227/1388/1457
f 1188/1389/1458 1228/1387/1456 1190/1393/1462
f 1160/1394/1463 1163/1395/1464 1161/1390/1459
f 1258/1396/1465 1227/1388/1457 1226/1397/1466
f 1228/1387/1456 1192/1398/1467 1190/1393/1462
f 1164/1399/1468 1163/1395/1464 1162/1400/1469
f 1257/1401/1470 1226/1397/1466 1225/1382/1451
f 1229/1381/1450 1194/1402/1471 1192/1398/1467
f 1164/1399/1468 1167/1403/1472 1165/1404/1473
f 1256/1405/1474 1225/1382/1451 1224/1371/1440
f 1194/1402/1471 1231/1370/1439 1196/1406/1475
f 1168/1407/1476 1167/1403/1472 1166/1408/1477
f 1255/1409/1478 1224/1371/1440 1223/1410/1479
f 1196/1406/1475 1232/1365/1434 1198/1411/1480
f 1170/1340/1409 1169/1412/1481 1168/1407/1476
f 1254/1413/1482 1223/1410/1479 1222/1360/1429
f 1232/1365/1434 1200/1414/1483 1198/1411/1480
f 1170/1340/1409 1173/1415/1484 1171/1416/1485
f 1253/1417/1486 1222/1360/1429 1221/1418/1487
f 1200/1414/1483 1234/1350/1419 1202/1419/1488
f 1174/1355/1424 1173/1415/1484 1172/1342/1411
f 1235/1352/1421 1237/1420/1489 1141/1346/1415
f 1234/1350/1419 1204/1421/1490 1202/1419/1488
f 1176/1354/1423 1175/1422/1491 1174/1355/1424
f 1252/1423/1492 1221/1418/1487 1220/1353/1422
f 1204/1421/1490 1141/1346/1415 1142/1343/1412
f 1176/1354/1423 1179/1424/1493 1177/1425/1494
f 1251/1426/1495 1220/1353/1422 1219/1341/1410
f 1140/1337/1406 1146/1356/1425 1144/1348/1417
f 1180/1366/1435 1179/1424/1493 1178/1361/1430
f 1250/1427/1496 1219/1341/1410 1218/1428/1497
f 1206/1339/1408 1148/1362/1431 1146/1356/1425
f 1182/1372/1441 1181/1429/1498 1180/1366/1435
f 1249/1430/1499 1218/1428/1497 1217/1431/1500
f 1148/1362/1431 1208/1432/1501 1150/1368/1437
f 1182/1372/1441 1185/1433/1502 1183/1434/1503
f 1216/1435/1504 1249/1430/1499 1217/1431/1500
f 1150/1368/1437 1209/1436/1505 1152/1367/1436
f 1184/1377/1446 1187/1437/1506 1185/1433/1502
f 1215/1438/1507 1248/1439/1508 1216/1435/1504
f 1209/1436/1505 1154/1373/1442 1152/1367/1436
f 1188/1389/1458 1187/1437/1506 1186/1383/1452
f 1214/1440/1509 1247/1441/1510 1215/1438/1507
f 1210/1442/1511 1156/1385/1454 1154/1373/1442
f 1190/1393/1462 1189/1443/1512 1188/1389/1458
f 1213/1444/1513 1246/1445/1514 1214/1440/1509
f 1156/1385/1454 1212/1446/1515 1158/1384/1453
f 1190/1393/1462 1193/1447/1516 1191/1448/1517
f 1212/1446/1515 1245/1449/1518 1213/1444/1513
f 1212/1446/1515 1160/1394/1463 1158/1384/1453
f 1192/1398/1467 1195/1450/1519 1193/1447/1516
f 1211/1451/1520 1244/1452/1521 1212/1446/1515
f 1160/1394/1463 1214/1440/1509 1162/1400/1469
f 1194/1402/1471 1197/1453/1522 1195/1450/1519
f 1210/1442/1511 1243/1454/1523 1211/1451/1520
f 1162/1400/1469 1215/1438/1507 1164/1399/1468
f 1198/1411/1480 1197/1453/1522 1196/1406/1475
f 1253/1417/1486 1245/1449/1518 1236/1347/1416
f 1164/1399/1468 1216/1435/1504 1166/1408/1477
f 1200/1414/1483 1199/1455/1524 1198/1411/1480
f 1168/1407/1476 1218/1428/1497 1170/1340/1409
f 1209/1436/1505 1242/1456/1525 1210/1442/1511
f 1202/1419/1488 1201/1457/1526 1200/1414/1483
f 1175/1422/1491 1191/1448/1517 1143/1345/1414
f 1204/1421/1490 1143/1345/1414 1205/1458/1527
f 1202/1419/1488 1205/1458/1527 1203/1459/1528
f 1206/1339/1408 1239/1460/1529 1207/1461/1530
f 1219/1341/1410 1174/1355/1424 1172/1342/1411
f 1216/1435/1504 1168/1407/1476 1166/1408/1477
f 1207/1461/1530 1240/1462/1531 1208/1432/1501
f 1208/1432/1501 1241/1463/1532 1209/1436/1505
f 1285/1464/1533 1277/1465/1534 1268/1466/1535
f 1300/1467/1536 1303/1468/1537 1302/1469/1538
f 1303/1468/1537 1304/1470/1539 1302/1469/1538
f 1305/1471/1540 1306/1472/1541 1304/1470/1539
f 1307/1473/1542 1308/1474/1543 1306/1472/1541
f 1308/1474/1543 1311/1475/1544 1310/1476/1545
f 1311/1475/1544 1312/1477/1546 1310/1476/1545
f 1312/1477/1546 1315/1478/1547 1314/1479/1548
f 1314/1479/1548 1317/1480/1549 1316/1481/1550
f 1317/1480/1549 1318/1482/1551 1316/1481/1550
f 1318/1482/1551 1321/1483/1552 1320/1484/1553
f 1321/1483/1552 1322/1485/1554 1320/1484/1553
f 1322/1485/1554 1325/1486/1555 1324/1487/1556
f 1324/1487/1556 1327/1488/1557 1326/1489/1558
f 1327/1488/1557 1328/1490/1559 1326/1489/1558
f 1328/1490/1559 1331/1491/1560 1330/1492/1561
f 1331/1491/1560 1332/1493/1562 1330/1492/1561
f 1333/1494/1563 1334/1495/1564 1332/1493/1562
f 1334/1495/1564 1337/1496/1565 1336/1497/1566
f 1337/1496/1565 1338/1498/1567 1336/1497/1566
f 1338/1498/1567 1341/1499/1568 1340/1500/1569
f 1341/1499/1568 1342/1501/1570 1340/1500/1569
f 1342/1501/1570 1345/1502/1571 1344/1503/1572
f 1345/1502/1571 1346/1504/1573 1344/1503/1572
f 1346/1504/1573 1349/1505/1574 1348/1506/1575
f 1348/1506/1575 1351/1507/1576 1350/1508/1577
f 1350/1508/1577 1353/1509/1578 1352/1510/1579
f 1352/1510/1579 1355/1511/1580 1354/1512/1581
f 1355/1511/1580 1356/1513/1582 1354/1512/1581
f 1356/1513/1582 1359/1514/1583 1358/1515/1584
f 1358/1515/1584 1361/1516/1585 1360/1517/1586
f 1357/1518/1587 1391/1519/1588 1392/1520/1589
f 1363/1521/1590 1300/1467/1536 1362/1522/1591
f 1361/1516/1585 1362/1522/1591 1360/1517/1586
f 1330/1492/1561 1346/1504/1573 1362/1522/1591
f 1383/1523/1592 1414/1524/1593 1415/1525/1594
f 1333/1494/1563 1379/1526/1595 1380/1527/1596
f 1307/1473/1542 1368/1528/1597 1309/1529/1598
f 1345/1502/1571 1387/1530/1599 1347/1531/1600
f 1303/1468/1537 1364/1532/1601 1365/1533/1602
f 1321/1483/1552 1375/1534/1603 1323/1535/1604
f 1361/1516/1585 1393/1536/1605 1394/1537/1606
f 1335/1538/1607 1382/1539/1608 1337/1496/1565
f 1311/1475/1544 1370/1540/1609 1313/1541/1610
f 1349/1505/1574 1389/1542/1611 1351/1507/1576
f 1327/1488/1557 1376/1543/1612 1377/1544/1613
f 1301/1545/1614 1395/1546/1615 1364/1532/1601
f 1339/1547/1616 1384/1548/1617 1341/1499/1568
f 1317/1480/1549 1371/1549/1618 1372/1550/1619
f 1353/1509/1578 1391/1519/1588 1355/1511/1580
f 1331/1491/1560 1378/1551/1620 1379/1526/1595
f 1305/1471/1540 1367/1552/1621 1307/1473/1542
f 1345/1502/1571 1385/1553/1622 1386/1554/1623
f 1321/1483/1552 1373/1555/1624 1374/1556/1625
f 1359/1514/1583 1392/1520/1589 1393/1536/1605
f 1333/1494/1563 1381/1557/1626 1335/1538/1607
f 1311/1475/1544 1368/1528/1597 1369/1558/1627
f 1349/1505/1574 1387/1530/1599 1388/1559/1628
f 1323/1535/1604 1376/1543/1612 1325/1486/1555
f 1361/1516/1585 1395/1546/1615 1363/1521/1590
f 1339/1547/1616 1382/1539/1608 1383/1523/1592
f 1315/1478/1547 1370/1540/1609 1371/1549/1618
f 1353/1509/1578 1389/1542/1611 1390/1560/1629
f 1327/1488/1557 1378/1551/1620 1329/1561/1630
f 1303/1468/1537 1366/1562/1631 1305/1471/1540
f 1343/1563/1632 1384/1548/1617 1385/1553/1622
f 1317/1480/1549 1373/1555/1624 1319/1564/1633
f 1414/1524/1593 1406/1565/1634 1398/1566/1635
f 1377/1544/1613 1410/1567/1636 1378/1551/1620
f 1372/1550/1619 1405/1568/1637 1373/1555/1624
f 1367/1552/1621 1400/1569/1638 1368/1528/1597
f 1394/1537/1606 1425/1570/1639 1426/1571/1640
f 1389/1542/1611 1420/1572/1641 1421/1573/1642
f 1384/1548/1617 1415/1525/1594 1416/1574/1643
f 1378/1551/1620 1411/1575/1644 1379/1526/1595
f 1373/1555/1624 1406/1565/1634 1374/1556/1625
f 1368/1528/1597 1401/1576/1645 1369/1558/1627
f 1395/1546/1615 1426/1571/1640 1427/1577/1646
f 1390/1560/1629 1421/1573/1642 1422/1578/1647
f 1385/1553/1622 1416/1574/1643 1417/1579/1648
f 1379/1526/1595 1412/1580/1649 1380/1527/1596
f 1374/1556/1625 1407/1581/1650 1375/1534/1603
f 1369/1558/1627 1402/1582/1651 1370/1540/1609
f 1364/1532/1601 1397/1583/1652 1365/1533/1602
f 1364/1532/1601 1427/1577/1646 1396/1584/1653
f 1391/1519/1588 1422/1578/1647 1423/1585/1654
f 1386/1554/1623 1417/1579/1648 1418/1586/1655
f 1381/1557/1626 1412/1580/1649 1413/1587/1656
f 1375/1534/1603 1408/1588/1657 1376/1543/1612
f 1370/1540/1609 1403/1589/1658 1371/1549/1618
f 1365/1533/1602 1398/1566/1635 1366/1562/1631
f 1392/1520/1589 1423/1585/1654 1424/1590/1659
f 1387/1530/1599 1418/1586/1655 1419/1591/1660
f 1382/1539/1608 1413/1587/1656 1414/1524/1593
f 1376/1543/1612 1409/1592/1661 1377/1544/1613
f 1371/1549/1618 1404/1593/1662 1372/1550/1619
f 1366/1562/1631 1399/1594/1663 1367/1552/1621
f 1393/1536/1605 1424/1590/1659 1425/1570/1639
f 1388/1559/1628 1419/1591/1660 1420/1572/1641
f 1558/1595/1664 1557/1596/1665 1556/1597/1666
f 1558/1595/1664 1561/1598/1667 1559/1599/1668
f 1560/1600/1669 1563/1601/1670 1561/1598/1667
f 1564/1602/1671 1563/1601/1670 1562/1603/1672
f 1564/1602/1671 1567/1604/1673 1565/1605/1674
f 1568/1606/1675 1567/1604/1673 1566/1607/1676
f 1568/1606/1675 1571/1608/1677 1569/1609/1678
f 1570/1610/1679 1573/1611/1680 1571/1608/1677
f 1574/1612/1681 1573/1611/1680 1572/1613/1682
f 1574/1612/1681 1577/1614/1683 1575/1615/1684
f 1578/1616/1685 1577/1614/1683 1576/1617/1686
f 1578/1616/1685 1581/1618/1687 1579/1619/1688
f 1582/1620/1689 1581/1618/1687 1580/1621/1690
f 1584/1622/1691 1583/1623/1692 1582/1620/1689
f 1584/1622/1691 1587/1624/1693 1585/1625/1694
f 1586/1626/1695 1589/1627/1696 1587/1624/1693
f 1590/1628/1697 1589/1627/1696 1588/1629/1698
f 1592/1630/1699 1591/1631/1700 1590/1628/1697
f 1592/1630/1699 1595/1632/1701 1593/1633/1702
f 1594/1634/1703 1597/1635/1704 1595/1632/1701
f 1596/1636/1705 1599/1637/1706 1597/1635/1704
f 1600/1638/1707 1599/1637/1706 1598/1639/1708
f 1600/1638/1707 1603/1640/1709 1601/1641/1710
f 1604/1642/1711 1603/1640/1709 1602/1643/1712
f 1604/1642/1711 1607/1644/1713 1605/1645/1714
f 1608/1646/1715 1607/1644/1713 1606/1647/1716
f 1608/1646/1715 1611/1648/1717 1609/1649/1718
f 1612/1650/1719 1611/1648/1717 1610/1651/1720
f 1612/1650/1719 1615/1652/1721 1613/1653/1722
f 1614/1654/1723 1617/1655/1724 1615/1652/1721
f 1648/1656/1725 1611/1648/1717 1613/1653/1722
f 1556/1597/1666 1619/1657/1726 1618/1658/1727
f 1616/1659/1728 1619/1657/1726 1617/1655/1724
f 1590/1628/1697 1574/1612/1681 1558/1595/1664
f 1639/1660/1729 1670/1661/1730 1638/1662/1731
f 1636/1663/1732 1587/1624/1693 1589/1627/1696
f 1565/1605/1674 1623/1664/1733 1563/1601/1670
f 1603/1640/1709 1642/1665/1734 1601/1641/1710
f 1621/1666/1735 1557/1596/1665 1559/1599/1668
f 1579/1619/1688 1630/1667/1736 1577/1614/1683
f 1650/1668/1737 1615/1652/1721 1617/1655/1724
f 1638/1662/1731 1591/1631/1700 1593/1633/1702
f 1626/1669/1738 1567/1604/1673 1569/1609/1678
f 1645/1670/1739 1605/1645/1714 1607/1644/1713
f 1633/1671/1740 1581/1618/1687 1583/1623/1692
f 1557/1596/1665 1651/1672/1741 1619/1657/1726
f 1640/1673/1742 1595/1632/1701 1597/1635/1704
f 1573/1611/1680 1627/1674/1743 1571/1608/1677
f 1611/1648/1717 1646/1675/1744 1609/1649/1718
f 1635/1676/1745 1585/1625/1694 1587/1624/1693
f 1563/1601/1670 1622/1677/1746 1561/1598/1667
f 1642/1665/1734 1599/1637/1706 1601/1641/1710
f 1577/1614/1683 1629/1678/1747 1575/1615/1684
f 1615/1652/1721 1648/1656/1725 1613/1653/1722
f 1637/1679/1748 1589/1627/1696 1591/1631/1700
f 1567/1604/1673 1624/1680/1749 1565/1605/1674
f 1644/1681/1750 1603/1640/1709 1605/1645/1714
f 1632/1682/1751 1579/1619/1688 1581/1618/1687
f 1619/1657/1726 1650/1668/1737 1617/1655/1724
f 1639/1660/1729 1593/1633/1702 1595/1632/1701
f 1627/1674/1743 1569/1609/1678 1571/1608/1677
f 1646/1675/1744 1607/1644/1713 1609/1649/1718
f 1585/1625/1694 1633/1671/1740 1583/1623/1692
f 1622/1677/1746 1559/1599/1668 1561/1598/1667
f 1599/1637/1706 1640/1673/1742 1597/1635/1704
f 1575/1615/1684 1628/1683/1752 1573/1611/1680
f 1668/1684/1753 1676/1685/1754 1652/1686/1755
f 1666/1687/1756 1633/1671/1740 1634/1688/1757
f 1661/1689/1758 1628/1683/1752 1629/1678/1747
f 1656/1690/1759 1623/1664/1733 1624/1680/1749
f 1650/1668/1737 1681/1691/1760 1649/1692/1761
f 1645/1670/1739 1676/1685/1754 1644/1681/1750
f 1640/1673/1742 1671/1693/1762 1639/1660/1729
f 1667/1694/1763 1634/1688/1757 1635/1676/1745
f 1662/1695/1764 1629/1678/1747 1630/1667/1736
f 1657/1696/1765 1624/1680/1749 1625/1697/1766
f 1651/1672/1741 1682/1698/1767 1650/1668/1737
f 1646/1675/1744 1677/1699/1768 1645/1670/1739
f 1641/1700/1769 1672/1701/1770 1640/1673/1742
f 1668/1684/1753 1635/1676/1745 1636/1663/1732
f 1663/1702/1771 1630/1667/1736 1631/1703/1772
f 1658/1704/1773 1625/1697/1766 1626/1669/1738
f 1653/1705/1774 1620/1706/1775 1621/1666/1735
f 1620/1706/1775 1683/1707/1776 1651/1672/1741
f 1647/1708/1777 1678/1709/1778 1646/1675/1744
f 1642/1665/1734 1673/1710/1779 1641/1700/1769
f 1637/1679/1748 1668/1684/1753 1636/1663/1732
f 1664/1711/1780 1631/1703/1772 1632/1682/1751
f 1659/1712/1781 1626/1669/1738 1627/1674/1743
f 1654/1713/1782 1621/1666/1735 1622/1677/1746
f 1648/1656/1725 1679/1714/1783 1647/1708/1777
f 1643/1715/1784 1674/1716/1785 1642/1665/1734
f 1638/1662/1731 1669/1717/1786 1637/1679/1748
f 1665/1718/1787 1632/1682/1751 1633/1671/1740
f 1660/1719/1788 1627/1674/1743 1628/1683/1752
f 1655/1720/1789 1622/1677/1746 1623/1664/1733
f 1649/1692/1761 1680/1721/1790 1648/1656/1725
f 1644/1681/1750 1675/1722/1791 1643/1715/1784
f 1140/1337/1406 1236/1347/1416 1238/1338/1407
f 1170/1340/1409 1218/1428/1497 1219/1341/1410
f 1142/1343/1412 1144/1348/1417 1145/1344/1413
f 1141/1346/1415 1237/1420/1489 1236/1347/1416
f 1141/1346/1415 1140/1337/1406 1144/1348/1417
f 1144/1348/1417 1146/1356/1425 1147/1349/1418
f 1234/1350/1419 1266/1359/1428 1267/1351/1420
f 1220/1353/1422 1221/1418/1487 1176/1354/1423
f 1146/1356/1425 1148/1362/1431 1149/1357/1426
f 1233/1358/1427 1265/1740/1811 1266/1359/1428
f 1176/1354/1423 1221/1418/1487 1222/1360/1429
f 1148/1362/1431 1150/1368/1437 1151/1363/1432
f 1264/1364/1433 1265/1740/1811 1233/1358/1427
f 1222/1360/1429 1223/1410/1479 1180/1366/1435
f 1152/1367/1436 1153/1374/1443 1151/1363/1432
f 1263/1369/1438 1264/1364/1433 1232/1365/1434
f 1180/1366/1435 1223/1410/1479 1224/1371/1440
f 1154/1373/1442 1155/1379/1448 1153/1374/1443
f 1262/1375/1444 1263/1369/1438 1231/1370/1439
f 1224/1371/1440 1225/1382/1451 1184/1377/1446
f 1154/1373/1442 1156/1385/1454 1157/1378/1447
f 1261/1380/1449 1262/1375/1444 1230/1376/1445
f 1225/1382/1451 1226/1397/1466 1186/1383/1452
f 1158/1384/1453 1159/1391/1460 1157/1378/1447
f 1260/1386/1455 1261/1380/1449 1229/1381/1450
f 1186/1383/1452 1226/1397/1466 1227/1388/1457
f 1158/1384/1453 1160/1394/1463 1161/1390/1459
f 1259/1392/1461 1260/1386/1455 1228/1387/1456
f 1188/1389/1458 1227/1388/1457 1228/1387/1456
f 1160/1394/1463 1162/1400/1469 1163/1395/1464
f 1258/1396/1465 1259/1392/1461 1227/1388/1457
f 1228/1387/1456 1229/1381/1450 1192/1398/1467
f 1164/1399/1468 1165/1404/1473 1163/1395/1464
f 1257/1401/1470 1258/1396/1465 1226/1397/1466
f 1229/1381/1450 1230/1376/1445 1194/1402/1471
f 1164/1399/1468 1166/1408/1477 1167/1403/1472
f 1256/1405/1474 1257/1401/1470 1225/1382/1451
f 1194/1402/1471 1230/1376/1445 1231/1370/1439
f 1168/1407/1476 1169/1412/1481 1167/1403/1472
f 1255/1409/1478 1256/1405/1474 1224/1371/1440
f 1196/1406/1475 1231/1370/1439 1232/1365/1434
f 1170/1340/1409 1171/1416/1485 1169/1412/1481
f 1254/1413/1482 1255/1409/1478 1223/1410/1479
f 1232/1365/1434 1233/1358/1427 1200/1414/1483
f 1170/1340/1409 1172/1342/1411 1173/1415/1484
f 1253/1417/1486 1254/1413/1482 1222/1360/1429
f 1200/1414/1483 1233/1358/1427 1234/1350/1419
f 1174/1355/1424 1175/1422/1491 1173/1415/1484
f 1235/1352/1421 1267/1351/1420 1237/1420/1489
f 1234/1350/1419 1235/1352/1421 1204/1421/1490
f 1176/1354/1423 1177/1425/1494 1175/1422/1491
f 1252/1423/1492 1253/1417/1486 1221/1418/1487
f 1204/1421/1490 1235/1352/1421 1141/1346/1415
f 1176/1354/1423 1178/1361/1430 1179/1424/1493
f 1251/1426/1495 1252/1423/1492 1220/1353/1422
f 1140/1337/1406 1206/1339/1408 1146/1356/1425
f 1180/1366/1435 1181/1429/1498 1179/1424/1493
f 1250/1427/1496 1251/1426/1495 1219/1341/1410
f 1206/1339/1408 1207/1461/1530 1148/1362/1431
f 1182/1372/1441 1183/1434/1503 1181/1429/1498
f 1249/1430/1499 1250/1427/1496 1218/1428/1497
f 1148/1362/1431 1207/1461/1530 1208/1432/1501
f 1182/1372/1441 1184/1377/1446 1185/1433/1502
f 1216/1435/1504 1248/1439/1508 1249/1430/1499
f 1150/1368/1437 1208/1432/1501 1209/1436/1505
f 1184/1377/1446 1186/1383/1452 1187/1437/1506
f 1215/1438/1507 1247/1441/1510 1248/1439/1508
f 1209/1436/1505 1210/1442/1511 1154/1373/1442
f 1188/1389/1458 1189/1443/1512 1187/1437/1506
f 1214/1440/1509 1246/1445/1514 1247/1441/1510
f 1210/1442/1511 1211/1451/1520 1156/1385/1454
f 1190/1393/1462 1191/1448/1517 1189/1443/1512
f 1213/1444/1513 1245/1449/1518 1246/1445/1514
f 1156/1385/1454 1211/1451/1520 1212/1446/1515
f 1190/1393/1462 1192/1398/1467 1193/1447/1516
f 1212/1446/1515 1244/1452/1521 1245/1449/1518
f 1212/1446/1515 1213/1444/1513 1160/1394/1463
f 1192/1398/1467 1194/1402/1471 1195/1450/1519
f 1211/1451/1520 1243/1454/1523 1244/1452/1521
f 1160/1394/1463 1213/1444/1513 1214/1440/1509
f 1194/1402/1471 1196/1406/1475 1197/1453/1522
f 1210/1442/1511 1242/1456/1525 1243/1454/1523
f 1162/1400/1469 1214/1440/1509 1215/1438/1507
f 1198/1411/1480 1199/1455/1524 1197/1453/1522
f 1236/1347/1416 1237/1420/1489 1267/1351/1420
f 1267/1351/1420 1266/1359/1428 1265/1740/1811
f 1265/1740/1811 1264/1364/1433 1263/1369/1438
f 1263/1369/1438 1262/1375/1444 1261/1380/1449
f 1261/1380/1449 1260/1386/1455 1259/1392/1461
f 1259/1392/1461 1258/1396/1465 1257/1401/1470
f 1257/1401/1470 1256/1405/1474 1255/1409/1478
f 1255/1409/1478 1254/1413/1482 1253/1417/1486
f 1253/1417/1486 1252/1423/1492 1251/1426/1495
f 1251/1426/1495 1250/1427/1496 1249/1430/1499
f 1249/1430/1499 1248/1439/1508 1247/1441/1510
f 1247/1441/1510 1246/1445/1514 1245/1449/1518
f 1245/1449/1518 1244/1452/1521 1243/1454/1523
f 1243/1454/1523 1242/1456/1525 1241/1463/1532
f 1241/1463/1532 1240/1462/1531 1239/1460/1529
f 1239/1460/1529 1238/1338/1407 1236/1347/1416
f 1236/1347/1416 1267/1351/1420 1265/1740/1811
f 1265/1740/1811 1263/1369/1438 1261/1380/1449
f 1261/1380/1449 1259/1392/1461 1257/1401/1470
f 1257/1401/1470 1255/1409/1478 1253/1417/1486
f 1253/1417/1486 1251/1426/1495 1249/1430/1499
f 1249/1430/1499 1247/1441/1510 1245/1449/1518
f 1245/1449/1518 1243/1454/1523 1241/1463/1532
f 1241/1463/1532 1239/1460/1529 1236/1347/1416
f 1236/1347/1416 1265/1740/1811 1261/1380/1449
f 1261/1380/1449 1257/1401/1470 1253/1417/1486
f 1253/1417/1486 1249/1430/1499 1245/1449/1518
f 1245/1449/1518 1241/1463/1532 1236/1347/1416
f 1236/1347/1416 1261/1380/1449 1253/1417/1486
f 1164/1399/1468 1215/1438/1507 1216/1435/1504
f 1200/1414/1483 1201/1457/1526 1199/1455/1524
f 1168/1407/1476 1217/1431/1500 1218/1428/1497
f 1209/1436/1505 1241/1463/1532 1242/1456/1525
f 1202/1419/1488 1203/1459/1528 1201/1457/1526
f 1143/1345/1414 1145/1344/1413 1147/1349/1418
f 1147/1349/1418 1149/1357/1426 1151/1363/1432
f 1151/1363/1432 1153/1374/1443 1155/1379/1448
f 1155/1379/1448 1157/1378/1447 1159/1391/1460
f 1159/1391/1460 1161/1390/1459 1163/1395/1464
f 1163/1395/1464 1165/1404/1473 1167/1403/1472
f 1167/1403/1472 1169/1412/1481 1171/1416/1485
f 1171/1416/1485 1173/1415/1484 1175/1422/1491
f 1175/1422/1491 1177/1425/1494 1179/1424/1493
f 1179/1424/1493 1181/1429/1498 1183/1434/1503
f 1183/1434/1503 1185/1433/1502 1187/1437/1506
f 1187/1437/1506 1189/1443/1512 1191/1448/1517
f 1191/1448/1517 1193/1447/1516 1195/1450/1519
f 1195/1450/1519 1197/1453/1522 1199/1455/1524
f 1199/1455/1524 1201/1457/1526 1203/1459/1528
f 1203/1459/1528 1205/1458/1527 1143/1345/1414
f 1143/1345/1414 1147/1349/1418 1151/1363/1432
f 1151/1363/1432 1155/1379/1448 1159/1391/1460
f 1159/1391/1460 1163/1395/1464 1167/1403/1472
f 1167/1403/1472 1171/1416/1485 1175/1422/1491
f 1175/1422/1491 1179/1424/1493 1183/1434/1503
f 1183/1434/1503 1187/1437/1506 1191/1448/1517
f 1191/1448/1517 1195/1450/1519 1199/1455/1524
f 1199/1455/1524 1203/1459/1528 1143/1345/1414
f 1143/1345/1414 1151/1363/1432 1159/1391/1460
f 1159/1391/1460 1167/1403/1472 1175/1422/1491
f 1175/1422/1491 1183/1434/1503 1191/1448/1517
f 1191/1448/1517 1199/1455/1524 1143/1345/1414
f 1143/1345/1414 1159/1391/1460 1175/1422/1491
f 1204/1421/1490 1142/1343/1412 1143/1345/1414
f 1202/1419/1488 1204/1421/1490 1205/1458/1527
f 1206/1339/1408 1238/1338/1407 1239/1460/1529
f 1219/1341/1410 1220/1353/1422 1174/1355/1424
f 1216/1435/1504 1217/1431/1500 1168/1407/1476
f 1207/1461/1530 1239/1460/1529 1240/1462/1531
f 1208/1432/1501 1240/1462/1531 1241/1463/1532
f 1268/1466/1535 1269/1741/1812 1299/1464/1813
f 1299/1464/1813 1298/1742/1814 1297/1743/1815
f 1297/1743/1815 1296/1744/1816 1295/1745/1817
f 1295/1745/1817 1294/1746/1818 1293/1747/1819
f 1293/1747/1819 1292/1748/1820 1291/1747/1821
f 1291/1747/1821 1290/1746/1822 1289/1745/1823
f 1289/1745/1823 1288/1744/1824 1287/1743/1825
f 1287/1743/1825 1286/1742/1826 1285/1464/1533
f 1285/1464/1533 1284/1741/1812 1283/1466/1827
f 1283/1466/1827 1282/1749/1828 1281/1750/1829
f 1281/1750/1829 1280/1751/1830 1279/1752/1534
f 1279/1752/1534 1278/1753/1831 1277/1465/1534
f 1277/1465/1534 1276/1754/1832 1275/1465/1833
f 1275/1465/1833 1274/1753/1834 1273/1752/1835
f 1273/1752/1835 1272/1751/1836 1271/1750/1837
f 1271/1750/1837 1270/1749/1838 1268/1466/1535
f 1268/1466/1535 1299/1464/1813 1297/1743/1815
f 1297/1743/1815 1295/1745/1817 1293/1747/1819
f 1293/1747/1819 1291/1747/1821 1289/1745/1823
f 1289/1745/1823 1287/1743/1825 1285/1464/1533
f 1285/1464/1533 1283/1466/1827 1281/1750/1829
f 1281/1750/1829 1279/1752/1534 1277/1465/1534
f 1277/1465/1534 1275/1465/1833 1273/1752/1835
f 1273/1752/1835 1271/1750/1837 1268/1466/1535
f 1268/1466/1535 1297/1743/1815 1293/1747/1819
f 1293/1747/1819 1289/1745/1823 1285/1464/1533
f 1285/1464/1533 1281/1750/1829 1277/1465/1534
f 1277/1465/1534 1273/1752/1835 1268/1466/1535
f 1268/1466/1535 1293/1747/1819 1285/1464/1533
f 1300/1467/1536 1301/1545/1614 1303/1468/1537
f 1303/1468/1537 1305/1471/1540 1304/1470/1539
f 1305/1471/1540 1307/1473/1542 1306/1472/1541
f 1307/1473/1542 1309/1529/1598 1308/1474/1543
f 1308/1474/1543 1309/1529/1598 1311/1475/1544
f 1311/1475/1544 1313/1541/1610 1312/1477/1546
f 1312/1477/1546 1313/1541/1610 1315/1478/1547
f 1314/1479/1548 1315/1478/1547 1317/1480/1549
f 1317/1480/1549 1319/1564/1633 1318/1482/1551
f 1318/1482/1551 1319/1564/1633 1321/1483/1552
f 1321/1483/1552 1323/1535/1604 1322/1485/1554
f 1322/1485/1554 1323/1535/1604 1325/1486/1555
f 1324/1487/1556 1325/1486/1555 1327/1488/1557
f 1327/1488/1557 1329/1561/1630 1328/1490/1559
f 1328/1490/1559 1329/1561/1630 1331/1491/1560
f 1331/1491/1560 1333/1494/1563 1332/1493/1562
f 1333/1494/1563 1335/1538/1607 1334/1495/1564
f 1334/1495/1564 1335/1538/1607 1337/1496/1565
f 1337/1496/1565 1339/1547/1616 1338/1498/1567
f 1338/1498/1567 1339/1547/1616 1341/1499/1568
f 1341/1499/1568 1343/1563/1632 1342/1501/1570
f 1342/1501/1570 1343/1563/1632 1345/1502/1571
f 1345/1502/1571 1347/1531/1600 1346/1504/1573
f 1346/1504/1573 1347/1531/1600 1349/1505/1574
f 1348/1506/1575 1349/1505/1574 1351/1507/1576
f 1350/1508/1577 1351/1507/1576 1353/1509/1578
f 1352/1510/1579 1353/1509/1578 1355/1511/1580
f 1355/1511/1580 1357/1518/1587 1356/1513/1582
f 1356/1513/1582 1357/1518/1587 1359/1514/1583
f 1358/1515/1584 1359/1514/1583 1361/1516/1585
f 1357/1518/1587 1355/1511/1580 1391/1519/1588
f 1363/1521/1590 1301/1545/1614 1300/1467/1536
f 1361/1516/1585 1363/1521/1590 1362/1522/1591
f 1362/1522/1591 1300/1467/1536 1302/1469/1538
f 1302/1469/1538 1304/1470/1539 1306/1472/1541
f 1306/1472/1541 1308/1474/1543 1310/1476/1545
f 1310/1476/1545 1312/1477/1546 1314/1479/1548
f 1314/1479/1548 1316/1481/1550 1318/1482/1551
f 1318/1482/1551 1320/1484/1553 1322/1485/1554
f 1322/1485/1554 1324/1487/1556 1326/1489/1558
f 1326/1489/1558 1328/1490/1559 1330/1492/1561
f 1330/1492/1561 1332/1493/1562 1334/1495/1564
f 1334/1495/1564 1336/1497/1566 1338/1498/1567
f 1338/1498/1567 1340/1500/1569 1342/1501/1570
f 1342/1501/1570 1344/1503/1572 1346/1504/1573
f 1346/1504/1573 1348/1506/1575 1350/1508/1577
f 1350/1508/1577 1352/1510/1579 1354/1512/1581
f 1354/1512/1581 1356/1513/1582 1358/1515/1584
f 1358/1515/1584 1360/1517/1586 1362/1522/1591
f 1362/1522/1591 1302/1469/1538 1306/1472/1541
f 1306/1472/1541 1310/1476/1545 1314/1479/1548
f 1314/1479/1548 1318/1482/1551 1322/1485/1554
f 1322/1485/1554 1326/1489/1558 1330/1492/1561
f 1330/1492/1561 1334/1495/1564 1338/1498/1567
f 1338/1498/1567 1342/1501/1570 1346/1504/1573
f 1346/1504/1573 1350/1508/1577 1354/1512/1581
f 1354/1512/1581 1358/1515/1584 1362/1522/1591
f 1362/1522/1591 1306/1472/1541 1314/1479/1548
f 1314/1479/1548 1322/1485/1554 1330/1492/1561
f 1330/1492/1561 1338/1498/1567 1346/1504/1573
f 1346/1504/1573 1354/1512/1581 1362/1522/1591
f 1362/1522/1591 1314/1479/1548 1330/1492/1561
f 1383/1523/1592 1382/1539/1608 1414/1524/1593
f 1333/1494/1563 1331/1491/1560 1379/1526/1595
f 1307/1473/1542 1367/1552/1621 1368/1528/1597
f 1345/1502/1571 1386/1554/1623 1387/1530/1599
f 1303/1468/1537 1301/1545/1614 1364/1532/1601
f 1321/1483/1552 1374/1556/1625 1375/1534/1603
f 1361/1516/1585 1359/1514/1583 1393/1536/1605
f 1335/1538/1607 1381/1557/1626 1382/1539/1608
f 1311/1475/1544 1369/1558/1627 1370/1540/1609
f 1349/1505/1574 1388/1559/1628 1389/1542/1611
f 1327/1488/1557 1325/1486/1555 1376/1543/1612
f 1301/1545/1614 1363/1521/1590 1395/1546/1615
f 1339/1547/1616 1383/1523/1592 1384/1548/1617
f 1317/1480/1549 1315/1478/1547 1371/1549/1618
f 1353/1509/1578 1390/1560/1629 1391/1519/1588
f 1331/1491/1560 1329/1561/1630 1378/1551/1620
f 1305/1471/1540 1366/1562/1631 1367/1552/1621
f 1345/1502/1571 1343/1563/1632 1385/1553/1622
f 1321/1483/1552 1319/1564/1633 1373/1555/1624
f 1359/1514/1583 1357/1518/1587 1392/1520/1589
f 1333/1494/1563 1380/1527/1596 1381/1557/1626
f 1311/1475/1544 1309/1529/1598 1368/1528/1597
f 1349/1505/1574 1347/1531/1600 1387/1530/1599
f 1323/1535/1604 1375/1534/1603 1376/1543/1612
f 1361/1516/1585 1394/1537/1606 1395/1546/1615
f 1339/1547/1616 1337/1496/1565 1382/1539/1608
f 1315/1478/1547 1313/1541/1610 1370/1540/1609
f 1353/1509/1578 1351/1507/1576 1389/1542/1611
f 1327/1488/1557 1377/1544/1613 1378/1551/1620
f 1303/1468/1537 1365/1533/1602 1366/1562/1631
f 1343/1563/1632 1341/1499/1568 1384/1548/1617
f 1317/1480/1549 1372/1550/1619 1373/1555/1624
f 1398/1566/1635 1397/1583/1652 1396/1584/1653
f 1396/1584/1653 1427/1577/1646 1426/1571/1640
f 1426/1571/1640 1425/1570/1639 1424/1590/1659
f 1424/1590/1659 1423/1585/1654 1422/1578/1647
f 1422/1578/1647 1421/1573/1642 1420/1572/1641
f 1420/1572/1641 1419/1591/1660 1418/1586/1655
f 1418/1586/1655 1417/1579/1648 1416/1574/1643
f 1416/1574/1643 1415/1525/1594 1414/1524/1593
f 1414/1524/1593 1413/1587/1656 1412/1580/1649
f 1412/1580/1649 1411/1575/1644 1410/1567/1636
f 1410/1567/1636 1409/1592/1661 1408/1588/1657
f 1408/1588/1657 1407/1581/1650 1406/1565/1634
f 1406/1565/1634 1405/1568/1637 1404/1593/1662
f 1404/1593/1662 1403/1589/1658 1402/1582/1651
f 1402/1582/1651 1401/1576/1645 1400/1569/1638
f 1400/1569/1638 1399/1594/1663 1398/1566/1635
f 1398/1566/1635 1396/1584/1653 1426/1571/1640
f 1426/1571/1640 1424/1590/1659 1422/1578/1647
f 1422/1578/1647 1420/1572/1641 1418/1586/1655
f 1418/1586/1655 1416/1574/1643 1414/1524/1593
f 1414/1524/1593 1412/1580/1649 1410/1567/1636
f 1410/1567/1636 1408/1588/1657 1406/1565/1634
f 1406/1565/1634 1404/1593/1662 1402/1582/1651
f 1402/1582/1651 1400/1569/1638 1398/1566/1635
f 1398/1566/1635 1426/1571/1640 1422/1578/1647
f 1422/1578/1647 1418/1586/1655 1414/1524/1593
f 1414/1524/1593 1410/1567/1636 1406/1565/1634
f 1406/1565/1634 1402/1582/1651 1398/1566/1635
f 1398/1566/1635 1422/1578/1647 1414/1524/1593
f 1377/1544/1613 1409/1592/1661 1410/1567/1636
f 1372/1550/1619 1404/1593/1662 1405/1568/1637
f 1367/1552/1621 1399/1594/1663 1400/1569/1638
f 1394/1537/1606 1393/1536/1605 1425/1570/1639
f 1389/1542/1611 1388/1559/1628 1420/1572/1641
f 1384/1548/1617 1383/1523/1592 1415/1525/1594
f 1378/1551/1620 1410/1567/1636 1411/1575/1644
f 1373/1555/1624 1405/1568/1637 1406/1565/1634
f 1368/1528/1597 1400/1569/1638 1401/1576/1645
f 1395/1546/1615 1394/1537/1606 1426/1571/1640
f 1390/1560/1629 1389/1542/1611 1421/1573/1642
f 1385/1553/1622 1384/1548/1617 1416/1574/1643
f 1379/1526/1595 1411/1575/1644 1412/1580/1649
f 1374/1556/1625 1406/1565/1634 1407/1581/1650
f 1369/1558/1627 1401/1576/1645 1402/1582/1651
f 1364/1532/1601 1396/1584/1653 1397/1583/1652
f 1364/1532/1601 1395/1546/1615 1427/1577/1646
f 1391/1519/1588 1390/1560/1629 1422/1578/1647
f 1386/1554/1623 1385/1553/1622 1417/1579/1648
f 1381/1557/1626 1380/1527/1596 1412/1580/1649
f 1375/1534/1603 1407/1581/1650 1408/1588/1657
f 1370/1540/1609 1402/1582/1651 1403/1589/1658
f 1365/1533/1602 1397/1583/1652 1398/1566/1635
f 1392/1520/1589 1391/1519/1588 1423/1585/1654
f 1387/1530/1599 1386/1554/1623 1418/1586/1655
f 1382/1539/1608 1381/1557/1626 1413/1587/1656
f 1376/1543/1612 1408/1588/1657 1409/1592/1661
f 1371/1549/1618 1403/1589/1658 1404/1593/1662
f 1366/1562/1631 1398/1566/1635 1399/1594/1663
f 1393/1536/1605 1392/1520/1589 1424/1590/1659
f 1388/1559/1628 1387/1530/1599 1419/1591/1660
f 1558/1595/1664 1559/1599/1668 1557/1596/1665
f 1558/1595/1664 1560/1600/1669 1561/1598/1667
f 1560/1600/1669 1562/1603/1672 1563/1601/1670
f 1564/1602/1671 1565/1605/1674 1563/1601/1670
f 1564/1602/1671 1566/1607/1676 1567/1604/1673
f 1568/1606/1675 1569/1609/1678 1567/1604/1673
f 1568/1606/1675 1570/1610/1679 1571/1608/1677
f 1570/1610/1679 1572/1613/1682 1573/1611/1680
f 1574/1612/1681 1575/1615/1684 1573/1611/1680
f 1574/1612/1681 1576/1617/1686 1577/1614/1683
f 1578/1616/1685 1579/1619/1688 1577/1614/1683
f 1578/1616/1685 1580/1621/1690 1581/1618/1687
f 1582/1620/1689 1583/1623/1692 1581/1618/1687
f 1584/1622/1691 1585/1625/1694 1583/1623/1692
f 1584/1622/1691 1586/1626/1695 1587/1624/1693
f 1586/1626/1695 1588/1629/1698 1589/1627/1696
f 1590/1628/1697 1591/1631/1700 1589/1627/1696
f 1592/1630/1699 1593/1633/1702 1591/1631/1700
f 1592/1630/1699 1594/1634/1703 1595/1632/1701
f 1594/1634/1703 1596/1636/1705 1597/1635/1704
f 1596/1636/1705 1598/1639/1708 1599/1637/1706
f 1600/1638/1707 1601/1641/1710 1599/1637/1706
f 1600/1638/1707 1602/1643/1712 1603/1640/1709
f 1604/1642/1711 1605/1645/1714 1603/1640/1709
f 1604/1642/1711 1606/1647/1716 1607/1644/1713
f 1608/1646/1715 1609/1649/1718 1607/1644/1713
f 1608/1646/1715 1610/1651/1720 1611/1648/1717
f 1612/1650/1719 1613/1653/1722 1611/1648/1717
f 1612/1650/1719 1614/1654/1723 1615/1652/1721
f 1614/1654/1723 1616/1659/1728 1617/1655/1724
f 1648/1656/1725 1647/1708/1777 1611/1648/1717
f 1556/1597/1666 1557/1596/1665 1619/1657/1726
f 1616/1659/1728 1618/1658/1727 1619/1657/1726
f 1558/1595/1664 1556/1597/1666 1618/1658/1727
f 1618/1658/1727 1616/1659/1728 1614/1654/1723
f 1614/1654/1723 1612/1650/1719 1610/1651/1720
f 1610/1651/1720 1608/1646/1715 1606/1647/1716
f 1606/1647/1716 1604/1642/1711 1602/1643/1712
f 1602/1643/1712 1600/1638/1707 1598/1639/1708
f 1598/1639/1708 1596/1636/1705 1594/1634/1703
f 1594/1634/1703 1592/1630/1699 1590/1628/1697
f 1590/1628/1697 1588/1629/1698 1586/1626/1695
f 1586/1626/1695 1584/1622/1691 1582/1620/1689
f 1582/1620/1689 1580/1621/1690 1578/1616/1685
f 1578/1616/1685 1576/1617/1686 1574/1612/1681
f 1574/1612/1681 1572/1613/1682 1570/1610/1679
f 1570/1610/1679 1568/1606/1675 1566/1607/1676
f 1566/1607/1676 1564/1602/1671 1562/1603/1672
f 1562/1603/1672 1560/1600/1669 1558/1595/1664
f 1558/1595/1664 1618/1658/1727 1614/1654/1723
f 1614/1654/1723 1610/1651/1720 1606/1647/1716
f 1606/1647/1716 1602/1643/1712 1598/1639/1708
f 1598/1639/1708 1594/1634/1703 1590/1628/1697
f 1590/1628/1697 1586/1626/1695 1582/1620/1689
f 1582/1620/1689 1578/1616/1685 1574/1612/1681
f 1574/1612/1681 1570/1610/1679 1566/1607/1676
f 1566/1607/1676 1562/1603/1672 1558/1595/1664
f 1558/1595/1664 1614/1654/1723 1606/1647/1716
f 1606/1647/1716 1598/1639/1708 1590/1628/1697
f 1590/1628/1697 1582/1620/1689 1574/1612/1681
f 1574/1612/1681 1566/1607/1676 1558/1595/1664
f 1558/1595/1664 1606/1647/1716 1590/1628/1697
f 1639/1660/1729 1671/1693/1762 1670/1661/1730
f 1636/1663/1732 1635/1676/1745 1587/1624/1693
f 1565/1605/1674 1624/1680/1749 1623/1664/1733
f 1603/1640/1709 1643/1715/1784 1642/1665/1734
f 1621/1666/1735 1620/1706/1775 1557/1596/1665
f 1579/1619/1688 1631/1703/1772 1630/1667/1736
f 1650/1668/1737 1649/1692/1761 1615/1652/1721
f 1638/1662/1731 1637/1679/1748 1591/1631/1700
f 1626/1669/1738 1625/1697/1766 1567/1604/1673
f 1645/1670/1739 1644/1681/1750 1605/1645/1714
f 1633/1671/1740 1632/1682/1751 1581/1618/1687
f 1557/1596/1665 1620/1706/1775 1651/1672/1741
f 1640/1673/1742 1639/1660/1729 1595/1632/1701
f 1573/1611/1680 1628/1683/1752 1627/1674/1743
f 1611/1648/1717 1647/1708/1777 1646/1675/1744
f 1635/1676/1745 1634/1688/1757 1585/1625/1694
f 1563/1601/1670 1623/1664/1733 1622/1677/1746
f 1642/1665/1734 1641/1700/1769 1599/1637/1706
f 1577/1614/1683 1630/1667/1736 1629/1678/1747
f 1615/1652/1721 1649/1692/1761 1648/1656/1725
f 1637/1679/1748 1636/1663/1732 1589/1627/1696
f 1567/1604/1673 1625/1697/1766 1624/1680/1749
f 1644/1681/1750 1643/1715/1784 1603/1640/1709
f 1632/1682/1751 1631/1703/1772 1579/1619/1688
f 1619/1657/1726 1651/1672/1741 1650/1668/1737
f 1639/1660/1729 1638/1662/1731 1593/1633/1702
f 1627/1674/1743 1626/1669/1738 1569/1609/1678
f 1646/1675/1744 1645/1670/1739 1607/1644/1713
f 1585/1625/1694 1634/1688/1757 1633/1671/1740
f 1622/1677/1746 1621/1666/1735 1559/1599/1668
f 1599/1637/1706 1641/1700/1769 1640/1673/1742
f 1575/1615/1684 1629/1678/1747 1628/1683/1752
f 1652/1686/1755 1653/1705/1774 1654/1713/1782
f 1654/1713/1782 1655/1720/1789 1656/1690/1759
f 1656/1690/1759 1657/1696/1765 1658/1704/1773
f 1658/1704/1773 1659/1712/1781 1660/1719/1788
f 1660/1719/1788 1661/1689/1758 1662/1695/1764
f 1662/1695/1764 1663/1702/1771 1664/1711/1780
f 1664/1711/1780 1665/1718/1787 1666/1687/1756
f 1666/1687/1756 1667/1694/1763 1668/1684/1753
f 1668/1684/1753 1669/1717/1786 1670/1661/1730
f 1670/1661/1730 1671/1693/1762 1672/1701/1770
f 1672/1701/1770 1673/1710/1779 1674/1716/1785
f 1674/1716/1785 1675/1722/1791 1676/1685/1754
f 1676/1685/1754 1677/1699/1768 1678/1709/1778
f 1678/1709/1778 1679/1714/1783 1680/1721/1790
f 1680/1721/1790 1681/1691/1760 1682/1698/1767
f 1682/1698/1767 1683/1707/1776 1652/1686/1755
f 1652/1686/1755 1654/1713/1782 1656/1690/1759
f 1656/1690/1759 1658/1704/1773 1660/1719/1788
f 1660/1719/1788 1662/1695/1764 1664/1711/1780
f 1664/1711/1780 1666/1687/1756 1668/1684/1753
f 1668/1684/1753 1670/1661/1730 1672/1701/1770
f 1672/1701/1770 1674/1716/1785 1676/1685/1754
f 1676/1685/1754 1678/1709/1778 1680/1721/1790
f 1680/1721/1790 1682/1698/1767 1652/1686/1755
f 1652/1686/1755 1656/1690/1759 1660/1719/1788
f 1660/1719/1788 1664/1711/1780 1668/1684/1753
f 1668/1684/1753 1672/1701/1770 1676/1685/1754
f 1676/1685/1754 1680/1721/1790 1652/1686/1755
f 1652/1686/1755 1660/1719/1788 1668/1684/1753
f 1666/1687/1756 1665/1718/1787 1633/1671/1740
f 1661/1689/1758 1660/1719/1788 1628/1683/1752
f 1656/1690/1759 1655/1720/1789 1623/1664/1733
f 1650/1668/1737 1682/1698/1767 1681/1691/1760
f 1645/1670/1739 1677/1699/1768 1676/1685/1754
f 1640/1673/1742 1672/1701/1770 1671/1693/1762
f 1667/1694/1763 1666/1687/1756 1634/1688/1757
f 1662/1695/1764 1661/1689/1758 1629/1678/1747
f 1657/1696/1765 1656/1690/1759 1624/1680/1749
f 1651/1672/1741 1683/1707/1776 1682/1698/1767
f 1646/1675/1744 1678/1709/1778 1677/1699/1768
f 1641/1700/1769 1673/1710/1779 1672/1701/1770
f 1668/1684/1753 1667/1694/1763 1635/1676/1745
f 1663/1702/1771 1662/1695/1764 1630/1667/1736
f 1658/1704/1773 1657/1696/1765 1625/1697/1766
f 1653/1705/1774 1652/1686/1755 1620/1706/1775
f 1620/1706/1775 1652/1686/1755 1683/1707/1776
f 1647/1708/1777 1679/1714/1783 1678/1709/1778
f 1642/1665/1734 1674/1716/1785 1673/1710/1779
f 1637/1679/1748 1669/1717/1786 1668/1684/1753
f 1664/1711/1780 1663/1702/1771 1631/1703/1772
f 1659/1712/1781 1658/1704/1773 1626/1669/1738
f 1654/1713/1782 1653/1705/1774 1621/1666/1735
f 1648/1656/1725 1680/1721/1790 1679/1714/1783
f 1643/1715/1784 1675/1722/1791 1674/1716/1785
f 1638/1662/1731 1670/1661/1730 1669/1717/1786
f 1665/1718/1787 1664/1711/1780 1632/1682/1751
f 1660/1719/1788 1659/1712/1781 1627/1674/1743
f 1655/1720/1789 1654/1713/1782 1622/1677/1746
f 1649/1692/1761 1681/1691/1760 1680/1721/1790
f 1644/1681/1750 1676/1685/1754 1675/1722/1791
