# Blender 4.3.2
# www.blender.org
mtllib right_leg.mtl
o body.008
v -0.384000 0.233440 -0.005140
v -0.387320 0.215540 0.166540
v -0.377820 0.266840 0.331800
v -0.377820 0.266840 -0.083200
v -0.387320 0.215540 0.082060
v -0.384000 0.233440 0.253740
v -0.368360 0.317860 -0.157140
v 0.056800 0.130740 0.077600
v 0.060140 0.148740 0.250220
v 0.075860 0.233600 0.403020
v 0.060140 0.148740 -0.010020
v 0.056800 0.130740 0.162580
v 0.066360 0.182320 0.328720
v -0.562000 0.246580 0.166640
v -0.558660 0.264540 0.254100
v 0.066360 0.182340 -0.088540
v 0.231160 0.099480 0.077700
v 0.231160 0.099480 0.162500
v 0.234480 0.117440 0.249920
v -0.496980 0.110620 -0.173680
v -0.506040 0.061640 -0.059200
v -0.005040 0.160840 0.119320
v -0.115720 0.159600 0.119320
v -0.224500 0.179960 0.119320
v -0.327220 0.221180 0.119320
v -2.052460 -4.557480 -0.323760
v -0.457080 -4.889300 -0.881760
v 0.062760 -4.944520 0.663920
v -1.686640 -4.639600 1.394580
v -0.882040 -7.122740 -0.276398
v -0.945940 0.439560 -0.623600
v -2.052460 -4.557480 0.661860
v -1.722300 -0.812460 0.860720
v -1.722280 -0.811960 -0.442560
v -1.184840 -4.800640 -0.137420
v -0.547660 -1.155120 -1.521080
v 0.174400 -1.279660 -1.246580
v 0.062760 -4.944520 -0.321700
v 0.697500 -1.317760 -0.438740
v 0.697500 -1.318440 0.863840
v -0.873200 -4.858240 1.591500
v -0.235880 -1.212920 1.975760
v -1.207260 -0.971420 1.776760
v -0.882040 -7.122740 0.528442
v -1.580840 -7.139120 0.613242
v -1.580840 -7.139120 0.054082
v 0.025540 0.197820 1.010960
v 0.025540 0.198140 -0.747860
v -0.562000 0.246580 0.081940
v -0.552460 0.298040 -0.083780
v -0.558660 0.264540 -0.005520
v 0.250180 0.202100 0.402380
v 0.234480 0.117440 -0.009740
v 0.261660 0.264040 -0.222160
v 0.250180 0.202100 -0.162200
v 0.240700 0.150940 0.328260
v 0.240700 0.150960 -0.088080
v -0.467020 0.272220 -0.364320
v -0.483800 0.181720 -0.276700
v -0.510680 0.036660 0.062340
v -0.510680 0.036660 0.186260
v -0.506040 0.061620 0.307780
v -0.496980 0.110600 0.422260
v -0.483800 0.181720 0.525300
v 0.171560 0.263980 -0.437380
v 0.151840 0.157560 -0.368520
v 0.135080 0.067060 -0.280900
v 0.121900 -0.004040 -0.177880
v 0.112840 -0.053020 -0.063400
v 0.108200 -0.078000 0.058140
v 0.108200 -0.078000 0.182060
v 0.112840 -0.053040 0.303580
v 0.121900 -0.004060 0.418060
v 0.135080 0.067060 0.521100
v 0.151840 0.157560 0.608720
v -0.697620 -4.873080 -0.565980
v -1.084060 -7.161180 -0.111358
v -0.063100 -1.244660 -1.495740
v -0.457080 -4.889300 1.394940
v 0.174400 -1.280680 1.776860
v -1.084060 -7.161180 0.608702
v 0.386940 0.129540 0.924360
v 0.386940 0.130560 -0.621600
v -1.348800 -4.753120 1.570360
v -0.453140 0.285960 -0.740740
v -1.686640 -4.639600 -0.883460
v -1.207220 -0.970660 -1.249280
v -0.714520 -1.125020 1.952240
v -1.911980 -6.934080 0.528582
v -1.911980 -6.934080 -0.276538
v -0.697620 -4.873080 1.569500
v -0.063100 -1.245300 1.950620
v 0.198260 0.165200 1.003540
v 0.198260 0.165840 -0.740460
v -0.873200 -4.858240 -0.137240
v -1.268980 -7.196360 0.054122
v -0.235880 -1.212620 -1.520880
v -1.268980 -7.196360 0.613202
v -1.348800 -4.753120 -0.566820
v -0.714500 -1.124540 -1.496720
v -1.735900 -7.043100 0.608882
v -1.735900 -7.043100 -0.111518
v -1.184840 -4.800640 1.591660
v -0.286240 0.255620 -0.747920
v -0.547660 -1.155360 1.976260
v -0.286260 0.255400 1.011320
v -2.022820 -2.249000 -0.376900
v -0.032260 -2.725300 -1.125180
v 0.560460 -2.767640 0.880540
v -1.487200 -2.410860 1.823180
v -2.022820 -2.249000 0.876420
v -0.818640 -2.598360 -0.859480
v 0.560460 -2.767640 -0.372780
v -0.499420 -2.657500 2.048260
v -0.322740 -2.689900 -1.104740
v -0.032260 -2.725300 1.824140
v -0.989700 -2.566360 2.014400
v -1.487200 -2.410860 -1.128320
v -0.322740 -2.689900 2.013040
v -0.499420 -2.657500 -0.859220
v -0.989700 -2.566360 -1.106100
v -0.818640 -2.598360 2.048540
v 0.075480 0.235760 -0.160860
v 0.087180 0.299840 -0.218080
v -0.380240 0.242380 -0.047140
v -0.386760 0.207160 0.124300
v -0.387040 0.228380 0.039120
v -0.380240 0.242380 0.295740
v -0.387040 0.228380 0.209460
v -0.374580 0.295720 -0.118240
v 0.061080 0.142820 0.034460
v 0.053360 0.123160 0.120100
v 0.061080 0.142820 0.205740
v 0.059920 0.158560 0.292420
v 0.073620 0.210520 0.363980
v 0.073520 0.211060 -0.123300
v 0.059920 0.158560 -0.052220
v 0.056880 0.290800 0.093660
v -0.565520 0.238900 0.124300
v -0.557620 0.258760 0.209700
v -0.558980 0.274220 0.296220
v 0.231480 0.112220 0.034640
v 0.231680 0.091200 0.120100
v 0.267120 0.304620 -0.244120
v 0.231480 0.112220 0.205560
v 0.238220 0.126520 0.292020
v 0.244000 0.179780 -0.123260
v 0.258240 0.292440 -0.014920
v 0.254340 0.271360 0.034340
v 0.252080 0.259220 0.093440
v 0.252080 0.259220 0.146760
v -0.565080 0.096840 0.181360
v -0.560780 0.120060 0.294360
v 0.239200 0.275440 -0.395940
v 0.180520 -0.041340 0.063020
v 0.180520 -0.041340 0.177160
v 0.184820 -0.018120 0.290160
v -0.397940 0.291360 -0.327460
v -0.413360 0.208060 -0.246820
v -0.490860 0.143540 -0.226880
v -0.552420 0.165160 -0.151200
v -0.425620 0.141960 -0.151060
v -0.502040 0.083220 -0.117600
v -0.560780 0.120060 -0.045780
v -0.433960 0.096880 -0.045680
v -0.508940 0.046060 0.000980
v -0.438260 0.073680 0.067260
v -0.438260 0.073680 0.181320
v -0.433960 0.096880 0.294280
v -0.425620 0.141960 0.399640
v -0.490860 0.143540 0.475480
v -0.413360 0.208040 0.495400
v 0.112420 0.299600 -0.394800
v 0.094120 0.200820 -0.330920
v 0.143060 0.110080 -0.326880
v 0.078600 0.116940 -0.250900
v 0.066440 0.050240 -0.155540
v 0.116820 -0.031460 -0.121800
v 0.058080 0.005120 -0.050060
v 0.053780 -0.018120 0.063000
v 0.053780 -0.018120 0.177180
v 0.058080 0.005120 0.290240
v 0.066440 0.050240 0.395740
v 0.128000 0.028880 0.471280
v 0.078700 0.116380 0.491580
v 0.047540 0.224840 0.119320
v 0.006080 0.220280 -0.363120
v -0.060360 0.157480 0.119320
v -0.104580 0.219040 -0.363120
v -0.170620 0.167100 0.119320
v -0.213380 0.239420 -0.363120
v -0.276880 0.198040 0.119320
v -0.316100 0.280620 -0.363120
v -1.380480 0.202400 -0.520020
v -1.941160 -4.564000 -0.677260
v -2.029600 -6.288840 0.521900
v -1.576440 -0.855960 1.460860
v 0.327920 -0.221060 -1.149620
v -0.282100 -4.910520 -0.675280
v -1.839960 -6.310740 -0.610720
v 0.752340 -0.248760 0.869980
v -0.282100 -4.910520 1.125900
v -0.352000 -6.560580 -0.285479
v -1.004680 0.084000 1.538920
v -0.772780 -6.512860 0.965100
v -1.380520 0.201560 0.868000
v -1.576400 -0.855140 -0.924740
v -2.029600 -6.288840 -0.286020
v -1.941160 -4.564000 1.124280
v -1.004640 0.085140 -1.151920
v 0.348800 -1.305200 -0.921200
v -0.772780 -6.512860 -0.610120
v 0.752340 -0.247660 -0.516780
v 0.348800 -1.306300 1.462880
v -0.352000 -6.560580 0.522380
v 0.327920 -0.222600 1.538680
v -1.839960 -6.310740 0.965200
v -2.072280 -4.571500 0.136220
v -1.739400 -0.808580 0.163760
v -1.945140 -1.872820 0.873140
v -1.945140 -1.872700 -0.393960
v -1.030780 -4.837100 -0.147260
v -0.392240 -1.183700 -1.532340
v -1.414500 -2.033960 -1.159980
v -0.430600 -2.279140 -1.307040
v 0.076260 -4.964700 0.138280
v 0.714020 -1.320960 0.167420
v 0.597900 -2.388260 -0.389920
v 0.597900 -2.388420 0.877000
v -1.030780 -4.837100 1.601520
v -0.392240 -1.183840 1.987300
v 0.022360 -2.347340 1.813740
v -0.748040 -2.220440 2.032140
v -0.885060 -7.174260 0.107182
v -1.927640 -6.983800 0.107182
v -1.430860 -7.198020 0.615262
v -1.430860 -7.198020 0.052062
v 0.392840 0.129400 0.136680
v -0.130800 0.227020 1.014400
v -0.130800 0.227160 -0.751240
v -0.545120 0.326260 -0.118900
v -0.558980 0.274220 -0.047640
v -0.557620 0.258760 0.038900
v 0.256860 0.227120 -0.197580
v 0.244000 0.179780 0.363460
v 0.238220 0.126520 -0.051840
v -0.524720 0.314640 -0.327700
v -0.540160 0.231300 -0.247020
v -0.565080 0.096840 0.067240
v -0.552420 0.165160 0.399800
v 0.220860 0.176480 -0.331940
v 0.205420 0.093120 -0.251240
v 0.193180 0.027000 -0.155420
v 0.184820 -0.018120 -0.049980
v 0.193180 0.027000 0.395620
v 0.205420 0.093120 0.491420
v 0.220860 0.176480 0.572120
v -0.475820 0.224740 -0.322680
v -0.511260 0.033500 0.124300
v -0.508940 0.046060 0.247620
v -0.502040 0.083200 0.366200
v 0.161380 0.209020 -0.405480
v 0.128000 0.028880 -0.231080
v 0.109940 -0.068600 -0.003220
v 0.107620 -0.081160 0.120100
v 0.109940 -0.068600 0.243420
v 0.116820 -0.031460 0.362000
v 0.143040 0.110080 0.567060
v -0.041680 -0.154620 -1.376040
v -1.156100 -6.526000 1.120220
v -1.156100 -6.526000 -0.010840
v -0.041680 -0.155080 1.696640
v 0.022360 -2.347100 -1.156940
v -0.430600 -2.279220 2.031800
v -1.282900 -7.282180 0.211002
v 0.027400 0.198140 0.126760
v -0.629380 -4.877820 -0.869260
v -1.025000 -7.149940 -0.237398
v 0.004260 -1.254880 -1.432280
v -0.629380 -4.877820 1.524840
v 0.004260 -1.255640 1.906020
v -1.025000 -7.149940 0.588422
v 0.253420 0.154780 0.983400
v 0.253420 0.155540 -0.710400
v -1.464080 -6.469240 -0.010920
v -0.349680 -0.098320 1.697240
v -0.349660 -0.097980 -1.376160
v -1.464080 -6.469240 1.120301
v -0.748040 -2.220400 -1.307300
v -1.414500 -2.034160 1.813000
v -1.598580 -7.224380 0.211002
v -0.288180 0.256480 0.126840
v -1.439100 -4.723040 1.525660
v -0.582300 0.325440 -0.711200
v -1.439100 -4.723040 -0.870600
v -0.843620 -1.084980 -1.433980
v -0.843660 -1.085540 1.907520
v -1.785440 -7.012420 0.588642
v -1.785440 -7.012420 -0.237618
v -0.254900 -2.311620 -1.344400
v 0.129140 -0.186380 -1.360500
v -0.978740 -6.519720 1.109082
v -0.978740 -6.519720 -0.324858
v 0.129140 -0.187360 1.681100
v -0.254900 -2.311780 1.998980
v -1.092760 -7.230600 0.168502
v 0.202040 0.165280 0.126760
v -0.749640 -4.868680 1.576020
v -0.114280 -1.235720 1.958060
v 0.147100 0.174860 1.005740
v 0.147100 0.175400 -0.742660
v -0.749640 -4.868680 -0.234440
v -1.138840 -7.171580 0.014802
v -0.114280 -1.235160 -1.503180
v -1.138840 -7.171580 0.610042
v -0.918120 -2.189000 2.000420
v -1.622340 -6.402000 -0.325280
v -0.514380 -0.068740 1.682680
v -0.514360 -0.068020 -1.361100
v -1.622340 -6.402000 1.109520
v -0.918100 -2.188880 -1.345680
v -1.752680 -7.111720 0.168502
v -1.301980 -4.766700 -0.234880
v -0.666840 -1.133280 -1.503680
v -1.691600 -7.070520 0.610122
v -1.691600 -7.070520 0.014702
v -1.301980 -4.766700 1.576440
v -0.405480 0.277300 -0.742800
v -0.666860 -1.133680 1.959100
v -1.863760 -2.293800 -0.812420
v 0.185860 -2.752100 -0.808540
v 0.185860 -2.752100 1.495440
v -1.863760 -2.293800 1.492100
v -2.047960 -2.244660 0.184100
v -0.659400 -2.628020 -0.875260
v 0.585480 -2.772600 0.188220
v -0.659400 -2.628000 2.064320
v -0.241960 -2.700260 -1.248600
v -0.241960 -2.700260 1.964180
v -1.120160 -2.526340 1.965380
v -1.120160 -2.526340 -1.250820
v -0.375080 -2.680320 2.023460
v -0.375080 -2.680320 -0.904620
v -0.940840 -2.575500 -0.905300
v -0.940840 -2.575500 2.024160
v -2.032760 -2.843160 -0.362960
v -0.141420 -3.283100 -1.062900
v 0.432860 -3.328780 0.825740
v -1.539780 -2.984900 1.714620
v -2.032760 -2.843160 0.822140
v -0.913040 -3.166100 -0.396560
v 0.432860 -3.328780 -0.359360
v -0.595800 -3.224840 1.932400
v -0.419400 -3.252680 -0.828120
v -0.141420 -3.283100 1.715440
v -1.082260 -3.130060 1.901840
v -1.539780 -2.984900 -1.065700
v -0.419400 -3.252680 1.900600
v -0.595800 -3.224840 -0.396300
v -1.082260 -3.130060 -0.829360
v -0.913040 -3.166100 1.932640
v 0.078080 0.263140 -0.194640
v 0.058980 0.284780 0.120400
v 0.262500 0.275920 0.007840
v 0.256420 0.285440 0.067740
v 0.258220 0.252840 0.120100
v 0.256420 0.285440 0.172440
v -0.533520 0.269960 -0.290360
v -0.566400 0.092560 0.124300
v -0.562680 0.106940 0.238140
v -0.557860 0.138660 0.348700
v 0.229380 0.225220 -0.365140
v 0.198580 0.058900 -0.204140
v 0.181900 -0.031100 0.006240
v 0.180200 -0.045760 0.120100
v 0.181900 -0.031100 0.233940
v 0.188740 0.000340 0.344500
v 0.213080 0.131640 0.534740
v -0.405720 0.246520 -0.290120
v -0.546000 0.196920 -0.199880
v -0.420220 0.173880 -0.199720
v -0.557860 0.138660 -0.100120
v -0.430020 0.115300 -0.099980
v -0.562680 0.106940 0.010460
v -0.436880 0.083940 0.010520
v -0.438560 0.069220 0.124300
v -0.436900 0.083940 0.238080
v -0.430020 0.115300 0.348580
v -0.546000 0.196920 0.448480
v -0.420220 0.173880 0.448320
v 0.103680 0.249340 -0.363980
v 0.085240 0.156040 -0.293820
v 0.213080 0.131640 -0.294560
v 0.072820 0.082140 -0.204140
v 0.061040 0.023760 -0.104400
v 0.188740 0.000340 -0.104320
v 0.056160 -0.008040 0.006200
v 0.045460 0.269880 -0.238040
v 0.052480 -0.022380 0.120100
v 0.056160 -0.008040 0.234000
v -0.049220 0.216940 -0.363120
v 0.061040 0.023760 0.344600
v 0.072840 0.081980 0.444460
v 0.198580 0.058900 0.444320
v 0.085360 0.155100 0.534920
v -0.159480 0.226540 -0.363120
v -0.265740 0.257480 -0.363120
v -1.954660 -5.835900 0.873380
v -1.954660 -5.835900 -0.534700
v -0.572960 -6.108820 -0.533740
v -0.572960 -6.108820 0.874040
v -1.330120 -0.104060 1.323300
v -1.330060 -0.103040 -0.896800
v 0.405760 -0.514320 -0.893720
v 0.405760 -0.515680 1.324560
v -1.390900 0.204700 0.146440
v -1.789300 -1.917320 -0.841660
v -2.045800 -6.320780 0.105020
v -1.789300 -1.917520 1.485460
v -0.196200 -0.126060 -1.383120
v 0.229620 -2.373620 -0.837860
v -1.313600 -6.514660 -0.015900
v 0.761840 -0.249620 0.149320
v 0.229620 -2.373900 1.488440
v -0.348280 -6.596080 0.105540
v -0.196200 -0.126260 1.703840
v -1.313600 -6.514660 1.125280
v -1.968320 -1.868440 0.179020
v -0.589700 -2.249720 -1.322000
v 0.620900 -2.392640 0.183020
v -0.589700 -2.249740 2.046780
v -1.448120 -7.291140 0.211002
v -0.130760 0.227620 0.126780
v 0.186720 -0.196520 -1.307060
v -0.919040 -6.517700 1.072580
v -0.919040 -6.517700 -0.558240
v 0.186720 -0.197660 1.644780
v -0.177460 -2.321980 -1.331120
v -0.177460 -2.322180 1.951160
v -1.032060 -7.214140 0.131922
v 0.257820 0.154800 0.129240
v -1.682400 -6.376781 -0.558839
v -0.642840 -0.029500 1.646220
v -0.642800 -0.028660 -1.308260
v -1.682400 -6.376781 1.073061
v -1.048260 -2.149040 -1.333220
v -1.048260 -2.149180 1.952440
v -1.801900 -7.075720 0.131922
v -0.306940 -2.302000 -1.301500
v 0.078540 -0.176980 -1.365100
v -1.031280 -6.521580 1.112381
v -1.031280 -6.521580 -0.084300
v 0.078540 -0.177800 1.685700
v -0.306940 -2.302140 2.008700
v -1.149080 -7.245880 0.200382
v 0.150320 0.175020 0.126760
v -0.869540 -2.197980 2.009480
v -1.577140 -6.421200 -0.084500
v -0.467340 -0.077180 1.686840
v -0.467320 -0.076580 -1.365400
v -1.577140 -6.421200 1.112600
v -0.869520 -2.197880 -1.302120
v -1.708660 -7.143900 0.200382
v -0.408980 0.278420 0.126900
v -1.885760 -2.878160 -0.777480
v 0.065860 -3.308440 -0.774080
v 0.065860 -3.308440 1.401900
v -1.885760 -2.878160 1.399000
v -2.056540 -2.843580 0.172140
v -0.755140 -3.197500 -0.410800
v 0.454880 -3.337700 0.175740
v -0.755140 -3.197500 1.946880
v -0.341760 -3.261580 -1.117160
v -0.341760 -3.261580 1.852840
v -1.202680 -3.092480 1.853940
v -1.202680 -3.092480 -1.119160
v -0.471660 -3.244440 1.910020
v -0.471660 -3.244440 -0.489840
v -1.033940 -3.140360 -0.490460
v -1.033940 -3.140340 1.910640
v -2.206320 -7.594419 -0.622478
v -0.958360 -7.873460 -0.521858
v -2.236020 -7.736360 -0.610558
v -2.352360 -7.736360 0.840622
v -2.324940 -7.594419 0.857142
v -2.295240 -7.452500 0.845201
v -1.047280 -7.731520 0.945822
v -2.264380 -7.316040 0.805322
v -1.016440 -7.595060 0.905922
v -2.233600 -7.190260 0.738982
v -0.985640 -7.469280 0.839582
v -2.204020 -7.080020 0.648742
v -0.956080 -7.359040 0.749362
v -2.176820 -6.989540 0.538102
v -0.928880 -7.268560 0.638702
v -2.153040 -6.922320 0.411282
v -0.905100 -7.201340 0.511902
v -2.133580 -6.880920 0.273162
v -0.885640 -7.159940 0.373782
v -2.119200 -6.866940 0.129062
v -0.871240 -7.145960 0.229682
v -2.110440 -6.880920 -0.015478
v -0.862500 -7.159940 0.085122
v -2.107640 -6.922320 -0.154938
v -0.859700 -7.201340 -0.054338
v -2.110920 -6.989540 -0.283918
v -0.862980 -7.268560 -0.183318
v -2.120140 -7.080020 -0.397498
v -0.872200 -7.359040 -0.296878
v -2.134960 -7.190260 -0.491278
v -0.887020 -7.469280 -0.390658
v -2.154800 -7.316040 -0.561678
v -0.906840 -7.595060 -0.461058
v -2.178880 -7.452500 -0.605979
v -0.930940 -7.731520 -0.505358
v -1.495260 -7.766180 -0.414258
v -1.565140 -7.654660 0.738982
v -1.540900 -7.547421 0.707642
v -1.516700 -7.448600 0.655502
v -1.493460 -7.361980 0.584622
v -1.472100 -7.290880 0.497682
v -1.453400 -7.238060 0.398022
v -1.438120 -7.205520 0.289502
v -1.426820 -7.194540 0.176282
v -1.419940 -7.205520 0.062682
v -1.417740 -7.238060 -0.046878
v -1.420320 -7.290880 -0.148238
v -1.427560 -7.361980 -0.237478
v -1.439200 -7.448600 -0.311158
v -1.454780 -7.547421 -0.366478
v -1.473720 -7.654660 -0.401278
v -1.782000 -7.726980 0.732842
v -1.758660 -7.615460 0.723462
v -1.734440 -7.508220 0.692122
v -1.710240 -7.409400 0.640002
v -1.687000 -7.322760 0.569102
v -1.665640 -7.251680 0.482162
v -1.646940 -7.198860 0.382502
v -1.631660 -7.166320 0.273982
v -1.620340 -7.155340 0.160762
v -1.613460 -7.166320 0.047182
v -1.611280 -7.198860 -0.062398
v -1.613840 -7.251680 -0.163758
v -1.621100 -7.322760 -0.252998
v -1.632740 -7.409400 -0.326678
v -1.648320 -7.508220 -0.381998
v -1.667240 -7.615460 -0.416798
v -1.688800 -7.726980 -0.429778
v -1.446060 -7.774660 -0.560958
v -1.534980 -7.632740 0.906722
v -1.504140 -7.496260 0.866822
v -1.473340 -7.370480 0.800482
v -1.443780 -7.260240 0.710262
v -1.416580 -7.169760 0.599602
v -1.392800 -7.102540 0.472802
v -1.373340 -7.061140 0.334682
v -1.358960 -7.047160 0.190582
v -1.350200 -7.061140 0.046022
v -1.347400 -7.102540 -0.093438
v -1.350680 -7.169760 -0.222418
v -1.359900 -7.260240 -0.335978
v -1.374720 -7.370480 -0.429758
v -1.394540 -7.496260 -0.500158
v -1.418640 -7.632740 -0.544458
v -1.748700 -7.861300 -0.570918
v -1.837620 -7.719380 0.896762
v -1.807920 -7.577440 0.884842
v -1.777080 -7.440980 0.844942
v -1.746280 -7.315200 0.778602
v -1.716720 -7.204960 0.688382
v -1.689520 -7.114480 0.577722
v -1.665720 -7.047260 0.450922
v -1.646280 -7.005860 0.312802
v -1.631880 -6.991880 0.168702
v -1.623120 -7.005860 0.024142
v -1.620340 -7.047260 -0.115318
v -1.623620 -7.114480 -0.244298
v -1.632840 -7.204960 -0.357858
v -1.647640 -7.315200 -0.451638
v -1.667480 -7.440980 -0.522038
v -1.691580 -7.577440 -0.566338
v -1.719000 -7.719380 -0.582858
v 0.726920 0.220680 -0.089480
v 0.933100 0.123660 -0.089480
v 1.149820 0.053240 -0.089480
v 1.373660 0.010540 -0.089480
v 0.743720 0.220680 -0.260020
v 0.945940 0.123660 -0.219800
v 1.158500 0.053240 -0.177520
v 1.378040 0.010540 -0.133840
v 0.793460 0.220680 -0.424000
v 0.983960 0.123660 -0.345100
v 1.184180 0.053240 -0.262160
v 1.390980 0.010540 -0.176500
v 0.874240 0.220680 -0.575140
v 1.045680 0.123660 -0.460600
v 1.225880 0.053240 -0.340180
v 1.412000 0.010540 -0.215820
v 0.846900 0.342780 -0.843660
v 0.982960 0.220680 -0.707620
v 1.128760 0.123660 -0.561820
v 1.282000 0.053240 -0.408560
v 1.440280 0.010540 -0.250280
v 1.008540 0.342780 -0.976300
v 1.115420 0.220680 -0.816320
v 1.229980 0.123660 -0.644880
v 1.350380 0.053240 -0.464680
v 1.474740 0.010540 -0.278580
v 1.192940 0.342780 -1.074860
v 1.266560 0.220680 -0.897100
v 1.345460 0.123660 -0.706620
v 1.428400 0.053240 -0.506400
v 1.514060 0.010540 -0.299580
v 1.393020 0.342780 -1.135560
v 1.430540 0.220680 -0.946860
v 1.470780 0.123660 -0.744620
v 1.513060 0.053240 -0.532080
v 1.556720 0.010540 -0.312540
v 1.601100 0.342780 -1.156060
v 1.601100 0.220680 -0.963660
v 1.601100 0.123660 -0.757460
v 1.470780 0.123660 0.565680
v 1.513060 0.053240 0.353120
v 1.345460 0.123660 0.527660
v 1.428400 0.053240 0.327440
v 1.514060 0.010540 0.120640
v 1.229980 0.123660 0.465940
v 1.350380 0.053240 0.285740
v 1.474740 0.010540 0.099620
v 1.128760 0.123660 0.382860
v 1.282000 0.053240 0.229620
v 1.440280 0.010540 0.071340
v 1.045680 0.123660 0.281640
v 1.225880 0.053240 0.161240
v 1.412000 0.010540 0.036880
v 0.793460 0.220680 0.245060
v 0.983960 0.123660 0.166160
v 1.184180 0.053240 0.083220
v 1.390980 0.010540 -0.002440
v 0.743720 0.220680 0.081060
v 0.945940 0.123660 0.040840
v 1.158500 0.053240 -0.001440
v 1.378040 0.010540 -0.045100
v 1.601100 -0.003760 -0.089480
v -1.180160 -5.729880 -0.682620
v -1.200540 -5.726200 -0.684660
v -1.200540 -5.726200 -0.784580
v -0.636100 -2.599480 -0.784580
v -1.160980 -5.733340 -0.780620
v -0.596560 -2.606620 -0.780620
v -1.122960 -5.740220 -0.768900
v -0.558520 -2.613480 -0.768900
v -1.087900 -5.746540 -0.749860
v -0.523480 -2.619800 -0.749860
v -1.057180 -5.752080 -0.724240
v -0.492760 -2.625340 -0.724240
v -1.031980 -5.756640 -0.693040
v -0.467540 -2.629900 -0.693040
v -1.013240 -5.760020 -0.657420
v -0.448820 -2.633280 -0.657420
v -1.001720 -5.762100 -0.618780
v -0.437280 -2.635360 -0.618780
v -0.997820 -5.762800 -0.578580
v -0.433380 -2.636060 -0.578580
v -1.001720 -5.762100 -0.538400
v -0.437280 -2.635360 -0.538400
v -1.013240 -5.760020 -0.499760
v -0.448820 -2.633280 -0.499760
v -1.031980 -5.756640 -0.464140
v -0.467540 -2.629900 -0.464140
v -1.057180 -5.752080 -0.432940
v -0.492760 -2.625340 -0.432940
v -1.087900 -5.746540 -0.407320
v -0.523480 -2.619800 -0.407320
v -1.122960 -5.740220 -0.388280
v -0.558520 -2.613480 -0.388280
v -1.160980 -5.733340 -0.376560
v -0.596560 -2.606620 -0.376560
v -1.200540 -5.726200 -0.372600
v -0.636100 -2.599480 -0.372600
v -1.240080 -5.719060 -0.376560
v -0.675640 -2.592340 -0.376560
v -1.278100 -5.712200 -0.388280
v -0.713680 -2.585480 -0.388280
v -1.313160 -5.705880 -0.407320
v -0.748720 -2.579140 -0.407320
v -1.343880 -5.700340 -0.432940
v -0.779440 -2.573600 -0.432940
v -1.369080 -5.695780 -0.464140
v -0.804660 -2.569040 -0.464140
v -1.387820 -5.692400 -0.499760
v -0.823380 -2.565660 -0.499760
v -1.399360 -5.690320 -0.538400
v -0.834920 -2.563580 -0.538400
v -1.403240 -5.689620 -0.578580
v -0.838820 -2.562880 -0.578580
v -1.399360 -5.690320 -0.618780
v -0.834920 -2.563580 -0.618780
v -1.387820 -5.692400 -0.657420
v -0.823380 -2.565660 -0.657420
v -1.369080 -5.695780 -0.693040
v -0.804660 -2.569040 -0.693040
v -1.343880 -5.700340 -0.724240
v -0.779440 -2.573600 -0.724240
v -1.313160 -5.705880 -0.749860
v -0.748720 -2.579140 -0.749860
v -1.278100 -5.712200 -0.768900
v -0.713680 -2.585480 -0.768900
v -1.240080 -5.719060 -0.780620
v -0.675640 -2.592340 -0.780620
v -1.160580 -5.733420 -0.676580
v -1.142540 -5.736680 -0.666780
v -1.126720 -5.739540 -0.653580
v -1.113740 -5.741880 -0.637520
v -1.104100 -5.743620 -0.619180
v -1.098160 -5.744700 -0.599280
v -1.096160 -5.745040 -0.578580
v -1.098160 -5.744700 -0.557900
v -1.104100 -5.743620 -0.538000
v -1.113740 -5.741880 -0.519660
v -1.126720 -5.739540 -0.503580
v -1.142540 -5.736680 -0.490400
v -1.160580 -5.733420 -0.480600
v -1.180160 -5.729880 -0.474560
v -1.200540 -5.726200 -0.472520
v -1.220900 -5.722540 -0.474560
v -1.240480 -5.719000 -0.480600
v -1.258520 -5.715740 -0.490400
v -1.274340 -5.712880 -0.503580
v -1.287320 -5.710540 -0.519660
v -1.296960 -5.708800 -0.538000
v -1.302900 -5.707720 -0.557900
v -1.304920 -5.707360 -0.578580
v -1.302900 -5.707720 -0.599280
v -1.296960 -5.708800 -0.619180
v -1.287320 -5.710540 -0.637520
v -1.274340 -5.712880 -0.653580
v -1.258520 -5.715740 -0.666780
v -1.240480 -5.719000 -0.676580
v -1.220900 -5.722540 -0.682620
v -1.823120 -8.961540 -0.714578
v -1.843480 -8.957860 -0.716618
v -1.803520 -8.965080 -0.708538
v -1.785480 -8.968340 -0.698738
v -1.769660 -8.971180 -0.685558
v -1.756680 -8.973520 -0.669478
v -1.747040 -8.975260 -0.651138
v -1.741100 -8.976340 -0.631238
v -1.739100 -8.976700 -0.610558
v -1.741100 -8.976340 -0.589858
v -1.747040 -8.975260 -0.569958
v -1.756680 -8.973520 -0.551618
v -1.769660 -8.971180 -0.535558
v -1.785480 -8.968340 -0.522358
v -1.803520 -8.965080 -0.512558
v -1.823120 -8.961540 -0.506518
v -1.843480 -8.957860 -0.504478
v -1.863840 -8.954180 -0.506518
v -1.883420 -8.950661 -0.512558
v -1.901460 -8.947400 -0.522358
v -1.917280 -8.944540 -0.535558
v -1.930260 -8.942200 -0.551618
v -1.939900 -8.940460 -0.569958
v -1.945840 -8.939380 -0.589858
v -1.947860 -8.939020 -0.610558
v -1.945840 -8.939380 -0.631238
v -1.939900 -8.940460 -0.651138
v -1.930260 -8.942200 -0.669478
v -1.917280 -8.944540 -0.685558
v -1.901460 -8.947400 -0.698738
v -1.883420 -8.950661 -0.708538
v -1.863840 -8.954180 -0.714578
v -1.324280 0.326460 -1.417820
v 1.041160 0.192800 -2.122220
v 1.501820 0.430640 -1.798280
v -1.134260 -0.171700 -1.552740
v -0.717160 -0.463300 -1.717040
v 1.421520 0.010300 1.150480
v 1.467460 -0.062640 0.819880
v 1.156360 -0.128060 -1.363160
v 1.149660 -0.368360 0.172000
v 1.488760 0.327840 -1.372800
v -1.203640 0.321220 -1.660020
v -0.707720 0.245180 -2.236840
v -0.013160 -0.520520 -2.015760
v -0.671440 -0.422480 -1.944100
v 0.708220 -0.419620 -1.713080
v 0.165580 0.094540 -2.367900
v -1.077460 -0.181600 -1.651300
v 0.510480 -0.535780 -1.391140
v 1.033560 -0.346760 -0.741480
v -0.122940 -0.582860 -1.707380
v 0.867400 0.044820 1.494260
v 1.099060 -0.250980 0.890440
v 1.352760 -0.011240 1.039400
v 1.262980 0.084760 1.204420
v 1.544180 -0.058800 -0.068080
v 1.489660 -0.083540 0.355400
v 1.451180 0.023600 -0.630760
v 1.468760 0.180940 -1.165580
v 1.342140 -0.150700 0.299820
v 1.264960 -0.049080 0.902880
v 1.380020 -0.126620 -0.317000
v 1.328900 -0.197620 0.283700
v 1.352300 -0.167980 -0.371440
v 0.971400 0.247420 1.575980
v 1.257820 -0.091300 0.925680
v 1.294320 0.025920 1.007440
v 1.430120 -0.047260 0.892460
v 1.601080 0.078560 -0.434600
v 1.372520 -0.050900 0.800480
v 1.397040 -0.090620 0.319640
v 1.328660 0.087180 1.260400
v 1.448560 -0.070780 -0.229900
v 1.300220 0.023040 1.119180
v 1.354440 -0.033700 0.912920
v -1.189720 0.331960 -1.357620
v 0.964740 0.262260 -2.016900
v 1.377020 0.481120 -1.737980
v -1.011640 -0.116100 -1.492480
v -0.651120 -0.337140 -1.678500
v 1.469360 0.083740 0.801740
v 1.061620 -0.020460 -1.328400
v 1.066720 -0.246380 0.169400
v 1.418980 0.341160 -1.275060
v -1.080200 0.333800 -1.580240
v -0.632840 0.273780 -2.113000
v -0.019480 -0.402700 -1.927200
v -0.608700 -0.321560 -1.856680
v 0.642860 -0.301020 -1.654560
v 0.156860 0.150760 -2.231800
v -0.967180 -0.111400 -1.582940
v 0.455180 -0.400820 -1.369020
v 0.941940 -0.233020 -0.720840
v -0.122420 -0.438760 -1.675880
v 0.813760 0.142360 1.397460
v 1.024260 -0.134760 0.838880
v 1.457200 0.059880 -0.057480
v 1.457480 0.060400 0.357820
v 1.402560 0.116820 -0.605020
v 1.432540 0.336880 -1.186460
v 1.229560 -0.101040 0.310520
v 1.196360 -0.054460 0.859940
v 1.270380 -0.079560 -0.367680
v 1.220000 -0.102580 0.272000
v 1.247540 -0.066060 -0.359240
v 1.152220 -0.012440 0.872560
v 1.284060 0.117000 0.964060
v 1.601080 0.175980 -0.410240
v 1.355320 0.054680 0.776680
v 1.359880 0.010520 0.314660
v 1.393860 0.018780 -0.217400
v 1.344100 0.077420 0.875400
v -2.224400 -7.593040 -0.393398
v -2.244360 -7.688440 -0.385398
v -2.322560 -7.688440 0.590062
v -2.304140 -7.593040 0.601162
v -2.284160 -7.497640 0.593142
v -2.263440 -7.405900 0.566322
v -2.242740 -7.321360 0.521741
v -2.222860 -7.247260 0.461082
v -2.204580 -7.186440 0.386722
v -2.188580 -7.141260 0.301462
v -2.175500 -7.113420 0.208622
v -2.165840 -7.104040 0.111762
v -2.159960 -7.113420 0.014602
v -2.158080 -7.141260 -0.079138
v -2.160280 -7.186440 -0.165838
v -2.166480 -7.247260 -0.242178
v -2.176440 -7.321360 -0.305218
v -2.189760 -7.405900 -0.352538
v -2.205960 -7.497640 -0.382318
v -1.015460 -7.686400 0.663022
v -0.994940 -7.602520 0.618802
v -0.975220 -7.529020 0.558642
v -0.957080 -7.468680 0.484842
v -0.941220 -7.423860 0.400282
v -0.928240 -7.396240 0.308182
v -0.918660 -7.386920 0.212102
v -0.912820 -7.396240 0.115702
v -0.910960 -7.423860 0.022702
v -0.913140 -7.468680 -0.063298
v -0.919280 -7.529020 -0.139038
v -0.929160 -7.602520 -0.201558
v -0.942380 -7.686400 -0.248518
v -0.958460 -7.777400 -0.278058
v -2.035780 -7.631260 -0.378278
v -2.055740 -7.726660 -0.370258
v -2.133940 -7.726660 0.605182
v -2.115500 -7.631260 0.616282
v -2.095540 -7.535840 0.608262
v -2.074800 -7.444120 0.581442
v -2.054100 -7.359580 0.536862
v -2.034240 -7.285480 0.476202
v -2.015960 -7.224660 0.401842
v -1.999960 -7.179460 0.316582
v -1.986880 -7.151640 0.223762
v -1.977220 -7.142240 0.126882
v -1.971320 -7.151640 0.029722
v -1.969440 -7.179460 -0.064018
v -1.971660 -7.224660 -0.150718
v -1.977860 -7.285480 -0.227058
v -1.987800 -7.359580 -0.290098
v -2.001140 -7.444120 -0.337418
v -2.017340 -7.535840 -0.367178
v -1.295160 -7.724900 0.668862
v -1.274600 -7.633900 0.642262
v -1.254060 -7.550040 0.598022
v -1.234340 -7.476520 0.537862
v -1.216220 -7.416180 0.464082
v -1.200360 -7.371360 0.379502
v -1.187380 -7.343760 0.287402
v -1.177780 -7.334440 0.191322
v -1.171940 -7.343760 0.094922
v -1.170080 -7.371360 0.001942
v -1.172260 -7.416200 -0.084078
v -1.178420 -7.476520 -0.159798
v -1.188300 -7.550040 -0.222338
v -1.201520 -7.633900 -0.269278
v -1.217580 -7.724900 -0.298818
v -2.040340 -7.630900 -0.320498
v -2.057840 -7.714560 -0.313478
v -2.076020 -7.795020 -0.289958
v -2.126420 -7.714560 0.541982
v -2.110260 -7.630900 0.551722
v -2.092740 -7.547240 0.544682
v -2.074560 -7.466780 0.521162
v -2.056420 -7.392640 0.482062
v -2.038980 -7.327660 0.428882
v -2.022960 -7.274320 0.363642
v -2.008920 -7.234680 0.288902
v -1.997460 -7.210279 0.207482
v -1.988980 -7.202040 0.122522
v -1.983820 -7.210279 0.037322
v -1.982160 -7.234680 -0.044898
v -1.984100 -7.274320 -0.120938
v -1.989540 -7.327660 -0.187878
v -1.998260 -7.392640 -0.243158
v -2.009960 -7.466780 -0.284658
v -2.024160 -7.547240 -0.310778
v -2.151420 -7.608400 -0.329418
v -2.168940 -7.692060 -0.322378
v -2.187120 -7.772520 -0.298858
v -2.205280 -7.846660 -0.259758
v -2.222700 -7.911640 -0.206578
v -2.238740 -7.964980 -0.141338
v -2.252760 -8.004600 -0.066578
v -2.264220 -8.029020 0.014842
v -2.272700 -8.037260 0.099782
v -2.277860 -8.029020 0.185002
v -2.279520 -8.004600 0.267202
v -2.277580 -7.964980 0.343242
v -2.272140 -7.911640 0.410182
v -2.263420 -7.846660 0.465462
v -2.251720 -7.772520 0.506962
v -2.237520 -7.692060 0.533082
v -2.221360 -7.608400 0.542822
v -2.203840 -7.524740 0.535782
v -2.185660 -7.444280 0.512262
v -2.167500 -7.370140 0.473162
v -2.150080 -7.305140 0.419962
v -2.134040 -7.251820 0.354742
v -2.120020 -7.212180 0.279982
v -2.108560 -7.187780 0.198562
v -2.100080 -7.179540 0.113622
v -2.094900 -7.187780 0.028402
v -2.093260 -7.212180 -0.053798
v -2.095200 -7.251820 -0.129838
v -2.100620 -7.305140 -0.196778
v -2.109360 -7.370140 -0.252078
v -2.121060 -7.444280 -0.293558
v -2.135260 -7.524740 -0.319678
v -1.285760 -7.735720 0.617082
v -1.267300 -7.654000 0.593202
v -1.248860 -7.578700 0.553482
v -1.231140 -7.512700 0.499462
v -1.214860 -7.458520 0.433202
v -1.200620 -7.418280 0.357282
v -1.188980 -7.393480 0.274582
v -1.180360 -7.385120 0.188302
v -1.175120 -7.393480 0.101742
v -1.173440 -7.418280 0.018242
v -1.175400 -7.458520 -0.058978
v -1.180920 -7.512700 -0.126978
v -1.189800 -7.578700 -0.183138
v -1.201680 -7.654000 -0.225278
v -1.216100 -7.735720 -0.251798
v -1.129540 -7.681920 0.604242
v -1.111100 -7.606600 0.564522
v -1.093400 -7.540600 0.510502
v -1.077120 -7.486420 0.444242
v -1.062860 -7.446180 0.368322
v -1.051220 -7.421380 0.285622
v -1.042600 -7.413020 0.199342
v -1.037360 -7.421380 0.112782
v -1.035700 -7.446180 0.029302
v -1.037660 -7.486420 -0.047938
v -1.043180 -7.540600 -0.115938
v -1.052040 -7.606600 -0.172078
v -1.063920 -7.681920 -0.214238
v -1.078340 -7.763620 -0.240758
vn 0.9408 -0.3387 0.0128
vn 0.7543 -0.6477 -0.1075
vn 0.7436 -0.6537 -0.1401
vn 0.9442 -0.3230 -0.0648
vn 0.9437 -0.3218 0.0769
vn 0.7542 -0.6477 0.1075
vn 0.7455 -0.6623 0.0743
vn 0.9421 -0.3353 -0.0000
vn 0.6703 -0.6681 0.3231
vn 0.9442 -0.3230 0.0649
vn 0.9476 -0.2903 0.1333
vn 0.7560 -0.5943 -0.2743
vn 0.9504 -0.2832 -0.1290
vn 0.7667 -0.5685 -0.2983
vn 0.9502 -0.3002 -0.0834
vn 0.7455 -0.6624 -0.0742
vn 0.9437 -0.3218 -0.0769
vn 0.9467 -0.3209 -0.0291
vn 0.7437 -0.6537 0.1400
vn 0.9408 -0.3388 -0.0128
vn 0.9466 -0.3210 0.0291
vn 0.9442 -0.3258 -0.0484
vn 0.6725 -0.6249 -0.3964
vn -0.9970 0.0341 -0.0697
vn -0.9350 -0.3378 -0.1082
vn -0.9320 -0.3547 -0.0742
vn -0.9994 0.0264 -0.0213
vn -0.9985 -0.0009 0.0540
vn -0.9970 -0.0072 0.0767
vn -0.9997 0.0198 -0.0107
vn -0.9350 -0.3378 0.1082
vn -0.9272 -0.3469 0.1413
vn -0.9972 0.0353 0.0653
vn -0.9981 0.0338 0.0510
vn -0.9181 -0.2590 0.3001
vn -0.8495 -0.3454 0.3988
vn -0.9972 0.0353 -0.0653
vn -0.9272 -0.3469 -0.1413
vn -0.9997 0.0198 0.0107
vn -0.9988 0.0381 -0.0295
vn -0.9320 -0.3547 0.0742
vn -0.9965 0.0360 0.0753
vn -0.9988 0.0381 0.0295
vn -0.9175 -0.2871 0.2754
vn -0.9890 0.0739 0.1281
vn -0.9947 0.0589 0.0845
vn -0.9997 0.0234 -0.0000
vn -0.9326 -0.3532 0.0746
vn -0.9963 0.0368 0.0772
vn -0.9356 -0.3362 0.1079
vn -0.9988 0.0388 0.0294
vn -0.9997 0.0199 -0.0128
vn -0.9277 -0.3459 0.1404
vn -0.9999 0.0116 0.0031
vn -0.9891 0.0734 -0.1275
vn -0.9190 -0.2543 -0.3012
vn -0.9174 -0.2870 -0.2757
vn 0.9656 -0.2600 -0.0000
vn 0.7442 -0.6639 -0.0739
vn 0.9696 -0.2365 -0.0629
vn 0.7529 -0.6493 -0.1079
vn 0.9743 -0.2251 -0.0091
vn 0.9877 -0.1283 -0.0899
vn 0.9935 -0.1140 -0.0000
vn 0.9697 -0.2361 0.0625
vn 0.7529 -0.6492 0.1079
vn 0.7442 -0.6638 0.0739
vn 0.9877 -0.1283 0.0899
vn 0.9669 -0.2538 0.0278
vn 0.9440 -0.3236 0.0648
vn 0.7426 -0.6548 0.1410
vn 0.9407 -0.3389 -0.0110
vn -0.1569 -0.8550 -0.4943
vn 0.7396 -0.6390 -0.2115
vn -0.1658 -0.9047 -0.3925
vn -0.9185 -0.3337 -0.2122
vn -0.9179 -0.2855 -0.2755
vn -0.1470 -0.8021 -0.5789
vn -0.1724 -0.9392 -0.2970
vn -0.1768 -0.9615 -0.2104
vn -0.9356 -0.3363 -0.1079
vn -0.9277 -0.3460 -0.1405
vn 0.4415 -0.8904 -0.1103
vn 0.8321 -0.5523 -0.0509
vn 0.7699 -0.6325 -0.0842
vn 0.0119 -0.9925 -0.1220
vn 0.2980 -0.9482 -0.1100
vn -0.0857 -0.9886 -0.1238
vn 0.0104 -0.9925 -0.1221
vn -0.0866 -0.9885 -0.1238
vn -0.1827 -0.9753 -0.1244
vn -0.2771 -0.9528 -0.1238
vn -0.1826 -0.9753 -0.1244
vn -0.3689 -0.9214 -0.1221
vn -0.2778 -0.9526 -0.1238
vn -0.4146 -0.9020 -0.1207
vn -0.3702 -0.9209 -0.1220
vn -0.9963 0.0368 -0.0772
vn -0.9326 -0.3532 -0.0746
vn -0.9887 0.0753 -0.1296
vn -0.8637 -0.3496 -0.3631
vn -0.9972 0.0357 -0.0652
vn -0.9997 0.0199 0.0128
vn -0.9988 0.0388 -0.0294
vn 0.9442 -0.3255 0.0505
vn 0.7653 -0.5698 0.2993
vn 0.9500 -0.3007 0.0840
vn 0.9663 -0.2548 0.0356
vn 0.7425 -0.6548 -0.1410
vn 0.9667 -0.2539 -0.0322
vn 0.9928 -0.1177 0.0234
vn 0.9805 -0.1651 0.1069
vn 0.9499 -0.2890 -0.1193
vn 0.7769 -0.4602 -0.4297
vn 0.9596 -0.2309 -0.1609
vn 0.7083 -0.4644 -0.5316
vn 0.9634 -0.2157 -0.1590
vn 0.9421 -0.3308 -0.0553
vn 0.7653 -0.5698 -0.2993
vn 0.7571 -0.5625 -0.3321
vn 0.9501 -0.2846 0.1278
vn 0.7548 -0.5956 0.2747
vn 0.7548 -0.5956 -0.2747
vn 0.9670 -0.2339 -0.1012
vn 0.9500 -0.3008 -0.0840
vn -0.1155 -0.6331 -0.7654
vn 0.4805 -0.6574 -0.5805
vn -0.1249 -0.6833 -0.7193
vn -0.6817 -0.4436 -0.5819
vn -0.6798 -0.3868 -0.6231
vn -0.1375 -0.7497 -0.6473
vn -0.7001 -0.5007 -0.5090
vn -0.1796 -0.9777 -0.1091
vn 0.7352 -0.6779 -0.0000
vn -0.1805 -0.9836 -0.0000
vn -0.9284 -0.3716 -0.0000
vn -0.1767 -0.9615 0.2103
vn -0.1795 -0.9777 0.1091
vn -0.1658 -0.9047 0.3926
vn -0.1726 -0.9391 0.2971
vn 0.0987 -0.8298 0.5493
vn -0.1568 -0.8550 0.4944
vn -0.7230 -0.5587 0.4063
vn -0.8633 -0.4414 0.2448
vn 0.7396 -0.6389 0.2115
vn 0.4883 -0.7303 0.4777
vn 0.4883 -0.7432 0.4574
vn 0.4769 -0.7430 0.4696
vn -0.0983 -0.4969 -0.8622
vn -0.1028 -0.5223 -0.8466
vn -0.6812 -0.2989 -0.6683
vn -0.6698 -0.3001 -0.6792
vn -0.1164 -0.5999 -0.7916
vn 0.7573 -0.5230 -0.3912
vn -0.1295 -0.6818 -0.7200
vn -0.8975 -0.2115 -0.3870
vn -0.8341 -0.2190 -0.5062
vn -0.1397 -0.7488 -0.6480
vn -0.1480 -0.8018 -0.5789
vn -0.9113 -0.2469 -0.3296
vn -0.1572 -0.8550 -0.4943
vn 0.7384 -0.6401 -0.2122
vn -0.1664 -0.9045 -0.3927
vn -0.9181 -0.3345 -0.2127
vn -0.1727 -0.9392 -0.2969
vn -0.1769 -0.9616 -0.2098
vn -0.1799 -0.9776 -0.1090
vn 0.7340 -0.6792 -0.0000
vn -0.1808 -0.9835 -0.0000
vn -0.9279 -0.3728 -0.0000
vn -0.1771 -0.9615 0.2101
vn -0.1799 -0.9776 0.1090
vn -0.1664 -0.9045 0.3927
vn -0.1726 -0.9392 0.2970
vn -0.1474 -0.8021 0.5788
vn -0.1571 -0.8550 0.4942
vn -0.9181 -0.3345 0.2126
vn 0.7385 -0.6401 0.2121
vn 0.6709 -0.6257 0.3980
vn 0.1004 -0.7191 0.6876
vn -0.1375 -0.7495 0.6475
vn 0.4848 -0.6188 0.6181
vn 0.4777 -0.6582 0.5819
vn 0.4961 -0.6051 0.6227
vn -0.9979 0.0118 -0.0640
vn -0.9945 0.0522 -0.0910
vn -0.9902 0.0632 -0.1245
vn -0.9760 0.1305 -0.1746
vn -0.6014 0.3464 0.7199
vn 0.4120 0.2573 0.8741
vn -0.5896 0.4183 0.6909
vn -0.5561 0.5533 0.6202
vn 0.7304 0.3688 0.5749
vn -0.5238 0.6718 0.5238
vn 0.7571 0.4575 0.4664
vn -0.4938 0.7693 0.4054
vn 0.7804 0.5235 0.3420
vn -0.4673 0.8420 0.2694
vn 0.7995 0.5641 0.2066
vn -0.4453 0.8871 0.1212
vn -0.4288 0.9028 -0.0339
vn 0.8222 0.5640 -0.0766
vn -0.4182 0.8883 -0.1898
vn -0.4142 0.8441 -0.3404
vn 0.8217 0.4575 -0.3398
vn -0.4168 0.7720 -0.4800
vn -0.4259 0.6744 -0.6031
vn 0.7981 0.2607 -0.5432
vn -0.4413 0.5554 -0.7048
vn 0.7451 0.3034 -0.5940
vn 0.6994 0.1831 -0.6909
vn 0.7244 0.3176 -0.6119
vn 0.5676 -0.7635 0.3080
vn 0.5706 -0.7016 0.4268
vn 0.5232 0.0882 -0.8476
vn -0.4993 0.1946 -0.8443
vn -0.4882 0.2715 -0.8294
vn -0.4623 0.4193 -0.7813
vn -0.5294 0.5370 -0.6568
vn -0.8471 -0.3293 0.4170
vn -0.5115 0.6473 -0.5651
vn 0.9312 -0.1677 0.3237
vn 0.5524 0.0327 0.8330
vn 0.5422 -0.0430 0.8392
vn 0.7686 -0.0080 0.6397
vn 0.5891 0.1785 0.7881
vn 0.6186 0.1660 0.7680
vn 0.6251 0.3122 0.7154
vn 0.6502 0.2978 0.6990
vn 0.6591 0.4291 0.6176
vn 0.6804 0.4136 0.6049
vn 0.6899 0.5248 0.4986
vn 0.7081 0.5090 0.4894
vn 0.7163 0.5961 0.3627
vn 0.7321 0.5803 0.3568
vn 0.7373 0.6404 0.2150
vn 0.7516 0.6246 0.2121
vn 0.7523 0.6560 0.0609
vn 0.7657 0.6403 0.0608
vn 0.7606 0.6423 -0.0942
vn 0.7740 0.6266 -0.0914
vn 0.7619 0.5998 -0.2444
vn 0.7760 0.5840 -0.2384
vn 0.7561 0.5298 -0.3842
vn 0.7717 0.5141 -0.3745
vn 0.7435 0.4346 -0.5083
vn 0.7613 0.4192 -0.4947
vn -0.4828 0.5465 -0.6843
vn -0.5030 0.4155 -0.7578
vn 0.6695 0.0362 -0.7419
vn 0.6832 -0.0472 -0.7287
vn 0.4394 -0.0659 -0.8959
vn 0.7237 0.1710 -0.6686
vn -0.6438 0.3451 0.6829
vn -0.6267 0.4148 0.6597
vn -0.5943 0.5449 0.5916
vn -0.5631 0.6589 0.4987
vn -0.5341 0.7528 0.3847
vn -0.5085 0.8228 0.2538
vn -0.4873 0.8662 0.1110
vn -0.4712 0.8812 -0.0383
vn -0.4609 0.8672 -0.1884
vn -0.4569 0.8246 -0.3335
vn -0.4593 0.7551 -0.4678
vn -0.4681 0.6611 -0.5863
vn -0.5526 0.4118 -0.7246
vn -0.5410 0.1996 -0.8170
vn -0.5278 0.2733 -0.8042
vn -0.6094 0.0611 -0.7905
vn -0.6109 0.1379 -0.7796
vn -0.8846 0.2197 0.4114
vn -0.6955 0.2771 0.6629
vn -0.6616 0.4117 0.6267
vn -0.6279 0.5368 0.5635
vn -0.5956 0.6472 0.4759
vn -0.5660 0.7382 0.3671
vn -0.5403 0.8061 0.2413
vn -0.5196 0.8481 0.1036
vn -0.5047 0.8623 -0.0405
vn -0.4963 0.8482 -0.1852
vn -0.4946 0.8063 -0.3245
vn -0.4998 0.7384 -0.4528
vn -0.5800 0.2770 -0.7660
vn -0.8335 -0.2278 0.5034
vn 0.6980 0.0271 -0.7156
vn -0.8217 -0.4575 0.3399
vn -0.8556 -0.4127 0.3124
vn -0.8168 -0.4747 -0.3280
vn -0.6585 0.1444 -0.7386
vn 0.7787 0.1373 -0.6122
vn 0.5928 -0.5167 0.6177
vn 0.6111 -0.4009 0.6825
vn -0.7560 0.2102 0.6198
vn -0.7677 0.1444 0.6243
vn -0.7950 -0.4126 -0.4447
vn -0.6426 0.2098 -0.7369
vn -0.9771 0.1979 -0.0784
vn -0.8586 -0.4746 0.1936
vn -0.7698 -0.3294 -0.5467
vn -0.7930 0.0138 0.6090
vn -0.8561 -0.5127 0.0652
vn -0.7427 -0.2278 -0.6297
vn -0.8152 -0.1120 0.5682
vn -0.8480 -0.5257 -0.0679
vn -0.7143 -0.1120 -0.6908
vn -0.8348 -0.5127 -0.2007
vn -0.6858 0.0137 -0.7276
vn 0.6564 -0.6183 -0.4323
vn 0.6313 -0.7016 -0.3304
vn 0.8249 0.5234 -0.2133
vn 0.5702 -0.8016 0.1795
vn 0.6836 -0.5167 -0.5155
vn 0.6185 -0.3394 0.7087
vn 0.5782 -0.8146 0.0463
vn 0.7014 0.2607 0.6634
vn 0.7012 -0.4591 -0.5454
vn -0.7982 -0.2607 0.5431
vn 0.8136 0.5777 0.0652
vn 0.5916 -0.8016 -0.0864
vn 0.5792 -0.6182 0.5314
vn 0.6094 -0.7635 -0.2136
vn 0.8127 0.3688 -0.4512
vn -0.7304 -0.3688 -0.5749
vn -0.6835 0.5167 0.5156
vn -0.7015 -0.2607 -0.6633
vn 0.6176 -0.3996 0.6774
vn -0.8136 -0.5778 -0.0652
vn -0.6119 0.1357 -0.7792
vn -0.7571 -0.4575 -0.4664
vn -0.8249 -0.5234 0.2134
vn -0.7282 0.1357 0.6718
vn -0.7550 -0.0034 0.6557
vn -0.6712 -0.1373 -0.7284
vn -0.7995 -0.5640 -0.2065
vn -0.8126 -0.3688 0.4512
vn -0.5974 0.2057 -0.7751
vn -0.8222 -0.5640 0.0765
vn -0.7787 -0.1372 0.6123
vn -0.6409 -0.0035 -0.7676
vn -0.7804 -0.5235 -0.3421
vn 0.6123 -0.7617 -0.2119
vn 0.7496 0.4660 0.4700
vn 0.7729 0.5330 0.3444
vn 0.8956 -0.3668 -0.2519
vn 0.6849 -0.5164 -0.5140
vn 0.5950 -0.7992 -0.0851
vn 0.5823 -0.8116 0.0470
vn 0.5855 -0.6152 0.5280
vn 0.5993 -0.5144 0.6133
vn 0.6581 -0.6175 -0.4308
vn 0.6336 -0.7003 -0.3287
vn 0.5749 -0.7983 0.1793
vn 0.5730 -0.7600 0.3069
vn 0.6280 -0.3383 0.7008
vn -0.5928 0.5168 -0.6177
vn 0.5765 -0.6982 0.4245
vn -0.5782 0.8145 -0.0464
vn -0.5405 0.8355 0.0991
vn -0.5915 0.8017 0.0864
vn 0.0192 -0.2845 -0.9585
vn -0.6410 -0.0035 -0.7675
vn -0.4288 -0.0743 -0.9003
vn -0.6110 0.4009 -0.6826
vn -0.5417 0.5321 -0.6507
vn -0.6312 0.7016 0.3305
vn -0.5677 0.7635 -0.3079
vn -0.6584 0.1445 -0.7387
vn -0.6334 0.2752 -0.7233
vn -0.7120 0.4009 0.5766
vn -0.5791 0.6182 -0.5315
vn -0.7784 0.0779 0.6229
vn -0.6565 0.6183 0.4322
vn -0.5701 0.8018 -0.1795
vn -0.7404 0.2753 0.6132
vn -0.6096 0.7634 0.2135
vn -0.5707 0.7016 -0.4268
vn -0.9087 0.1294 0.3970
vn -0.5849 0.2749 -0.7631
vn -0.5268 0.6404 -0.5589
vn -0.6100 0.6401 0.4671
vn -0.5176 0.8356 -0.1840
vn -0.5616 0.4087 -0.7194
vn -0.6690 0.4087 0.6208
vn -0.6990 0.2750 0.6602
vn -0.5594 0.7950 0.2347
vn -0.5183 0.7289 -0.4472
vn 0.7876 0.2695 -0.5541
vn -0.6385 0.5321 0.5560
vn -0.5268 0.8489 -0.0423
vn -0.7284 0.1358 0.6716
vn -0.5828 0.7290 0.3590
vn -0.5151 0.7949 -0.3207
vn -0.6114 0.1357 -0.7796
vn 0.8428 0.0626 0.5346
vn 0.0432 0.5446 0.8376
vn 0.6943 0.2662 0.6687
vn 0.8159 0.5354 -0.2184
vn 0.8122 0.4688 -0.3471
vn 0.7917 0.5747 0.2073
vn 0.8054 0.5893 0.0642
vn 0.8026 0.3792 -0.4605
vn 0.7231 0.3759 0.5796
vn 0.8137 0.5758 -0.0796
vn 0.7677 0.1443 -0.6244
vn 0.7536 0.0788 -0.6526
vn 0.9654 -0.1573 0.2081
vn 0.1493 0.3751 -0.9149
vn 0.1779 0.9614 0.2100
vn 0.1973 0.9802 0.0158
vn 0.1761 0.5446 -0.8200
vn 0.1196 0.8150 0.5669
vn 0.2129 0.9056 -0.3668
vn 0.1337 0.2845 -0.9493
vn 0.2084 0.8150 -0.5406
vn 0.1960 0.6931 -0.6937
vn 0.0830 0.6931 0.7160
vn 0.2091 0.9614 -0.1790
vn 0.1517 0.9056 0.3961
vn -0.9845 -0.0037 -0.1751
vn -0.9999 0.0119 -0.0039
vn -0.9812 0.0106 -0.1927
vn -0.8230 -0.0070 -0.5681
vn -0.8286 -0.0289 -0.5590
vn -0.8451 -0.0502 -0.5323
vn -0.9591 -0.1124 -0.2599
vn -1.0000 -0.0032 -0.0026
vn 0.3688 -0.2056 -0.9065
vn -0.5149 -0.0876 -0.8527
vn 0.5561 -0.2197 -0.8015
vn 0.7557 -0.2016 -0.6232
vn 0.7101 -0.2234 -0.6677
vn 0.6612 -0.2048 -0.7217
vn 0.1420 -0.3141 -0.9387
vn -0.6547 -0.0090 -0.7558
vn 0.9055 -0.2630 0.3331
vn 0.9743 -0.2254 -0.0037
vn 0.9232 -0.2457 0.2954
vn 0.7803 -0.2798 0.5593
vn 0.7461 -0.2574 0.6140
vn 0.8228 -0.4418 0.3574
vn 0.9710 -0.2389 -0.0023
vn -0.6241 -0.1157 0.7727
vn -0.4078 -0.1236 0.9047
vn -0.5575 -0.1082 0.8231
vn -0.8804 -0.0608 0.4704
vn -0.9018 -0.0727 0.4260
vn -0.7601 -0.2176 0.6123
vn -0.4880 -0.1348 0.8624
vn 0.4994 -0.8661 -0.0203
vn -0.4803 -0.6807 -0.5531
vn 0.3060 -0.7706 -0.5590
vn -0.7160 -0.1308 -0.6857
vn 0.7989 -0.4214 -0.4292
vn 0.8701 -0.4929 -0.0021
vn 0.1151 0.8378 -0.5337
vn -0.3915 0.5869 -0.7088
vn -0.2587 0.7865 -0.5608
vn -0.7558 0.3802 -0.5332
vn -0.8145 0.4668 -0.3446
vn -0.9899 0.0017 0.1418
vn -0.9906 -0.0133 0.1365
vn -0.9738 -0.1127 0.1977
vn -0.9533 0.2672 0.1410
vn -0.7934 0.3158 0.5203
vn -0.9385 0.3180 0.1348
vn -0.9639 0.2664 -0.0037
vn -0.9782 0.2076 -0.0050
vn -0.9684 0.2026 0.1452
vn -0.7966 0.2660 0.5429
vn -0.9529 0.2517 -0.1692
vn -0.9464 0.3229 -0.0027
vn -0.8058 0.2009 -0.5571
vn -0.8117 0.1194 -0.5717
vn -0.9624 0.1907 -0.1934
vn 0.8382 -0.2052 -0.5053
vn 0.1757 -0.4101 -0.8950
vn 0.2666 -0.1584 -0.9507
vn -0.0739 -0.4015 -0.9129
vn -0.0205 -0.1128 -0.9934
vn 0.2130 -0.1342 -0.9678
vn 0.7904 -0.2098 -0.5755
vn -0.1333 0.0065 -0.9911
vn 0.0442 0.5558 -0.8302
vn -0.1094 -0.0085 -0.9940
vn 0.1004 0.5450 -0.8324
vn -0.0044 -0.0263 -0.9996
vn -0.0896 -0.4868 -0.8689
vn -0.1388 -0.4749 -0.8690
vn 0.8025 -0.1136 -0.5858
vn 0.6931 0.3472 -0.6317
vn 0.8397 0.2617 -0.4758
vn 0.8644 0.0069 -0.5028
vn 0.8398 -0.0957 -0.5343
vn 0.7263 -0.1735 -0.6651
vn 0.3996 -0.2006 -0.8945
vn 0.6921 -0.1205 -0.7117
vn 0.8867 -0.2396 -0.3955
vn 0.9037 -0.2174 -0.3688
vn 0.9415 -0.0841 -0.3265
vn 0.8829 0.3058 -0.3563
vn 0.9356 0.3529 -0.0014
vn 0.9977 -0.0680 -0.0038
vn 0.9278 -0.1070 -0.3574
vn 0.7965 -0.1339 -0.5897
vn 0.8832 0.3324 0.3309
vn 0.9582 -0.0558 0.2805
vn 0.8831 0.0611 0.4653
vn 0.8677 -0.0298 0.4963
vn 0.9549 -0.0897 0.2830
vn 0.9958 -0.0914 -0.0051
vn 0.0997 -0.2512 0.9628
vn 0.0957 -0.2160 0.9717
vn 0.0638 -0.2479 0.9667
vn -0.0424 -0.2326 0.9717
vn 0.0360 -0.4565 0.8890
vn 0.0729 -0.4587 0.8856
vn 0.1641 0.1189 0.9793
vn 0.1666 0.5977 0.7842
vn 0.1317 0.1292 0.9828
vn 0.1133 0.6072 0.7864
vn 0.0292 0.1508 0.9881
vn 0.1428 0.0214 0.9895
vn 0.1849 0.0098 0.9827
vn -0.4417 0.2085 0.8726
vn -0.2000 0.2626 0.9440
vn -0.4066 0.2744 0.8714
vn -0.8244 0.1768 0.5377
vn -0.4835 0.1213 0.8669
vn -0.2744 0.1884 0.9430
vn 0.6051 -0.4144 0.6797
vn 0.3365 -0.8242 0.4555
vn 0.5059 -0.7829 0.3621
vn 0.2139 -0.9749 -0.0610
vn -0.1975 -0.4159 0.8877
vn -0.4635 -0.7288 0.5040
vn -0.3926 -0.7606 0.5171
vn -0.5573 -0.8257 -0.0871
vn -0.4812 -0.8664 -0.1331
vn -0.1531 -0.8347 0.5289
vn -0.0815 -0.4420 0.8933
vn -0.2056 -0.5693 -0.7960
vn 0.2347 -0.7490 -0.6196
vn -0.0156 -0.0854 -0.9962
vn -0.1042 -0.5682 -0.8163
vn 0.1792 0.8667 0.4655
vn 0.1833 0.5938 0.7834
vn 0.1838 0.8645 0.4677
vn 0.1614 0.8711 0.4639
vn 0.1840 0.9829 -0.0003
vn 0.1885 0.9473 -0.2591
vn 0.1857 0.9478 -0.2594
vn 0.1739 0.5310 -0.8293
vn 0.1564 0.5351 -0.8302
vn 0.1751 0.9496 -0.2600
vn 0.1817 0.9833 -0.0005
vn -0.9726 0.1367 -0.1879
vn -0.8391 -0.1137 -0.5319
vn -0.9740 0.0921 -0.2071
vn -0.9675 0.0967 -0.2338
vn -0.8545 0.0785 -0.5135
vn 0.1835 -0.9785 -0.0944
vn -0.4619 -0.6320 -0.6223
vn -0.7213 -0.5855 -0.3701
vn -0.8087 0.0592 -0.5853
vn 0.4137 -0.0811 -0.9068
vn 0.4247 0.4295 -0.7970
vn -0.3027 -0.1863 -0.9347
vn 0.1262 -0.0418 -0.9911
vn 0.6873 -0.2901 0.6659
vn 0.8045 -0.2615 0.5333
vn 0.6733 -0.2665 0.6896
vn 0.5365 -0.2866 0.7937
vn 0.5038 -0.4548 0.7344
vn 0.7506 -0.0117 0.6607
vn 0.7792 0.3571 0.5152
vn 0.5537 0.4705 0.6871
vn 0.5782 0.0205 0.8156
vn 0.7116 -0.0801 0.6980
vn 0.8458 -0.0883 0.5262
vn 0.2433 -0.8268 0.5071
vn 0.1714 -0.8453 0.5061
vn 0.2237 -0.9706 -0.0887
vn 0.2719 -0.4581 0.8463
vn 0.5310 0.8099 0.2490
vn 0.4748 0.8801 0.0005
vn 0.1848 0.9828 0.0004
vn 0.3218 0.8746 0.3627
vn 0.5618 0.7853 -0.2602
vn 0.3480 0.8963 -0.2749
vn -0.3330 -0.1698 0.9275
vn -0.2098 -0.1609 0.9644
vn -0.3067 -0.1410 0.9413
vn -0.5980 -0.2783 0.7516
vn -0.4040 -0.3441 0.8476
vn -0.1842 -0.2033 0.9616
vn 0.1536 0.9275 -0.3410
vn -0.0769 0.5434 -0.8360
vn 0.1326 0.8510 -0.5081
vn -0.1618 0.5743 -0.8025
vn -0.4483 -0.0760 -0.8907
vn -0.3458 -0.1090 -0.9320
vn 0.4231 -0.2547 -0.8695
vn 0.5710 -0.2174 -0.7916
vn -0.3818 -0.2710 -0.8836
vn -0.5287 0.1194 -0.8403
vn -0.4162 0.0950 -0.9043
vn -0.5361 0.0318 -0.8436
vn -0.1905 0.1758 0.9658
vn -0.0403 0.2554 0.9660
vn -0.1192 0.2634 0.9573
vn -0.3229 0.0977 0.9414
vn -0.2445 0.0862 0.9658
vn -0.1095 0.1696 0.9794
vn -0.8059 -0.4933 0.3273
vn -0.9949 -0.1008 -0.0020
vn -0.8333 -0.5525 -0.0206
vn -0.5473 -0.8346 -0.0627
vn -0.6080 -0.6557 0.4476
vn -0.6295 -0.5549 -0.5439
vn 0.6069 -0.3564 -0.7104
vn 0.2211 -0.8018 -0.5551
vn 0.3113 -0.2730 0.9102
vn 0.5060 -0.2561 0.8236
vn 0.3178 -0.2403 0.9172
vn 0.1394 -0.2197 0.9656
vn 0.3575 0.5206 0.7754
vn 0.3627 0.0715 0.9292
vn 0.3572 -0.0247 0.9337
vn 0.5391 -0.0588 0.8402
vn 0.2654 0.8417 0.4703
vn 0.1848 0.9828 -0.0001
vn 0.2699 0.9167 -0.2947
vn 0.1849 0.9828 -0.0002
vn -0.3011 -0.0627 -0.9515
vn -0.3043 -0.3281 -0.8943
vn -0.2428 -0.0566 -0.9684
vn 0.1404 -0.9811 -0.1331
vn -0.0103 -0.6057 -0.7957
vn 0.0993 -0.0472 -0.9939
vn -0.0389 -0.4934 -0.8690
vn 0.0955 -0.8498 0.5183
vn 0.9339 -0.2407 -0.2644
vn 0.9566 -0.1905 -0.2205
vn 0.7578 -0.3836 -0.5278
vn 0.9449 -0.2264 -0.2364
vn -0.2705 0.0518 -0.9613
vn 0.0261 0.5584 -0.8292
vn 0.2663 -0.3068 -0.9138
vn -0.2822 -0.0908 -0.9551
vn -0.5243 -0.6863 0.5041
vn -0.5172 -0.8503 -0.0972
vn -0.2335 -0.4053 0.8838
vn 0.4904 -0.7935 -0.3603
vn -0.1491 -0.2123 0.9658
vn -0.0354 -0.1974 0.9797
vn -0.1674 -0.1717 0.9708
vn 0.1646 0.9516 -0.2595
vn 0.1795 0.9838 -0.0006
vn -0.0749 0.1674 0.9830
vn 0.0379 0.5044 0.8626
vn -0.1689 0.0751 0.9828
vn -0.1248 0.0707 0.9897
vn 0.1502 0.8730 0.4641
vn -0.9750 0.1033 -0.1966
vn -0.8203 0.0587 -0.5689
vn -0.9938 0.1109 -0.0043
vn -0.2411 -0.1903 -0.9517
vn 0.6626 -0.1796 -0.7271
vn 0.7748 -0.1677 -0.6095
vn 0.9872 -0.1596 -0.0043
vn 0.9415 -0.1677 0.2923
vn 0.8268 -0.1790 0.5333
vn -0.5178 0.0055 0.8555
vn -0.8426 0.0661 0.5345
vn -0.8606 -0.0493 0.5068
vn -0.3624 -0.0160 0.9319
vn -0.9834 0.1039 0.1485
vn 0.5909 -0.5922 -0.5478
vn -0.0188 -0.6836 -0.7296
vn -0.1271 -0.6867 -0.7157
vn 0.9193 -0.1596 -0.3596
vn 0.1740 -0.1088 0.9787
vn 0.1277 -0.1004 0.9867
vn 0.0097 0.0482 0.9988
vn -0.0135 -0.0754 0.9971
vn -0.9313 -0.0404 -0.3620
vn -0.4189 -0.3447 -0.8401
vn -0.7509 -0.3618 -0.5525
vn 0.6835 -0.1737 0.7090
vn 0.5156 -0.1581 0.8421
vn -0.2805 -0.0317 0.9593
vn -0.2022 -0.0425 0.9784
vn -0.5128 -0.0248 -0.8582
vn 0.1265 -0.2922 -0.9480
vn 0.3358 -0.1346 0.9323
vn -0.2221 -0.6480 -0.7285
vn 0.8072 -0.3796 -0.4520
vn 0.2895 -0.4729 -0.8322
vn -0.1556 -0.0501 0.9865
vn 0.0736 -0.9929 0.0938
vn 0.9682 -0.2417 -0.0644
vn 0.9778 -0.1500 0.1466
vn 0.6997 -0.6549 -0.2854
vn 0.9248 -0.3773 -0.0491
vn 0.6732 -0.7088 -0.2108
vn 0.0402 -0.8713 0.4891
vn 0.7657 -0.5471 0.3383
vn 0.6240 -0.5459 0.5592
vn -0.7427 -0.4721 -0.4749
vn -0.3133 -0.8680 0.3853
vn -0.7400 -0.6115 0.2801
vn -0.0539 -0.9299 0.3638
vn 0.5211 -0.6696 -0.5293
vn -0.4066 -0.6932 -0.5951
vn -0.1719 -0.8916 0.4188
vn -0.5600 -0.8044 0.1985
vn -0.8122 -0.5602 -0.1624
vn -0.6422 -0.7652 -0.0457
vn -0.8263 -0.2115 -0.5221
vn -0.8308 -0.4168 0.3689
vn 0.4628 -0.8069 -0.3669
vn 0.0985 -0.5450 -0.8326
vn -0.4677 -0.3632 -0.8058
vn 0.0567 -0.7922 -0.6076
vn 0.8257 -0.5550 0.1007
vn 0.9607 0.2330 0.1510
vn 0.9223 0.3772 0.0845
vn 0.8957 0.4428 0.0400
vn -0.0829 -0.9936 0.0771
vn 0.7278 -0.6786 -0.0997
vn -0.0995 -0.9581 0.2684
vn -0.2856 -0.9380 0.1965
vn -0.1404 -0.9801 0.1402
vn -0.5353 -0.8446 -0.0115
vn 0.1526 -0.9880 -0.0232
vn 0.0531 -0.9982 0.0276
vn -0.6775 -0.7355 0.0101
vn -0.1389 -0.9869 0.0826
vn -0.1926 -0.9056 0.3780
vn 0.3137 0.9417 0.1219
vn -0.9121 0.1835 0.3666
vn -0.1138 0.9537 0.2784
vn -0.6535 0.7278 0.2082
vn -0.0596 0.9283 0.3671
vn -0.6539 0.6808 0.3301
vn 0.3837 0.3797 0.8418
vn 0.7496 0.4509 0.4844
vn 0.3548 -0.1597 0.9212
vn -0.6664 0.4215 0.6150
vn -0.5301 0.6726 0.5164
vn -0.1565 0.5917 0.7908
vn 0.4099 0.7110 0.5713
vn 0.8300 0.2067 0.5181
vn 0.1942 -0.1901 0.9624
vn -0.1126 0.5365 0.8364
vn -0.4658 0.8104 0.3554
vn 0.4678 0.3518 0.8108
vn -0.0545 0.8013 0.5958
vn 0.4557 0.7896 0.4110
vn -0.4217 0.9052 -0.0525
vn 0.3311 0.9423 -0.0489
vn -0.0461 0.9881 -0.1465
vn 0.3820 0.9192 -0.0959
vn -0.9946 0.1012 0.0241
vn -0.9871 -0.1345 -0.0870
vn -0.5040 0.8636 -0.0173
vn -0.9384 0.3436 -0.0380
vn -0.4192 0.9063 -0.0531
vn -0.9549 0.2896 -0.0654
vn -0.2375 0.9704 -0.0447
vn 0.3183 0.8110 0.4909
vn -0.9387 -0.2115 -0.2723
vn -0.8840 -0.2331 -0.4052
vn -0.6953 -0.5982 -0.3984
vn -0.7323 0.0818 -0.6761
vn -0.7359 0.1643 -0.6569
vn -0.3715 -0.9284 -0.0000
vn -0.4176 -0.9048 -0.0831
vn -0.3644 -0.9284 -0.0725
vn -0.2524 -0.9676 -0.0000
vn -0.2475 -0.9676 -0.0493
vn -0.1292 -0.9916 -0.0000
vn -0.1267 -0.9916 -0.0252
vn -0.3432 -0.9284 -0.1422
vn -0.2332 -0.9676 -0.0966
vn -0.1193 -0.9916 -0.0494
vn -0.3934 -0.9048 -0.1629
vn -0.2098 -0.9676 -0.1402
vn -0.1074 -0.9916 -0.0718
vn -0.3089 -0.9284 -0.2064
vn -0.1785 -0.9676 -0.1784
vn -0.0914 -0.9916 -0.0913
vn -0.3161 -0.8846 -0.3429
vn -0.2627 -0.9284 -0.2627
vn -0.2977 -0.8443 -0.4455
vn -0.2693 -0.8747 -0.4031
vn -0.2064 -0.9284 -0.3089
vn -0.1402 -0.9676 -0.2098
vn -0.0846 -0.9888 -0.1232
vn -0.1855 -0.8747 -0.4478
vn -0.1422 -0.9284 -0.3432
vn -0.0966 -0.9676 -0.2332
vn -0.0717 -0.9823 -0.1731
vn -0.2051 -0.8443 -0.4950
vn -0.0946 -0.8747 -0.4754
vn -0.0854 -0.9206 -0.3811
vn -0.0736 -0.9673 -0.2426
vn -0.0547 -0.9821 -0.1801
vn -0.1045 -0.8443 -0.5255
vn -0.0477 -0.8737 -0.4842
vn -0.0419 -0.9040 -0.4254
vn -0.0901 -0.9506 0.2970
vn -0.1094 -0.9622 0.2492
vn -0.1183 -0.9511 0.2855
vn -0.1402 -0.9676 0.2098
vn -0.0887 -0.9821 0.1660
vn -0.1041 -0.9823 0.1558
vn -0.1785 -0.9676 0.1785
vn -0.1070 -0.9888 0.1043
vn -0.2185 -0.9511 0.2185
vn -0.1074 -0.9916 0.0718
vn -0.2098 -0.9676 0.1402
vn -0.3306 -0.9360 0.1206
vn -0.2332 -0.9676 0.0966
vn -0.1193 -0.9916 0.0494
vn -0.4090 -0.9040 0.1241
vn -0.3644 -0.9284 0.0725
vn -0.2475 -0.9676 0.0492
vn -0.1267 -0.9916 0.0252
vn -0.0550 -0.9985 -0.0054
vn -0.4176 -0.9048 0.0831
vn 0.0031 -0.7402 -0.6724
vn 0.3758 -0.0656 -0.9244
vn 0.1919 -0.0285 -0.9810
vn 0.1520 -0.7240 0.6728
vn 0.0005 -0.7462 0.6657
vn 0.1251 -0.7696 0.6261
vn -0.1218 -0.6748 -0.7279
vn 0.2615 0.6492 -0.7143
vn 0.0178 -0.6999 -0.7140
vn -0.1282 -0.7152 -0.6871
vn 0.0006 0.0098 -1.0000
vn 0.3959 0.6253 -0.6725
vn 0.1522 -0.7244 -0.6724
vn -0.3880 -0.6661 -0.6370
vn -0.1908 0.0477 -0.9805
vn -0.3746 0.0837 -0.9234
vn -0.2615 -0.6495 0.7140
vn -0.1294 -0.7215 0.6802
vn -0.1218 -0.6748 0.7279
vn 0.2762 -0.7466 -0.6052
vn -0.5057 -0.6442 -0.5739
vn -0.5437 0.1164 -0.8311
vn -0.3959 -0.6253 0.6726
vn -0.2600 -0.6967 0.6686
vn 0.5198 0.6030 -0.6052
vn 0.3847 -0.7662 -0.5148
vn -0.6089 -0.6250 -0.4885
vn -0.6924 0.1448 -0.7068
vn -0.5197 -0.6030 0.6053
vn -0.3864 -0.6726 0.6311
vn 0.7177 0.5669 -0.4045
vn 0.4737 -0.7823 -0.4045
vn -0.6937 -0.6095 -0.3839
vn -0.8147 0.1676 -0.5551
vn -0.6058 -0.6304 0.4854
vn -0.5030 -0.6502 0.5695
vn 0.5401 -0.7942 -0.2785
vn -0.9054 0.1839 -0.3826
vn -0.7568 -0.5979 -0.2641
vn -0.7174 -0.5672 0.4044
vn -0.6283 -0.5835 0.5146
vn 0.7836 0.5554 -0.2785
vn 0.5807 -0.8016 -0.1419
vn -0.9614 0.1932 -0.1958
vn -0.7951 -0.5914 -0.1347
vn -0.7836 -0.5553 0.2786
vn -0.6909 -0.6136 0.3822
vn 0.8244 0.5479 -0.1421
vn 0.5946 -0.8040 -0.0000
vn -0.9808 0.1951 -0.0007
vn -0.8075 -0.5898 0.0005
vn -0.7938 -0.5929 0.1352
vn -0.7545 -0.6009 0.2638
vn 0.8244 0.5479 0.1421
vn 0.5807 -0.8016 0.1419
vn -0.9624 0.1895 0.1946
vn -0.8244 -0.5480 0.1420
vn 0.7836 0.5554 0.2785
vn 0.5401 -0.7942 0.2785
vn -0.9073 0.1767 0.3816
vn -0.8244 -0.5479 -0.1419
vn -0.8381 -0.5456 0.0006
vn 0.7177 0.5669 0.4045
vn 0.4737 -0.7823 0.4045
vn -0.8171 0.1571 0.5546
vn -0.7836 -0.5553 -0.2786
vn 0.3847 -0.7662 0.5148
vn -0.6956 0.1314 0.7063
vn 0.5198 0.6030 0.6052
vn 0.2763 -0.7466 0.6052
vn -0.5475 0.1007 0.8307
vn -0.6283 -0.5834 -0.5146
vn -0.7174 -0.5672 -0.4044
vn 0.3959 0.6253 0.6725
vn -0.3783 0.0661 0.9233
vn 0.0178 -0.6999 0.7140
vn -0.1944 0.0290 0.9805
vn -0.5197 -0.6030 -0.6053
vn 0.2615 0.6492 0.7143
vn -0.2603 -0.6900 -0.6754
vn -0.3959 -0.6253 -0.6726
vn 0.1218 0.6748 0.7279
vn -0.0028 -0.0093 1.0000
vn -0.2615 -0.6495 -0.7140
vn -0.1523 0.7242 0.6725
vn 0.1887 -0.0473 0.9809
vn 0.3730 -0.0834 0.9241
vn 0.1290 -0.7642 -0.6320
vn -0.3845 0.7663 0.5148
vn 0.5431 -0.1163 0.8316
vn 0.2396 -0.7910 0.5630
vn 0.2443 -0.7864 -0.5674
vn 0.6920 -0.1447 0.7072
vn 0.3400 -0.8097 0.4782
vn 0.4269 -0.8218 -0.3773
vn 0.3449 -0.8057 -0.4815
vn -0.5399 0.7943 0.2785
vn 0.8144 -0.1675 0.5556
vn 0.4226 -0.8249 0.3754
vn -0.5807 0.8016 0.1420
vn 0.4840 -0.8359 0.2589
vn 0.9054 -0.1838 0.3828
vn 0.4872 -0.8340 -0.2592
vn -0.5947 0.8039 -0.0000
vn 0.5219 -0.8428 0.1318
vn 0.9616 -0.1932 0.1949
vn 0.5240 -0.8415 -0.1314
vn 0.5355 -0.8446 0.0004
vn 0.9808 -0.1951 -0.0006
vn -0.5807 0.8016 -0.1420
vn 0.9622 -0.1895 -0.1958
vn -0.5400 0.7943 -0.2785
vn 0.9065 -0.1766 -0.3834
vn -0.3845 0.7663 -0.5148
vn 0.8161 -0.1569 -0.5562
vn -0.1524 0.7241 -0.6726
vn 0.1218 0.6748 -0.7279
vn 0.5452 -0.1002 -0.8323
vn 0.6939 -0.1311 -0.7080
vn 0.9895 -0.1440 0.0081
vn 0.9891 -0.1459 -0.0182
vn -0.4145 -0.9020 -0.1207
vn -0.9869 0.0904 -0.1336
vn 0.9801 -0.0194 -0.1975
vn 0.4989 -0.6041 -0.6214
vn -0.7264 -0.5278 0.4401
vn 0.5085 -0.5202 -0.6861
vn -0.6836 -0.4890 0.5419
vn -0.0192 0.2846 0.9585
vn 0.0989 0.0960 -0.9905
vn 0.0564 -0.0954 -0.9938
vn -0.7082 0.2050 0.6756
vn -0.8529 0.0405 -0.5206
vn -0.9771 0.1979 -0.0783
vn -0.9771 0.1975 -0.0788
vn -0.9771 0.1981 -0.0782
vn -0.9770 0.1987 -0.0779
vn -0.9771 0.1980 -0.0783
vn -0.9770 0.1982 -0.0783
vn -0.9767 0.1994 -0.0790
vn -0.9772 0.1974 -0.0779
vn -0.9771 0.1980 -0.0785
vn -0.9772 0.1976 -0.0776
vn 0.0226 0.4620 0.8866
vn -0.1789 -0.9731 -0.1452
vn 0.1787 0.9839 -0.0005
vn -0.8369 -0.5465 0.0301
vn -0.2051 -0.8749 0.4387
vn -0.8488 -0.5255 -0.0592
vn -0.8463 -0.3037 -0.4375
vn -0.4258 -0.9048 -0.0000
vn -0.3540 -0.9048 -0.2365
vn -0.3411 -0.8432 -0.4156
vn -0.0527 -0.8432 -0.5351
vn -0.1717 -0.9511 0.2569
vn -0.2569 -0.9511 0.1717
vn 0.6281 0.5837 -0.5146
vn 0.8380 0.5456 -0.0000
vn 0.6281 0.5837 0.5146
vn -0.0178 0.7004 0.7135
vn -0.2755 0.7475 0.6045
vn -0.4735 0.7825 0.4043
vn -0.4735 0.7825 -0.4043
vn -0.2755 0.7475 -0.6045
vn -0.0178 0.7004 -0.7135
vt 0.443983 0.520668
vt 0.442744 0.517165
vt 0.442812 0.517469
vt 0.444071 0.520877
vt 0.443905 0.520248
vt 0.442712 0.516925
vt 0.443918 0.520052
vt 0.443008 0.518525
vt 0.444128 0.521450
vt 0.443134 0.519272
vt 0.444203 0.522126
vt 0.443911 0.520549
vt 0.443983 0.520667
vt 0.444349 0.522645
vt 0.443295 0.520073
vt 0.454308 0.518262
vt 0.454293 0.515011
vt 0.454237 0.514775
vt 0.454227 0.518084
vt 0.454359 0.521870
vt 0.454309 0.522011
vt 0.454386 0.518683
vt 0.454338 0.515319
vt 0.454381 0.518913
vt 0.454754 0.520671
vt 0.454683 0.517120
vt 0.454821 0.517926
vt 0.454408 0.518545
vt 0.454534 0.516376
vt 0.454532 0.519470
vt 0.454702 0.520130
vt 0.439731 0.520795
vt 0.439741 0.517468
vt 0.439813 0.520975
vt 0.439797 0.517704
vt 0.439916 0.521260
vt 0.439891 0.521396
vt 0.439842 0.518012
vt 0.439884 0.521622
vt 0.454683 0.517123
vt 0.458404 0.517336
vt 0.457206 0.514231
vt 0.458392 0.517529
vt 0.457238 0.514471
vt 0.458399 0.517828
vt 0.458882 0.521271
vt 0.459026 0.521122
vt 0.457205 0.514231
vt 0.458557 0.518163
vt 0.457306 0.514775
vt 0.458470 0.517950
vt 0.441336 0.517790
vt 0.442905 0.517900
vt 0.441218 0.517148
vt 0.439910 0.518447
vt 0.440038 0.519068
vt 0.441479 0.518562
vt 0.441124 0.516643
vt 0.441056 0.516278
vt 0.452859 0.518967
vt 0.454042 0.521521
vt 0.454091 0.520466
vt 0.451824 0.520281
vt 0.453120 0.520359
vt 0.450527 0.520330
vt 0.451564 0.518888
vt 0.450267 0.518938
vt 0.449242 0.520506
vt 0.447719 0.519415
vt 0.448981 0.519113
vt 0.446492 0.519838
vt 0.447979 0.520807
vt 0.445312 0.520380
vt 0.446753 0.521231
vt 0.440037 0.522180
vt 0.440188 0.519812
vt 0.458837 0.519933
vt 0.457629 0.516579
vt 0.458693 0.519410
vt 0.459126 0.521662
vt 0.458935 0.521556
vt 0.458994 0.520519
vt 0.458151 0.519333
vt 0.459106 0.521384
vt 0.458350 0.520475
vt 0.459234 0.522334
vt 0.457789 0.517380
vt 0.458615 0.518735
vt 0.457502 0.515832
vt 0.442038 0.521576
vt 0.443474 0.520974
vt 0.441832 0.520464
vt 0.440480 0.521523
vt 0.440686 0.522569
vt 0.441645 0.519456
vt 0.440325 0.520617
vt 0.441016 0.516058
vt 0.442705 0.516821
vt 0.441002 0.515984
vt 0.439710 0.517367
vt 0.456996 0.521383
vt 0.456757 0.520095
vt 0.455406 0.521040
vt 0.455610 0.522217
vt 0.456534 0.518890
vt 0.457968 0.518283
vt 0.456328 0.517778
vt 0.454974 0.518854
vt 0.455182 0.519904
vt 0.456141 0.516770
vt 0.455976 0.515876
vt 0.454819 0.517938
vt 0.455833 0.515105
vt 0.457398 0.515207
vt 0.455714 0.514463
vt 0.454407 0.515756
vt 0.455620 0.513957
vt 0.455553 0.513592
vt 0.455512 0.513372
vt 0.457198 0.514127
vt 0.455498 0.513299
vt 0.454207 0.514675
vt 0.455833 0.515104
vt 0.454745 0.520722
vt 0.454700 0.520143
vt 0.454806 0.521363
vt 0.455019 0.522223
vt 0.417022 0.336414
vt 0.429169 0.337297
vt 0.417745 0.339611
vt 0.418466 0.342557
vt 0.430583 0.342825
vt 0.419159 0.345139
vt 0.431220 0.344944
vt 0.419796 0.347258
vt 0.431777 0.346519
vt 0.420353 0.348833
vt 0.432233 0.347489
vt 0.420809 0.349803
vt 0.421146 0.350130
vt 0.432775 0.347489
vt 0.421351 0.349803
vt 0.421416 0.348833
vt 0.432763 0.344944
vt 0.421340 0.347258
vt 0.421124 0.345139
vt 0.432200 0.340243
vt 0.420777 0.342557
vt 0.414733 0.341646
vt 0.413919 0.340906
vt 0.414384 0.343852
vt 0.431640 0.341307
vt 0.431588 0.340257
vt 0.431171 0.334100
vt 0.419105 0.333090
vt 0.419748 0.336414
vt 0.420312 0.339611
vt 0.402969 0.346779
vt 0.402231 0.345443
vt 0.403316 0.349361
vt 0.411236 0.334207
vt 0.410630 0.337709
vt 0.409934 0.334385
vt 0.411783 0.336819
vt 0.411352 0.340906
vt 0.412351 0.339331
vt 0.412073 0.343852
vt 0.412918 0.341646
vt 0.412766 0.346434
vt 0.413462 0.343675
vt 0.413403 0.348553
vt 0.413962 0.345340
vt 0.413960 0.350128
vt 0.414400 0.346577
vt 0.414416 0.351098
vt 0.414758 0.347339
vt 0.414753 0.351425
vt 0.415023 0.347596
vt 0.414958 0.351098
vt 0.415184 0.347339
vt 0.415023 0.350128
vt 0.415236 0.346577
vt 0.414947 0.348553
vt 0.415175 0.345340
vt 0.414731 0.346434
vt 0.415006 0.343675
vt 0.419266 0.340727
vt 0.418901 0.338412
vt 0.413355 0.337709
vt 0.413420 0.334207
vt 0.412712 0.334385
vt 0.414368 0.339331
vt 0.416316 0.335901
vt 0.416884 0.338412
vt 0.417451 0.340727
vt 0.417995 0.342756
vt 0.418496 0.344422
vt 0.418933 0.345659
vt 0.419291 0.346421
vt 0.419556 0.346678
vt 0.419717 0.346421
vt 0.419769 0.345659
vt 0.419709 0.344422
vt 0.419539 0.342756
vt 0.402504 0.343832
vt 0.417953 0.333288
vt 0.418458 0.335901
vt 0.400602 0.333987
vt 0.401298 0.337311
vt 0.398519 0.337311
vt 0.399215 0.340636
vt 0.399937 0.343832
vt 0.400659 0.346779
vt 0.401351 0.349361
vt 0.401988 0.351480
vt 0.402545 0.353055
vt 0.403001 0.354024
vt 0.403338 0.354352
vt 0.403543 0.354024
vt 0.403609 0.353055
vt 0.403532 0.351480
vt 0.401940 0.340636
vt 0.401998 0.343708
vt 0.413924 0.336819
vt 0.406794 0.345973
vt 0.402376 0.346868
vt 0.401713 0.347926
vt 0.399006 0.337344
vt 0.431736 0.337297
vt 0.431213 0.337122
vt 0.430903 0.335157
vt 0.400406 0.335109
vt 0.400874 0.337344
vt 0.401338 0.346868
vt 0.398575 0.335109
vt 0.397877 0.333987
vt 0.402428 0.347926
vt 0.400910 0.345443
vt 0.401306 0.339579
vt 0.402384 0.348578
vt 0.400445 0.343708
vt 0.401685 0.341727
vt 0.402246 0.348798
vt 0.399960 0.341727
vt 0.402019 0.348578
vt 0.399474 0.339579
vt 0.430134 0.338844
vt 0.430559 0.340257
vt 0.432840 0.346519
vt 0.431596 0.341954
vt 0.429672 0.337122
vt 0.430527 0.333026
vt 0.431459 0.342172
vt 0.429890 0.340243
vt 0.429191 0.335157
vt 0.406416 0.342813
vt 0.432570 0.347816
vt 0.431235 0.341954
vt 0.431444 0.338844
vt 0.430931 0.341307
vt 0.432547 0.342825
vt 0.405328 0.344548
vt 0.404863 0.342813
vt 0.424833 0.336387
vt 0.406664 0.347903
vt 0.403425 0.336449
vt 0.405757 0.345973
vt 0.406846 0.347031
vt 0.405292 0.336449
vt 0.405724 0.338684
vt 0.404378 0.340832
vt 0.406437 0.347683
vt 0.406649 0.344548
vt 0.402993 0.334214
vt 0.406802 0.347683
vt 0.406104 0.340832
vt 0.403892 0.338684
vt 0.406131 0.347031
vt 0.424861 0.342536
vt 0.424489 0.341486
vt 0.423122 0.336387
vt 0.423603 0.338351
vt 0.425165 0.343183
vt 0.425389 0.343401
vt 0.425375 0.340073
vt 0.425143 0.338351
vt 0.424065 0.340073
vt 0.425526 0.343183
vt 0.425570 0.342536
vt 0.424457 0.334255
vt 0.425519 0.341486
vt 0.404339 0.332066
vt 0.404825 0.334214
vt 0.422640 0.334255
vt 0.404902 0.408447
vt 0.404806 0.448593
vt 0.405363 0.448603
vt 0.408806 0.447783
vt 0.407509 0.408295
vt 0.407192 0.378502
vt 0.405437 0.367893
vt 0.404437 0.408119
vt 0.442271 0.400675
vt 0.444972 0.438802
vt 0.449665 0.438298
vt 0.454520 0.437704
vt 0.446370 0.400178
vt 0.439556 0.372110
vt 0.434876 0.362646
vt 0.438235 0.400944
vt 0.448157 0.399382
vt 0.457343 0.437019
vt 0.456826 0.437228
vt 0.438443 0.361528
vt 0.448474 0.398909
vt 0.413470 0.406524
vt 0.424806 0.442763
vt 0.416910 0.445283
vt 0.409879 0.367380
vt 0.419268 0.404569
vt 0.432246 0.347153
vt 0.428968 0.347723
vt 0.432317 0.348360
vt 0.431450 0.362532
vt 0.438530 0.360696
vt 0.439338 0.522822
vt 0.429445 0.517194
vt 0.430820 0.525495
vt 0.421822 0.512786
vt 0.420642 0.519940
vt 0.412635 0.496168
vt 0.421821 0.512762
vt 0.420641 0.519921
vt 0.412235 0.496260
vt 0.406872 0.471434
vt 0.407415 0.471331
vt 0.416051 0.495150
vt 0.412635 0.496180
vt 0.420397 0.519994
vt 0.416052 0.495169
vt 0.411066 0.470289
vt 0.407415 0.471334
vt 0.422480 0.403547
vt 0.431591 0.441039
vt 0.425224 0.402752
vt 0.435289 0.440303
vt 0.428833 0.401898
vt 0.418683 0.363667
vt 0.416035 0.364793
vt 0.437357 0.488654
vt 0.444787 0.512904
vt 0.440149 0.488142
vt 0.448382 0.512247
vt 0.443790 0.487473
vt 0.439164 0.462503
vt 0.435456 0.463190
vt 0.457062 0.485225
vt 0.457351 0.510596
vt 0.460658 0.510021
vt 0.462482 0.503152
vt 0.461148 0.484627
vt 0.453501 0.460222
vt 0.448820 0.460810
vt 0.453077 0.485806
vt 0.463025 0.484333
vt 0.464310 0.509398
vt 0.464533 0.509352
vt 0.463413 0.484258
vt 0.460692 0.459258
vt 0.458355 0.459601
vt 0.464310 0.509372
vt 0.463025 0.484317
vt 0.462482 0.503120
vt 0.461148 0.484601
vt 0.460692 0.459254
vt 0.461231 0.459156
vt 0.435418 0.401158
vt 0.439022 0.439663
vt 0.432524 0.401402
vt 0.425897 0.362338
vt 0.428821 0.362441
vt 0.450301 0.486255
vt 0.452001 0.511567
vt 0.447452 0.486789
vt 0.448382 0.512242
vt 0.443790 0.487470
vt 0.442891 0.461812
vt 0.445788 0.461275
vt 0.424699 0.492445
vt 0.437920 0.514508
vt 0.429444 0.517167
vt 0.411066 0.470284
vt 0.419845 0.467552
vt 0.433216 0.489772
vt 0.428803 0.346219
vt 0.413354 0.349583
vt 0.415949 0.347976
vt 0.412954 0.347865
vt 0.415533 0.345979
vt 0.419461 0.346597
vt 0.422208 0.362603
vt 0.453575 0.519833
vt 0.454817 0.511035
vt 0.456423 0.519295
vt 0.449913 0.520517
vt 0.453619 0.519840
vt 0.456423 0.519308
vt 0.453575 0.519840
vt 0.454817 0.511054
vt 0.452001 0.511578
vt 0.449914 0.520520
vt 0.449915 0.520531
vt 0.436636 0.401055
vt 0.441929 0.439203
vt 0.443153 0.439010
vt 0.430052 0.362485
vt 0.427381 0.345833
vt 0.426302 0.347216
vt 0.427585 0.347460
vt 0.451499 0.486045
vt 0.456002 0.510834
vt 0.447007 0.461053
vt 0.450301 0.486268
vt 0.457062 0.485202
vt 0.460658 0.509985
vt 0.457351 0.510570
vt 0.453077 0.485788
vt 0.453501 0.460216
vt 0.458355 0.459594
vt 0.426062 0.345476
vt 0.462041 0.518234
vt 0.462179 0.518230
vt 0.459016 0.518825
vt 0.458913 0.518825
vt 0.462041 0.518258
vt 0.458913 0.518842
vt 0.421383 0.403865
vt 0.428759 0.441641
vt 0.427627 0.441883
vt 0.413570 0.365833
vt 0.414976 0.365242
vt 0.443480 0.521695
vt 0.440929 0.513606
vt 0.442363 0.521898
vt 0.437921 0.514528
vt 0.424700 0.492463
vt 0.433217 0.489785
vt 0.419845 0.467557
vt 0.436241 0.488848
vt 0.442030 0.513391
vt 0.440928 0.513589
vt 0.428423 0.464858
vt 0.431472 0.463925
vt 0.437357 0.488645
vt 0.408192 0.352779
vt 0.405057 0.367145
vt 0.407825 0.351615
vt 0.410770 0.349461
vt 0.411156 0.350944
vt 0.456002 0.510811
vt 0.451499 0.486030
vt 0.447007 0.461050
vt 0.448820 0.460806
vt 0.457621 0.519069
vt 0.457710 0.519071
vt 0.457621 0.519084
vt 0.456498 0.519299
vt 0.422927 0.344625
vt 0.423253 0.346636
vt 0.447452 0.486796
vt 0.442891 0.461814
vt 0.436241 0.488859
vt 0.442031 0.513406
vt 0.431472 0.463928
vt 0.428423 0.464862
vt 0.412316 0.350225
vt 0.411923 0.348618
vt 0.446272 0.521187
vt 0.446227 0.521207
vt 0.440149 0.488137
vt 0.444786 0.512896
vt 0.432610 0.463715
vt 0.435456 0.463189
vt 0.446272 0.521182
vt 0.405596 0.462520
vt 0.409321 0.461471
vt 0.405007 0.462622
vt 0.447310 0.451950
vt 0.452221 0.451363
vt 0.457331 0.450736
vt 0.460402 0.450255
vt 0.459815 0.450372
vt 0.418142 0.458729
vt 0.426739 0.456024
vt 0.430940 0.454872
vt 0.433802 0.454337
vt 0.437532 0.453642
vt 0.444192 0.452417
vt 0.441279 0.452951
vt 0.445417 0.452192
vt 0.445788 0.461279
vt 0.429795 0.455087
vt 0.432610 0.463717
vt 0.477187 0.507077
vt 0.488940 0.520688
vt 0.488803 0.516766
vt 0.488155 0.525286
vt 0.489010 0.521286
vt 0.480063 0.512200
vt 0.473295 0.516249
vt 0.483986 0.512512
vt 0.475950 0.521352
vt 0.427739 0.510946
vt 0.436179 0.504347
vt 0.426409 0.511178
vt 0.464934 0.502650
vt 0.477365 0.519715
vt 0.437250 0.505304
vt 0.450098 0.501547
vt 0.483059 0.515813
vt 0.484397 0.513931
vt 0.484671 0.513921
vt 0.424784 0.522724
vt 0.421958 0.522846
vt 0.469566 0.505370
vt 0.456856 0.517414
vt 0.436400 0.520942
vt 0.452669 0.503007
vt 0.484703 0.510770
vt 0.485611 0.511427
vt 0.484906 0.511383
vt 0.484201 0.512997
vt 0.479906 0.506571
vt 0.485230 0.511020
vt 0.478721 0.509321
vt 0.483866 0.514845
vt 0.487050 0.513828
vt 0.485495 0.512422
vt 0.489147 0.513822
vt 0.487870 0.513242
vt 0.484823 0.513742
vt 0.487350 0.513732
vt 0.486274 0.515440
vt 0.486532 0.523090
vt 0.475041 0.509741
vt 0.482813 0.513468
vt 0.477844 0.514720
vt 0.486215 0.523190
vt 0.485232 0.526469
vt 0.437726 0.507302
vt 0.430322 0.512590
vt 0.429281 0.512480
vt 0.463639 0.505811
vt 0.475575 0.521343
vt 0.450110 0.504922
vt 0.438720 0.507667
vt 0.427675 0.523018
vt 0.425110 0.522975
vt 0.456651 0.518731
vt 0.468035 0.508148
vt 0.438154 0.521612
vt 0.452521 0.505767
vt 0.482734 0.513336
vt 0.482125 0.513057
vt 0.481778 0.512833
vt 0.481377 0.514414
vt 0.481000 0.513924
vt 0.477964 0.509428
vt 0.476969 0.512043
vt 0.487110 0.516602
vt 0.484428 0.515703
vt 0.487116 0.516614
vt 0.484199 0.517013
vt 0.487395 0.517161
vt 0.486440 0.519206
vt 0.484345 0.517182
vt 0.484122 0.514702
vt 0.486503 0.512238
vt 0.490480 0.518434
vt 0.490480 0.521764
vt 0.474834 0.518096
vt 0.470398 0.520369
vt 0.475134 0.518096
vt 0.479910 0.516447
vt 0.480113 0.516447
vt 0.485153 0.515446
vt 0.485256 0.515446
vt 0.476025 0.518096
vt 0.480715 0.516447
vt 0.485559 0.515446
vt 0.471563 0.520369
vt 0.481692 0.516447
vt 0.486051 0.515446
vt 0.477471 0.518096
vt 0.483006 0.516447
vt 0.486714 0.515446
vt 0.476001 0.520369
vt 0.479417 0.518096
vt 0.476601 0.523229
vt 0.479104 0.520369
vt 0.481788 0.518096
vt 0.484608 0.516447
vt 0.487521 0.515446
vt 0.482644 0.520369
vt 0.484493 0.518096
vt 0.486435 0.516447
vt 0.488442 0.515446
vt 0.480920 0.523229
vt 0.486486 0.520369
vt 0.487428 0.518096
vt 0.488418 0.516447
vt 0.489441 0.515446
vt 0.485606 0.523229
vt 0.490480 0.520369
vt 0.490480 0.518096
vt 0.490480 0.515111
vt 0.425334 0.380986
vt 0.410732 0.305206
vt 0.410274 0.305289
vt 0.426674 0.380744
vt 0.425792 0.380903
vt 0.424857 0.381072
vt 0.439004 0.454143
vt 0.425783 0.380905
vt 0.409797 0.305375
vt 0.439895 0.453983
vt 0.423921 0.381241
vt 0.409320 0.305461
vt 0.408861 0.305544
vt 0.423930 0.381239
vt 0.427495 0.380596
vt 0.423498 0.381317
vt 0.408438 0.305620
vt 0.423040 0.381400
vt 0.424380 0.381158
vt 0.440716 0.453835
vt 0.428214 0.380466
vt 0.423128 0.381384
vt 0.408068 0.305687
vt 0.422219 0.381548
vt 0.442026 0.453598
vt 0.428805 0.380359
vt 0.422824 0.381439
vt 0.407764 0.305742
vt 0.429243 0.380280
vt 0.407538 0.305783
vt 0.422598 0.381479
vt 0.420909 0.381784
vt 0.421499 0.381678
vt 0.442464 0.453519
vt 0.429514 0.380231
vt 0.407399 0.305808
vt 0.422459 0.381505
vt 0.420470 0.381864
vt 0.442735 0.453470
vt 0.429605 0.380215
vt 0.407352 0.305816
vt 0.422412 0.381513
vt 0.420200 0.381912
vt 0.420108 0.381929
vt 0.438078 0.454311
vt 0.436260 0.454639
vt 0.434720 0.454917
vt 0.411155 0.305130
vt 0.426215 0.380826
vt 0.411526 0.305063
vt 0.426585 0.380760
vt 0.426890 0.380705
vt 0.433691 0.455103
vt 0.411830 0.305008
vt 0.433421 0.455151
vt 0.427115 0.380664
vt 0.412056 0.304967
vt 0.433329 0.455168
vt 0.427255 0.380639
vt 0.412195 0.304942
vt 0.427302 0.380630
vt 0.412242 0.304934
vt 0.458984 0.521885
vt 0.458983 0.521885
vt 0.445573 0.521773
vt 0.440209 0.522842
vt 0.459026 0.522049
vt 0.443656 0.522024
vt 0.458580 0.521651
vt 0.454977 0.518832
vt 0.428446 0.334100
vt 0.430529 0.330776
vt 0.412016 0.331060
vt 0.403854 0.330085
vt 0.403389 0.328350
vt 0.402960 0.326925
vt 0.402586 0.325867
vt 0.402280 0.325215
vt 0.402053 0.324995
vt 0.401915 0.325215
vt 0.401871 0.325867
vt 0.401923 0.326925
vt 0.402068 0.328350
vt 0.402301 0.330085
vt 0.402613 0.332066
vt 0.419057 0.344415
vt 0.443397 0.521721
vt 0.482965 0.515925
vt 0.483694 0.517479
vt 0.472039 0.518534
vt 0.483976 0.517124
vt 0.470004 0.520369
vt 0.473455 0.520369
vt 0.472815 0.523229
vt 0.490480 0.523229
vt 0.441435 0.453705
vt 0.442826 0.453454
vt 0.437151 0.454478
vt 0.435440 0.454787
vt 0.434129 0.455023
s 1
usemtl joints.008
f 1/1/1 385/2/2 165/3/3
f 165/3/3 125/4/4 1/1/1
f 2/5/5 387/2/6 168/6/7
f 168/6/7 126/7/8 2/5/5
f 170/8/9 128/4/10 3/9/11
f 125/4/4 162/8/12 4/9/13
f 4/9/13 381/10/14 130/11/15
f 126/7/8 167/6/16 5/5/17
f 5/5/17 385/2/2 127/12/18
f 128/4/10 169/3/19 6/13/20
f 6/13/20 387/2/6 129/12/21
f 7/14/22 381/10/14 159/15/23
f 8/16/24 397/17/25 180/18/26
f 180/18/26 132/19/27 8/16/24
f 8/16/24 363/20/28 138/21/29
f 9/22/30 400/17/31 182/23/32
f 182/23/32 134/24/33 9/22/30
f 10/25/34 403/26/35 185/27/36
f 137/24/37 179/23/38 11/22/39
f 11/22/39 397/17/25 131/28/40
f 132/19/27 181/18/41 12/16/42
f 12/16/42 400/17/31 133/28/43
f 134/24/33 183/29/44 13/30/45
f 13/30/45 403/26/35 135/31/46
f 139/32/47 152/33/48 14/34/49
f 14/34/49 370/35/50 140/36/51
f 15/37/52 370/35/50 153/38/53
f 153/38/53 141/39/54 15/37/52
f 16/30/55 394/40/56 177/29/57
f 177/29/57 137/24/37 16/30/55
f 143/41/58 155/42/59 17/43/60
f 17/43/60 374/44/61 142/45/62
f 142/45/62 150/46/63 17/43/60
f 17/43/60 366/47/64 143/41/58
f 18/43/65 376/44/66 156/48/67
f 156/48/67 143/41/58 18/43/65
f 18/43/65 366/47/64 151/46/68
f 151/46/68 145/45/69 18/43/65
f 146/49/70 157/50/71 19/51/72
f 19/51/72 376/44/66 145/45/69
f 20/52/73 383/53/74 163/54/75
f 20/52/73 382/55/76 161/56/77
f 161/56/77 160/57/78 20/52/73
f 160/57/78 162/8/12 20/52/73
f 21/58/79 385/2/2 166/59/80
f 21/58/79 384/35/81 164/38/82
f 164/38/82 163/54/75 21/58/79
f 163/54/75 165/3/3 21/58/79
f 22/60/83 398/61/84 186/62/85
f 22/60/83 401/63/86 187/64/87
f 189/65/88 188/66/89 23/67/90
f 23/67/90 406/68/91 189/65/88
f 24/69/92 406/68/91 190/70/93
f 192/71/94 191/72/95 24/69/92
f 25/73/96 407/74/97 192/71/94
f 49/34/98 384/35/81 249/33/99
f 249/33/99 139/32/47 49/34/98
f 50/75/100 380/76/101 161/56/77
f 161/56/77 242/39/102 50/75/100
f 242/39/102 164/38/82 51/37/103
f 51/37/103 384/35/81 243/36/104
f 52/77/105 404/78/106 245/79/107
f 53/51/108 374/44/61 254/50/109
f 254/50/109 246/49/110 53/51/108
f 53/51/108 364/80/111 149/81/112
f 149/81/112 142/45/62 53/51/108
f 244/82/113 251/83/114 54/84/115
f 54/84/115 372/85/116 144/86/117
f 55/77/118 373/78/119 252/87/120
f 252/87/120 244/82/113 55/77/118
f 56/88/121 404/78/106 255/89/122
f 255/89/122 146/49/70 56/88/121
f 246/49/110 253/89/123 57/88/124
f 57/88/124 373/78/119 147/79/125
f 57/88/124 364/80/111 246/49/110
f 58/90/126 379/91/127 258/92/128
f 58/90/126 368/93/129 247/94/130
f 59/95/131 381/10/14 160/57/78
f 59/95/131 380/76/101 248/96/132
f 248/96/132 258/92/128 59/95/131
f 258/92/128 159/15/23 59/95/131
f 60/97/133 386/98/134 259/99/135
f 60/97/133 369/100/136 249/33/99
f 249/33/99 166/59/80 60/97/133
f 166/59/80 167/6/16 60/97/133
f 168/6/7 260/59/137 61/97/138
f 260/59/137 152/33/48 61/97/138
f 61/97/138 369/100/136 259/99/135
f 61/97/138 386/98/134 168/6/7
f 169/3/19 261/54/139 62/58/140
f 261/54/139 153/38/53 62/58/140
f 62/58/140 370/35/50 260/59/137
f 62/58/140 387/2/6 169/3/19
f 170/8/9 171/57/141 63/52/142
f 171/57/141 250/56/143 63/52/142
f 63/52/142 371/55/144 261/54/139
f 63/52/142 388/53/145 170/8/9
f 64/95/146 390/10/147 172/15/148
f 65/101/149 372/85/116 262/102/150
f 65/101/149 391/103/151 173/104/152
f 66/105/153 393/106/154 175/107/155
f 66/105/153 392/108/156 174/109/157
f 174/109/157 262/102/150 66/105/153
f 262/102/150 251/83/114 66/105/153
f 67/110/158 373/78/119 263/111/159
f 67/110/158 394/40/56 176/112/160
f 176/112/160 175/107/155 67/110/158
f 175/107/155 252/87/120 67/110/158
f 68/113/161 396/114/162 178/115/163
f 68/113/161 395/116/164 177/29/57
f 177/29/57 263/111/159 68/113/161
f 263/111/159 253/89/123 68/113/161
f 69/117/165 374/44/61 264/118/166
f 69/117/165 397/17/25 179/23/38
f 179/23/38 178/115/163 69/117/165
f 178/115/163 254/50/109 69/117/165
f 70/119/167 375/120/168 265/121/169
f 70/119/167 399/122/170 180/18/26
f 180/18/26 264/118/166 70/119/167
f 264/118/166 155/42/59 70/119/167
f 156/48/67 266/118/171 71/119/172
f 266/118/171 181/18/41 71/119/172
f 71/119/172 399/122/170 265/121/169
f 71/119/172 375/120/168 156/48/67
f 157/50/71 267/115/173 72/117/174
f 267/115/173 182/23/32 72/117/174
f 72/117/174 400/17/31 266/118/171
f 72/117/174 376/44/66 157/50/71
f 255/89/122 184/111/175 73/123/176
f 184/111/175 183/29/44 73/123/176
f 73/123/176 402/116/177 267/115/173
f 73/123/176 377/114/178 255/89/122
f 256/87/179 268/107/180 74/110/181
f 268/107/180 185/27/36 74/110/181
f 74/110/181 403/26/35 184/111/175
f 74/110/181 404/78/106 256/87/179
f 75/105/182 378/106/183 257/83/184
f 123/124/185 392/108/156 176/112/160
f 176/112/160 136/125/186 123/124/185
f 174/109/157 362/126/187 124/127/188
f 550/128/189 489/129/190 551/130/191
f 489/129/190 552/131/192 551/130/191
f 552/131/192 493/132/193 553/133/194
f 553/133/194 495/134/195 554/135/196
f 554/135/196 497/136/197 555/137/198
f 555/137/198 499/138/199 556/139/200
f 499/138/199 557/140/201 556/139/200
f 557/140/201 503/141/202 558/142/203
f 503/141/202 559/143/204 558/142/203
f 559/143/204 507/144/205 560/145/206
f 507/144/205 561/146/207 560/145/206
f 561/146/207 511/147/208 562/148/209
f 545/149/210 580/150/211 579/151/212
f 507/144/205 881/152/213 882/153/214
f 515/154/215 549/155/216 564/156/217
f 563/157/218 515/154/215 564/156/217
f 510/158/219 869/159/220 508/160/221
f 532/161/222 567/162/223 566/163/224
f 533/164/225 568/165/226 567/162/223
f 534/166/227 569/167/228 568/165/226
f 535/168/229 570/169/230 569/167/228
f 536/170/231 571/171/232 570/169/230
f 537/172/233 572/173/234 571/171/232
f 538/174/235 573/175/236 572/173/234
f 539/176/237 574/177/238 573/175/236
f 540/178/239 575/179/240 574/177/238
f 541/180/241 576/181/242 575/179/240
f 542/182/243 577/183/244 576/181/242
f 543/184/245 578/185/246 577/183/244
f 544/186/247 579/151/212 578/185/246
f 529/187/248 563/157/218 530/188/249
f 581/189/250 548/190/251 582/191/252
f 546/192/253 581/189/250 580/150/211
f 517/193/254 551/130/191 518/194/255
f 518/194/255 552/131/192 519/195/256
f 519/195/256 553/133/194 520/196/257
f 520/196/257 554/135/196 521/197/258
f 521/197/258 555/137/198 522/198/259
f 522/198/259 556/139/200 523/199/260
f 523/199/260 557/140/201 524/200/261
f 524/200/261 558/142/203 525/201/262
f 525/201/262 559/143/204 526/202/263
f 526/202/263 560/145/206 527/203/264
f 527/203/264 561/146/207 528/204/265
f 528/204/265 562/148/209 529/187/248
f 579/151/212 512/205/266 510/158/219
f 564/156/217 516/206/267 531/207/268
f 530/188/249 564/156/217 531/207/268
f 582/191/252 483/208/269 481/209/270
f 485/210/271 567/162/223 486/211/272
f 486/211/272 568/165/226 488/212/273
f 488/212/273 569/167/228 490/213/274
f 490/213/274 570/169/230 492/214/275
f 492/214/275 571/171/232 494/215/276
f 494/215/276 572/173/234 496/216/277
f 496/216/277 573/175/236 498/217/278
f 498/217/278 574/177/238 500/218/279
f 574/177/238 502/219/280 500/218/279
f 575/179/240 504/220/281 502/219/280
f 576/181/242 506/221/282 504/220/281
f 577/183/244 508/160/221 506/221/282
f 578/185/246 510/158/219 508/160/221
f 545/149/210 530/188/249 546/192/253
f 581/189/250 481/209/270 514/222/283
f 580/150/211 514/222/283 512/205/266
f 533/164/225 518/194/255 534/166/227
f 518/194/255 535/168/229 534/166/227
f 519/195/256 536/170/231 535/168/229
f 536/170/231 521/197/258 537/172/233
f 521/197/258 538/174/235 537/172/233
f 538/174/235 523/199/260 539/176/237
f 523/199/260 540/178/239 539/176/237
f 524/200/261 541/180/241 540/178/239
f 541/180/241 526/202/263 542/182/243
f 526/202/263 543/184/245 542/182/243
f 543/184/245 528/204/265 544/186/247
f 528/204/265 545/149/210 544/186/247
f 512/205/266 870/223/284 510/158/219
f 547/224/285 516/206/267 548/190/251
f 530/188/249 547/224/285 546/192/253
f 869/159/220 901/225/286 868/226/287
f 498/217/278 863/227/288 496/216/277
f 486/211/272 857/228/289 485/210/271
f 513/229/290 884/230/291 885/231/292
f 481/209/270 855/232/293 854/233/294
f 508/160/221 868/226/287 506/221/282
f 496/216/277 862/234/295 494/215/276
f 485/210/271 856/235/296 484/236/297
f 506/221/282 867/237/298 504/220/281
f 494/215/276 861/238/299 492/214/275
f 514/222/283 854/233/294 872/239/300
f 504/220/281 866/240/301 502/219/280
f 492/214/275 860/241/302 490/213/274
f 514/222/283 871/242/303 512/205/266
f 502/219/280 865/243/304 500/218/279
f 490/213/274 859/244/305 488/212/273
f 500/218/279 864/245/306 498/217/278
f 488/212/273 858/246/307 486/211/272
f 495/134/195 875/247/308 876/248/309
f 505/249/310 880/250/311 881/152/213
f 493/132/193 874/251/312 875/247/308
f 515/154/215 885/231/292 886/252/313
f 503/141/202 879/253/314 880/250/311
f 491/254/315 873/255/316 874/251/312
f 871/242/303 903/256/317 870/223/284
f 501/257/318 878/258/319 879/253/314
f 511/147/208 883/259/320 884/230/291
f 499/138/199 877/260/321 878/258/319
f 509/261/322 882/153/214 883/259/320
f 497/136/197 876/248/309 877/260/321
f 894/262/323 928/263/324 893/263/325
f 884/230/291 919/264/326 885/231/292
f 860/241/302 894/262/323 893/263/325
f 866/240/301 898/265/327 865/243/304
f 858/246/307 890/266/328 857/228/289
f 863/227/288 895/267/329 862/234/295
f 867/237/298 901/225/286 900/268/330
f 872/239/300 887/269/331 905/270/332
f 859/244/305 893/263/325 892/271/333
f 855/232/293 887/269/331 854/233/294
f 864/245/306 898/265/327 897/272/334
f 870/223/284 902/273/335 869/159/220
f 856/235/296 890/266/328 889/274/336
f 861/238/299 895/267/329 894/262/323
f 867/237/298 899/275/337 866/240/301
f 871/242/303 905/270/332 904/276/338
f 858/246/307 892/271/333 891/277/339
f 863/227/288 897/272/334 896/278/340
f 911/279/341 977/280/342 978/279/343
f 874/251/312 907/281/344 908/282/345
f 879/253/314 912/283/346 913/284/347
f 884/230/291 917/285/348 918/286/349
f 876/248/309 909/287/350 910/280/351
f 881/152/213 914/288/352 915/289/353
f 885/231/292 920/290/354 886/252/313
f 877/260/321 912/283/346 878/258/319
f 882/153/214 917/285/348 883/259/320
f 904/276/338 938/256/355 903/256/317
f 874/251/312 909/287/350 875/247/308
f 880/250/311 913/284/347 914/288/352
f 876/248/309 911/279/341 877/260/321
f 881/152/213 916/291/356 882/153/214
f 933/265/357 964/272/358 932/272/359
f 923/292/360 942/293/361 922/293/362
f 899/275/337 933/265/357 898/265/327
f 939/276/363 970/256/364 938/256/355
f 891/277/339 925/266/294 890/266/328
f 896/278/340 930/267/365 895/267/329
f 901/225/286 935/268/366 900/268/330
f 905/270/332 921/269/367 940/270/368
f 893/263/325 927/271/369 892/271/333
f 887/269/331 922/293/362 921/269/367
f 898/265/327 932/272/359 897/272/334
f 903/256/317 937/273/370 902/273/335
f 890/266/328 924/274/371 889/274/336
f 895/267/329 929/262/372 894/262/323
f 900/268/330 934/275/373 899/275/337
f 905/270/332 939/276/363 904/276/338
f 892/271/333 926/277/374 891/277/339
f 897/272/334 931/278/375 896/278/340
f 902/273/335 936/225/376 901/225/286
f 956/274/377 964/272/358 972/270/378
f 937/273/370 970/256/364 969/273/379
f 925/266/294 956/274/377 924/274/371
f 930/267/365 961/262/380 929/262/372
f 935/268/366 966/275/381 934/275/373
f 939/276/363 972/270/378 971/276/382
f 926/277/374 959/271/383 958/277/384
f 932/272/359 963/278/385 931/278/375
f 936/225/376 969/273/379 968/225/386
f 985/286/387 919/264/326 918/286/349
f 929/262/372 960/263/388 928/263/324
f 933/265/357 966/275/381 965/265/389
f 925/266/294 958/277/384 957/266/390
f 930/267/365 963/278/385 962/267/391
f 936/225/376 967/268/392 935/268/366
f 921/269/367 972/270/378 940/270/368
f 927/271/369 960/263/388 959/271/383
f 922/293/362 941/269/393 921/269/367
f 974/281/394 989/282/395 975/282/396
f 916/291/356 982/289/397 983/291/398
f 908/282/345 974/281/394 975/282/396
f 913/284/347 979/283/399 980/284/400
f 918/286/349 984/285/401 985/286/387
f 910/280/351 976/287/402 977/280/342
f 915/289/353 981/288/403 982/289/397
f 920/290/354 986/264/404 987/290/405
f 907/281/344 973/294/406 974/281/394
f 912/283/346 978/279/343 979/283/399
f 917/285/348 983/291/398 984/285/401
f 985/286/387 1000/264/407 986/264/404
f 909/287/350 975/282/396 976/287/402
f 914/288/352 980/284/400 981/288/403
f 980/284/400 993/283/408 994/284/409
f 984/285/401 999/286/410 985/286/387
f 976/287/402 991/280/411 977/280/342
f 981/288/403 996/289/412 982/289/397
f 987/290/405 1000/264/407 1001/290/413
f 978/279/343 993/283/408 979/283/399
f 984/285/401 997/291/414 998/285/415
f 976/287/402 989/282/395 990/287/416
f 980/284/400 995/288/417 981/288/403
f 978/279/343 991/280/411 992/279/418
f 982/289/397 997/291/414 983/291/398
f 511/147/208 563/157/218 562/148/209
f 1/1/1 127/12/18 385/2/2
f 165/3/3 383/53/74 125/4/4
f 2/5/5 129/12/21 387/2/6
f 168/6/7 386/98/134 126/7/8
f 170/8/9 388/53/145 128/4/10
f 125/4/4 383/53/74 162/8/12
f 4/9/13 162/8/12 381/10/14
f 126/7/8 386/98/134 167/6/16
f 5/5/17 167/6/16 385/2/2
f 128/4/10 388/53/145 169/3/19
f 6/13/20 169/3/19 387/2/6
f 7/14/22 130/11/15 381/10/14
f 8/16/24 131/28/40 397/17/25
f 180/18/26 399/122/170 132/19/27
f 8/16/24 132/19/27 363/20/28
f 9/22/30 133/28/43 400/17/31
f 182/23/32 402/116/177 134/24/33
f 10/25/34 135/31/46 403/26/35
f 137/24/37 395/116/164 179/23/38
f 11/22/39 179/23/38 397/17/25
f 132/19/27 399/122/170 181/18/41
f 12/16/42 181/18/41 400/17/31
f 134/24/33 402/116/177 183/29/44
f 13/30/45 183/29/44 403/26/35
f 139/32/47 369/100/136 152/33/48
f 14/34/49 152/33/48 370/35/50
f 15/37/52 140/36/51 370/35/50
f 153/38/53 371/55/144 141/39/54
f 16/30/55 136/125/186 394/40/56
f 177/29/57 395/116/164 137/24/37
f 143/41/58 375/120/168 155/42/59
f 17/43/60 155/42/59 374/44/61
f 142/45/62 365/679/951 150/46/63
f 17/43/60 150/46/63 366/47/64
f 18/43/65 145/45/69 376/44/66
f 156/48/67 375/120/168 143/41/58
f 18/43/65 143/41/58 366/47/64
f 151/46/68 367/680/952 145/45/69
f 146/49/70 377/114/178 157/50/71
f 19/51/72 157/50/71 376/44/66
f 20/52/73 162/8/12 383/53/74
f 20/52/73 163/54/75 382/55/76
f 161/56/77 380/76/101 160/57/78
f 160/57/78 381/10/14 162/8/12
f 21/58/79 165/3/3 385/2/2
f 21/58/79 166/59/80 384/35/81
f 164/38/82 382/55/76 163/54/75
f 163/54/75 383/53/74 165/3/3
f 22/60/83 187/64/87 398/61/84
f 22/60/83 188/66/89 401/63/86
f 189/65/88 401/63/86 188/66/89
f 23/67/90 190/70/93 406/68/91
f 24/69/92 191/72/95 406/68/91
f 192/71/94 407/74/97 191/72/95
f 25/73/96 193/681/953 407/74/97
f 49/34/98 243/36/104 384/35/81
f 249/33/99 369/100/136 139/32/47
f 50/75/100 241/682/954 380/76/101
f 161/56/77 382/55/76 242/39/102
f 242/39/102 382/55/76 164/38/82
f 51/37/103 164/38/82 384/35/81
f 52/77/105 256/87/179 404/78/106
f 53/51/108 142/45/62 374/44/61
f 254/50/109 396/114/162 246/49/110
f 53/51/108 246/49/110 364/80/111
f 149/81/112 365/679/951 142/45/62
f 244/82/113 393/106/154 251/83/114
f 54/84/115 251/83/114 372/85/116
f 55/77/118 147/79/125 373/78/119
f 252/87/120 393/106/154 244/82/113
f 56/88/121 245/79/107 404/78/106
f 255/89/122 377/114/178 146/49/70
f 246/49/110 396/114/162 253/89/123
f 57/88/124 253/89/123 373/78/119
f 57/88/124 148/683/955 364/80/111
f 58/90/126 158/684/956 379/91/127
f 58/90/126 258/92/128 368/93/129
f 59/95/131 159/15/23 381/10/14
f 59/95/131 160/57/78 380/76/101
f 248/96/132 368/93/129 258/92/128
f 258/92/128 379/91/127 159/15/23
f 60/97/133 167/6/16 386/98/134
f 60/97/133 259/99/135 369/100/136
f 249/33/99 384/35/81 166/59/80
f 166/59/80 385/2/2 167/6/16
f 168/6/7 387/2/6 260/59/137
f 260/59/137 370/35/50 152/33/48
f 61/97/138 152/33/48 369/100/136
f 61/97/138 259/99/135 386/98/134
f 169/3/19 388/53/145 261/54/139
f 261/54/139 371/55/144 153/38/53
f 62/58/140 153/38/53 370/35/50
f 62/58/140 260/59/137 387/2/6
f 170/8/9 390/10/147 171/57/141
f 171/57/141 389/76/957 250/56/143
f 63/52/142 250/56/143 371/55/144
f 63/52/142 261/54/139 388/53/145
f 64/95/146 171/57/141 390/10/147
f 65/101/149 154/685/958 372/85/116
f 65/101/149 262/102/150 391/103/151
f 66/105/153 251/83/114 393/106/154
f 66/105/153 175/107/155 392/108/156
f 174/109/157 391/103/151 262/102/150
f 262/102/150 372/85/116 251/83/114
f 67/110/158 252/87/120 373/78/119
f 67/110/158 263/111/159 394/40/56
f 176/112/160 392/108/156 175/107/155
f 175/107/155 393/106/154 252/87/120
f 68/113/161 253/89/123 396/114/162
f 68/113/161 178/115/163 395/116/164
f 177/29/57 394/40/56 263/111/159
f 263/111/159 373/78/119 253/89/123
f 69/117/165 254/50/109 374/44/61
f 69/117/165 264/118/166 397/17/25
f 179/23/38 395/116/164 178/115/163
f 178/115/163 396/114/162 254/50/109
f 70/119/167 155/42/59 375/120/168
f 70/119/167 265/121/169 399/122/170
f 180/18/26 397/17/25 264/118/166
f 264/118/166 374/44/61 155/42/59
f 156/48/67 376/44/66 266/118/171
f 266/118/171 400/17/31 181/18/41
f 71/119/172 181/18/41 399/122/170
f 71/119/172 265/121/169 375/120/168
f 157/50/71 377/114/178 267/115/173
f 267/115/173 402/116/177 182/23/32
f 72/117/174 182/23/32 400/17/31
f 72/117/174 266/118/171 376/44/66
f 255/89/122 404/78/106 184/111/175
f 184/111/175 403/26/35 183/29/44
f 73/123/176 183/29/44 402/116/177
f 73/123/176 267/115/173 377/114/178
f 256/87/179 378/106/183 268/107/180
f 268/107/180 405/686/959 185/27/36
f 74/110/181 185/27/36 403/26/35
f 74/110/181 184/111/175 404/78/106
f 75/105/182 268/107/180 378/106/183
f 123/124/185 362/126/187 392/108/156
f 176/112/160 394/40/56 136/125/186
f 174/109/157 392/108/156 362/126/187
f 550/128/189 487/687/960 489/129/190
f 489/129/190 491/254/315 552/131/192
f 552/131/192 491/254/315 493/132/193
f 553/133/194 493/132/193 495/134/195
f 554/135/196 495/134/195 497/136/197
f 555/137/198 497/136/197 499/138/199
f 499/138/199 501/257/318 557/140/201
f 557/140/201 501/257/318 503/141/202
f 503/141/202 505/249/310 559/143/204
f 559/143/204 505/249/310 507/144/205
f 507/144/205 509/261/322 561/146/207
f 561/146/207 509/261/322 511/147/208
f 545/149/210 546/192/253 580/150/211
f 507/144/205 505/249/310 881/152/213
f 515/154/215 482/688/961 549/155/216
f 563/157/218 513/229/290 515/154/215
f 510/158/219 870/223/284 869/159/220
f 532/161/222 533/164/225 567/162/223
f 533/164/225 534/166/227 568/165/226
f 534/166/227 535/168/229 569/167/228
f 535/168/229 536/170/231 570/169/230
f 536/170/231 537/172/233 571/171/232
f 537/172/233 538/174/235 572/173/234
f 538/174/235 539/176/237 573/175/236
f 539/176/237 540/178/239 574/177/238
f 540/178/239 541/180/241 575/179/240
f 541/180/241 542/182/243 576/181/242
f 542/182/243 543/184/245 577/183/244
f 543/184/245 544/186/247 578/185/246
f 544/186/247 545/149/210 579/151/212
f 529/187/248 562/148/209 563/157/218
f 581/189/250 547/224/285 548/190/251
f 546/192/253 547/224/285 581/189/250
f 517/193/254 550/128/189 551/130/191
f 518/194/255 551/130/191 552/131/192
f 519/195/256 552/131/192 553/133/194
f 520/196/257 553/133/194 554/135/196
f 521/197/258 554/135/196 555/137/198
f 522/198/259 555/137/198 556/139/200
f 523/199/260 556/139/200 557/140/201
f 524/200/261 557/140/201 558/142/203
f 525/201/262 558/142/203 559/143/204
f 526/202/263 559/143/204 560/145/206
f 527/203/264 560/145/206 561/146/207
f 528/204/265 561/146/207 562/148/209
f 579/151/212 580/150/211 512/205/266
f 564/156/217 549/155/216 516/206/267
f 530/188/249 563/157/218 564/156/217
f 582/191/252 565/689/962 483/208/269
f 485/210/271 566/163/224 567/162/223
f 486/211/272 567/162/223 568/165/226
f 488/212/273 568/165/226 569/167/228
f 490/213/274 569/167/228 570/169/230
f 492/214/275 570/169/230 571/171/232
f 494/215/276 571/171/232 572/173/234
f 496/216/277 572/173/234 573/175/236
f 498/217/278 573/175/236 574/177/238
f 574/177/238 575/179/240 502/219/280
f 575/179/240 576/181/242 504/220/281
f 576/181/242 577/183/244 506/221/282
f 577/183/244 578/185/246 508/160/221
f 578/185/246 579/151/212 510/158/219
f 545/149/210 529/187/248 530/188/249
f 581/189/250 582/191/252 481/209/270
f 580/150/211 581/189/250 514/222/283
f 533/164/225 517/193/254 518/194/255
f 518/194/255 519/195/256 535/168/229
f 519/195/256 520/196/257 536/170/231
f 536/170/231 520/196/257 521/197/258
f 521/197/258 522/198/259 538/174/235
f 538/174/235 522/198/259 523/199/260
f 523/199/260 524/200/261 540/178/239
f 524/200/261 525/201/262 541/180/241
f 541/180/241 525/201/262 526/202/263
f 526/202/263 527/203/264 543/184/245
f 543/184/245 527/203/264 528/204/265
f 528/204/265 529/187/248 545/149/210
f 512/205/266 871/242/303 870/223/284
f 547/224/285 531/207/268 516/206/267
f 530/188/249 531/207/268 547/224/285
f 869/159/220 902/273/335 901/225/286
f 498/217/278 864/245/306 863/227/288
f 486/211/272 858/246/307 857/228/289
f 513/229/290 511/147/208 884/230/291
f 481/209/270 483/208/269 855/232/293
f 508/160/221 869/159/220 868/226/287
f 496/216/277 863/227/288 862/234/295
f 485/210/271 857/228/289 856/235/296
f 506/221/282 868/226/287 867/237/298
f 494/215/276 862/234/295 861/238/299
f 514/222/283 481/209/270 854/233/294
f 504/220/281 867/237/298 866/240/301
f 492/214/275 861/238/299 860/241/302
f 514/222/283 872/239/300 871/242/303
f 502/219/280 866/240/301 865/243/304
f 490/213/274 860/241/302 859/244/305
f 500/218/279 865/243/304 864/245/306
f 488/212/273 859/244/305 858/246/307
f 495/134/195 493/132/193 875/247/308
f 505/249/310 503/141/202 880/250/311
f 493/132/193 491/254/315 874/251/312
f 515/154/215 513/229/290 885/231/292
f 503/141/202 501/257/318 879/253/314
f 491/254/315 489/129/190 873/255/316
f 871/242/303 904/276/338 903/256/317
f 501/257/318 499/138/199 878/258/319
f 511/147/208 509/261/322 883/259/320
f 499/138/199 497/136/197 877/260/321
f 509/261/322 507/144/205 882/153/214
f 497/136/197 495/134/195 876/248/309
f 894/262/323 929/262/372 928/263/324
f 884/230/291 918/286/349 919/264/326
f 860/241/302 861/238/299 894/262/323
f 866/240/301 899/275/337 898/265/327
f 858/246/307 891/277/339 890/266/328
f 863/227/288 896/278/340 895/267/329
f 867/237/298 868/226/287 901/225/286
f 872/239/300 854/233/294 887/269/331
f 859/244/305 860/241/302 893/263/325
f 855/232/293 888/293/963 887/269/331
f 864/245/306 865/243/304 898/265/327
f 870/223/284 903/256/317 902/273/335
f 856/235/296 857/228/289 890/266/328
f 861/238/299 862/234/295 895/267/329
f 867/237/298 900/268/330 899/275/337
f 871/242/303 872/239/300 905/270/332
f 858/246/307 859/244/305 892/271/333
f 863/227/288 864/245/306 897/272/334
f 911/279/341 910/280/351 977/280/342
f 874/251/312 873/255/316 907/281/344
f 879/253/314 878/258/319 912/283/346
f 884/230/291 883/259/320 917/285/348
f 876/248/309 875/247/308 909/287/350
f 881/152/213 880/250/311 914/288/352
f 885/231/292 919/264/326 920/290/354
f 877/260/321 911/279/341 912/283/346
f 882/153/214 916/291/356 917/285/348
f 904/276/338 939/276/363 938/256/355
f 874/251/312 908/282/345 909/287/350
f 880/250/311 879/253/314 913/284/347
f 876/248/309 910/280/351 911/279/341
f 881/152/213 915/289/353 916/291/356
f 933/265/357 965/265/389 964/272/358
f 923/292/360 943/292/964 942/293/361
f 899/275/337 934/275/373 933/265/357
f 939/276/363 971/276/382 970/256/364
f 891/277/339 926/277/374 925/266/294
f 896/278/340 931/278/375 930/267/365
f 901/225/286 936/225/376 935/268/366
f 905/270/332 887/269/331 921/269/367
f 893/263/325 928/263/324 927/271/369
f 887/269/331 888/293/963 922/293/362
f 898/265/327 933/265/357 932/272/359
f 903/256/317 938/256/355 937/273/370
f 890/266/328 925/266/294 924/274/371
f 895/267/329 930/267/365 929/262/372
f 900/268/330 935/268/366 934/275/373
f 905/270/332 940/270/368 939/276/363
f 892/271/333 927/271/369 926/277/374
f 897/272/334 932/272/359 931/278/375
f 902/273/335 937/273/370 936/225/376
f 972/270/378 941/269/393 942/293/361
f 942/293/361 943/292/964 944/690/965
f 944/690/965 945/691/966 946/692/967
f 946/692/967 947/693/968 948/694/969
f 948/694/969 949/695/970 950/696/965
f 950/696/965 951/697/971 952/698/297
f 952/698/297 953/699/972 954/700/973
f 954/700/973 955/701/974 956/274/377
f 956/274/377 957/266/390 958/277/384
f 958/277/384 959/271/383 960/263/388
f 960/263/388 961/262/380 962/267/391
f 962/267/391 963/278/385 964/272/358
f 964/272/358 965/265/389 966/275/381
f 966/275/381 967/268/392 968/225/386
f 968/225/386 969/273/379 970/256/364
f 970/256/364 971/276/382 972/270/378
f 972/270/378 942/293/361 944/690/965
f 944/690/965 946/692/967 948/694/969
f 948/694/969 950/696/965 952/698/297
f 952/698/297 954/700/973 956/274/377
f 956/274/377 958/277/384 960/263/388
f 960/263/388 962/267/391 964/272/358
f 964/272/358 966/275/381 968/225/386
f 968/225/386 970/256/364 972/270/378
f 972/270/378 944/690/965 948/694/969
f 948/694/969 952/698/297 956/274/377
f 956/274/377 960/263/388 964/272/358
f 964/272/358 968/225/386 972/270/378
f 972/270/378 948/694/969 956/274/377
f 937/273/370 938/256/355 970/256/364
f 925/266/294 957/266/390 956/274/377
f 930/267/365 962/267/391 961/262/380
f 935/268/366 967/268/392 966/275/381
f 939/276/363 940/270/368 972/270/378
f 926/277/374 927/271/369 959/271/383
f 932/272/359 964/272/358 963/278/385
f 936/225/376 937/273/370 969/273/379
f 985/286/387 986/264/404 919/264/326
f 929/262/372 961/262/380 960/263/388
f 933/265/357 934/275/373 966/275/381
f 925/266/294 926/277/374 958/277/384
f 930/267/365 931/278/375 963/278/385
f 936/225/376 968/225/386 967/268/392
f 921/269/367 941/269/393 972/270/378
f 927/271/369 928/263/324 960/263/388
f 922/293/362 942/293/361 941/269/393
f 974/281/394 988/281/975 989/282/395
f 916/291/356 915/289/353 982/289/397
f 908/282/345 907/281/344 974/281/394
f 913/284/347 912/283/346 979/283/399
f 918/286/349 917/285/348 984/285/401
f 910/280/351 909/287/350 976/287/402
f 915/289/353 914/288/352 981/288/403
f 920/290/354 919/264/326 986/264/404
f 907/281/344 906/294/406 973/294/406
f 912/283/346 911/279/341 978/279/343
f 917/285/348 916/291/356 983/291/398
f 985/286/387 999/286/410 1000/264/407
f 909/287/350 908/282/345 975/282/396
f 914/288/352 913/284/347 980/284/400
f 980/284/400 979/283/399 993/283/408
f 984/285/401 998/285/415 999/286/410
f 976/287/402 990/287/416 991/280/411
f 981/288/403 995/288/417 996/289/412
f 987/290/405 986/264/404 1000/264/407
f 978/279/343 992/279/418 993/283/408
f 984/285/401 983/291/398 997/291/414
f 976/287/402 975/282/396 989/282/395
f 980/284/400 994/284/409 995/288/417
f 978/279/343 977/280/342 991/280/411
f 982/289/397 996/289/412 997/291/414
f 511/147/208 513/229/290 563/157/218
usemtl limbs.009
f 26/295/419 469/296/420 346/297/421
f 26/295/419 465/298/422 195/299/423
f 26/295/419 409/300/424 208/301/425
f 208/301/425 218/302/426 26/295/419
f 27/303/427 473/304/428 347/305/429
f 27/303/427 466/306/430 199/307/431
f 27/303/427 410/308/432 212/309/433
f 212/309/433 277/310/434 27/303/427
f 28/311/435 471/312/436 348/313/437
f 348/313/437 202/307/438 28/311/435
f 28/311/435 411/308/439 215/314/440
f 215/314/440 226/315/441 28/311/435
f 29/316/442 475/317/443 349/318/444
f 349/318/444 209/299/445 29/316/442
f 29/316/442 408/300/446 217/319/447
f 217/319/447 293/320/448 29/316/442
f 234/321/449 278/322/450 30/323/451
f 30/323/451 436/324/452 212/309/433
f 212/309/433 203/314/453 30/323/451
f 30/323/451 425/325/454 234/321/449
f 294/326/455 210/327/456 31/328/457
f 31/328/457 413/329/458 194/330/459
f 209/299/445 350/297/460 32/295/461
f 32/295/461 469/296/420 218/302/426
f 218/302/426 196/301/462 32/295/461
f 32/295/461 408/300/446 209/299/445
f 33/331/463 412/332/464 206/333/465
f 206/333/465 219/334/466 33/331/463
f 33/331/463 428/335/467 220/336/468
f 220/336/468 197/337/469 33/331/463
f 34/338/470 416/339/471 194/330/459
f 34/338/470 413/329/458 207/340/472
f 34/338/470 417/341/473 221/342/474
f 221/342/474 219/334/466 34/338/470
f 323/343/475 351/344/476 35/345/477
f 35/345/477 470/346/478 222/347/479
f 222/347/479 285/348/480 35/345/477
f 35/345/477 458/349/481 323/343/475
f 324/350/482 287/351/483 36/352/484
f 36/352/484 420/353/485 223/354/486
f 36/352/484 429/355/487 289/356/488
f 289/356/488 324/350/482 36/352/484
f 37/357/489 434/358/490 198/359/491
f 37/357/489 414/360/492 211/361/493
f 211/361/493 273/362/494 37/357/489
f 37/357/489 438/363/495 279/364/496
f 38/311/497 466/306/430 352/313/498
f 38/311/497 471/312/436 226/315/441
f 226/315/441 203/314/453 38/311/497
f 38/311/497 410/308/432 199/307/431
f 39/365/499 414/360/492 213/366/500
f 39/365/499 423/367/501 227/368/502
f 227/368/502 228/369/503 39/365/499
f 39/365/499 421/370/504 211/361/493
f 227/368/502 201/371/505 40/372/506
f 40/372/506 415/373/507 214/374/508
f 214/374/508 229/375/509 40/372/506
f 40/372/506 430/376/510 227/368/502
f 308/377/511 353/378/512 41/379/513
f 353/378/512 230/347/514 41/379/513
f 230/347/514 270/380/515 41/379/513
f 41/379/513 451/381/516 308/377/511
f 309/382/517 272/383/518 42/384/519
f 42/384/519 426/385/520 231/386/521
f 231/386/521 274/387/522 42/384/519
f 42/384/519 454/388/523 309/382/517
f 43/389/524 443/390/525 204/391/526
f 43/389/524 412/332/464 197/337/469
f 43/389/524 419/392/527 290/393/528
f 290/393/528 297/394/529 43/389/524
f 205/309/530 282/322/531 44/323/532
f 44/323/532 440/395/533 234/321/449
f 44/323/532 425/325/454 215/314/440
f 215/314/440 205/309/530 44/323/532
f 288/348/534 325/396/535 45/397/536
f 45/397/536 463/398/537 291/399/538
f 291/399/538 236/400/539 45/397/536
f 45/397/536 427/401/540 288/348/534
f 46/397/541 463/398/537 326/396/542
f 326/396/542 285/348/480 46/397/541
f 46/397/541 422/401/543 237/400/544
f 237/400/544 291/399/538 46/397/541
f 47/402/545 453/403/546 310/404/547
f 239/405/548 272/383/518 47/402/545
f 276/406/549 311/407/550 48/408/551
f 48/408/551 450/409/552 269/410/553
f 269/410/553 240/411/554 48/408/551
f 48/408/551 433/412/555 276/406/549
f 76/413/556 478/414/557 354/415/558
f 354/415/558 277/310/434 76/413/556
f 76/413/556 436/324/452 303/416/559
f 303/416/559 312/377/560 76/413/556
f 306/417/561 313/418/562 77/419/563
f 77/419/563 452/381/564 303/416/559
f 303/416/559 278/322/450 77/419/563
f 77/419/563 440/395/533 306/417/561
f 78/420/565 450/409/552 301/421/566
f 301/421/566 279/364/496 78/420/565
f 279/364/496 300/422/567 78/420/565
f 300/422/567 314/423/568 78/420/565
f 79/303/569 467/306/570 355/305/571
f 355/305/571 280/310/572 79/303/569
f 79/303/569 435/324/573 205/309/530
f 79/303/569 411/308/439 202/307/438
f 80/424/574 415/373/507 216/425/575
f 80/424/574 437/426/576 281/427/577
f 281/427/577 232/428/578 80/424/574
f 80/424/574 424/429/579 214/374/508
f 81/419/580 451/381/516 315/418/581
f 81/419/580 455/430/582 306/417/561
f 306/417/561 282/322/531 81/419/580
f 81/419/580 435/324/573 302/416/583
f 82/431/584 415/373/507 201/371/505
f 201/371/505 238/432/585 82/431/584
f 82/431/584 441/433/586 283/434/587
f 283/434/587 216/425/575 82/431/584
f 238/432/585 213/366/500 83/435/588
f 83/435/588 414/360/492 198/359/491
f 198/359/491 284/436/589 83/435/588
f 83/435/588 441/433/586 238/432/585
f 84/437/590 480/438/591 356/439/592
f 356/439/592 293/320/448 84/437/590
f 84/437/590 445/440/593 320/441/594
f 320/441/594 327/343/595 84/437/590
f 328/442/596 319/443/597 85/444/598
f 85/444/598 444/445/599 294/326/455
f 195/299/423 357/318/600 86/316/601
f 86/316/601 476/317/602 295/320/603
f 295/320/603 200/319/604 86/316/601
f 86/316/601 409/300/424 195/299/423
f 87/446/605 413/329/458 210/327/456
f 87/446/605 444/445/599 296/447/606
f 296/447/606 224/448/607 87/446/605
f 87/446/605 417/341/473 207/340/472
f 88/449/608 459/450/609 318/451/610
f 318/451/610 297/394/529 88/449/608
f 88/449/608 447/452/611 316/453/612
f 316/453/612 329/454/613 88/449/608
f 217/319/447 196/301/462 89/455/614
f 89/455/614 418/456/615 235/457/616
f 89/455/614 448/458/617 298/459/618
f 298/459/618 217/319/447 89/455/614
f 90/455/619 418/456/615 208/301/425
f 208/301/425 200/319/604 90/455/619
f 90/455/619 442/440/620 299/459/621
f 299/459/621 235/457/616 90/455/619
f 91/413/622 474/304/623 358/415/624
f 91/413/622 477/414/625 308/377/511
f 308/377/511 302/416/583 91/413/622
f 302/416/583 280/310/572 91/413/622
f 281/427/577 304/460/626 92/461/627
f 92/461/627 453/403/546 309/382/517
f 309/382/517 305/462/628 92/461/627
f 92/461/627 439/463/629 281/427/577
f 93/464/630 437/426/576 283/434/587
f 310/404/547 304/460/626 93/464/630
f 307/465/631 284/436/589 94/466/632
f 94/466/632 434/358/490 301/421/566
f 301/421/566 311/407/550 94/466/632
f 94/466/632 456/467/633 307/465/631
f 95/379/634 470/346/478 359/378/635
f 359/378/635 312/377/560 95/379/634
f 95/379/634 452/381/564 271/380/636
f 271/380/636 222/347/479 95/379/634
f 275/468/637 237/400/544 96/469/638
f 96/469/638 422/401/543 271/380/636
f 271/380/636 313/418/562 96/469/638
f 96/469/638 455/430/582 275/468/637
f 97/470/639 420/353/485 269/410/553
f 269/410/553 314/423/568 97/470/639
f 314/423/568 225/471/640 97/470/639
f 97/470/639 429/355/487 223/354/486
f 98/469/641 427/401/540 236/400/539
f 236/400/539 275/468/637 98/469/641
f 98/469/641 455/430/582 315/418/581
f 315/418/581 270/380/515 98/469/641
f 295/320/603 360/439/642 99/437/643
f 99/437/643 479/438/644 323/343/475
f 323/343/475 317/441/645 99/437/643
f 99/437/643 442/440/620 295/320/603
f 296/447/606 319/443/597 100/472/646
f 100/472/646 460/473/647 324/350/482
f 324/350/482 321/474/648 100/472/646
f 100/472/646 446/475/649 296/447/606
f 101/476/650 445/440/593 298/459/618
f 298/459/618 322/477/651 101/476/650
f 101/476/650 463/398/537 325/396/535
f 101/476/650 461/349/652 320/441/594
f 102/476/653 448/458/617 299/459/621
f 299/459/621 317/441/645 102/476/653
f 102/476/653 458/349/481 326/396/542
f 326/396/542 322/477/651 102/476/653
f 103/345/654 472/346/655 361/344/656
f 361/344/656 327/343/595 103/345/654
f 103/345/654 461/349/652 288/348/534
f 288/348/534 230/347/514 103/345/654
f 104/478/657 433/412/555 240/411/554
f 240/411/554 287/351/483 104/478/657
f 104/478/657 460/473/647 328/442/596
f 328/442/596 292/479/658 104/478/657
f 105/480/659 426/385/520 286/481/660
f 286/481/660 329/454/613 105/480/659
f 105/480/659 457/482/661 233/483/662
f 233/483/662 231/386/521 105/480/659
f 286/481/660 239/405/548 106/484/663
f 107/485/664 428/335/467 221/342/474
f 221/342/474 330/486/665 107/485/664
f 330/486/665 346/297/421 107/485/664
f 107/485/664 469/296/420 334/487/666
f 338/488/667 273/362/494 108/489/668
f 108/489/668 421/370/504 331/490/669
f 331/490/669 347/305/429 108/489/668
f 347/305/429 338/488/667 108/489/668
f 336/491/670 229/375/509 109/492/671
f 109/492/671 424/429/579 332/490/672
f 109/492/671 467/306/570 348/313/437
f 348/313/437 336/491/670 109/492/671
f 110/493/673 447/452/611 290/393/528
f 290/393/528 333/486/674 110/493/673
f 110/493/673 468/298/675 349/318/444
f 349/318/444 340/494/676 110/493/673
f 111/485/677 419/392/527 220/336/468
f 220/336/468 334/487/666 111/485/677
f 334/487/666 350/297/460 111/485/677
f 111/485/677 468/298/675 333/486/674
f 344/495/678 289/356/488 112/496/679
f 289/356/488 335/497/680 112/496/679
f 112/496/679 470/346/478 351/344/476
f 112/496/679 479/438/644 344/495/678
f 331/490/669 228/369/503 113/492/681
f 113/492/681 430/376/510 336/491/670
f 336/491/670 352/313/498 113/492/681
f 352/313/498 331/490/669 113/492/681
f 342/498/682 274/387/522 114/499/683
f 114/499/683 431/355/684 337/497/685
f 114/499/683 472/346/655 353/378/512
f 353/378/512 342/498/682 114/499/683
f 115/500/686 449/501/687 300/422/567
f 300/422/567 338/488/667 115/500/686
f 115/500/686 473/304/428 354/415/558
f 354/415/558 343/498/688 115/500/686
f 332/490/672 232/428/578 116/489/689
f 116/489/689 439/463/629 339/488/690
f 116/489/689 474/304/623 355/305/571
f 355/305/571 332/490/672 116/489/689
f 117/502/691 457/482/661 316/453/612
f 316/453/612 340/494/676 117/502/691
f 117/502/691 475/317/443 356/439/592
f 117/502/691 480/438/591 345/495/692
f 330/486/665 224/448/607 118/493/693
f 118/493/693 446/475/649 341/494/694
f 341/494/694 357/318/600 118/493/693
f 118/493/693 465/298/422 330/486/665
f 339/488/690 305/462/628 119/500/695
f 119/500/695 454/388/523 342/498/682
f 119/500/695 477/414/625 358/415/624
f 358/415/624 339/488/690 119/500/695
f 335/497/680 225/471/640 120/499/696
f 225/471/640 343/498/688 120/499/696
f 120/499/696 478/414/557 359/378/635
f 120/499/696 470/346/478 335/497/680
f 341/494/694 321/474/648 121/502/697
f 121/502/697 462/503/698 344/495/678
f 344/495/678 360/439/642 121/502/697
f 121/502/697 476/317/602 341/494/694
f 122/496/699 431/355/684 233/483/662
f 233/483/662 345/495/692 122/496/699
f 345/495/692 361/344/656 122/496/699
f 361/344/656 337/497/685 122/496/699
f 26/295/419 218/302/426 469/296/420
f 26/295/419 346/297/421 465/298/422
f 26/295/419 195/299/423 409/300/424
f 208/301/425 418/456/615 218/302/426
f 27/303/427 277/310/434 473/304/428
f 27/303/427 347/305/429 466/306/430
f 27/303/427 199/307/431 410/308/432
f 212/309/433 436/324/452 277/310/434
f 28/311/435 226/315/441 471/312/436
f 348/313/437 467/306/570 202/307/438
f 28/311/435 202/307/438 411/308/439
f 215/314/440 425/325/454 226/315/441
f 29/316/442 293/320/448 475/317/443
f 349/318/444 468/298/675 209/299/445
f 29/316/442 209/299/445 408/300/446
f 217/319/447 445/440/593 293/320/448
f 234/321/449 440/395/533 278/322/450
f 30/323/451 278/322/450 436/324/452
f 212/309/433 410/308/432 203/314/453
f 30/323/451 203/314/453 425/325/454
f 294/326/455 444/445/599 210/327/456
f 31/328/457 210/327/456 413/329/458
f 209/299/445 468/298/675 350/297/460
f 32/295/461 350/297/460 469/296/420
f 218/302/426 418/456/615 196/301/462
f 32/295/461 196/301/462 408/300/446
f 33/331/463 197/337/469 412/332/464
f 206/333/465 416/339/471 219/334/466
f 33/331/463 219/334/466 428/335/467
f 220/336/468 419/392/527 197/337/469
f 34/338/470 219/334/466 416/339/471
f 34/338/470 194/330/459 413/329/458
f 34/338/470 207/340/472 417/341/473
f 221/342/474 428/335/467 219/334/466
f 323/343/475 479/438/644 351/344/476
f 35/345/477 351/344/476 470/346/478
f 222/347/479 422/401/543 285/348/480
f 35/345/477 285/348/480 458/349/481
f 324/350/482 460/473/647 287/351/483
f 36/352/484 287/351/483 420/353/485
f 36/352/484 223/354/486 429/355/487
f 289/356/488 462/503/698 324/350/482
f 37/357/489 279/364/496 434/358/490
f 37/357/489 198/359/491 414/360/492
f 211/361/493 421/370/504 273/362/494
f 37/357/489 273/362/494 438/363/495
f 38/311/497 199/307/431 466/306/430
f 38/311/497 352/313/498 471/312/436
f 226/315/441 425/325/454 203/314/453
f 38/311/497 203/314/453 410/308/432
f 39/365/499 211/361/493 414/360/492
f 39/365/499 213/366/500 423/367/501
f 227/368/502 430/376/510 228/369/503
f 39/365/499 228/369/503 421/370/504
f 227/368/502 423/367/501 201/371/505
f 40/372/506 201/371/505 415/373/507
f 214/374/508 424/429/579 229/375/509
f 40/372/506 229/375/509 430/376/510
f 308/377/511 477/414/625 353/378/512
f 353/378/512 472/346/655 230/347/514
f 230/347/514 427/401/540 270/380/515
f 41/379/513 270/380/515 451/381/516
f 309/382/517 453/403/546 272/383/518
f 42/384/519 272/383/518 426/385/520
f 231/386/521 431/355/684 274/387/522
f 42/384/519 274/387/522 454/388/523
f 43/389/524 297/394/529 443/390/525
f 43/389/524 204/391/526 412/332/464
f 43/389/524 197/337/469 419/392/527
f 290/393/528 447/452/611 297/394/529
f 205/309/530 435/324/573 282/322/531
f 44/323/532 282/322/531 440/395/533
f 44/323/532 234/321/449 425/325/454
f 215/314/440 411/308/439 205/309/530
f 288/348/534 461/349/652 325/396/535
f 45/397/536 325/396/535 463/398/537
f 291/399/538 432/702/976 236/400/539
f 45/397/536 236/400/539 427/401/540
f 46/397/541 291/399/538 463/398/537
f 326/396/542 458/349/481 285/348/480
f 46/397/541 285/348/480 422/401/543
f 237/400/544 432/702/976 291/399/538
f 47/402/545 272/383/518 453/403/546
f 239/405/548 426/385/520 272/383/518
f 276/406/549 456/467/633 311/407/550
f 48/408/551 311/407/550 450/409/552
f 269/410/553 420/353/485 240/411/554
f 48/408/551 240/411/554 433/412/555
f 76/413/556 312/377/560 478/414/557
f 354/415/558 473/304/428 277/310/434
f 76/413/556 277/310/434 436/324/452
f 303/416/559 452/381/564 312/377/560
f 306/417/561 455/430/582 313/418/562
f 77/419/563 313/418/562 452/381/564
f 303/416/559 436/324/452 278/322/450
f 77/419/563 278/322/450 440/395/533
f 78/420/565 314/423/568 450/409/552
f 301/421/566 434/358/490 279/364/496
f 279/364/496 438/363/495 300/422/567
f 300/422/567 449/501/687 314/423/568
f 79/303/569 202/307/438 467/306/570
f 355/305/571 474/304/623 280/310/572
f 79/303/569 280/310/572 435/324/573
f 79/303/569 205/309/530 411/308/439
f 80/424/574 214/374/508 415/373/507
f 80/424/574 216/425/575 437/426/576
f 281/427/577 439/463/629 232/428/578
f 80/424/574 232/428/578 424/429/579
f 81/419/580 302/416/583 451/381/516
f 81/419/580 315/418/581 455/430/582
f 306/417/561 440/395/533 282/322/531
f 81/419/580 282/322/531 435/324/573
f 82/431/584 216/425/575 415/373/507
f 201/371/505 423/367/501 238/432/585
f 82/431/584 238/432/585 441/433/586
f 283/434/587 437/426/576 216/425/575
f 238/432/585 423/367/501 213/366/500
f 83/435/588 213/366/500 414/360/492
f 198/359/491 434/358/490 284/436/589
f 83/435/588 284/436/589 441/433/586
f 84/437/590 327/343/595 480/438/591
f 356/439/592 475/317/443 293/320/448
f 84/437/590 293/320/448 445/440/593
f 320/441/594 461/349/652 327/343/595
f 328/442/596 460/473/647 319/443/597
f 85/444/598 319/443/597 444/445/599
f 195/299/423 465/298/422 357/318/600
f 86/316/601 357/318/600 476/317/602
f 295/320/603 442/440/620 200/319/604
f 86/316/601 200/319/604 409/300/424
f 87/446/605 207/340/472 413/329/458
f 87/446/605 210/327/456 444/445/599
f 296/447/606 446/475/649 224/448/607
f 87/446/605 224/448/607 417/341/473
f 88/449/608 329/454/613 459/450/609
f 318/451/610 443/390/525 297/394/529
f 88/449/608 297/394/529 447/452/611
f 316/453/612 457/482/661 329/454/613
f 217/319/447 408/300/446 196/301/462
f 89/455/614 196/301/462 418/456/615
f 89/455/614 235/457/616 448/458/617
f 298/459/618 445/440/593 217/319/447
f 90/455/619 235/457/616 418/456/615
f 208/301/425 409/300/424 200/319/604
f 90/455/619 200/319/604 442/440/620
f 299/459/621 448/458/617 235/457/616
f 91/413/622 280/310/572 474/304/623
f 91/413/622 358/415/624 477/414/625
f 308/377/511 451/381/516 302/416/583
f 302/416/583 435/324/573 280/310/572
f 281/427/577 437/426/576 304/460/626
f 92/461/627 304/460/626 453/403/546
f 309/382/517 454/388/523 305/462/628
f 92/461/627 305/462/628 439/463/629
f 93/464/630 304/460/626 437/426/576
f 310/404/547 453/403/546 304/460/626
f 307/465/631 441/433/586 284/436/589
f 94/466/632 284/436/589 434/358/490
f 301/421/566 450/409/552 311/407/550
f 94/466/632 311/407/550 456/467/633
f 95/379/634 222/347/479 470/346/478
f 359/378/635 478/414/557 312/377/560
f 95/379/634 312/377/560 452/381/564
f 271/380/636 422/401/543 222/347/479
f 275/468/637 432/702/976 237/400/544
f 96/469/638 237/400/544 422/401/543
f 271/380/636 452/381/564 313/418/562
f 96/469/638 313/418/562 455/430/582
f 97/470/639 223/354/486 420/353/485
f 269/410/553 450/409/552 314/423/568
f 314/423/568 449/501/687 225/471/640
f 97/470/639 225/471/640 429/355/487
f 98/469/641 270/380/515 427/401/540
f 236/400/539 432/702/976 275/468/637
f 98/469/641 275/468/637 455/430/582
f 315/418/581 451/381/516 270/380/515
f 295/320/603 476/317/602 360/439/642
f 99/437/643 360/439/642 479/438/644
f 323/343/475 458/349/481 317/441/645
f 99/437/643 317/441/645 442/440/620
f 296/447/606 444/445/599 319/443/597
f 100/472/646 319/443/597 460/473/647
f 324/350/482 462/503/698 321/474/648
f 100/472/646 321/474/648 446/475/649
f 101/476/650 320/441/594 445/440/593
f 298/459/618 448/458/617 322/477/651
f 101/476/650 322/477/651 463/398/537
f 101/476/650 325/396/535 461/349/652
f 102/476/653 322/477/651 448/458/617
f 299/459/621 442/440/620 317/441/645
f 102/476/653 317/441/645 458/349/481
f 326/396/542 463/398/537 322/477/651
f 103/345/654 230/347/514 472/346/655
f 361/344/656 480/438/591 327/343/595
f 103/345/654 327/343/595 461/349/652
f 288/348/534 427/401/540 230/347/514
f 104/478/657 292/479/658 433/412/555
f 240/411/554 420/353/485 287/351/483
f 104/478/657 287/351/483 460/473/647
f 328/442/596 464/703/977 292/479/658
f 105/480/659 231/386/521 426/385/520
f 286/481/660 459/450/609 329/454/613
f 105/480/659 329/454/613 457/482/661
f 233/483/662 431/355/684 231/386/521
f 286/481/660 426/385/520 239/405/548
f 107/485/664 334/487/666 428/335/467
f 221/342/474 417/341/473 330/486/665
f 330/486/665 465/298/422 346/297/421
f 107/485/664 346/297/421 469/296/420
f 338/488/667 438/363/495 273/362/494
f 108/489/668 273/362/494 421/370/504
f 331/490/669 466/306/430 347/305/429
f 347/305/429 473/304/428 338/488/667
f 336/491/670 430/376/510 229/375/509
f 109/492/671 229/375/509 424/429/579
f 109/492/671 332/490/672 467/306/570
f 348/313/437 471/312/436 336/491/670
f 110/493/673 340/494/676 447/452/611
f 290/393/528 419/392/527 333/486/674
f 110/493/673 333/486/674 468/298/675
f 349/318/444 475/317/443 340/494/676
f 111/485/677 333/486/674 419/392/527
f 220/336/468 428/335/467 334/487/666
f 334/487/666 469/296/420 350/297/460
f 111/485/677 350/297/460 468/298/675
f 344/495/678 462/503/698 289/356/488
f 289/356/488 429/355/487 335/497/680
f 112/496/679 335/497/680 470/346/478
f 112/496/679 351/344/476 479/438/644
f 331/490/669 421/370/504 228/369/503
f 113/492/681 228/369/503 430/376/510
f 336/491/670 471/312/436 352/313/498
f 352/313/498 466/306/430 331/490/669
f 342/498/682 454/388/523 274/387/522
f 114/499/683 274/387/522 431/355/684
f 114/499/683 337/497/685 472/346/655
f 353/378/512 477/414/625 342/498/682
f 115/500/686 343/498/688 449/501/687
f 300/422/567 438/363/495 338/488/667
f 115/500/686 338/488/667 473/304/428
f 354/415/558 478/414/557 343/498/688
f 332/490/672 424/429/579 232/428/578
f 116/489/689 232/428/578 439/463/629
f 116/489/689 339/488/690 474/304/623
f 355/305/571 467/306/570 332/490/672
f 117/502/691 345/495/692 457/482/661
f 316/453/612 447/452/611 340/494/676
f 117/502/691 340/494/676 475/317/443
f 117/502/691 356/439/592 480/438/591
f 330/486/665 417/341/473 224/448/607
f 118/493/693 224/448/607 446/475/649
f 341/494/694 476/317/602 357/318/600
f 118/493/693 357/318/600 465/298/422
f 339/488/690 439/463/629 305/462/628
f 119/500/695 305/462/628 454/388/523
f 119/500/695 342/498/682 477/414/625
f 358/415/624 474/304/623 339/488/690
f 335/497/680 429/355/487 225/471/640
f 225/471/640 449/501/687 343/498/688
f 120/499/696 343/498/688 478/414/557
f 120/499/696 359/378/635 470/346/478
f 341/494/694 446/475/649 321/474/648
f 121/502/697 321/474/648 462/503/698
f 344/495/678 479/438/644 360/439/642
f 121/502/697 360/439/642 476/317/602
f 122/496/699 337/497/685 431/355/684
f 233/483/662 457/482/661 345/495/692
f 345/495/692 480/438/591 361/344/656
f 361/344/656 472/346/655 337/497/685
usemtl torso.002
f 791/504/700 800/505/701 799/506/702
f 775/507/703 782/508/704 780/509/705
f 793/510/706 807/511/707 806/512/708
f 789/513/709 777/514/710 776/515/711
f 790/516/712 780/509/705 791/504/700
f 780/509/705 774/517/713 775/507/703
f 786/518/714 792/519/715 777/514/710
f 815/520/716 808/521/717 816/522/718
f 783/523/719 776/515/711 773/524/720
f 787/525/721 788/526/722 774/517/713
f 789/513/709 784/527/723 786/518/714
f 784/527/723 785/528/724 786/518/714
f 785/528/724 790/516/712 792/519/715
f 804/529/725 803/530/726 801/531/727
f 807/511/707 801/531/727 802/532/728
f 782/508/704 800/505/701 780/509/705
f 781/533/729 805/534/730 804/529/725
f 794/535/731 804/529/725 807/511/707
f 795/536/732 816/522/718 809/537/733
f 812/538/734 797/539/735 798/540/736
f 811/541/737 798/540/736 779/542/738
f 778/543/739 815/520/716 795/536/732
f 809/537/733 811/541/737 779/542/738
f 803/530/726 805/534/730 799/506/702
f 841/544/740 834/545/741 846/546/742
f 823/547/743 825/548/744 819/549/745
f 821/550/746 832/551/747 820/552/748
f 823/547/743 833/553/749 834/545/741
f 818/554/750 823/547/743 819/549/745
f 835/555/751 829/556/752 821/550/746
f 820/552/748 826/557/753 817/558/754
f 831/559/755 830/560/756 818/554/750
f 827/561/757 832/551/747 829/556/752
f 828/562/758 827/561/757 829/556/752
f 833/553/749 828/562/758 835/555/751
f 844/563/759 845/564/760 842/565/761
f 842/565/761 847/566/762 843/567/763
f 823/547/743 841/544/740 825/548/744
f 846/546/742 824/568/764 845/564/760
f 845/564/760 837/569/765 847/566/762
f 838/570/766 851/571/767 839/572/768
f 839/572/768 850/573/769 822/574/770
f 840/575/771 846/546/742 844/563/759
f 776/515/711 817/558/754 773/524/720
f 777/514/710 820/552/748 776/515/711
f 791/504/700 824/568/764 834/545/741
f 781/533/729 837/569/765 824/568/764
f 792/519/715 821/550/746 777/514/710
f 793/510/706 837/569/765 794/535/731
f 792/519/715 833/553/749 835/555/751
f 790/516/712 834/545/741 833/553/749
f 800/505/701 840/575/771 799/506/702
f 803/530/726 842/565/761 801/531/727
f 801/531/727 843/567/763 802/532/728
f 800/505/701 825/548/744 841/544/740
f 808/521/717 853/576/772 816/522/718
f 812/538/734 852/577/773 814/578/774
f 812/538/734 850/573/769 851/571/767
f 810/579/775 852/577/773 849/580/776
f 811/541/737 853/576/772 850/573/769
f 799/506/702 844/563/759 803/530/726
f 799/506/702 805/534/730 791/504/700
f 791/504/700 780/509/705 800/505/701
f 793/510/706 794/535/731 807/511/707
f 789/513/709 786/518/714 777/514/710
f 790/516/712 787/525/721 780/509/705
f 780/509/705 787/525/721 774/517/713
f 786/518/714 785/528/724 792/519/715
f 815/520/716 796/704/978 808/521/717
f 783/523/719 789/513/709 776/515/711
f 787/525/721 785/528/724 788/526/722
f 789/513/709 783/523/719 784/527/723
f 784/527/723 788/526/722 785/528/724
f 785/528/724 787/525/721 790/516/712
f 804/529/725 805/534/730 803/530/726
f 807/511/707 804/529/725 801/531/727
f 781/533/729 791/504/700 805/534/730
f 794/535/731 781/533/729 804/529/725
f 795/536/732 815/520/716 816/522/718
f 812/538/734 814/578/774 797/539/735
f 811/541/737 812/538/734 798/540/736
f 778/543/739 813/705/979 815/520/716
f 809/537/733 816/522/718 811/541/737
f 846/546/742 840/575/771 841/544/740
f 841/544/740 823/547/743 834/545/741
f 821/550/746 829/556/752 832/551/747
f 823/547/743 830/560/756 833/553/749
f 818/554/750 830/560/756 823/547/743
f 835/555/751 828/562/758 829/556/752
f 820/552/748 832/551/747 826/557/753
f 831/559/755 828/562/758 830/560/756
f 827/561/757 826/557/753 832/551/747
f 828/562/758 831/559/755 827/561/757
f 833/553/749 830/560/756 828/562/758
f 844/563/759 846/546/742 845/564/760
f 842/565/761 845/564/760 847/566/762
f 846/546/742 834/545/741 824/568/764
f 845/564/760 824/568/764 837/569/765
f 838/570/766 852/577/773 851/571/767
f 839/572/768 851/571/767 850/573/769
f 776/515/711 820/552/748 817/558/754
f 777/514/710 821/550/746 820/552/748
f 791/504/700 781/533/729 824/568/764
f 781/533/729 794/535/731 837/569/765
f 792/519/715 835/555/751 821/550/746
f 793/510/706 836/706/980 837/569/765
f 792/519/715 790/516/712 833/553/749
f 790/516/712 791/504/700 834/545/741
f 800/505/701 841/544/740 840/575/771
f 803/530/726 844/563/759 842/565/761
f 801/531/727 842/565/761 843/567/763
f 800/505/701 782/508/704 825/548/744
f 808/521/717 848/707/981 853/576/772
f 812/538/734 851/571/767 852/577/773
f 812/538/734 811/541/737 850/573/769
f 810/579/775 814/578/774 852/577/773
f 811/541/737 816/522/718 853/576/772
f 799/506/702 840/575/771 844/563/759
usemtl guts.001
f 584/581/777 587/582/778 588/583/779
f 585/584/780 588/583/779 589/585/781
f 586/586/782 589/585/781 590/587/783
f 589/585/781 592/588/784 593/589/785
f 589/585/781 594/590/786 590/587/783
f 588/583/779 591/591/787 592/588/784
f 592/588/784 597/592/788 593/589/785
f 594/590/786 597/592/788 598/593/789
f 591/591/787 596/594/790 592/588/784
f 598/593/789 602/595/791 603/596/792
f 596/594/790 600/597/793 601/598/794
f 596/594/790 602/595/791 597/592/788
f 600/597/793 604/599/795 605/600/796
f 601/598/794 605/600/796 606/601/797
f 601/598/794 607/602/798 602/595/791
f 602/595/791 608/603/799 603/596/792
f 604/599/795 610/604/800 605/600/796
f 605/600/796 611/605/801 606/601/797
f 606/601/797 612/606/802 607/602/798
f 608/603/799 612/606/802 613/607/803
f 609/608/804 615/609/805 610/604/800
f 611/605/801 615/609/805 616/610/806
f 612/606/802 616/610/806 617/611/807
f 612/606/802 618/612/808 613/607/803
f 614/613/809 620/614/810 615/609/805
f 616/610/806 620/614/810 621/615/811
f 622/610/812 625/606/813 623/611/812
f 624/605/814 628/602/815 625/606/813
f 626/607/816 628/602/815 629/603/817
f 629/603/817 631/595/818 632/596/819
f 628/602/815 630/598/820 631/595/818
f 631/595/818 635/593/821 632/596/819
f 630/598/820 634/592/822 631/595/818
f 634/592/822 637/588/823 638/589/824
f 634/592/822 639/590/825 635/593/821
f 636/591/826 641/583/827 637/588/823
f 638/589/824 641/583/827 642/585/828
f 638/589/824 643/587/829 639/590/825
f 644/616/830 586/586/782 590/587/783
f 644/616/830 590/587/783 594/590/786
f 644/616/830 594/590/786 598/593/789
f 644/616/830 598/593/789 603/596/792
f 644/616/830 603/596/792 608/603/799
f 644/616/830 632/596/819 635/593/821
f 644/616/830 635/593/821 639/590/825
f 644/616/830 639/590/825 643/587/829
f 640/582/831 584/581/777 641/583/827
f 641/583/827 585/584/780 642/585/828
f 642/585/828 586/586/782 643/587/829
f 644/616/830 643/587/829 586/586/782
f 584/581/777 583/708/982 587/582/778
f 585/584/780 584/581/777 588/583/779
f 586/586/782 585/584/780 589/585/781
f 589/585/781 588/583/779 592/588/784
f 589/585/781 593/589/785 594/590/786
f 588/583/779 587/582/778 591/591/787
f 592/588/784 596/594/790 597/592/788
f 594/590/786 593/589/785 597/592/788
f 591/591/787 595/709/983 596/594/790
f 598/593/789 597/592/788 602/595/791
f 596/594/790 595/709/983 600/597/793
f 596/594/790 601/598/794 602/595/791
f 600/597/793 599/710/984 604/599/795
f 601/598/794 600/597/793 605/600/796
f 601/598/794 606/601/797 607/602/798
f 602/595/791 607/602/798 608/603/799
f 604/599/795 609/608/804 610/604/800
f 605/600/796 610/604/800 611/605/801
f 606/601/797 611/605/801 612/606/802
f 608/603/799 607/602/798 612/606/802
f 609/608/804 614/613/809 615/609/805
f 611/605/801 610/604/800 615/609/805
f 612/606/802 611/605/801 616/610/806
f 612/606/802 617/611/807 618/612/808
f 614/613/809 619/711/985 620/614/810
f 616/610/806 615/609/805 620/614/810
f 622/610/812 624/605/814 625/606/813
f 624/605/814 627/601/986 628/602/815
f 626/607/816 625/606/813 628/602/815
f 629/603/817 628/602/815 631/595/818
f 628/602/815 627/601/986 630/598/820
f 631/595/818 634/592/822 635/593/821
f 630/598/820 633/594/987 634/592/822
f 634/592/822 633/594/987 637/588/823
f 634/592/822 638/589/824 639/590/825
f 636/591/826 640/582/831 641/583/827
f 638/589/824 637/588/823 641/583/827
f 638/589/824 642/585/828 643/587/829
f 640/582/831 583/708/982 584/581/777
f 641/583/827 584/581/777 585/584/780
f 642/585/828 585/584/780 586/586/782
usemtl hydraulics.005
f 645/617/832 743/618/833 741/619/834
f 675/620/835 724/617/836 723/621/837
f 647/622/838 650/623/839 649/624/840
f 646/622/841 741/619/834 742/625/842
f 649/624/840 646/622/841 647/622/838
f 649/624/840 652/626/843 651/620/844
f 739/627/845 772/628/846 771/629/847
f 681/630/848 725/622/849 679/622/850
f 652/626/843 653/631/851 651/620/844
f 738/632/852 771/629/847 770/633/853
f 683/634/854 726/635/855 681/630/848
f 654/636/856 655/637/857 653/631/851
f 737/638/858 770/633/853 769/639/859
f 685/640/860 727/627/861 683/634/854
f 655/637/857 658/641/862 657/642/863
f 736/643/864 769/639/859 768/644/865
f 685/640/860 729/638/866 728/632/867
f 658/641/862 659/645/868 657/642/863
f 736/643/864 767/646/869 735/647/870
f 689/648/871 729/638/866 687/649/872
f 660/650/873 661/651/874 659/645/868
f 735/647/870 766/652/875 734/653/876
f 691/654/877 730/643/878 689/648/871
f 662/655/879 663/656/880 661/651/874
f 734/653/876 765/657/881 733/658/882
f 691/654/877 732/653/883 731/647/884
f 663/656/880 666/655/885 665/651/886
f 733/658/882 764/652/887 732/653/883
f 693/659/888 733/658/882 732/653/883
f 665/651/886 668/650/889 667/645/890
f 732/653/883 763/646/891 731/647/884
f 697/659/892 733/658/882 695/660/893
f 667/645/890 670/641/894 669/642/895
f 731/647/884 762/644/896 730/643/878
f 699/654/897 734/653/876 697/659/892
f 670/641/894 671/637/898 669/642/895
f 730/643/878 761/639/899 729/638/866
f 699/654/897 736/643/864 735/647/870
f 671/637/898 674/636/900 673/631/901
f 729/638/866 760/633/902 728/632/867
f 703/649/903 736/643/864 701/648/904
f 673/631/901 676/626/905 675/620/835
f 728/632/867 759/629/906 727/627/861
f 703/649/903 738/632/852 737/638/858
f 676/626/905 677/624/907 675/620/835
f 727/627/861 758/628/908 726/635/855
f 705/640/909 739/627/845 738/632/852
f 678/623/910 679/622/850 677/624/907
f 740/635/911 742/625/842 772/628/846
f 707/634/912 740/635/911 739/627/845
f 680/661/913 681/630/848 679/622/850
f 726/635/855 757/625/914 725/622/849
f 709/630/915 646/622/841 740/635/911
f 681/630/848 684/662/916 683/634/854
f 725/622/849 756/619/917 724/617/836
f 651/620/844 645/617/832 649/624/840
f 684/662/916 685/640/860 683/634/854
f 724/617/836 755/618/918 723/621/837
f 653/631/851 711/621/919 651/620/844
f 685/640/860 688/663/920 687/649/872
f 723/621/837 754/664/921 722/665/922
f 655/637/857 712/665/923 653/631/851
f 688/663/920 689/648/871 687/649/872
f 722/665/922 753/666/924 721/667/925
f 655/637/857 714/668/926 713/667/927
f 689/648/871 692/669/928 691/654/877
f 721/667/925 752/670/929 720/668/930
f 659/645/868 714/668/926 657/642/863
f 691/654/877 694/671/931 693/659/888
f 719/672/932 752/670/929 751/673/933
f 661/651/874 715/672/934 659/645/868
f 693/659/888 696/674/935 695/660/893
f 718/675/936 751/673/933 750/676/937
f 663/656/880 716/675/938 661/651/874
f 696/674/935 697/659/892 695/660/893
f 717/677/939 750/676/937 749/678/940
f 663/656/880 718/675/936 717/677/939
f 698/671/941 699/654/897 697/659/892
f 716/675/938 749/678/940 748/676/942
f 665/651/886 719/672/932 718/675/936
f 700/669/943 701/648/904 699/654/897
f 715/672/934 748/676/942 747/673/944
f 667/645/890 720/668/930 719/672/932
f 701/648/904 704/663/945 703/649/903
f 669/642/895 721/667/925 720/668/930
f 704/663/945 705/640/909 703/649/903
f 673/631/901 723/621/837 722/665/922
f 714/668/926 747/673/944 746/670/946
f 705/640/909 708/662/947 707/634/912
f 684/662/916 668/650/889 652/626/843
f 709/630/915 648/661/948 647/622/838
f 708/662/947 709/630/915 707/634/912
f 711/621/919 744/664/949 743/618/833
f 677/624/907 725/622/849 724/617/836
f 673/631/901 721/667/925 671/637/898
f 712/665/923 745/666/950 744/664/949
f 713/667/927 746/670/946 745/666/950
f 645/617/832 711/621/919 743/618/833
f 675/620/835 677/624/907 724/617/836
f 647/622/838 648/661/948 650/623/839
f 646/622/841 645/617/832 741/619/834
f 649/624/840 645/617/832 646/622/841
f 649/624/840 650/623/839 652/626/843
f 739/627/845 740/635/911 772/628/846
f 681/630/848 726/635/855 725/622/849
f 652/626/843 654/636/856 653/631/851
f 738/632/852 739/627/845 771/629/847
f 683/634/854 727/627/861 726/635/855
f 654/636/856 656/712/988 655/637/857
f 737/638/858 738/632/852 770/633/853
f 685/640/860 728/632/867 727/627/861
f 655/637/857 656/712/988 658/641/862
f 736/643/864 737/638/858 769/639/859
f 685/640/860 687/649/872 729/638/866
f 658/641/862 660/650/873 659/645/868
f 736/643/864 768/644/865 767/646/869
f 689/648/871 730/643/878 729/638/866
f 660/650/873 662/655/879 661/651/874
f 735/647/870 767/646/869 766/652/875
f 691/654/877 731/647/884 730/643/878
f 662/655/879 664/713/989 663/656/880
f 734/653/876 766/652/875 765/657/881
f 691/654/877 693/659/888 732/653/883
f 663/656/880 664/713/989 666/655/885
f 733/658/882 765/657/881 764/652/887
f 693/659/888 695/660/893 733/658/882
f 665/651/886 666/655/885 668/650/889
f 732/653/883 764/652/887 763/646/891
f 697/659/892 734/653/876 733/658/882
f 667/645/890 668/650/889 670/641/894
f 731/647/884 763/646/891 762/644/896
f 699/654/897 735/647/870 734/653/876
f 670/641/894 672/712/990 671/637/898
f 730/643/878 762/644/896 761/639/899
f 699/654/897 701/648/904 736/643/864
f 671/637/898 672/712/990 674/636/900
f 729/638/866 761/639/899 760/633/902
f 703/649/903 737/638/858 736/643/864
f 673/631/901 674/636/900 676/626/905
f 728/632/867 760/633/902 759/629/906
f 703/649/903 705/640/909 738/632/852
f 676/626/905 678/623/910 677/624/907
f 727/627/861 759/629/906 758/628/908
f 705/640/909 707/634/912 739/627/845
f 678/623/910 680/661/913 679/622/850
f 740/635/911 646/622/841 742/625/842
f 707/634/912 709/630/915 740/635/911
f 680/661/913 682/714/991 681/630/848
f 726/635/855 758/628/908 757/625/914
f 709/630/915 647/622/838 646/622/841
f 681/630/848 682/714/991 684/662/916
f 725/622/849 757/625/914 756/619/917
f 651/620/844 711/621/919 645/617/832
f 684/662/916 686/715/992 685/640/860
f 724/617/836 756/619/917 755/618/918
f 653/631/851 712/665/923 711/621/919
f 685/640/860 686/715/992 688/663/920
f 723/621/837 755/618/918 754/664/921
f 655/637/857 713/667/927 712/665/923
f 688/663/920 690/716/993 689/648/871
f 722/665/922 754/664/921 753/666/924
f 655/637/857 657/642/863 714/668/926
f 689/648/871 690/716/993 692/669/928
f 721/667/925 753/666/924 752/670/929
f 659/645/868 715/672/934 714/668/926
f 691/654/877 692/669/928 694/671/931
f 719/672/932 720/668/930 752/670/929
f 661/651/874 716/675/938 715/672/934
f 693/659/888 694/671/931 696/674/935
f 718/675/936 719/672/932 751/673/933
f 663/656/880 717/677/939 716/675/938
f 696/674/935 698/671/941 697/659/892
f 717/677/939 718/675/936 750/676/937
f 663/656/880 665/651/886 718/675/936
f 698/671/941 700/669/943 699/654/897
f 716/675/938 717/677/939 749/678/940
f 665/651/886 667/645/890 719/672/932
f 700/669/943 702/716/994 701/648/904
f 715/672/934 716/675/938 748/676/942
f 667/645/890 669/642/895 720/668/930
f 701/648/904 702/716/994 704/663/945
f 669/642/895 671/637/898 721/667/925
f 704/663/945 706/715/995 705/640/909
f 673/631/901 675/620/835 723/621/837
f 714/668/926 715/672/934 747/673/944
f 705/640/909 706/715/995 708/662/947
f 652/626/843 650/623/839 648/661/948
f 648/661/948 710/714/996 708/662/947
f 708/662/947 706/715/995 704/663/945
f 704/663/945 702/716/994 700/669/943
f 700/669/943 698/671/941 696/674/935
f 696/674/935 694/671/931 692/669/928
f 692/669/928 690/716/993 688/663/920
f 688/663/920 686/715/992 684/662/916
f 684/662/916 682/714/991 680/661/913
f 680/661/913 678/623/910 676/626/905
f 676/626/905 674/636/900 672/712/990
f 672/712/990 670/641/894 668/650/889
f 668/650/889 666/655/885 664/713/989
f 664/713/989 662/655/879 660/650/873
f 660/650/873 658/641/862 656/712/988
f 656/712/988 654/636/856 652/626/843
f 652/626/843 648/661/948 708/662/947
f 708/662/947 704/663/945 700/669/943
f 700/669/943 696/674/935 692/669/928
f 692/669/928 688/663/920 684/662/916
f 684/662/916 680/661/913 676/626/905
f 676/626/905 672/712/990 668/650/889
f 668/650/889 664/713/989 660/650/873
f 660/650/873 656/712/988 652/626/843
f 652/626/843 708/662/947 700/669/943
f 700/669/943 692/669/928 684/662/916
f 684/662/916 676/626/905 668/650/889
f 668/650/889 660/650/873 652/626/843
f 652/626/843 700/669/943 684/662/916
f 709/630/915 710/714/996 648/661/948
f 708/662/947 710/714/996 709/630/915
f 711/621/919 712/665/923 744/664/949
f 677/624/907 679/622/850 725/622/849
f 673/631/901 722/665/922 721/667/925
f 712/665/923 713/667/927 745/666/950
f 713/667/927 714/668/926 746/670/946
