# Blender 4.3.2
# www.blender.org
mtllib right_foot.mtl
o body.007
v -0.986400 -0.794260 -0.742940
v -1.087900 -1.056860 0.232560
v -1.374240 -2.679420 0.049300
v 0.311340 -1.030340 -1.199880
v -0.379380 -0.834940 -1.365940
v -0.694780 -2.452280 -1.532980
v 0.370380 -1.469680 0.446360
v 0.701180 -1.252600 -0.446260
v 0.433400 -2.834660 -0.614060
v -0.586420 -0.666980 0.855680
v -0.017480 -0.816840 0.938880
v -0.428780 -3.102960 0.604680
v -1.005240 -3.470780 -0.876320
v -1.221700 -8.270041 -0.303118
v -1.328560 -8.335420 0.205062
v 0.363640 -0.365500 -0.380480
v 0.143420 -0.519160 0.642460
v -0.528220 -0.301360 0.543440
v -0.361240 -0.125740 -0.524400
v -0.240100 -3.655180 -0.724740
v -0.982620 -2.958980 0.531540
v 0.082820 -3.034980 0.253980
v 0.022280 -2.643680 -1.360180
v -1.294420 -2.431680 -0.918400
v -1.630600 -8.837379 -0.040678
v -1.386440 -8.877940 -0.003798
v -1.577660 -8.288640 0.169042
v -1.542980 -8.210520 -0.362838
v -1.696240 -8.207240 -0.159978
v -1.125860 -8.313560 -0.064258
v -0.450960 -4.393760 -0.203520
v -0.714540 -5.689120 -0.296340
v -0.973020 -7.012980 -0.362018
v -0.710980 -4.723660 0.341820
v -0.903240 -5.928720 0.224540
v -1.109560 -7.158100 0.181982
v -1.182820 -4.607560 0.284360
v -1.304320 -5.837200 0.171500
v -1.439640 -7.087840 0.134442
v -1.185360 -4.233660 -0.309640
v -1.275180 -5.572200 -0.379460
v -1.395100 -6.924720 -0.435798
v -1.484580 -4.319940 -0.104340
v -1.526320 -5.644460 -0.185880
v -1.599560 -6.963700 -0.224878
v -0.278340 -4.596160 0.059240
v -0.564600 -5.852920 -0.049720
v -0.847400 -7.122240 -0.103538
v -1.160220 -1.548420 -0.866620
v -1.256020 -1.788060 0.150320
v -1.116260 -0.876260 -0.178280
v -1.417920 -2.528480 -0.355600
v 0.188620 -1.785260 -1.360560
v -0.527880 -1.586760 -1.526560
v -0.007660 -0.920500 -1.315160
v -0.319220 -2.545300 -1.476200
v 0.259440 -2.175160 0.369720
v 0.602560 -1.982320 -0.563620
v 0.640180 -1.357000 0.079940
v 0.362180 -2.929680 -0.096800
v -0.841240 -2.000920 0.698760
v -0.264480 -2.152620 0.781140
v -0.307020 -0.663800 1.021080
v -0.712000 -3.045740 0.627960
v -0.612160 -3.562520 -0.809480
v -1.460380 -8.322320 0.227062
v -1.117460 -3.709560 -0.441660
v -0.329920 -3.890480 -0.317180
v 0.035760 -0.196220 -0.458980
v -0.177020 -0.303600 0.687220
v 0.284300 -0.423080 0.164340
v -0.463580 -0.162520 0.044480
v -0.851420 -0.542440 0.346700
v -0.730160 -0.788080 -1.219460
v -1.279340 -3.165360 -0.915780
v -1.212680 -2.838320 0.332860
v -0.305200 -0.310160 -1.036700
v 0.635780 -1.146880 -0.937700
v -0.137400 -3.351640 -1.160860
v 0.658700 -0.696600 -0.354400
v 0.137060 -1.499480 0.712740
v -0.112200 -3.893780 0.137660
v 0.166940 -0.137720 0.938960
v -1.104920 -3.890780 0.383560
v -0.590720 -4.021560 0.446060
v -0.416100 0.025840 0.853500
v 0.082160 -3.496600 -0.650220
v -0.156120 -3.107200 0.475440
v 0.352680 -0.917880 0.523920
v -0.860440 -3.168100 -1.333480
v 0.367980 -2.741960 -1.100820
v 0.374860 -0.512540 -0.874420
v -0.938700 -1.208960 0.555300
v -1.448440 -3.575280 -0.044320
v -1.040980 -2.401980 -1.392900
v -0.733320 -0.282320 -0.608480
v -1.512700 -8.872700 -0.004598
v -1.600940 -8.669780 -0.242898
v -1.321440 -8.717660 -0.195758
v -1.256080 -8.731939 -0.027338
v -1.625120 -8.711080 0.133422
v -1.395800 -8.750600 0.165542
v -1.703880 -8.654680 -0.097358
v -0.476200 -4.683800 0.235740
v -1.118020 -8.290359 -0.227618
v -0.810560 -4.308300 -0.255580
v -1.662300 -8.246300 0.037762
v -1.451360 -4.220600 -0.285860
v -0.955560 -4.702620 0.362880
v -1.112140 -5.899960 0.245500
v -1.282560 -7.131360 0.204822
v -1.208340 -8.331340 0.106722
v -0.953520 -7.158320 0.075882
v -0.709940 -5.915640 0.121760
v -0.231800 -4.489780 -0.112300
v -0.541400 -5.768180 -0.214300
v -0.838240 -7.067820 -0.276198
v -1.381760 -8.245740 -0.333858
v -1.181920 -6.963420 -0.401658
v -0.990340 -5.621780 -0.337500
v -1.367560 -4.469620 0.123020
v -1.451720 -5.749120 0.021420
v -1.554160 -7.030860 -0.013898
v -1.662220 -8.189360 -0.326198
v -1.553860 -6.917840 -0.398758
v -1.482640 -5.569940 -0.352240
v -0.585180 -5.036240 -0.243380
v -0.842620 -6.349140 -0.342520
v -1.100980 -7.660140 -0.350378
v -0.808760 -5.321860 0.273980
v -1.001220 -6.541680 0.193800
v -1.221060 -7.761520 0.186582
v -1.241060 -5.219580 0.218740
v -1.371020 -6.460060 0.143200
v -1.508920 -7.703180 0.143582
v -1.230680 -4.901660 -0.336760
v -1.327220 -6.246240 -0.418780
v -1.469980 -7.586520 -0.420498
v -1.503560 -4.985600 -0.146360
v -1.556960 -6.302020 -0.214780
v -1.648020 -7.606460 -0.208998
v -0.425760 -5.222420 0.002260
v -0.702560 -6.486540 -0.087920
v -0.991160 -7.738440 -0.095878
v -1.299860 -1.632800 -0.277300
v -0.148280 -1.680020 -1.479940
v 0.539060 -2.073460 -0.009680
v -0.557460 -2.049940 0.820200
v -0.715160 -3.798520 -0.381640
v -0.058440 -0.214260 0.131140
v -0.844900 -0.354340 -0.067920
v -0.886420 -1.533540 -1.366700
v -1.447880 -3.455360 -0.380320
v -1.084540 -1.936620 0.460820
v 0.065920 -0.386100 -0.976600
v 0.530560 -1.890140 -1.083460
v -0.485520 -3.258680 -1.265540
v 0.593060 -0.800240 0.146460
v 0.015280 -2.223020 0.618640
v 0.001420 -3.792040 -0.160740
v -0.125320 0.057380 1.040200
v -0.856100 -3.994880 0.467740
v 0.259980 -0.703080 0.741640
v 0.585940 -0.752860 -0.737720
v -0.594200 -0.418580 -0.980600
v -0.712560 -0.421120 0.598920
v -0.334240 -3.983600 0.331660
v 0.079200 -3.247480 -0.994300
v -1.080960 -2.954100 -1.249000
v -1.311060 -3.740520 0.208040
v -1.462720 -8.706220 -0.214078
v -1.666480 -8.533340 -0.233598
v -1.227580 -8.610920 -0.159078
v -1.516860 -8.744861 0.180502
v -1.288900 -8.636520 0.093642
v -1.673420 -8.568320 0.036322
v -1.033280 -5.295480 0.294960
v -1.194460 -6.512960 0.215220
v -1.372520 -7.739660 0.210162
v -1.084080 -7.763040 0.081642
v -0.825780 -6.536180 0.089300
v -0.596560 -5.297800 0.171260
v -0.390580 -5.125360 -0.160220
v -0.689020 -6.416320 -0.258360
v -0.983180 -7.700020 -0.266418
v -1.283580 -7.621420 -0.388258
v -1.082340 -6.290580 -0.382080
v -0.901300 -4.960020 -0.288480
v -1.406380 -5.110760 0.065060
v -1.501640 -6.388020 -0.005660
v -1.608120 -7.657100 -0.000398
v -1.608640 -7.575020 -0.382318
v -1.508380 -6.241560 -0.385420
v -1.466900 -4.897940 -0.314100
v 0.740780 0.240780 -0.707060
v -0.536860 0.377880 -0.795740
v 0.711080 0.098860 -0.695140
v -0.567720 0.241400 -0.755840
v 0.680240 -0.037620 -0.655240
v -0.598500 0.115620 -0.689500
v 0.649440 -0.163400 -0.588900
v -0.628080 0.005380 -0.599280
v 0.619880 -0.273640 -0.498680
v -0.655280 -0.085080 -0.488640
v 0.592680 -0.364120 -0.388020
v -0.679060 -0.152320 -0.361820
v 0.568900 -0.431340 -0.261220
v -0.698520 -0.193720 -0.223700
v 0.549440 -0.472740 -0.123100
v -0.712900 -0.207700 -0.079600
v 0.535040 -0.486720 0.021000
v -0.721660 -0.193720 0.064960
v 0.526300 -0.472740 0.165560
v -0.724460 -0.152320 0.204400
v 0.523500 -0.431340 0.305020
v -0.721180 -0.085080 0.333400
v 0.526780 -0.364120 0.434000
v -0.711960 0.005380 0.446960
v 0.536000 -0.273640 0.547560
v -0.697140 0.115620 0.540740
v 0.550820 -0.163400 0.641340
v -0.677300 0.241400 0.611140
v 0.570640 -0.037620 0.711740
v -0.653220 0.377880 0.655440
v 0.594740 0.098860 0.756040
v -0.625780 0.519800 0.671940
v 0.622160 0.240780 0.772560
v 0.651880 0.382700 0.760620
v 0.682720 0.519180 0.720720
v 0.768220 0.382700 -0.690560
v 0.203880 0.348060 -0.599440
v 0.180540 0.236540 -0.590080
v 0.156300 0.129300 -0.558720
v 0.132100 0.030480 -0.506600
v 0.108880 -0.056140 -0.435700
v 0.087500 -0.127240 -0.348760
v 0.068820 -0.180060 -0.249120
v 0.053520 -0.212600 -0.140600
v 0.042220 -0.223580 -0.027360
v 0.035340 -0.212600 0.086220
v 0.033160 -0.180060 0.195800
v 0.035720 -0.127240 0.297140
v 0.042980 -0.056140 0.386380
v 0.054620 0.030480 0.460080
v 0.070200 0.129300 0.515380
v 0.089120 0.236540 0.550200
v 0.110680 0.348060 0.563160
v 0.134020 0.459580 0.553800
v -0.013000 0.275740 -0.605600
v -0.037220 0.168500 -0.574240
v -0.061420 0.069680 -0.522120
v -0.084660 -0.016940 -0.451220
v -0.106020 -0.088040 -0.364280
v -0.124720 -0.140860 -0.264640
v -0.140000 -0.173380 -0.156120
v -0.151300 -0.184380 -0.042880
v -0.158180 -0.173380 0.070700
v -0.160380 -0.140860 0.180280
v -0.157800 -0.088040 0.281620
v -0.150560 -0.016940 0.370860
v -0.138920 0.069680 0.444560
v -0.123340 0.168500 0.499860
v -0.104400 0.275740 0.534680
v -0.082860 0.387260 0.547640
v -0.059520 0.498780 0.538280
v 0.010360 0.387260 -0.614960
v 0.253080 0.339580 -0.746160
v 0.223380 0.197640 -0.734240
v 0.192540 0.061180 -0.694340
v 0.161740 -0.064600 -0.628000
v 0.132180 -0.174840 -0.537780
v 0.104980 -0.265320 -0.427120
v 0.081180 -0.332540 -0.300320
v 0.061740 -0.373940 -0.162200
v 0.047340 -0.387920 -0.018100
v 0.038580 -0.373940 0.126460
v 0.035800 -0.332540 0.265920
v 0.039080 -0.265320 0.394900
v 0.048300 -0.174840 0.508460
v 0.063100 -0.064600 0.602240
v 0.082940 0.061180 0.672640
v 0.107040 0.197640 0.716940
v 0.134460 0.339580 0.733460
v 0.164160 0.481500 0.721520
v -0.049560 0.252940 -0.756120
v -0.080400 0.116460 -0.716220
v -0.111200 -0.009320 -0.649880
v -0.140760 -0.119560 -0.559660
v -0.167960 -0.210040 -0.449000
v -0.191740 -0.277260 -0.322200
v -0.211200 -0.318660 -0.184080
v -0.225580 -0.332640 -0.039980
v -0.234340 -0.318660 0.104580
v -0.237140 -0.277260 0.244040
v -0.233860 -0.210040 0.373020
v -0.224640 -0.119560 0.486580
v -0.209820 -0.009320 0.580360
v -0.190000 0.116460 0.650760
v -0.165900 0.252940 0.695060
v -0.138480 0.394860 0.711560
v -0.019840 0.394860 -0.768040
v -3.216840 -10.158319 1.805422
v -2.357660 -9.833780 -0.043618
v -1.415120 -9.667440 0.326482
v -2.090400 -10.278080 2.387002
v -3.162060 -10.397640 1.808482
v -2.334580 -10.100540 -0.123898
v -1.380660 -9.976740 0.252482
v -2.125060 -10.536320 2.364362
v -2.010500 -10.438740 2.175282
v -2.395320 -10.007139 -0.167218
v -2.351140 -10.552740 2.003562
v -3.284440 -10.314619 1.843742
v -1.858880 -9.967820 0.065482
v -1.348160 -9.805500 0.243302
v -1.855740 -9.206780 0.109582
v -2.348600 -10.221439 2.093042
v -2.103800 -10.441639 2.446442
v -2.871440 -10.491220 1.736742
v -2.800400 -10.441760 2.243582
v -2.764020 -10.167660 2.267222
v -2.905080 -10.169081 1.812622
v -1.791140 -9.702641 -0.084798
v -2.675520 -10.529460 1.937802
v -2.836460 -10.268460 2.418362
v -2.670620 -10.176781 2.027402
v -3.195600 -10.325880 1.586422
v -2.106700 -9.520280 0.032982
v -2.981240 -10.419701 2.026022
v -2.096720 -10.034180 -0.029198
v -2.990440 -10.163000 2.036322
v -2.061780 -9.858040 -0.204698
v -3.060460 -10.291539 2.131062
v -2.026560 -10.266121 2.158662
v -3.067380 -10.452980 1.535682
v -1.619760 -9.972281 0.158982
v -2.427220 -10.222879 2.327102
v -1.635440 -9.437100 0.218042
v -2.462740 -10.489039 2.303962
v -1.538200 -9.757220 0.000562
v -2.470140 -10.355061 2.432402
v -2.026760 -10.576020 2.069342
v -3.139560 -10.161380 1.597842
v -1.638100 -9.490160 -0.608378
v -1.693300 -9.494420 -0.632818
v -1.746760 -9.505919 -0.658758
v -1.797620 -9.524460 -0.685818
v -1.845060 -9.549760 -0.713578
v -1.888360 -9.581440 -0.741578
v -1.926840 -9.618980 -0.769378
v -1.959880 -9.661780 -0.796558
v -1.986940 -9.709180 -0.822678
v -2.007640 -9.760440 -0.847338
v -2.021620 -9.814740 -0.870118
v -2.028660 -9.871220 -0.890698
v -2.028660 -9.928980 -0.908718
v -2.021620 -9.987141 -0.923918
v -2.007640 -10.044741 -0.936058
v -1.986940 -10.100920 -0.944918
v -1.959880 -10.154780 -0.950398
v -1.926840 -10.205441 -0.952378
v -1.888360 -10.252140 -0.950858
v -1.845060 -10.294100 -0.945838
v -1.797620 -10.330700 -0.937398
v -1.746760 -10.361361 -0.925698
v -1.693300 -10.385560 -0.910878
v -1.638100 -10.402960 -0.893218
v -1.632660 -9.487020 -0.618418
v -1.682500 -9.488200 -0.652718
v -1.730760 -9.496719 -0.688238
v -1.776660 -9.512421 -0.724398
v -1.819520 -9.535080 -0.760638
v -1.858600 -9.564341 -0.796378
v -1.893340 -9.599720 -0.831078
v -1.923160 -9.640680 -0.864158
v -1.947620 -9.686580 -0.895138
v -1.966300 -9.736680 -0.923478
v -1.978920 -9.790180 -0.948778
v -1.985280 -9.846280 -0.970598
v -1.985280 -9.904040 -0.988618
v -1.978920 -9.962600 -1.002558
v -1.966300 -10.020980 -1.012198
v -1.947620 -10.078321 -1.017378
v -1.923160 -10.133680 -1.017998
v -1.893340 -10.186180 -1.014078
v -1.858600 -10.235020 -1.005658
v -1.819520 -10.279419 -0.992898
v -1.776660 -10.318680 -0.975978
v -1.730760 -10.352160 -0.955158
v -1.682500 -10.379360 -0.930798
v -1.632660 -10.399819 -0.903238
v -1.625260 -9.484280 -0.627238
v -1.667820 -9.482740 -0.670238
v -1.709040 -9.488620 -0.714158
v -1.748240 -9.501840 -0.758318
v -1.784840 -9.522161 -0.802038
v -1.818220 -9.549300 -0.844598
v -1.847880 -9.582800 -0.885338
v -1.873360 -9.622140 -0.923638
v -1.894220 -9.666699 -0.958858
v -1.910180 -9.715780 -0.990458
v -1.920960 -9.768600 -1.017958
v -1.926380 -9.824340 -1.040898
v -1.926380 -9.882120 -1.058918
v -1.920960 -9.941000 -1.071758
v -1.910180 -10.000080 -1.079178
v -1.894220 -10.058440 -1.081098
v -1.873360 -10.115120 -1.077458
v -1.847880 -10.169260 -1.068338
v -1.818220 -10.219980 -1.053878
v -1.784840 -10.266500 -1.034298
v -1.748240 -10.308080 -1.009898
v -1.709040 -10.344059 -0.981098
v -1.667820 -10.373879 -0.948298
v -1.625260 -10.397080 -0.912078
v -1.616200 -9.482000 -0.634518
v -1.649860 -9.478240 -0.684678
v -1.682440 -9.481960 -0.735538
v -1.713440 -9.493100 -0.786318
v -1.742360 -9.511520 -0.836178
v -1.768760 -9.536880 -0.884358
v -1.792200 -9.568820 -0.930098
v -1.812340 -9.606840 -0.972678
v -1.828840 -9.650300 -1.011418
v -1.841460 -9.698540 -1.045718
v -1.849980 -9.750800 -1.075018
v -1.854280 -9.806260 -1.098878
v -1.854280 -9.864019 -1.116898
v -1.849980 -9.923200 -1.128818
v -1.841460 -9.982861 -1.134438
v -1.828840 -10.042040 -1.133658
v -1.812340 -10.099820 -1.126518
v -1.792200 -10.155300 -1.113098
v -1.768760 -10.207581 -1.093638
v -1.742360 -10.255840 -1.068438
v -1.713440 -10.299359 -1.037898
v -1.682440 -10.337400 -1.002478
v -1.649860 -10.369379 -0.962758
v -1.616200 -10.394800 -0.919358
v -1.605840 -9.480300 -0.639978
v -1.629280 -9.474860 -0.695498
v -1.651980 -9.476959 -0.751558
v -1.673580 -9.486560 -0.807278
v -1.693720 -9.503520 -0.861758
v -1.712120 -9.527580 -0.914158
v -1.728460 -9.558360 -0.963638
v -1.742480 -9.595360 -1.009418
v -1.753980 -9.638000 -1.050798
v -1.762760 -9.685620 -1.087098
v -1.768700 -9.737460 -1.117758
v -1.771700 -9.792700 -1.142298
v -1.771700 -9.850480 -1.160338
v -1.768700 -9.909860 -1.171558
v -1.762760 -9.969940 -1.175818
v -1.753980 -10.029740 -1.173038
v -1.742480 -10.088360 -1.163258
v -1.728460 -10.144820 -1.146638
v -1.712120 -10.198279 -1.123438
v -1.693720 -10.247860 -1.094018
v -1.673580 -10.292820 -1.058858
v -1.651980 -10.332399 -1.018498
v -1.629280 -10.366000 -0.973578
v -1.605840 -10.393100 -0.924798
v -1.594540 -9.479240 -0.643398
v -1.606880 -9.472740 -0.702278
v -1.618820 -9.473820 -0.761598
v -1.630200 -9.482460 -0.820418
v -1.640800 -9.498520 -0.877798
v -1.650480 -9.521760 -0.932818
v -1.659080 -9.551800 -0.984658
v -1.666460 -9.588181 -1.032458
v -1.672500 -9.630300 -1.075478
v -1.677120 -9.677520 -1.113038
v -1.680260 -9.729100 -1.144558
v -1.681820 -9.784201 -1.169518
v -1.681820 -9.841980 -1.187538
v -1.680260 -9.901500 -1.198338
v -1.677120 -9.961840 -1.201758
v -1.672500 -10.022039 -1.197718
v -1.666460 -10.081160 -1.186278
v -1.659080 -10.138260 -1.167638
v -1.650480 -10.192460 -1.142098
v -1.640800 -10.242861 -1.110058
v -1.630200 -10.288700 -1.071998
v -1.618820 -10.329260 -1.028538
v -1.606880 -10.363880 -0.980358
v -1.594540 -10.392040 -0.928218
v -1.582780 -9.478840 -0.644658
v -1.583540 -9.471960 -0.704778
v -1.584260 -9.472680 -0.765278
v -1.584960 -9.480960 -0.825218
v -1.585620 -9.496700 -0.883658
v -1.586200 -9.519640 -0.939658
v -1.586720 -9.549400 -0.992338
v -1.587180 -9.585541 -1.040878
v -1.587560 -9.627480 -1.084498
v -1.587840 -9.674560 -1.122518
v -1.588020 -9.726040 -1.154358
v -1.588120 -9.781100 -1.179478
v -1.588120 -9.838860 -1.197498
v -1.588020 -9.898440 -1.208158
v -1.587840 -9.958879 -1.211238
v -1.587560 -10.019240 -1.206738
v -1.587180 -10.078540 -1.194698
v -1.586720 -10.135860 -1.175338
v -1.586200 -10.190320 -1.148938
v -1.585620 -10.241040 -1.115918
v -1.584960 -10.287200 -1.076798
v -1.584260 -10.328120 -1.032198
v -1.583540 -10.363120 -0.982838
v -1.582780 -10.391640 -0.929478
v -1.570980 -9.479140 -0.643678
v -1.560120 -9.472560 -0.702858
v -1.549620 -9.473560 -0.762438
v -1.539620 -9.482121 -0.821518
v -1.530280 -9.498100 -0.879138
v -1.521760 -9.521280 -0.934378
v -1.514200 -9.551260 -0.986398
v -1.507700 -9.587580 -1.034378
v -1.502380 -9.629661 -1.077538
v -1.498320 -9.676860 -1.115198
v -1.495560 -9.728400 -1.146798
v -1.494180 -9.783500 -1.171798
v -1.494180 -9.841260 -1.189818
v -1.495560 -9.900800 -1.200578
v -1.498320 -9.961160 -1.203918
v -1.502380 -10.021400 -1.199778
v -1.507700 -10.080561 -1.188198
v -1.514200 -10.137720 -1.169398
v -1.521760 -10.191960 -1.143658
v -1.530280 -10.242439 -1.111398
v -1.539620 -10.288361 -1.073098
v -1.549620 -10.329000 -1.029378
v -1.560120 -10.363701 -0.980918
v -1.570980 -10.391940 -0.928518
v -1.559620 -9.480120 -0.640538
v -1.537560 -9.474500 -0.696618
v -1.516220 -9.476440 -0.753218
v -1.495900 -9.485900 -0.809438
v -1.476940 -9.502700 -0.864378
v -1.459660 -9.526640 -0.917218
v -1.444280 -9.557280 -0.967078
v -1.431100 -9.594180 -1.013198
v -1.420280 -9.636740 -1.054838
v -1.412020 -9.684299 -1.091358
v -1.406440 -9.736080 -1.122158
v -1.403620 -9.791300 -1.146758
v -1.403620 -9.849080 -1.164798
v -1.406440 -9.908480 -1.175958
v -1.412020 -9.968600 -1.180078
v -1.420280 -10.028481 -1.177078
v -1.431100 -10.087180 -1.167038
v -1.444280 -10.143761 -1.150078
v -1.459660 -10.197320 -1.126498
v -1.476940 -10.247040 -1.096638
v -1.495900 -10.292140 -1.061018
v -1.516220 -10.331880 -1.020138
v -1.537560 -10.365660 -0.974698
v -1.559620 -10.392920 -0.925358
v -1.549100 -9.481760 -0.635338
v -1.516700 -9.477720 -0.686298
v -1.485340 -9.481200 -0.737938
v -1.455500 -9.492120 -0.789438
v -1.427640 -9.510320 -0.839998
v -1.402240 -9.535500 -0.888818
v -1.379660 -9.567260 -0.935098
v -1.360280 -9.605120 -0.978158
v -1.344380 -9.648460 -1.017298
v -1.332240 -9.696620 -1.051878
v -1.324040 -9.748800 -1.081398
v -1.319920 -9.804240 -1.105338
v -1.319920 -9.862000 -1.123378
v -1.324040 -9.921200 -1.135198
v -1.332240 -9.980920 -1.140598
v -1.344380 -10.040199 -1.139538
v -1.360280 -10.098100 -1.131998
v -1.379660 -10.153721 -1.118098
v -1.402240 -10.206180 -1.098098
v -1.427640 -10.254660 -1.072258
v -1.455500 -10.298380 -1.041018
v -1.485340 -10.336639 -1.004858
v -1.516700 -10.368880 -0.964378
v -1.549100 -10.394540 -0.920158
v -1.539860 -9.483960 -0.628278
v -1.498360 -9.482100 -0.672298
v -1.458180 -9.487680 -0.717198
v -1.419960 -9.500600 -0.762298
v -1.384280 -9.520660 -0.806898
v -1.351740 -9.547521 -0.850258
v -1.322820 -9.580800 -0.891718
v -1.297980 -9.619960 -0.930618
v -1.277620 -9.664360 -0.966338
v -1.262080 -9.713320 -0.998318
v -1.251580 -9.766080 -1.026078
v -1.246280 -9.821760 -1.049138
v -1.246280 -9.879540 -1.067158
v -1.251580 -9.938480 -1.079858
v -1.262080 -9.997641 -1.087038
v -1.277620 -10.056100 -1.088578
v -1.297980 -10.112940 -1.084438
v -1.322820 -10.167280 -1.074718
v -1.351740 -10.218220 -1.059538
v -1.384280 -10.264979 -1.039158
v -1.419960 -10.306840 -1.013878
v -1.458180 -10.343121 -0.984138
v -1.498360 -10.373240 -0.950358
v -1.539860 -10.396740 -0.913098
v -1.532220 -9.486660 -0.619638
v -1.483220 -9.487460 -0.655138
v -1.435780 -9.495600 -0.691818
v -1.390640 -9.510960 -0.729078
v -1.348520 -9.533299 -0.766338
v -1.310080 -9.562260 -0.803038
v -1.275920 -9.597380 -0.838558
v -1.246600 -9.638120 -0.872378
v -1.222560 -9.683840 -0.903918
v -1.204200 -9.733800 -0.932718
v -1.191800 -9.787220 -0.958318
v -1.185540 -9.843260 -0.980298
v -1.185540 -9.901020 -0.998318
v -1.191800 -9.959620 -1.012118
v -1.204200 -10.018100 -1.021438
v -1.222560 -10.075580 -1.026158
v -1.246600 -10.131120 -1.026198
v -1.275920 -10.183860 -1.021558
v -1.310080 -10.232940 -1.012318
v -1.348520 -10.277639 -0.998598
v -1.390640 -10.317201 -0.980658
v -1.435780 -10.351040 -0.958738
v -1.483220 -10.378600 -0.933198
v -1.532220 -10.399441 -0.904458
v -1.526520 -9.489740 -0.609738
v -1.471880 -9.493580 -0.635498
v -1.419000 -9.504680 -0.662738
v -1.368680 -9.522840 -0.691018
v -1.321720 -9.547780 -0.719918
v -1.278860 -9.579140 -0.748958
v -1.240800 -9.616380 -0.777698
v -1.208120 -9.658939 -0.805678
v -1.181320 -9.706141 -0.832458
v -1.160840 -9.757240 -0.857598
v -1.147020 -9.811419 -0.880718
v -1.140040 -9.867840 -0.901458
v -1.140040 -9.925620 -0.919498
v -1.147020 -9.983820 -0.934518
v -1.160840 -10.041540 -0.946318
v -1.181320 -10.097880 -0.954698
v -1.208120 -10.151940 -0.959518
v -1.240800 -10.202841 -0.960698
v -1.278860 -10.249820 -0.958238
v -1.321720 -10.292120 -0.952178
v -1.368680 -10.329080 -0.942598
v -1.419000 -10.360121 -0.929658
v -1.471880 -10.384740 -0.913558
v -1.526520 -10.402540 -0.894558
v -1.522940 -9.493100 -0.598958
v -1.464780 -9.500259 -0.614118
v -1.408480 -9.514540 -0.631098
v -1.354900 -9.535760 -0.649618
v -1.304920 -9.563560 -0.669398
v -1.259320 -9.597500 -0.690118
v -1.218780 -9.637040 -0.711478
v -1.183980 -9.681580 -0.733098
v -1.155460 -9.730400 -0.754678
v -1.133680 -9.782740 -0.775858
v -1.118960 -9.837760 -0.796298
v -1.111540 -9.894620 -0.815678
v -1.111540 -9.952380 -0.833698
v -1.118960 -10.010180 -0.850078
v -1.133680 -10.067060 -0.864558
v -1.155460 -10.122139 -0.876918
v -1.183980 -10.174580 -0.886938
v -1.218780 -10.223499 -0.894478
v -1.259320 -10.268181 -0.899398
v -1.304920 -10.307899 -0.901658
v -1.354920 -10.341999 -0.901198
v -1.408480 -10.369980 -0.898018
v -1.464780 -10.391399 -0.892178
v -1.522940 -10.405901 -0.883798
v -1.521620 -9.496600 -0.587738
v -1.462180 -9.507200 -0.591818
v -1.404620 -9.524840 -0.598098
v -1.349880 -9.549240 -0.606438
v -1.298780 -9.580000 -0.616718
v -1.252160 -9.616640 -0.628778
v -1.210740 -9.658600 -0.642418
v -1.175160 -9.705200 -0.657418
v -1.146020 -9.755720 -0.673578
v -1.123740 -9.809340 -0.690618
v -1.108680 -9.865240 -0.708258
v -1.101100 -9.922541 -0.726218
v -1.101100 -9.980300 -0.744258
v -1.108680 -10.037641 -0.762038
v -1.123740 -10.093660 -0.779318
v -1.146020 -10.147459 -0.795818
v -1.175160 -10.198179 -0.811258
v -1.210740 -10.245060 -0.825418
v -1.252160 -10.287319 -0.838058
v -1.298780 -10.324340 -0.848978
v -1.349880 -10.355480 -0.858018
v -1.404620 -10.380280 -0.865018
v -1.462180 -10.398360 -0.869898
v -1.521620 -10.409401 -0.872558
v -1.522640 -9.500120 -0.576458
v -1.464180 -9.514180 -0.569478
v -1.407600 -9.535160 -0.565018
v -1.353760 -9.562739 -0.563138
v -1.303520 -9.596480 -0.563898
v -1.257680 -9.635840 -0.567258
v -1.216940 -9.680201 -0.573178
v -1.181980 -9.728880 -0.581558
v -1.153300 -9.781080 -0.592278
v -1.131400 -9.836000 -0.605158
v -1.116600 -9.892780 -0.619998
v -1.109140 -9.950520 -0.636558
v -1.109140 -10.008280 -0.654578
v -1.116600 -10.065180 -0.673778
v -1.131400 -10.120320 -0.693878
v -1.153300 -10.172820 -0.714518
v -1.181980 -10.221861 -0.735398
v -1.216940 -10.266661 -0.756178
v -1.257680 -10.306520 -0.776538
v -1.303520 -10.340820 -0.796158
v -1.353760 -10.368980 -0.814718
v -1.407600 -10.390600 -0.831958
v -1.464180 -10.405320 -0.847558
v -1.522640 -10.412920 -0.861298
v -1.525920 -9.503500 -0.565618
v -1.470720 -9.520901 -0.547938
v -1.417260 -9.545120 -0.533138
v -1.366420 -9.575760 -0.521418
v -1.318960 -9.612360 -0.512978
v -1.275660 -9.654340 -0.507958
v -1.237180 -9.701020 -0.506438
v -1.204160 -9.751700 -0.508418
v -1.177080 -9.805540 -0.513898
v -1.156400 -9.861720 -0.522778
v -1.142420 -9.919340 -0.534898
v -1.135380 -9.977480 -0.550098
v -1.135380 -10.035259 -0.568118
v -1.142420 -10.091740 -0.588698
v -1.156400 -10.146019 -0.611478
v -1.177080 -10.197279 -0.636138
v -1.204160 -10.244679 -0.662258
v -1.237180 -10.287480 -0.689438
v -1.275660 -10.325021 -0.717238
v -1.318960 -10.356701 -0.745238
v -1.366420 -10.382000 -0.772998
v -1.417260 -10.400560 -0.800058
v -1.470720 -10.412040 -0.826018
v -1.525920 -10.416300 -0.850438
v -1.531380 -9.506639 -0.555578
v -1.481520 -9.527120 -0.528018
v -1.433280 -9.554299 -0.503658
v -1.387360 -9.587800 -0.482838
v -1.344520 -9.627040 -0.465918
v -1.305420 -9.671440 -0.453158
v -1.270680 -9.720280 -0.444738
v -1.240860 -9.772779 -0.440818
v -1.216420 -9.828140 -0.441458
v -1.197740 -9.885480 -0.446618
v -1.185120 -9.943880 -0.456258
v -1.178760 -10.002420 -0.470198
v -1.178760 -10.060181 -0.488218
v -1.185120 -10.116281 -0.510058
v -1.197740 -10.169781 -0.535338
v -1.216420 -10.219880 -0.563698
v -1.240860 -10.265779 -0.594658
v -1.270680 -10.306740 -0.627738
v -1.305420 -10.342120 -0.662438
v -1.344520 -10.371380 -0.698178
v -1.387360 -10.394040 -0.734418
v -1.433280 -10.409740 -0.770578
v -1.481520 -10.418261 -0.806098
v -1.531380 -10.419440 -0.840398
v -1.538760 -9.509400 -0.546738
v -1.496200 -9.532579 -0.510518
v -1.454980 -9.562400 -0.477738
v -1.415780 -9.598380 -0.448918
v -1.379200 -9.639960 -0.424518
v -1.345800 -9.686481 -0.404938
v -1.316140 -9.737220 -0.390478
v -1.290680 -9.791340 -0.381358
v -1.269800 -9.848040 -0.377718
v -1.253840 -9.906380 -0.379638
v -1.243060 -9.965460 -0.387078
v -1.237640 -10.024361 -0.399898
v -1.237640 -10.082120 -0.417918
v -1.243060 -10.137859 -0.440858
v -1.253840 -10.190701 -0.468358
v -1.269800 -10.239780 -0.499958
v -1.290680 -10.284340 -0.535178
v -1.316140 -10.323679 -0.573478
v -1.345800 -10.357180 -0.614218
v -1.379200 -10.384300 -0.656778
v -1.415780 -10.404640 -0.700498
v -1.454980 -10.417841 -0.744658
v -1.496200 -10.423719 -0.788578
v -1.538760 -10.422200 -0.831578
v -1.547820 -9.511660 -0.539458
v -1.514180 -9.537080 -0.496058
v -1.481600 -9.569080 -0.456338
v -1.450600 -9.607121 -0.420918
v -1.421660 -9.650620 -0.390378
v -1.395280 -9.698900 -0.365178
v -1.371820 -9.751180 -0.345718
v -1.351680 -9.806641 -0.332298
v -1.335180 -9.864440 -0.325158
v -1.322560 -9.923620 -0.324398
v -1.314040 -9.983260 -0.329998
v -1.309760 -10.042439 -0.341918
v -1.309760 -10.100221 -0.359958
v -1.314040 -10.155680 -0.383798
v -1.322560 -10.207920 -0.413098
v -1.335180 -10.256180 -0.447398
v -1.351680 -10.299640 -0.486138
v -1.371820 -10.337640 -0.528718
v -1.395280 -10.369579 -0.574458
v -1.421660 -10.394959 -0.622638
v -1.450600 -10.413361 -0.672518
v -1.481600 -10.424520 -0.723278
v -1.514180 -10.428240 -0.774138
v -1.547820 -10.424460 -0.824298
v -1.558200 -9.513360 -0.534018
v -1.534740 -9.540461 -0.485238
v -1.512040 -9.574080 -0.440318
v -1.490460 -9.613660 -0.399958
v -1.470300 -9.658600 -0.364798
v -1.451920 -9.708179 -0.335378
v -1.435580 -9.761640 -0.312178
v -1.421540 -9.818120 -0.295558
v -1.410040 -9.876719 -0.285778
v -1.401260 -9.936541 -0.282998
v -1.395320 -9.996600 -0.287258
v -1.392340 -10.056000 -0.298498
v -1.392340 -10.113760 -0.316518
v -1.395320 -10.169000 -0.341058
v -1.401260 -10.220840 -0.371718
v -1.410040 -10.268460 -0.408018
v -1.421540 -10.311100 -0.449398
v -1.435580 -10.348100 -0.495178
v -1.451920 -10.378881 -0.544658
v -1.470300 -10.402941 -0.597058
v -1.490460 -10.419901 -0.651538
v -1.512040 -10.429520 -0.707258
v -1.534740 -10.431620 -0.763318
v -1.558200 -10.426160 -0.818838
v -1.569480 -9.514440 -0.530598
v -1.557140 -9.542581 -0.478458
v -1.545200 -9.577200 -0.430278
v -1.533840 -9.617760 -0.386818
v -1.523240 -9.663600 -0.348778
v -1.513560 -9.714020 -0.316718
v -1.504960 -9.768200 -0.291178
v -1.497580 -9.825300 -0.272538
v -1.491520 -9.884420 -0.261118
v -1.486900 -9.944620 -0.257058
v -1.483780 -10.004960 -0.260478
v -1.482200 -10.064501 -0.271278
v -1.482200 -10.122260 -0.289298
v -1.483780 -10.177360 -0.314258
v -1.486900 -10.228940 -0.345778
v -1.491520 -10.276160 -0.383338
v -1.497580 -10.318280 -0.426378
v -1.504960 -10.354660 -0.474178
v -1.513560 -10.384701 -0.525998
v -1.523240 -10.407940 -0.581038
v -1.533840 -10.424000 -0.638398
v -1.545200 -10.432640 -0.697218
v -1.557140 -10.433721 -0.756538
v -1.569480 -10.427219 -0.815418
v -1.581240 -9.514820 -0.529338
v -1.580500 -9.543360 -0.475978
v -1.579760 -9.578360 -0.426618
v -1.579060 -9.619260 -0.382018
v -1.578420 -9.665440 -0.342898
v -1.577820 -9.716140 -0.309878
v -1.577300 -9.770600 -0.283478
v -1.576840 -9.827940 -0.264118
v -1.576480 -9.887239 -0.252078
v -1.576200 -9.947580 -0.247578
v -1.576000 -10.008020 -0.250678
v -1.575900 -10.067600 -0.261318
v -1.575900 -10.125380 -0.279338
v -1.576000 -10.180420 -0.304458
v -1.576200 -10.231900 -0.336298
v -1.576480 -10.278979 -0.374318
v -1.576840 -10.320920 -0.417938
v -1.577300 -10.357060 -0.466478
v -1.577820 -10.386840 -0.519158
v -1.578420 -10.409760 -0.575158
v -1.579060 -10.425500 -0.633598
v -1.579760 -10.433800 -0.693538
v -1.580500 -10.434500 -0.754058
v -1.581240 -10.427620 -0.814178
v -1.593040 -9.514521 -0.530318
v -1.603900 -9.542760 -0.477898
v -1.614420 -9.577460 -0.429438
v -1.624400 -9.618100 -0.385718
v -1.633740 -9.664020 -0.347438
v -1.642260 -9.714499 -0.315158
v -1.649820 -9.768740 -0.289418
v -1.656320 -9.825900 -0.270618
v -1.661640 -9.885060 -0.259038
v -1.665720 -9.945300 -0.254898
v -1.668460 -10.005660 -0.258238
v -1.669840 -10.065201 -0.268998
v -1.669840 -10.122980 -0.287018
v -1.668460 -10.178061 -0.312038
v -1.665720 -10.229620 -0.343618
v -1.661640 -10.276800 -0.381278
v -1.656320 -10.318880 -0.424438
v -1.649820 -10.355200 -0.472418
v -1.642260 -10.385180 -0.524438
v -1.633740 -10.408360 -0.579698
v -1.624420 -10.424339 -0.637298
v -1.614420 -10.432900 -0.696378
v -1.603900 -10.433901 -0.755958
v -1.593040 -10.427320 -0.815138
v -1.604420 -9.513540 -0.533458
v -1.626460 -9.540820 -0.484138
v -1.647820 -9.574580 -0.438678
v -1.668120 -9.614320 -0.397818
v -1.687080 -9.659420 -0.362178
v -1.704380 -9.709140 -0.332318
v -1.719740 -9.762720 -0.308738
v -1.732940 -9.819300 -0.291778
v -1.743740 -9.877979 -0.281738
v -1.752020 -9.937860 -0.278758
v -1.757600 -9.997980 -0.282878
v -1.760400 -10.057401 -0.294038
v -1.760400 -10.115160 -0.312058
v -1.757600 -10.170380 -0.336658
v -1.752020 -10.222159 -0.367458
v -1.743740 -10.269720 -0.403978
v -1.732940 -10.312280 -0.445618
v -1.719740 -10.349179 -0.491738
v -1.704380 -10.379840 -0.541598
v -1.687080 -10.403759 -0.594438
v -1.668120 -10.420580 -0.649398
v -1.647820 -10.430020 -0.705618
v -1.626460 -10.431959 -0.762198
v -1.604420 -10.426340 -0.818278
v -1.614920 -9.511920 -0.538658
v -1.647320 -9.537601 -0.494458
v -1.678700 -9.569820 -0.453958
v -1.708540 -9.608100 -0.417798
v -1.736380 -9.651800 -0.386558
v -1.761780 -9.700280 -0.360738
v -1.784360 -9.752740 -0.340718
v -1.803760 -9.808360 -0.326818
v -1.819640 -9.866261 -0.319278
v -1.831780 -9.925540 -0.318218
v -1.839980 -9.985260 -0.323638
v -1.844120 -10.044460 -0.335438
v -1.844120 -10.102240 -0.353478
v -1.839980 -10.157660 -0.377418
v -1.831780 -10.209860 -0.406938
v -1.819640 -10.257999 -0.441518
v -1.803760 -10.301340 -0.480658
v -1.784360 -10.339201 -0.523718
v -1.761780 -10.370960 -0.570018
v -1.736380 -10.396139 -0.618818
v -1.708540 -10.414341 -0.669378
v -1.678700 -10.425261 -0.720878
v -1.647320 -10.428740 -0.772518
v -1.614920 -10.424720 -0.823478
v -1.624180 -9.509720 -0.545718
v -1.665680 -9.533220 -0.508458
v -1.705860 -9.563360 -0.474678
v -1.744080 -9.599620 -0.444938
v -1.779740 -9.641479 -0.419658
v -1.812300 -9.688240 -0.399278
v -1.841220 -9.739200 -0.384118
v -1.866040 -9.793520 -0.374378
v -1.886400 -9.850360 -0.370238
v -1.901960 -9.908840 -0.371778
v -1.912460 -9.968000 -0.378958
v -1.917760 -10.026920 -0.391658
v -1.917760 -10.084701 -0.409678
v -1.912460 -10.140400 -0.432758
v -1.901960 -10.193140 -0.460498
v -1.886400 -10.242100 -0.492478
v -1.866040 -10.286520 -0.528218
v -1.841220 -10.325660 -0.567098
v -1.812300 -10.358940 -0.608558
v -1.779740 -10.385819 -0.651938
v -1.744080 -10.405880 -0.696518
v -1.705860 -10.418800 -0.741618
v -1.665680 -10.424360 -0.786538
v -1.624180 -10.422520 -0.830538
v -1.631800 -9.507020 -0.554358
v -1.680800 -9.527861 -0.525618
v -1.728260 -9.555420 -0.500078
v -1.773400 -9.589260 -0.478158
v -1.815520 -9.628819 -0.460218
v -1.853960 -9.673520 -0.446498
v -1.888100 -9.722620 -0.437258
v -1.917420 -9.775340 -0.432618
v -1.941460 -9.830880 -0.432658
v -1.959820 -9.888360 -0.437378
v -1.972240 -9.946860 -0.446718
v -1.978480 -10.005440 -0.460498
v -1.978480 -10.063220 -0.478518
v -1.972240 -10.119261 -0.500498
v -1.959820 -10.172680 -0.526098
v -1.941460 -10.222620 -0.554898
v -1.917420 -10.268340 -0.586458
v -1.888100 -10.309080 -0.620258
v -1.853960 -10.344200 -0.655778
v -1.815520 -10.373159 -0.692478
v -1.773400 -10.395499 -0.729738
v -1.728260 -10.410880 -0.767018
v -1.680800 -10.419020 -0.803678
v -1.631800 -10.419821 -0.839178
v -1.582020 -9.493200 -0.585858
v -1.637520 -9.503940 -0.564258
v -1.692140 -9.521740 -0.545258
v -1.745040 -9.546360 -0.529158
v -1.795360 -9.577380 -0.516218
v -1.842300 -9.614340 -0.506638
v -1.885160 -9.656640 -0.500578
v -1.923220 -9.703620 -0.498118
v -1.955920 -9.754539 -0.499318
v -1.982700 -9.808580 -0.504138
v -2.003180 -9.864920 -0.512498
v -2.017020 -9.922640 -0.524298
v -2.023980 -9.980840 -0.539318
v -2.023980 -10.038620 -0.557358
v -2.017020 -10.095039 -0.578098
v -2.003180 -10.149220 -0.601218
v -1.982700 -10.200320 -0.626358
v -1.955920 -10.247520 -0.653138
v -1.923220 -10.290080 -0.681118
v -1.885160 -10.327340 -0.709858
v -1.842300 -10.358681 -0.738898
v -1.795360 -10.383620 -0.767798
v -1.745040 -10.401800 -0.796078
v -1.692140 -10.412880 -0.823318
v -1.637520 -10.416719 -0.849078
v -1.641100 -9.500560 -0.575038
v -1.699240 -9.515079 -0.566638
v -1.755560 -9.536480 -0.560798
v -1.809120 -9.564460 -0.557618
v -1.859100 -9.598580 -0.557158
v -1.904720 -9.638280 -0.559418
v -1.945240 -9.682960 -0.564358
v -1.980040 -9.731900 -0.571878
v -2.008560 -9.784320 -0.581898
v -2.030360 -9.839419 -0.594258
v -2.045080 -9.896299 -0.608738
v -2.052500 -9.954080 -0.625118
v -2.052500 -10.011840 -0.643138
v -2.045080 -10.068701 -0.662538
v -2.030360 -10.123720 -0.682978
v -2.008560 -10.176060 -0.704138
v -1.980040 -10.224880 -0.725718
v -1.945240 -10.269421 -0.747358
v -1.904720 -10.308960 -0.768698
v -1.859100 -10.342920 -0.789418
v -1.809120 -10.370720 -0.809198
v -1.755560 -10.391920 -0.827738
v -1.699240 -10.406219 -0.844698
v -1.641100 -10.413361 -0.859858
v -1.642400 -9.497060 -0.586258
v -1.701840 -9.508120 -0.588918
v -1.759400 -9.526180 -0.593798
v -1.814160 -9.550980 -0.600798
v -1.865240 -9.582140 -0.609838
v -1.911880 -9.619140 -0.620778
v -1.953300 -9.661400 -0.633418
v -1.988860 -9.708280 -0.647558
v -2.018020 -9.759020 -0.662998
v -2.040300 -9.812800 -0.679498
v -2.055340 -9.868820 -0.696778
v -2.062920 -9.926180 -0.714558
v -2.062920 -9.983940 -0.732598
v -2.055340 -10.041220 -0.750578
v -2.040300 -10.097120 -0.768218
v -2.018020 -10.150740 -0.785238
v -1.988860 -10.201260 -0.801398
v -1.953300 -10.247880 -0.816398
v -1.911880 -10.289821 -0.830058
v -1.865240 -10.326480 -0.842098
v -1.814160 -10.357241 -0.852378
v -1.759400 -10.381620 -0.860718
v -1.701840 -10.399261 -0.866998
v -1.642400 -10.409860 -0.871098
v -1.641400 -9.493560 -0.597518
v -1.699840 -9.501141 -0.611258
v -1.756420 -9.515860 -0.626878
v -1.810260 -9.537479 -0.644098
v -1.860500 -9.565660 -0.662658
v -1.906360 -9.599940 -0.682278
v -1.947080 -9.639800 -0.702638
v -1.982060 -9.684600 -0.723418
v -2.010720 -9.733640 -0.744298
v -2.032620 -9.786139 -0.764958
v -2.047420 -9.841280 -0.785038
v -2.054880 -9.898180 -0.804238
v -2.054880 -9.955960 -0.822258
v -2.047420 -10.013680 -0.838838
v -2.032620 -10.070459 -0.853658
v -2.010720 -10.125380 -0.866538
v -1.982060 -10.177601 -0.877258
v -1.947080 -10.226260 -0.885638
v -1.906360 -10.270639 -0.891558
v -1.860500 -10.310000 -0.894918
v -1.810260 -10.343740 -0.895678
v -1.756420 -10.371300 -0.893798
v -1.699840 -10.392280 -0.889338
v -1.641400 -10.406341 -0.882358
v -2.100060 -10.290400 1.244322
v -2.131920 -9.875060 1.307522
v -2.621820 -10.363220 1.020882
v -2.654260 -9.948100 1.083862
v -2.345780 -10.305480 1.155062
v -2.373300 -9.799360 1.203802
v -1.791840 -10.111980 1.405482
v -2.998340 -10.260659 0.893582
v -1.890540 -9.950760 1.411242
v -2.897880 -10.420960 0.886702
v -1.854360 -10.275320 1.333582
v -2.935220 -10.096860 0.963902
v -2.028320 -10.193480 1.065402
v -2.059180 -9.769899 1.128202
v -2.578040 -9.844359 0.907762
v -2.547500 -10.266700 0.844782
v -2.272380 -10.207420 0.975582
v -2.298040 -9.684160 1.023662
v -1.722460 -10.015400 1.222022
v -2.920120 -10.168780 0.717382
v -1.784240 -10.179540 1.155242
v -2.858060 -10.004539 0.791842
v -1.820340 -9.855640 1.232722
v -2.822620 -10.325960 0.713982
v -1.582020 -10.413260 -0.872958
v -1.009740 -5.976580 -0.765820
v -1.030180 -5.973380 -0.768000
v -1.030180 -5.977540 -0.867840
v -0.523460 -2.843660 -0.998660
v -0.990500 -5.983780 -0.863620
v -0.483780 -2.849900 -0.994440
v -0.952360 -5.989440 -0.851640
v -0.445640 -2.855580 -0.982460
v -0.917200 -5.994320 -0.832380
v -0.410480 -2.860440 -0.963220
v -0.886380 -5.998220 -0.806580
v -0.379660 -2.864360 -0.937400
v -0.861080 -6.001000 -0.775220
v -0.354360 -2.867140 -0.906060
v -0.842300 -6.002560 -0.739519
v -0.335580 -2.868680 -0.870340
v -0.830720 -6.002820 -0.700840
v -0.324000 -2.868940 -0.831660
v -0.826820 -6.001760 -0.660659
v -0.320100 -2.867900 -0.791480
v -0.830720 -5.999460 -0.620520
v -0.324000 -2.865580 -0.751360
v -0.842300 -5.995980 -0.582000
v -0.335580 -2.862100 -0.712820
v -0.861080 -5.991460 -0.546539
v -0.354360 -2.857600 -0.677360
v -0.886380 -5.986080 -0.515519
v -0.379660 -2.852200 -0.646340
v -0.917200 -5.980040 -0.490140
v -0.410480 -2.846160 -0.620960
v -0.952360 -5.973560 -0.471360
v -0.445640 -2.839700 -0.602180
v -0.990500 -5.966920 -0.459900
v -0.483780 -2.833040 -0.590720
v -1.030180 -5.960360 -0.456220
v -0.523460 -2.826480 -0.587040
v -1.069840 -5.954120 -0.460440
v -0.563120 -2.820240 -0.591260
v -1.108000 -5.948440 -0.472400
v -0.601280 -2.814580 -0.603220
v -1.143140 -5.943560 -0.491660
v -0.636420 -2.809700 -0.622480
v -1.173960 -5.939660 -0.517460
v -0.667240 -2.805780 -0.648280
v -1.199260 -5.936880 -0.548820
v -0.692540 -2.803000 -0.679640
v -1.218040 -5.935340 -0.584520
v -0.711320 -2.801460 -0.715360
v -1.229620 -5.935080 -0.623219
v -0.722900 -2.801200 -0.754040
v -1.233520 -5.936120 -0.663400
v -0.726800 -2.802240 -0.794220
v -1.229620 -5.938420 -0.703520
v -0.722900 -2.804560 -0.834340
v -1.218040 -5.941920 -0.742040
v -0.711320 -2.808040 -0.872880
v -1.199260 -5.946420 -0.777499
v -0.692540 -2.812560 -0.908320
v -1.173960 -5.951820 -0.808520
v -0.667240 -2.817940 -0.939340
v -1.143140 -5.957860 -0.833899
v -0.636420 -2.823980 -0.964740
v -1.108000 -5.964320 -0.852700
v -0.601280 -2.830440 -0.983520
v -1.069840 -5.970980 -0.864139
v -0.563120 -2.837100 -0.994980
v -0.990100 -5.979500 -0.759660
v -0.972000 -5.982020 -0.749740
v -0.956120 -5.984020 -0.736459
v -0.943100 -5.985460 -0.720320
v -0.933440 -5.986260 -0.701919
v -0.927480 -5.986380 -0.682000
v -0.925460 -5.985840 -0.661319
v -0.927480 -5.984660 -0.640660
v -0.933440 -5.982860 -0.620820
v -0.943100 -5.980540 -0.602560
v -0.956120 -5.977780 -0.586580
v -0.972000 -5.974660 -0.573520
v -0.990100 -5.971320 -0.563839
v -1.009740 -5.967900 -0.557940
v -1.030180 -5.964520 -0.556040
v -1.050600 -5.961320 -0.558220
v -1.070240 -5.958380 -0.564380
v -1.088340 -5.955880 -0.574300
v -1.104220 -5.953860 -0.587580
v -1.117240 -5.952440 -0.603740
v -1.126920 -5.951640 -0.622120
v -1.132860 -5.951500 -0.642040
v -1.134880 -5.952040 -0.662719
v -1.132860 -5.953240 -0.683380
v -1.126920 -5.955020 -0.703220
v -1.117240 -5.957360 -0.721480
v -1.104220 -5.960120 -0.737460
v -1.088340 -5.963240 -0.750520
v -1.070240 -5.966560 -0.760200
v -1.050600 -5.969980 -0.766100
v -1.630120 -9.742900 -0.696558
v -1.650640 -9.741660 -0.698698
v -1.610380 -9.746560 -0.690418
v -1.592200 -9.748520 -0.680518
v -1.576260 -9.750040 -0.667258
v -1.563180 -9.751081 -0.651118
v -1.553460 -9.751579 -0.632758
v -1.547480 -9.751520 -0.612838
v -1.545460 -9.750920 -0.592158
v -1.547480 -9.749800 -0.571478
v -1.553460 -9.748200 -0.551638
v -1.563180 -9.746160 -0.533378
v -1.576260 -9.743780 -0.517378
v -1.592200 -9.741160 -0.504298
v -1.610380 -9.738379 -0.494598
v -1.630120 -9.735559 -0.488678
v -1.650640 -9.732800 -0.486738
v -1.671160 -9.730220 -0.488898
v -1.690880 -9.727900 -0.495038
v -1.709060 -9.725941 -0.504918
v -1.725000 -9.724420 -0.518198
v -1.738080 -9.723380 -0.534318
v -1.747800 -9.722880 -0.552698
v -1.753800 -9.722939 -0.572598
v -1.755820 -9.723540 -0.593298
v -1.753800 -9.724660 -0.613958
v -1.747800 -9.726280 -0.633798
v -1.738080 -9.728300 -0.652078
v -1.725000 -9.730680 -0.668058
v -1.709060 -9.733300 -0.681158
v -1.690880 -9.736080 -0.690858
v -1.671160 -9.738900 -0.696778
v -0.123960 -0.847300 -0.899780
v -0.144320 -0.843620 -0.901800
v -0.104380 -0.850840 -0.893740
v -0.086340 -0.854100 -0.883940
v -0.070520 -0.856960 -0.870740
v -0.057540 -0.859300 -0.854680
v -0.047880 -0.861040 -0.836340
v -0.041940 -0.862120 -0.816440
v -0.039940 -0.862480 -0.795740
v -0.041940 -0.862120 -0.775040
v -0.047880 -0.861040 -0.755160
v -0.057540 -0.859300 -0.736820
v -0.070520 -0.856960 -0.720740
v -0.086340 -0.854100 -0.707540
v -0.104380 -0.850840 -0.697740
v -0.123960 -0.847300 -0.691720
v -0.144320 -0.843620 -0.689680
v -0.164680 -0.839960 -0.691720
v -0.184260 -0.836420 -0.697740
v -0.202320 -0.833160 -0.707540
v -0.218120 -0.830300 -0.720740
v -0.231120 -0.827960 -0.736820
v -0.240760 -0.826220 -0.755160
v -0.246700 -0.825140 -0.775040
v -0.248700 -0.824780 -0.795740
v -0.246700 -0.825140 -0.816440
v -0.240760 -0.826220 -0.836340
v -0.231120 -0.827960 -0.854680
v -0.218120 -0.830300 -0.870740
v -0.202320 -0.833160 -0.883940
v -0.184260 -0.836420 -0.893740
v -0.164680 -0.839960 -0.899780
v -1.451320 -8.185400 0.152802
v -1.732940 -9.035379 0.394022
v -1.477500 -8.178100 0.147922
v -1.759120 -9.028080 0.389142
v -1.502700 -8.172580 0.138002
v -1.784300 -9.022560 0.379222
v -1.525900 -8.169001 0.123462
v -1.807520 -9.019000 0.364682
v -1.546240 -8.167561 0.104842
v -1.827860 -9.017540 0.346062
v -1.562940 -8.168260 0.082842
v -1.844560 -9.018240 0.324062
v -1.575360 -8.171121 0.058322
v -1.856960 -9.021100 0.299542
v -1.583000 -8.175980 0.032222
v -1.864600 -9.025960 0.273442
v -1.585580 -8.182700 0.005562
v -1.867180 -9.032680 0.246782
v -1.583000 -8.191000 -0.020658
v -1.864600 -9.040979 0.220562
v -1.575360 -8.200561 -0.045438
v -1.856960 -9.050540 0.195782
v -1.562940 -8.211020 -0.067778
v -1.844560 -9.061000 0.173422
v -1.546240 -8.221960 -0.086878
v -1.827860 -9.071940 0.154342
v -1.525900 -8.232980 -0.101958
v -1.807520 -9.082960 0.139262
v -1.502700 -8.243660 -0.112478
v -1.784300 -9.093639 0.128742
v -1.477500 -8.253560 -0.117998
v -1.759120 -9.103559 0.123222
v -1.451320 -8.262340 -0.118318
v -1.732940 -9.112320 0.122902
v -1.425120 -8.269620 -0.113438
v -1.706740 -9.119619 0.127782
v -1.399940 -8.275160 -0.103538
v -1.681560 -9.125139 0.137682
v -1.376720 -8.278720 -0.088978
v -1.658340 -9.128700 0.152242
v -1.356380 -8.280180 -0.070358
v -1.638000 -9.130160 0.170862
v -1.339680 -8.279460 -0.048358
v -1.621300 -9.129459 0.192862
v -1.327280 -8.276620 -0.023838
v -1.608900 -9.126600 0.217382
v -1.319640 -8.271740 0.002262
v -1.601260 -9.121740 0.243462
v -1.317060 -8.265039 0.028922
v -1.598680 -9.115020 0.270142
v -1.319640 -8.256740 0.055142
v -1.601260 -9.106720 0.296362
v -1.327280 -8.247180 0.079902
v -1.608900 -9.097160 0.321122
v -1.339680 -8.236720 0.102262
v -1.621300 -9.086700 0.343482
v -1.356380 -8.225780 0.121362
v -1.638000 -9.075760 0.362582
v -1.376720 -8.214760 0.136442
v -1.658340 -9.064740 0.377662
v -1.399940 -8.204080 0.146942
v -1.681560 -9.054060 0.388162
v -1.425120 -8.194160 0.152482
v -1.706740 -9.044160 0.393702
v -1.732940 -9.049900 0.342862
v -1.749240 -9.045361 0.339822
v -1.764920 -9.041920 0.333662
v -1.779380 -9.039700 0.324602
v -1.792040 -9.038780 0.313002
v -1.802440 -9.039220 0.299302
v -1.810160 -9.041000 0.284042
v -1.814920 -9.044040 0.267782
v -1.816520 -9.048220 0.251182
v -1.814920 -9.053380 0.234862
v -1.810160 -9.059340 0.219442
v -1.802440 -9.065840 0.205522
v -1.792040 -9.072660 0.193622
v -1.779380 -9.079520 0.184242
v -1.764920 -9.086180 0.177702
v -1.749240 -9.092340 0.174262
v -1.732940 -9.097800 0.174062
v -1.716620 -9.102340 0.177102
v -1.700940 -9.105780 0.183262
v -1.686480 -9.108000 0.192322
v -1.673820 -9.108900 0.203922
v -1.663420 -9.108480 0.217622
v -1.655700 -9.106700 0.232882
v -1.650940 -9.103660 0.249122
v -1.649340 -9.099480 0.265742
v -1.650940 -9.094320 0.282062
v -1.655700 -9.088360 0.297482
v -1.663420 -9.081861 0.311402
v -1.673820 -9.075040 0.323282
v -1.686480 -9.068180 0.332682
v -1.700940 -9.061520 0.339222
v -1.716620 -9.055360 0.342662
v -1.942480 -9.670580 0.543942
v -1.958800 -9.666040 0.540882
v -1.974480 -9.662580 0.534722
v -1.988920 -9.660379 0.525662
v -2.001600 -9.659460 0.514062
v -2.012000 -9.659900 0.500382
v -2.019720 -9.661680 0.485102
v -2.024480 -9.664721 0.468862
v -2.026080 -9.668900 0.452262
v -2.024480 -9.674060 0.435922
v -2.019720 -9.680020 0.420502
v -2.012000 -9.686520 0.406582
v -2.001600 -9.693340 0.394702
v -1.988920 -9.700200 0.385302
v -1.974480 -9.706840 0.378762
v -1.958800 -9.713019 0.375322
v -1.942480 -9.718480 0.375122
v -1.926180 -9.723021 0.378162
v -1.910500 -9.726460 0.384322
v -1.896040 -9.728681 0.393382
v -1.883380 -9.729600 0.404982
v -1.872980 -9.729139 0.418682
v -1.865260 -9.727381 0.433942
v -1.860500 -9.724339 0.450202
v -1.858900 -9.720160 0.466802
v -1.860500 -9.715000 0.483122
v -1.865260 -9.709040 0.498542
v -1.872980 -9.702540 0.512462
v -1.883380 -9.695720 0.524362
v -1.896040 -9.688860 0.533742
v -1.910500 -9.682199 0.540282
v -1.926180 -9.676040 0.543722
v -1.712440 -10.005501 0.985362
v -1.711160 -9.982340 0.986962
v -2.475300 -10.063120 0.587102
v -1.950520 -9.959320 0.839922
v -2.477320 -10.094060 0.586282
v -1.949820 -9.995220 0.832402
v -2.483760 -10.126600 0.597402
v -1.954060 -10.032620 0.836502
v -2.494360 -10.159520 0.620022
v -1.963040 -10.070040 0.852102
v -2.508740 -10.191540 0.653282
v -1.976440 -10.106079 0.878602
v -2.526340 -10.221439 0.695902
v -1.993720 -10.139340 0.914942
v -2.546460 -10.248060 0.746222
v -2.014240 -10.168541 0.959762
v -2.568360 -10.270380 0.802342
v -2.037200 -10.192539 1.011342
v -2.591160 -10.287540 0.862082
v -2.061720 -10.210461 1.067662
v -2.614020 -10.298900 0.923162
v -2.086860 -10.221581 1.126602
v -2.636040 -10.303980 0.983202
v -2.111640 -10.225479 1.185882
v -2.656380 -10.302640 1.039942
v -2.135140 -10.222000 1.243202
v -2.674260 -10.294880 1.091182
v -2.156420 -10.211300 1.296382
v -2.689000 -10.281039 1.134922
v -2.174680 -10.193760 1.343382
v -2.700020 -10.261621 1.169542
v -2.189220 -10.170079 1.382382
v -2.706900 -10.237380 1.193662
v -2.199460 -10.141161 1.411882
v -2.709380 -10.209260 1.206362
v -2.205040 -10.108120 1.430762
v -2.707360 -10.178320 1.207182
v -2.205740 -10.072201 1.438282
v -2.700920 -10.145780 1.196062
v -2.201500 -10.034820 1.434162
v -2.690300 -10.112860 1.173442
v -2.192520 -9.997379 1.418562
v -2.675920 -10.080841 1.140182
v -2.179120 -9.961340 1.392082
v -2.658340 -10.050941 1.097562
v -2.161840 -9.928080 1.355722
v -2.638200 -10.024320 1.047242
v -2.141320 -9.898900 1.310902
v -2.616320 -10.002001 0.991122
v -2.118360 -9.874880 1.259342
v -2.593500 -9.984840 0.931382
v -2.093840 -9.856960 1.203002
v -2.570660 -9.973480 0.870302
v -2.068700 -9.845860 1.144082
v -2.548640 -9.968400 0.810262
v -2.043900 -9.841960 1.084802
v -2.528280 -9.969760 0.753522
v -2.020420 -9.845420 1.027482
v -2.510400 -9.977500 0.702282
v -1.999140 -9.856140 0.974302
v -2.495680 -9.991340 0.658522
v -1.980880 -9.873660 0.927302
v -2.484660 -10.010759 0.623922
v -1.966340 -9.897340 0.888302
v -2.477780 -10.035000 0.599802
v -1.956080 -9.926260 0.858802
v -1.717640 -10.031281 0.994242
v -1.726600 -10.058700 1.013242
v -1.738960 -10.086660 1.041642
v -1.754220 -10.114141 1.078362
v -1.771820 -10.140060 1.121962
v -1.791080 -10.163440 1.170802
v -1.811260 -10.183361 1.222982
v -1.831580 -10.199060 1.276482
v -1.851260 -10.209940 1.329282
v -1.869540 -10.215580 1.379342
v -1.885720 -10.215760 1.424722
v -1.899180 -10.210500 1.463702
v -1.909400 -10.199961 1.494762
v -1.916000 -10.184560 1.516722
v -1.918720 -10.164920 1.528722
v -1.917440 -10.141760 1.530322
v -1.912220 -10.115980 1.521462
v -1.903260 -10.088579 1.502442
v -1.890920 -10.060600 1.474042
v -1.875640 -10.033120 1.437342
v -1.858040 -10.007200 1.393722
v -1.838780 -9.983820 1.344902
v -1.818600 -9.963900 1.292722
v -1.798280 -9.948200 1.239202
v -1.778600 -9.937320 1.186402
v -1.760320 -9.931680 1.136342
v -1.744140 -9.931499 1.090962
v -1.730680 -9.936780 1.051982
v -1.720460 -9.947300 1.020922
v -1.713860 -9.962700 0.998962
v -2.785760 -10.199539 0.628802
v -2.779400 -10.219740 0.626902
v -2.775760 -10.240820 0.631802
v -2.774960 -10.261940 0.643342
v -2.777020 -10.282320 0.661042
v -2.781880 -10.301160 0.684262
v -2.789360 -10.317720 0.712082
v -2.799160 -10.331400 0.743442
v -2.810900 -10.341640 0.777122
v -2.824120 -10.348061 0.811862
v -2.838340 -10.350439 0.846302
v -2.853000 -10.348639 0.879102
v -2.867540 -10.342760 0.909042
v -2.881380 -10.333000 0.934962
v -2.894020 -10.319780 0.955842
v -2.904960 -10.303560 0.970882
v -2.913760 -10.285000 0.979542
v -2.920120 -10.264799 0.981442
v -2.923760 -10.243720 0.976542
v -2.924580 -10.222580 0.965002
v -2.922500 -10.202219 0.947302
v -2.917640 -10.183380 0.924082
v -2.910160 -10.166821 0.896262
v -2.900360 -10.153140 0.864902
v -2.888620 -10.142900 0.831222
v -2.875400 -10.136460 0.796482
v -2.861180 -10.134100 0.762042
v -2.846520 -10.135900 0.729222
v -2.831980 -10.141781 0.699282
v -2.818140 -10.151520 0.673382
v -2.805500 -10.164761 0.652502
v -2.794560 -10.180960 0.637462
v -1.403440 -8.147880 -0.255018
v -1.492400 -9.038860 -0.496238
v -1.430600 -8.146480 -0.250138
v -1.519540 -9.037479 -0.491358
v -1.456380 -8.146600 -0.240238
v -1.545340 -9.037580 -0.481458
v -1.479800 -8.148180 -0.225678
v -1.568760 -9.039181 -0.466898
v -1.499980 -8.151220 -0.207058
v -1.588940 -9.042220 -0.448278
v -1.516120 -8.155560 -0.185058
v -1.605080 -9.046560 -0.426278
v -1.527600 -8.161060 -0.160538
v -1.616560 -9.052040 -0.401758
v -1.534000 -8.167480 -0.134458
v -1.622940 -9.058480 -0.375678
v -1.535040 -8.174600 -0.107778
v -1.624000 -9.065579 -0.348998
v -1.530700 -8.182119 -0.081558
v -1.619660 -9.073120 -0.322778
v -1.521160 -8.189780 -0.056798
v -1.610120 -9.080780 -0.298018
v -1.506780 -8.197280 -0.034438
v -1.595720 -9.088260 -0.275658
v -1.488080 -8.204300 -0.015338
v -1.577040 -9.095300 -0.256558
v -1.465820 -8.210620 -0.000258
v -1.554780 -9.101600 -0.241478
v -1.440840 -8.215961 0.010242
v -1.529800 -9.106940 -0.230978
v -1.414100 -8.220120 0.015762
v -1.503040 -9.111120 -0.225438
v -1.386620 -8.222960 0.016102
v -1.475580 -9.113940 -0.225118
v -1.359460 -8.224340 0.011222
v -1.448420 -9.115340 -0.229998
v -1.333680 -8.224240 0.001302
v -1.422640 -9.115220 -0.239918
v -1.310240 -8.222640 -0.013238
v -1.399200 -9.113620 -0.254458
v -1.290080 -8.219600 -0.031878
v -1.379040 -9.110600 -0.273078
v -1.273940 -8.215260 -0.053858
v -1.362900 -9.106260 -0.295078
v -1.262460 -8.209761 -0.078378
v -1.351420 -9.100760 -0.319598
v -1.256060 -8.203341 -0.104478
v -1.345020 -9.094340 -0.345698
v -1.255020 -8.196219 -0.131138
v -1.343980 -9.087220 -0.372358
v -1.259340 -8.188700 -0.157358
v -1.348300 -9.079679 -0.398578
v -1.268900 -8.181040 -0.182138
v -1.357840 -9.072020 -0.423358
v -1.283280 -8.173540 -0.204498
v -1.372240 -9.064540 -0.445698
v -1.301980 -8.166520 -0.223578
v -1.390920 -9.057500 -0.464798
v -1.324240 -8.160200 -0.238658
v -1.413200 -9.051200 -0.479878
v -1.349220 -8.154860 -0.249178
v -1.438180 -9.045860 -0.490398
v -1.375960 -8.150700 -0.254698
v -1.464920 -9.041699 -0.495918
v -1.489220 -9.053020 -0.445078
v -1.506120 -9.052160 -0.442038
v -1.522180 -9.052240 -0.435878
v -1.536780 -9.053220 -0.426818
v -1.549340 -9.055120 -0.415218
v -1.559380 -9.057819 -0.401518
v -1.566520 -9.061240 -0.386258
v -1.570500 -9.065240 -0.370018
v -1.571160 -9.069660 -0.353398
v -1.568460 -9.074360 -0.337078
v -1.562520 -9.079121 -0.321658
v -1.553560 -9.083799 -0.307738
v -1.541920 -9.088160 -0.295858
v -1.528060 -9.092100 -0.286458
v -1.512500 -9.095420 -0.279918
v -1.495860 -9.098021 -0.276478
v -1.478740 -9.099780 -0.276278
v -1.461840 -9.100639 -0.279318
v -1.445780 -9.100580 -0.285478
v -1.431200 -9.099580 -0.294538
v -1.418640 -9.097700 -0.306138
v -1.408580 -9.094980 -0.319838
v -1.401440 -9.091560 -0.335098
v -1.397460 -9.087561 -0.351358
v -1.396800 -9.083139 -0.367958
v -1.399500 -9.078440 -0.384278
v -1.405440 -9.073680 -0.399698
v -1.414400 -9.069020 -0.413618
v -1.426040 -9.064640 -0.425518
v -1.439900 -9.060699 -0.434898
v -1.455460 -9.057380 -0.441438
v -1.472120 -9.054800 -0.444878
v -1.558000 -9.704500 -0.646158
v -1.574900 -9.703640 -0.643118
v -1.590960 -9.703700 -0.636938
v -1.605540 -9.704700 -0.627898
v -1.618100 -9.706600 -0.616298
v -1.628140 -9.709300 -0.602598
v -1.635300 -9.712720 -0.587338
v -1.639280 -9.716720 -0.571078
v -1.639940 -9.721140 -0.554478
v -1.637240 -9.725840 -0.538158
v -1.631300 -9.730600 -0.522738
v -1.622320 -9.735260 -0.508818
v -1.610700 -9.739639 -0.496918
v -1.596840 -9.743580 -0.487538
v -1.581280 -9.746901 -0.480978
v -1.564620 -9.749500 -0.477558
v -1.547520 -9.751261 -0.477338
v -1.530620 -9.752120 -0.480378
v -1.514560 -9.752060 -0.486558
v -1.499960 -9.751060 -0.495618
v -1.487400 -9.749180 -0.507218
v -1.477360 -9.746460 -0.520898
v -1.470200 -9.743040 -0.536178
v -1.466240 -9.739040 -0.552418
v -1.465580 -9.734620 -0.569018
v -1.468280 -9.729920 -0.585358
v -1.474220 -9.725160 -0.600778
v -1.483180 -9.720500 -0.614698
v -1.494820 -9.716120 -0.626578
v -1.508680 -9.712180 -0.635978
v -1.524240 -9.708860 -0.642518
v -1.540880 -9.706280 -0.645958
v -0.545220 0.425800 -0.570580
v -0.565940 0.334060 -0.543760
v -0.586640 0.249520 -0.499180
v -0.606520 0.175420 -0.438520
v -0.624800 0.114600 -0.364140
v -0.640780 0.069400 -0.278900
v -0.653860 0.041580 -0.186060
v -0.663540 0.032180 -0.089200
v -0.669420 0.041580 0.007960
v -0.671300 0.069400 0.101700
v -0.669100 0.114600 0.188400
v -0.662900 0.175420 0.264740
v -0.652940 0.249520 0.327780
v -0.639620 0.334060 0.375100
v -0.623420 0.425800 0.404880
v 0.722400 0.242200 -0.474240
v 0.702600 0.147560 -0.466300
v 0.682040 0.056560 -0.439700
v 0.661500 -0.027320 -0.395460
v 0.641780 -0.100840 -0.335300
v 0.623640 -0.161160 -0.261500
v 0.607780 -0.206000 -0.176940
v 0.594800 -0.233600 -0.084840
v 0.585220 -0.242920 0.011240
v 0.579380 -0.233600 0.107640
v 0.577520 -0.206000 0.200620
v 0.579700 -0.161160 0.286640
v 0.585840 -0.100840 0.362380
v 0.595720 -0.027320 0.424900
v 0.608960 0.056560 0.471840
v 0.625020 0.147560 0.501380
v 0.643300 0.242200 0.512400
v 0.663120 0.336840 0.504440
v 0.683680 0.427840 0.477840
v 0.740700 0.336840 -0.463240
v -0.356580 0.387580 -0.555460
v -0.377320 0.295840 -0.528640
v -0.398020 0.211300 -0.484060
v -0.417900 0.137200 -0.423400
v -0.436180 0.076380 -0.349020
v -0.452160 0.031200 -0.263780
v -0.465240 0.003380 -0.170940
v -0.474920 -0.006020 -0.074080
v -0.480800 0.003380 0.023080
v -0.482680 0.031200 0.116820
v -0.480480 0.076380 0.203520
v -0.474280 0.137200 0.279860
v -0.464320 0.211300 0.342900
v -0.450980 0.295840 0.390220
v -0.434800 0.387580 0.420000
v 0.463280 0.294680 -0.495020
v 0.443460 0.200040 -0.487060
v 0.422900 0.109040 -0.460460
v 0.402360 0.025180 -0.416240
v 0.382660 -0.048340 -0.356060
v 0.364520 -0.108680 -0.282280
v 0.348660 -0.153500 -0.197720
v 0.335680 -0.181100 -0.105620
v 0.326080 -0.190420 -0.009520
v 0.320240 -0.181100 0.086860
v 0.318380 -0.153500 0.179860
v 0.320580 -0.108680 0.265860
v 0.326720 -0.048340 0.341600
v 0.336600 0.025180 0.404140
v 0.349820 0.109040 0.451080
v 0.365880 0.200040 0.480620
v 0.384180 0.294680 0.491620
v 0.403980 0.389320 0.483660
v 0.424560 0.480320 0.457060
v 0.481560 0.389320 -0.484020
v -0.358700 0.399660 -0.498660
v -0.376880 0.319220 -0.475140
v -0.395020 0.245080 -0.436040
v -0.412460 0.180080 -0.382860
v -0.428480 0.126760 -0.317620
v -0.442520 0.087120 -0.242880
v -0.453980 0.062720 -0.161460
v -0.462460 0.054480 -0.076500
v -0.467620 0.062720 0.008700
v -0.469280 0.087120 0.090920
v -0.467340 0.126760 0.166960
v -0.461900 0.180080 0.233900
v -0.453180 0.245080 0.289180
v -0.441480 0.319220 0.330680
v -0.427280 0.399660 0.356800
v -0.487960 0.341720 -0.484060
v -0.506120 0.267580 -0.444940
v -0.523540 0.202600 -0.391760
v -0.539580 0.149260 -0.326540
v -0.553600 0.109620 -0.251780
v -0.565080 0.085220 -0.170360
v -0.573560 0.076980 -0.085420
v -0.578720 0.085220 -0.000200
v -0.580360 0.109620 0.082000
v -0.578440 0.149260 0.158040
v -0.573000 0.202600 0.225000
v -0.564260 0.267580 0.280280
v -0.552580 0.341720 0.321780
v -0.538360 0.422180 0.347900
v 0.466640 0.293540 -0.446880
v 0.448840 0.208560 -0.439740
v 0.430380 0.126840 -0.415860
v 0.411940 0.051540 -0.376140
v 0.394240 -0.014460 -0.322120
v 0.377960 -0.068640 -0.255860
v 0.363720 -0.108900 -0.179920
v 0.352060 -0.133680 -0.097240
v 0.343440 -0.142040 -0.010960
v 0.338200 -0.133680 0.075600
v 0.336540 -0.108900 0.159100
v 0.338500 -0.068640 0.236320
v 0.344020 -0.014460 0.304320
v 0.352880 0.051540 0.360480
v 0.364760 0.126840 0.402620
v 0.379180 0.208560 0.429140
v 0.395600 0.293540 0.439040
v 0.413400 0.378520 0.431900
v 0.431860 0.460220 0.408000
v 0.483060 0.378520 -0.437000
v 0.604380 0.265640 -0.435840
v 0.586600 0.180660 -0.428700
v 0.568140 0.098940 -0.404800
v 0.549700 0.023640 -0.365080
v 0.532000 -0.042380 -0.311060
v 0.515700 -0.096540 -0.244820
v 0.501460 -0.136800 -0.168880
v 0.489820 -0.161580 -0.086200
v 0.481200 -0.169960 0.000100
v 0.475960 -0.161580 0.086640
v 0.474280 -0.136800 0.170140
v 0.476240 -0.096540 0.247360
v 0.481760 -0.042380 0.315360
v 0.490640 0.023640 0.371520
v 0.502520 0.098940 0.413660
v 0.516940 0.180660 0.440200
v 0.533360 0.265640 0.450080
v 0.551140 0.350620 0.442940
v 0.569620 0.432320 0.419040
v 0.588060 0.507620 0.379320
v 0.605760 0.573640 0.325300
v 0.622040 0.627800 0.259060
v 0.636280 0.668060 0.183120
v 0.647940 0.692840 0.100420
v 0.656540 0.701220 0.014140
v 0.661800 0.692840 -0.072400
v 0.663460 0.668060 -0.155900
v 0.661500 0.627800 -0.233120
v 0.655980 0.573640 -0.301120
v 0.647100 0.507620 -0.357280
v 0.635240 0.432320 -0.399420
v 0.620800 0.350600 -0.425960
vn 0.8905 -0.2199 -0.3984
vn -0.5503 -0.0358 -0.8342
vn -0.5332 0.0406 -0.8450
vn 0.7570 -0.3158 -0.5720
vn 0.6059 -0.4166 -0.6777
vn 0.5626 -0.4225 -0.7106
vn -0.5841 -0.1833 -0.7907
vn 0.6386 -0.5321 -0.5560
vn -0.6179 -0.3190 -0.7186
vn -0.6506 -0.4377 -0.6206
vn 0.6096 -0.6402 -0.4675
vn -0.6807 -0.5347 -0.5007
vn 0.5596 -0.7949 -0.2346
vn -0.7072 -0.6064 -0.3636
vn -0.7289 -0.6502 -0.2145
vn 0.5263 -0.8492 0.0422
vn -0.7452 -0.6642 -0.0593
vn -0.7554 -0.6482 0.0961
vn 0.5178 -0.8355 0.1839
vn -0.7590 -0.6029 0.2458
vn 0.5150 -0.7949 0.3207
vn -0.7560 -0.5300 0.3840
vn 0.5273 -0.6402 0.5586
vn -0.7467 -0.4324 0.5055
vn 0.5419 -0.5321 0.6506
vn -0.7312 -0.3138 0.6057
vn 0.5613 -0.4087 0.7197
vn -0.7101 -0.1788 0.6810
vn -0.6844 -0.0324 0.7284
vn 0.6118 -0.1357 0.7793
vn -0.6550 0.1198 0.7461
vn -0.6407 0.1965 0.7423
vn 0.9556 -0.2169 -0.1993
vn 0.6381 -0.2726 -0.7201
vn -0.6202 -0.1646 -0.7670
vn -0.5877 -0.0225 -0.8088
vn 0.5741 -0.5492 -0.6072
vn 0.5258 -0.5611 -0.6393
vn 0.5439 -0.6651 -0.5117
vn 0.4908 -0.6830 -0.5410
vn 0.5163 -0.7601 -0.3946
vn 0.4590 -0.7832 -0.4195
vn 0.4925 -0.8303 -0.2607
vn 0.4318 -0.8575 -0.2797
vn 0.4733 -0.8733 -0.1153
vn 0.4101 -0.9032 -0.1271
vn 0.4595 -0.8875 0.0362
vn 0.3949 -0.9182 0.0322
vn 0.4514 -0.8723 0.1879
vn 0.3867 -0.9020 0.1917
vn 0.4497 -0.8284 0.3338
vn 0.3859 -0.8556 0.3451
vn 0.4541 -0.7577 0.4687
vn 0.3925 -0.7806 0.4864
vn 0.4646 -0.6628 0.5872
vn 0.4061 -0.6804 0.6100
vn 0.4808 -0.5474 0.6850
vn 0.4263 -0.5591 0.7111
vn 0.5019 -0.4159 0.7584
vn 0.4521 -0.4215 0.7861
vn 0.5273 -0.2733 0.8045
vn 0.4825 -0.2731 0.8322
vn 0.4882 -0.1933 0.8510
vn -0.5688 0.0501 -0.8209
vn -0.6773 -0.1317 -0.7239
vn -0.6748 -0.0624 -0.7353
vn -0.6529 -0.2953 -0.6975
vn -0.6844 -0.4095 -0.6033
vn -0.7135 -0.5029 -0.4878
vn -0.7391 -0.5719 -0.3558
vn -0.7602 -0.6140 -0.2123
vn -0.7760 -0.6276 -0.0628
vn -0.7859 -0.6122 0.0869
vn -0.7895 -0.5686 0.2310
vn -0.7867 -0.4984 0.3642
vn -0.7778 -0.4044 0.4812
vn -0.7630 -0.2902 0.5777
vn -0.7428 -0.1601 0.6501
vn -0.7180 -0.0191 0.6957
vn -0.6897 0.1274 0.7128
vn -0.6703 0.2003 0.7146
vn -0.7102 -0.2520 -0.6573
vn -0.7415 -0.3567 -0.5684
vn -0.7698 -0.4420 -0.4604
vn -0.7942 -0.5052 -0.3378
vn -0.8138 -0.5438 -0.2048
vn -0.8280 -0.5568 -0.0664
vn -0.8362 -0.5437 0.0724
vn -0.8381 -0.5048 0.2067
vn -0.8337 -0.4417 0.3316
vn -0.8230 -0.3563 0.4425
vn -0.8064 -0.2516 0.5352
vn -0.7845 -0.1314 0.6061
vn -0.5277 -0.0841 0.8452
vn -0.1048 -0.0948 0.9900
vn 0.6510 -0.1979 -0.7329
vn -0.7120 0.4009 0.5766
vn -0.7213 0.3394 0.6038
vn 0.3294 -0.0921 0.9397
vn -0.0602 0.0960 0.9936
vn 0.2878 -0.8597 -0.4220
vn -0.3909 -0.6419 -0.6596
vn 0.2877 -0.7866 -0.5464
vn -0.2205 0.7112 0.6675
vn 0.6592 0.4674 0.5891
vn -0.1655 0.8190 0.5494
vn 0.0943 0.2241 -0.9700
vn 0.4818 0.0299 -0.8758
vn 0.1810 -0.1533 -0.9715
vn 0.2791 -0.9066 -0.3164
vn -0.3777 -0.7236 -0.5777
vn -0.2796 0.5488 0.7878
vn 0.6202 0.4380 0.6508
vn 0.4820 -0.2912 -0.8264
vn 0.2403 -0.4637 -0.8528
vn 0.2633 -0.9386 -0.2231
vn -0.3781 -0.7799 -0.4988
vn -0.1160 0.8905 0.4400
vn 0.7065 0.5063 0.4945
vn -0.0718 0.9396 0.3347
vn 0.4507 -0.5360 -0.7138
vn 0.2742 -0.6659 -0.6938
vn 0.2404 -0.9610 -0.1368
vn -0.3889 -0.8177 -0.4245
vn 0.7231 0.5222 0.4521
vn -0.0338 0.9717 0.2339
vn 0.4049 -0.7020 -0.5859
vn -0.4361 -0.8540 -0.2839
vn -0.4107 -0.8402 -0.3540
vn 0.7368 0.5386 0.4086
vn 0.0027 0.9912 0.1322
vn 0.3559 -0.8108 -0.4647
vn 0.2082 -0.9767 -0.0519
vn -0.4715 -0.8550 -0.2159
vn 0.7493 0.5554 0.3606
vn 0.0396 0.9989 0.0264
vn 0.3067 -0.8833 -0.3547
vn 0.1647 -0.9857 0.0346
vn -0.5171 -0.8433 -0.1465
vn 0.7623 0.5718 0.3032
vn 0.0800 0.9929 -0.0882
vn 0.2576 -0.9322 -0.2544
vn 0.1064 -0.9855 0.1318
vn -0.5740 -0.8153 -0.0754
vn 0.7787 0.5839 0.2295
vn 0.1275 0.9680 -0.2159
vn 0.2073 -0.9651 -0.1599
vn 0.0285 -0.9687 0.2466
vn -0.6381 -0.7700 0.0029
vn 0.8016 0.5839 0.1284
vn 0.1866 0.9137 -0.3610
vn 0.1545 -0.9858 -0.0664
vn -0.0795 -0.9182 0.3881
vn -0.7155 -0.6937 0.0830
vn 0.8360 0.5485 -0.0169
vn 0.2609 0.8106 -0.5242
vn 0.0988 -0.9946 0.0302
vn -0.6011 -0.0209 -0.7989
vn 0.8825 0.4219 -0.2080
vn 0.3486 0.6318 -0.6923
vn -0.2264 -0.7975 0.5593
vn -0.8015 -0.5761 0.1605
vn 0.9155 -0.1524 -0.3722
vn 0.8886 -0.3662 -0.2760
vn 0.0375 -0.9899 0.1367
vn -0.3971 -0.5556 0.7305
vn -0.8848 -0.4109 0.2196
vn 0.8591 -0.4779 -0.1830
vn -0.0315 -0.9659 0.2569
vn -0.5350 -0.1927 0.8226
vn -0.9492 -0.2123 0.2322
vn 0.8338 -0.5408 -0.1107
vn -0.1093 -0.9111 0.3973
vn -0.5945 0.1859 0.7823
vn -0.9797 -0.0207 0.1993
vn 0.8127 -0.5803 -0.0533
vn -0.1976 -0.8064 0.5574
vn -0.5883 0.4690 0.6588
vn -0.9805 0.1416 0.1359
vn 0.7906 -0.6123 -0.0082
vn -0.2849 -0.6179 0.7328
vn -0.5218 0.7501 0.4062
vn -0.5571 0.6462 0.5216
vn 0.7684 -0.6392 0.0317
vn -0.3455 -0.3372 0.8757
vn -0.4832 0.8183 0.3112
vn -0.9653 0.2514 0.0705
vn 0.7433 -0.6654 0.0683
vn -0.3623 -0.0005 0.9321
vn -0.9253 0.3697 -0.0840
vn -0.9474 0.3199 -0.0062
vn 0.7143 -0.6919 0.1056
vn -0.3334 0.3116 0.8898
vn -0.4486 0.8651 0.2244
vn -0.9027 0.4030 -0.1509
vn 0.6814 -0.7168 0.1481
vn -0.4190 0.8966 0.1432
vn -0.8801 0.4229 -0.2159
vn 0.6421 -0.7400 0.2001
vn -0.3903 0.9183 0.0660
vn -0.8590 0.4272 -0.2821
vn 0.9173 0.1537 -0.3674
vn 0.4334 0.3601 -0.8261
vn -0.3620 0.9321 -0.0133
vn -0.8368 0.4216 -0.3493
vn 0.5938 -0.7580 0.2700
vn -0.3323 0.9380 -0.0991
vn -0.8133 0.4033 -0.4193
vn 0.5339 -0.7602 0.3703
vn -0.2988 0.9339 -0.1961
vn -0.7863 0.3718 -0.4934
vn -0.2577 0.9145 -0.3121
vn -0.7551 0.3193 -0.5726
vn 0.4645 -0.7204 0.5151
vn -0.2022 0.8664 -0.4565
vn -0.7151 0.2423 -0.6556
vn 0.3849 -0.5754 0.7217
vn -0.1236 0.7620 -0.6357
vn -0.6645 0.1328 -0.7354
vn 0.3469 -0.2860 0.8932
vn 0.4011 0.0497 0.9147
vn 0.5682 0.3827 0.7285
vn 0.4927 0.2723 0.8265
vn -0.0178 0.5558 -0.8312
vn -0.4189 -0.5285 -0.7383
vn 0.6855 0.4895 0.5389
vn -0.4656 -0.3783 -0.8001
vn -0.5283 -0.1992 -0.8253
vn -0.5706 0.7016 -0.4268
vn -0.5676 0.7635 -0.3080
vn -0.6313 0.7016 0.3305
vn -0.6563 0.6183 0.4323
vn -0.5702 0.8017 -0.1795
vn -0.6836 0.5167 0.5154
vn -0.6210 0.3390 -0.7067
vn -0.6111 0.4009 -0.6826
vn -0.5783 0.8145 -0.0464
vn -0.5927 0.5167 -0.6178
vn -0.5915 0.8017 0.0863
vn 0.6990 -0.2749 -0.6602
vn 0.7143 0.1120 0.6908
vn 0.6688 -0.4088 -0.6210
vn -0.5791 0.6183 -0.5314
vn -0.6094 0.7635 0.2136
vn 0.6584 -0.1445 0.7386
vn 0.6484 -0.2105 0.7316
vn 0.6647 -0.1456 0.7328
vn 0.7930 -0.0137 -0.6091
vn 0.5849 -0.2749 0.7630
vn 0.8561 0.5127 -0.0652
vn 0.7426 0.2278 0.6298
vn 0.9771 -0.1980 0.0783
vn 0.8152 0.1120 -0.5683
vn 0.5405 -0.8355 -0.0991
vn 0.8480 0.5256 0.0680
vn -0.6864 0.3427 0.6414
vn 0.8334 0.2278 -0.5035
vn 0.8347 0.5128 0.2007
vn 0.9771 -0.1979 0.0783
vn 0.7404 -0.2752 -0.6133
vn 0.7196 -0.3396 -0.6056
vn 0.5183 -0.7290 0.4473
vn 0.8471 0.3293 -0.4170
vn 0.5829 -0.7290 -0.3590
vn 0.8168 0.4746 0.3280
vn 0.8338 -0.1294 0.5366
vn 0.7678 -0.1444 -0.6242
vn 0.8556 0.4128 -0.3124
vn 0.7949 0.4127 0.4447
vn 0.6859 -0.0137 0.7276
vn 0.8586 0.4746 -0.1936
vn 0.7699 0.3293 0.5466
vn -0.5178 0.8355 -0.1840
vn -0.5693 0.3429 -0.7472
vn -0.5614 0.4088 -0.7196
vn 0.6918 -0.0162 0.7219
vn -0.5405 0.8355 0.0991
vn -0.5597 0.7948 0.2345
vn -0.5273 0.6402 -0.5587
vn -0.5182 0.7290 -0.4472
vn -0.6095 0.6403 0.4675
vn -0.6385 0.5322 0.5560
vn -0.5263 0.8492 -0.0422
vn -0.5419 0.5321 -0.6505
vn -0.5828 0.7290 0.3590
vn -0.5151 0.7949 -0.3207
vn -0.6688 0.4087 0.6210
vn 0.8160 0.1116 -0.5672
vn 0.8200 0.4698 0.3269
vn 0.8568 0.4111 -0.3112
vn -0.8936 -0.0178 -0.4485
vn -0.9771 0.1979 -0.0785
vn 0.7684 -0.1447 -0.6234
vn 0.7197 0.1084 0.6858
vn 0.7475 0.2235 0.6256
vn 0.8502 0.5219 0.0685
vn 0.8482 0.3283 -0.4158
vn 0.8343 0.2271 -0.5023
vn 0.0192 -0.2845 -0.9585
vn 0.7741 0.3247 0.5435
vn 0.7986 0.4078 0.4427
vn 0.8602 0.4723 -0.1924
vn 0.7937 -0.0141 -0.6081
vn 0.8374 0.5084 0.2006
vn 0.4745 -0.2658 -0.8392
vn 0.8580 0.5097 -0.0642
vn -0.8347 -0.5128 -0.2007
vn -0.8168 -0.4747 -0.3280
vn -0.8472 -0.3293 0.4169
vn -0.8556 -0.4127 0.3125
vn -0.7699 -0.3293 -0.5466
vn -0.7426 -0.2277 -0.6298
vn -0.8561 -0.5127 0.0651
vn -0.8480 -0.5256 -0.0680
vn -0.8151 -0.1120 0.5683
vn -0.8334 -0.2279 0.5035
vn -0.7949 -0.4127 -0.4448
vn -0.8586 -0.4746 0.1936
vn -0.8040 -0.0505 0.5924
vn -0.1196 -0.8150 -0.5670
vn -0.2085 -0.8150 0.5407
vn -0.2129 -0.9056 0.3668
vn 0.6562 -0.4105 -0.6332
vn -0.0432 -0.5446 -0.8376
vn -0.0224 -0.4622 -0.8865
vn -0.1973 -0.9802 -0.0158
vn -0.1779 -0.9614 -0.2100
vn -0.1960 -0.6931 0.6937
vn -0.0831 -0.6930 -0.7161
vn -0.2090 -0.9614 0.1790
vn -0.1337 -0.2846 0.9493
vn -0.1493 -0.3752 0.9149
vn -0.1517 -0.9056 -0.3961
vn -0.1760 -0.5446 0.8200
vn 0.5970 -0.6453 -0.4766
vn 0.5071 -0.8419 0.1843
vn 0.7161 -0.1331 -0.6852
vn 0.5532 -0.4099 0.7252
vn 0.6867 -0.2745 -0.6731
vn 0.5474 -0.8018 -0.2398
vn 0.5088 -0.7336 0.4505
vn 0.5772 -0.2748 0.7690
vn 0.6044 -0.1343 0.7852
vn 0.6259 -0.5358 -0.5668
vn 0.5151 -0.8561 0.0409
vn 0.5335 -0.5345 0.6555
vn 0.5705 -0.7352 -0.3662
vn 0.5049 -0.8006 0.3227
vn 0.5288 -0.8426 -0.1022
vn 0.5183 -0.6438 0.5629
vn 0.3918 0.0793 0.9166
vn 0.8531 -0.0407 0.5201
vn 0.5150 -0.7949 0.3208
vn 0.5824 -0.7292 -0.3592
vn 0.5595 -0.7949 -0.2346
vn 0.5182 -0.7290 0.4473
vn 0.5848 -0.2749 0.7632
vn 0.6117 -0.1357 0.7793
vn 0.6385 -0.5321 -0.5560
vn 0.5264 -0.8492 0.0422
vn 0.5419 -0.5321 0.6505
vn -0.0191 0.2847 0.9584
vn 0.6405 0.0037 0.7679
vn 0.6097 -0.6402 -0.4674
vn 0.5180 -0.8354 0.1840
vn 0.5408 -0.8353 -0.0991
vn 0.5272 -0.6403 0.5587
vn 0.9084 -0.1294 -0.3975
vn 0.7280 -0.1357 -0.6720
vn 0.5613 -0.4088 0.7196
vn -0.8724 0.3842 -0.3022
vn -0.7094 0.6972 0.1028
vn -0.6090 0.7551 -0.2428
vn -0.5032 0.6644 -0.5526
vn -0.5785 0.4336 -0.6909
vn -0.9176 0.2147 -0.3346
vn -0.9384 0.3454 0.0102
vn -0.7907 0.1297 0.5984
vn -0.8178 0.5046 0.2766
vn -0.9075 0.2498 0.3376
vn -0.9819 0.1881 -0.0208
vn -0.9340 0.1245 0.3349
vn -0.9459 0.0560 0.3195
vn -0.7836 0.0493 0.6193
vn -0.9961 0.0754 -0.0457
vn -0.9274 -0.1578 -0.3391
vn -0.9679 0.0304 0.2493
vn -0.7746 0.0021 0.6324
vn 0.3085 0.3176 -0.8966
vn 0.6298 0.6042 -0.4882
vn 0.5426 0.2503 -0.8018
vn 0.8617 0.3759 -0.3408
vn 0.8765 0.1383 -0.4611
vn 0.4861 0.0023 -0.8739
vn 0.2452 0.0591 -0.9677
vn -0.0546 0.3856 -0.9210
vn -0.0452 0.7821 -0.6215
vn -0.1206 0.1332 -0.9837
vn -0.6459 0.2073 -0.7348
vn -0.1439 -0.1000 -0.9845
vn 0.1904 -0.1761 -0.9658
vn -0.2772 -0.5004 -0.8202
vn -0.6871 -0.1901 -0.7013
vn -0.6632 0.0024 -0.7485
vn 0.9387 -0.0733 0.3370
vn 0.8605 0.1106 0.4972
vn 0.7872 -0.1271 0.6035
vn 0.6272 -0.1650 0.7612
vn 0.7682 -0.2140 0.6034
vn 0.9263 -0.1955 0.3221
vn 0.9997 -0.0137 -0.0196
vn 0.9154 0.4023 -0.0094
vn 0.8712 0.3098 0.3808
vn 0.9862 -0.1602 -0.0427
vn 0.7823 -0.3207 -0.5341
vn 0.9371 -0.3411 -0.0737
vn 0.9002 -0.3221 0.2932
vn 0.7247 -0.6131 -0.3145
vn 0.7040 -0.5213 -0.4823
vn -0.1641 -0.0293 0.9860
vn -0.4041 0.9133 0.0511
vn -0.6523 0.1059 0.7506
vn -0.8191 0.5194 0.2436
vn -0.5562 -0.0240 0.8307
vn -0.1691 -0.1190 0.9784
vn 0.3967 -0.1394 0.9073
vn 0.9193 0.1284 0.3720
vn 0.7815 0.5844 0.2184
vn 0.2635 -0.1934 0.9451
vn 0.2369 -0.2086 0.9489
vn 0.5893 -0.2222 0.7768
vn -0.1632 -0.1495 0.9752
vn -0.1507 -0.1346 0.9794
vn 0.2488 -0.1957 0.9486
vn 0.5672 -0.2345 0.7895
vn 0.5649 -0.2404 0.7893
vn -0.3589 -0.7493 -0.5566
vn -0.8218 -0.2957 -0.4870
vn 0.0457 -0.5925 -0.8043
vn -0.0927 -0.8383 -0.5373
vn -0.2432 -0.5062 -0.8274
vn 0.1446 -0.1891 -0.9713
vn 0.3657 -0.1195 -0.9231
vn 0.3569 -0.2246 -0.9067
vn 0.8524 -0.2145 -0.4768
vn 0.8377 -0.2977 -0.4578
vn 0.8301 -0.3797 -0.4084
vn 0.4064 -0.5751 -0.7100
vn 0.7758 -0.1830 0.6038
vn 0.3925 -0.0553 0.9181
vn 0.4061 -0.1041 0.9079
vn -0.1393 0.0391 0.9895
vn -0.1453 -0.0171 0.9892
vn 0.3765 -0.4974 0.7815
vn 0.7764 -0.2597 0.5743
vn 0.6458 0.7047 0.2939
vn 0.6233 0.7815 -0.0278
vn 0.3257 0.9395 -0.1063
vn 0.2897 0.9399 0.1809
vn 0.7945 0.5909 -0.1398
vn 0.3238 0.8529 -0.4095
vn -0.3565 0.9084 -0.2186
vn -0.2206 0.9639 0.1489
vn -0.0859 0.9849 -0.1505
vn 0.3567 0.7223 -0.5925
vn 0.2072 -0.8388 -0.5035
vn -0.0109 -0.6060 -0.7954
vn 0.3564 -0.6273 -0.6925
vn 0.8711 -0.4782 -0.1118
vn 0.2507 -0.5788 -0.7760
vn -0.5248 -0.0713 0.8482
vn -0.7818 -0.0096 0.6234
vn -0.5195 -0.0662 0.8519
vn 0.7587 -0.2739 0.5911
vn 0.8386 -0.2661 0.4753
vn 0.4141 -0.2238 -0.8823
vn 0.8500 -0.0899 -0.5191
vn -0.9362 0.0644 -0.3455
vn -0.7026 -0.3233 0.6339
vn -0.9621 -0.2417 -0.1263
vn -0.5919 -0.7996 -0.1016
vn -0.3460 -0.4733 -0.8101
vn 0.0415 -0.5606 -0.8270
vn -0.1661 -0.9860 0.0171
vn 0.3278 -0.9445 0.0226
vn 0.8523 -0.5145 0.0948
vn -0.6514 0.0560 0.7567
vn -0.6320 0.0954 0.7691
vn -0.9215 0.0733 0.3814
vn -0.9364 0.0016 0.3511
vn -0.7399 -0.0741 -0.6687
vn -0.0567 -0.0541 -0.9969
vn -0.0968 -0.1666 -0.9813
vn 0.1699 -0.0800 -0.9822
vn -0.7766 -0.1568 -0.6102
vn -0.9991 0.0399 -0.0147
vn -0.9085 0.1001 0.4056
vn -0.9968 0.0800 -0.0021
vn 0.9521 -0.2111 0.2210
vn 0.9460 -0.2493 0.2071
vn 0.7633 -0.1474 0.6290
vn 0.1202 -0.1131 -0.9863
vn 0.2199 -0.1352 -0.9661
vn 0.8413 -0.2415 -0.4836
vn 0.2707 0.0130 -0.9626
vn 0.1516 0.0408 -0.9876
vn 0.1559 0.0479 -0.9866
vn 0.2912 0.0137 -0.9566
vn 0.8386 -0.1548 -0.5223
vn 0.8370 -0.1453 -0.5276
vn 0.3169 -0.0164 -0.9483
vn 0.1599 0.0242 -0.9868
vn 0.1670 -0.0216 -0.9857
vn 0.3452 -0.0650 -0.9363
vn 0.8366 -0.1595 -0.5241
vn 0.8434 -0.1871 -0.5037
vn 0.5779 -0.2140 0.7876
vn 0.2572 -0.1676 0.9517
vn -0.1453 -0.1098 0.9833
vn 0.2689 -0.1372 0.9534
vn 0.6026 -0.1912 0.7748
vn 0.6448 -0.1734 0.7444
vn 0.2898 -0.1100 0.9507
vn -0.1438 -0.0786 0.9865
vn -0.1420 -0.0468 0.9888
vn -0.1403 -0.0169 0.9900
vn 0.3184 -0.0898 0.9437
vn 0.6914 -0.1637 0.7037
vn 0.7312 -0.1575 0.6637
vn 0.3553 -0.0715 0.9320
vn -0.1401 0.0135 0.9900
vn -0.5234 -0.0533 0.8504
vn -0.7938 -0.0119 0.6080
vn -0.8118 0.0020 0.5840
vn -0.5328 -0.0271 0.8458
vn -0.5494 0.0035 0.8355
vn -0.8415 0.0288 0.5395
vn -0.8719 0.0560 0.4865
vn -0.5730 0.0344 0.8188
vn -0.6046 0.0659 0.7938
vn -0.8940 0.0790 0.4411
vn -0.7203 -0.0195 -0.6934
vn 0.0102 -0.1113 -0.9937
vn 0.0292 0.0488 -0.9984
vn 0.0149 0.0574 -0.9982
vn -0.6733 0.0576 -0.7371
vn -0.0099 0.0398 -0.9992
vn -0.6681 0.0663 -0.7411
vn -0.0339 0.0021 -0.9994
vn -0.6752 0.0646 -0.7348
vn -0.6973 0.0513 -0.7149
vn -0.9872 0.0254 0.1577
vn -0.9924 0.0249 0.1208
vn -0.9969 0.0425 0.0656
vn -0.9979 0.0627 0.0165
vn -0.9972 0.0750 -0.0006
vn -0.7210 0.0194 -0.6927
vn 0.8774 -0.2511 0.4088
vn 0.8956 -0.2357 0.3773
vn 0.9203 -0.2206 0.3230
vn 0.9394 -0.2148 0.2671
vn 0.9481 -0.2148 0.2346
vn -0.9726 -0.1273 0.1946
vn -0.6287 0.5989 -0.4960
vn -0.4811 -0.0703 -0.8738
vn 0.5849 -0.0209 -0.8108
vn 0.8091 0.5747 0.1231
vn 0.9614 0.0708 -0.2659
vn 0.9463 -0.1425 0.2902
vn 0.5346 0.6229 0.5710
vn 0.4621 -0.2410 0.8534
vn -0.3028 0.9123 0.2757
vn -0.9496 -0.2169 0.2263
vn -0.7876 -0.0051 0.6162
vn -0.2594 0.2469 0.9337
vn 0.6788 0.7329 -0.0459
vn -0.1321 -0.7644 0.6310
vn 0.0430 -0.7360 -0.6756
vn 0.3462 -0.8441 -0.4093
vn -0.4956 -0.8437 0.2062
vn -0.5251 0.6474 -0.5525
vn 0.3202 0.1065 -0.9413
vn 0.1337 -0.0660 -0.9888
vn 0.3091 -0.8234 -0.4759
vn 0.2467 -0.8301 -0.5000
vn 0.7143 -0.5950 -0.3686
vn 0.2955 -0.8199 0.4903
vn 0.5414 -0.8402 0.0303
vn -0.1291 -0.0464 0.9905
vn -0.0864 0.9407 0.3281
vn -0.4234 0.1628 0.8912
vn -0.3532 -0.8284 0.4347
vn -0.1877 -0.8673 0.4611
vn -0.4841 -0.8670 0.1179
vn -0.4498 -0.8474 0.2820
vn -0.3588 0.6704 0.6495
vn -0.6215 0.5050 0.5989
vn -0.1395 -0.8540 0.5012
vn -0.1298 -0.8157 0.5637
vn -0.7737 0.3544 0.5251
vn 0.0835 0.9537 -0.2888
vn -0.6265 0.7731 0.0993
vn -0.9339 -0.2310 -0.2730
vn -0.4242 -0.8940 -0.1444
vn 0.2438 -0.7871 0.5665
vn -0.3450 -0.8453 -0.4080
vn -0.4064 -0.7562 -0.5128
vn -0.3114 -0.8259 -0.4700
vn -0.8410 -0.3049 -0.4470
vn -0.7088 -0.3727 -0.5989
vn -0.7851 -0.4163 -0.4585
vn -0.9124 0.2867 -0.2922
vn -0.8368 0.2216 -0.5006
vn -0.9269 0.1700 -0.3348
vn -0.6376 0.7699 -0.0266
vn -0.6473 0.7320 -0.2124
vn -0.7170 0.6920 -0.0841
vn -0.2345 0.9515 0.1990
vn -0.1082 0.9676 0.2281
vn -0.2117 0.9646 0.1570
vn -0.2113 -0.8828 -0.4195
vn -0.2343 -0.8960 -0.3773
vn -0.6473 -0.4814 -0.5910
vn -0.7170 -0.5214 -0.4627
vn -0.8368 0.1023 -0.5379
vn -0.9269 0.0506 -0.3720
vn -0.7088 0.6471 -0.2807
vn -0.7851 0.6032 -0.1403
vn -0.3450 0.9273 0.1450
vn -0.3116 0.9465 0.0833
vn -0.1087 -0.9256 -0.3626
vn -0.1199 -0.9322 -0.3414
vn -0.5757 -0.5825 -0.5738
vn -0.6376 -0.6181 -0.4598
vn -0.8237 -0.0187 -0.5667
vn -0.9124 -0.0696 -0.4034
vn -0.8409 0.5051 -0.1942
vn -0.7592 0.5521 -0.3447
vn -0.4063 0.9137 0.0084
vn -0.4501 0.8885 0.0890
vn -0.4951 -0.6746 -0.5476
vn -0.5482 -0.7053 -0.4494
vn -0.8835 -0.1889 -0.4286
vn -0.7977 -0.1394 -0.5867
vn -0.8836 0.3990 -0.2451
vn -0.7977 0.4484 -0.4033
vn -0.5483 0.8357 0.0315
vn -0.4950 0.8663 -0.0667
vn -0.4503 -0.7813 -0.4322
vn -0.7593 -0.2581 -0.5974
vn -0.8237 0.3377 -0.4555
vn -0.5757 0.8055 -0.1407
vn -0.4917 0.8367 -0.2410
vn -0.5528 0.7672 -0.3252
vn -0.1805 0.9762 0.1199
vn -0.2661 -0.8090 -0.5241
vn -0.1806 -0.8713 -0.4564
vn -0.6054 -0.3341 -0.7225
vn -0.5529 -0.4462 -0.7038
vn -0.7147 0.1479 -0.6837
vn -0.6053 0.6857 -0.4044
vn -0.2660 0.9635 0.0289
vn -0.0929 -0.9198 -0.3813
vn -0.4917 -0.5512 -0.6741
vn -0.7035 0.0261 -0.7103
vn -0.6483 0.5933 -0.4771
vn -0.3470 0.9358 -0.0624
vn -0.4227 -0.6478 -0.6339
vn -0.6812 -0.0961 -0.7257
vn -0.6812 0.4918 -0.5423
vn -0.4227 0.8933 -0.1530
vn -0.3471 -0.7341 -0.5836
vn -0.6483 -0.2167 -0.7299
vn -0.7034 0.3825 -0.5991
vn -0.7146 0.2672 -0.6465
vn -0.1430 -0.8618 -0.4866
vn -0.4786 -0.3022 -0.8244
vn -0.4371 -0.4171 -0.7968
vn -0.5650 0.1854 -0.8040
vn -0.4786 0.7174 -0.5062
vn -0.2102 0.9775 -0.0158
vn -0.0729 -0.9148 -0.3973
vn -0.3887 -0.5254 -0.7568
vn -0.5561 0.0630 -0.8287
vn -0.5126 0.6274 -0.5861
vn -0.2744 0.9540 -0.1208
vn -0.3342 -0.6255 -0.7050
vn -0.5386 -0.0603 -0.8404
vn -0.5386 0.5276 -0.6570
vn -0.3342 0.9155 -0.2242
vn -0.2747 -0.7158 -0.6420
vn -0.5126 -0.1827 -0.8390
vn -0.5561 0.4194 -0.7175
vn -0.3888 0.8626 -0.3237
vn -0.2103 -0.7951 -0.5688
vn -0.5650 0.3048 -0.7667
vn -0.4372 0.7962 -0.4183
vn -0.0924 0.9735 0.2090
vn -0.1429 0.9857 0.0896
vn -0.1466 0.9880 -0.0492
vn -0.0993 -0.8546 -0.5096
vn -0.0510 -0.9112 -0.4087
vn -0.2708 -0.5061 -0.8189
vn -0.3935 0.2135 -0.8942
vn -0.3874 0.0906 -0.9175
vn -0.3572 0.6529 -0.6680
vn -0.1911 0.9677 -0.1646
vn -0.2328 -0.6089 -0.7583
vn -0.3752 -0.0334 -0.9263
vn -0.3753 0.5543 -0.7429
vn -0.2329 0.9321 -0.2774
vn -0.1911 -0.7022 -0.6859
vn -0.3571 -0.1571 -0.9207
vn -0.3875 0.4471 -0.8062
vn -0.2708 0.8820 -0.3857
vn -0.1464 -0.7846 -0.6024
vn -0.3334 -0.2784 -0.9008
vn -0.3936 0.3330 -0.8569
vn -0.3046 0.8179 -0.4881
vn -0.0507 0.9820 0.1818
vn -0.0997 0.9928 0.0668
vn -0.3044 -0.3953 -0.8666
vn -0.3335 0.7412 -0.5825
vn -0.1602 -0.3816 -0.9103
vn -0.1425 -0.4939 -0.8578
vn -0.2040 0.1081 -0.9730
vn -0.1755 0.7561 -0.6304
vn -0.1879 0.6689 -0.7192
vn -0.1006 0.9762 -0.1921
vn -0.1226 -0.5985 -0.7917
vn -0.1975 -0.0166 -0.9802
vn -0.1974 0.5711 -0.7968
vn -0.1224 0.9425 -0.3109
vn -0.1005 -0.6937 -0.7132
vn -0.1879 -0.1412 -0.9720
vn -0.2039 0.4644 -0.8618
vn -0.1424 0.8941 -0.4246
vn -0.0773 -0.7780 -0.6235
vn -0.1754 -0.2636 -0.9486
vn -0.2071 0.3504 -0.9134
vn -0.1602 0.8316 -0.5317
vn -0.0525 0.9972 0.0526
vn -0.0525 -0.8502 -0.5239
vn -0.2071 0.2311 -0.9506
vn -0.0771 0.9945 -0.0703
vn -0.0269 -0.9089 -0.4160
vn -0.0061 0.9793 -0.2021
vn -0.0075 -0.5947 -0.8039
vn -0.0125 0.1144 -0.9934
vn -0.0121 -0.0106 -0.9999
vn -0.0120 0.5773 -0.8165
vn -0.0075 0.9463 -0.3231
vn -0.0062 -0.6906 -0.7232
vn -0.0115 -0.1354 -0.9907
vn -0.0124 0.4708 -0.8821
vn -0.0087 0.8985 -0.4389
vn -0.0047 -0.7756 -0.6312
vn -0.0107 -0.2581 -0.9661
vn -0.0127 0.3569 -0.9341
vn -0.0097 0.8367 -0.5476
vn -0.0021 0.9851 0.1720
vn -0.0033 0.9989 0.0473
vn -0.0031 -0.8485 -0.5291
vn -0.0098 -0.3766 -0.9263
vn -0.0127 0.2376 -0.9713
vn -0.0107 0.7616 -0.6479
vn -0.0047 0.9969 -0.0781
vn -0.0019 -0.9081 -0.4187
vn -0.0087 -0.4894 -0.8720
vn -0.0115 0.6747 -0.7380
vn 0.1079 -0.5976 -0.7945
vn 0.1737 -0.0152 -0.9847
vn 0.1654 0.6702 -0.7236
vn 0.1737 0.5725 -0.8013
vn 0.0885 0.9769 -0.1943
vn 0.1078 0.9434 -0.3136
vn 0.0884 -0.6930 -0.7155
vn 0.1654 -0.1399 -0.9763
vn 0.1794 0.4660 -0.8664
vn 0.1254 0.8950 -0.4280
vn 0.0678 -0.7775 -0.6252
vn 0.1544 -0.2622 -0.9526
vn 0.1823 0.3519 -0.9181
vn 0.1410 0.8328 -0.5353
vn 0.0460 0.9976 0.0513
vn 0.0461 -0.8497 -0.5252
vn 0.1410 -0.3805 -0.9140
vn 0.1822 0.2326 -0.9554
vn 0.1545 0.7575 -0.6344
vn 0.0678 0.9951 -0.0722
vn 0.0238 -0.9088 -0.4165
vn 0.1254 -0.4929 -0.8610
vn 0.1795 0.1095 -0.9777
vn 0.1799 -0.7008 -0.6903
vn 0.3529 -0.0307 -0.9352
vn 0.3359 -0.1546 -0.9291
vn 0.3529 0.5571 -0.7517
vn 0.3644 0.4499 -0.8153
vn 0.2546 0.8839 -0.3922
vn 0.1379 -0.7836 -0.6058
vn 0.3135 -0.2759 -0.9086
vn 0.3703 0.3358 -0.8661
vn 0.2863 0.8203 -0.4952
vn 0.0234 0.9845 0.1741
vn 0.0935 0.9935 0.0644
vn 0.0933 -0.8538 -0.5121
vn 0.2864 -0.3931 -0.8738
vn 0.3702 0.2164 -0.9034
vn 0.3136 0.7437 -0.5904
vn 0.1377 0.9891 -0.0529
vn 0.0483 -0.9110 -0.4097
vn 0.2546 -0.5041 -0.8252
vn 0.3643 0.0936 -0.9266
vn 0.3359 0.6555 -0.6764
vn 0.1797 0.9691 -0.1692
vn 0.2190 -0.6072 -0.7638
vn 0.2190 0.9338 -0.2829
vn 0.5185 -0.0563 -0.8532
vn 0.4934 -0.1788 -0.8512
vn 0.5355 0.4235 -0.7307
vn 0.3742 0.8655 -0.3331
vn 0.2642 -0.7140 -0.6484
vn 0.2025 -0.7934 -0.5740
vn 0.4607 -0.2988 -0.8357
vn 0.5440 0.3089 -0.7802
vn 0.4208 0.7995 -0.4287
vn 0.0706 0.9788 0.1920
vn 0.1376 0.9867 0.0865
vn 0.1377 -0.8608 -0.4900
vn 0.4208 -0.4138 -0.8073
vn 0.5440 0.1898 -0.8174
vn 0.4607 0.7210 -0.5176
vn 0.2025 0.9791 -0.0208
vn 0.0706 -0.9144 -0.3987
vn 0.3742 -0.5225 -0.7662
vn 0.5355 0.0672 -0.8419
vn 0.4935 0.6312 -0.5984
vn 0.2642 0.9560 -0.1274
vn 0.3217 -0.6231 -0.7130
vn 0.5186 0.5315 -0.6698
vn 0.3218 0.9179 -0.2320
vn 0.3384 -0.7316 -0.5918
vn 0.2594 -0.8070 -0.5306
vn 0.5902 -0.3295 -0.7370
vn 0.6858 0.3877 -0.6159
vn 0.6966 0.2726 -0.6636
vn 0.4793 0.8405 -0.2527
vn 0.5389 0.7713 -0.3385
vn 0.1764 0.9775 0.1160
vn 0.1763 -0.8700 -0.4605
vn 0.5390 -0.4419 -0.7171
vn 0.6967 0.1531 -0.7008
vn 0.5901 0.6902 -0.4188
vn 0.2595 0.9655 0.0227
vn 0.0901 -0.9190 -0.3838
vn 0.4793 -0.5476 -0.6858
vn 0.6858 0.0313 -0.7271
vn 0.6321 0.5981 -0.4926
vn 0.3384 0.9383 -0.0708
vn 0.4122 -0.6447 -0.6439
vn 0.6642 -0.0908 -0.7420
vn 0.6642 0.4967 -0.5587
vn 0.4121 0.8964 -0.1630
vn 0.6321 -0.2119 -0.7453
vn 0.7465 -0.2524 -0.6157
vn 0.6969 -0.3673 -0.6160
vn 0.8098 0.3439 -0.4753
vn 0.8227 0.2280 -0.5207
vn 0.5659 0.8099 -0.1545
vn 0.6365 0.7369 -0.2279
vn 0.1065 0.9684 0.2253
vn 0.2080 0.9663 0.1518
vn 0.3063 -0.8236 -0.4773
vn 0.2079 -0.8811 -0.4248
vn 0.6365 -0.4765 -0.6065
vn 0.8227 0.1086 -0.5580
vn 0.6970 0.6523 -0.2977
vn 0.3062 0.9489 0.0759
vn 0.1064 -0.9248 -0.3653
vn 0.5659 -0.5783 -0.5876
vn 0.8098 -0.0125 -0.5865
vn 0.7465 0.5576 -0.3629
vn 0.3996 0.9167 -0.0014
vn 0.4867 -0.6710 -0.5594
vn 0.7843 -0.1334 -0.6059
vn 0.7843 0.4543 -0.4225
vn 0.4865 0.8701 -0.0786
vn 0.3996 -0.7532 -0.5225
vn 0.3415 -0.8426 -0.4164
vn 0.2319 -0.8941 -0.3833
vn 0.7769 -0.4106 -0.4774
vn 0.7095 -0.5160 -0.4800
vn 0.9172 0.0574 -0.3944
vn 0.7769 0.6091 -0.1592
vn 0.3413 0.9300 0.1366
vn 0.1184 -0.9313 -0.3444
vn 0.6309 -0.6134 -0.4750
vn 0.9028 -0.0628 -0.4254
vn 0.8321 0.5114 -0.2146
vn 0.4454 0.8920 0.0780
vn 0.5424 -0.7011 -0.4628
vn 0.8743 -0.1821 -0.4499
vn 0.8743 0.4056 -0.2665
vn 0.5424 0.8399 0.0182
vn 0.4455 -0.7780 -0.4430
vn 0.8321 -0.2987 -0.4673
vn 0.9028 0.2936 -0.3143
vn 0.6310 0.7747 -0.0419
vn 0.9172 0.1770 -0.3570
vn 0.7096 0.6973 -0.1014
vn 0.2319 0.9534 0.1931
vn 0.9763 0.0020 -0.2164
vn 0.7552 0.6544 0.0364
vn 0.8270 0.5621 -0.0084
vn 0.3633 0.9093 0.2028
vn 0.1264 -0.9386 -0.3209
vn 0.7552 -0.5590 -0.3423
vn 0.6717 -0.6516 -0.3526
vn 0.9610 -0.1174 -0.2502
vn 0.8858 0.4610 -0.0530
vn 0.4742 0.8649 0.1645
vn 0.5775 -0.7339 -0.3575
vn 0.9308 -0.2350 -0.2801
vn 0.9307 0.3526 -0.0968
vn 0.5776 0.8069 0.1235
vn 0.4741 -0.8050 -0.3567
vn 0.8859 -0.3489 -0.3057
vn 0.9610 0.2389 -0.1390
vn 0.6716 0.7365 0.0807
vn 0.3635 -0.8633 -0.3501
vn 0.8270 -0.4576 -0.3266
vn 0.9763 0.1214 -0.1791
vn 0.1186 0.9619 0.2464
vn 0.2469 0.9393 0.2381
vn 0.2470 -0.9081 -0.3382
vn 0.1293 -0.9461 -0.2969
vn 0.7720 -0.6038 -0.1987
vn 0.6866 -0.6913 -0.2249
vn 0.9980 -0.0559 -0.0308
vn 0.9823 -0.1745 -0.0676
vn 0.9055 0.4084 0.1154
vn 0.3715 0.8877 0.2720
vn 0.4848 0.8367 0.2547
vn 0.5903 -0.7683 -0.2476
vn 0.9513 -0.2903 -0.1033
vn 0.9513 0.2976 0.0802
vn 0.5903 0.7727 0.2333
vn 0.4846 -0.8332 -0.2664
vn 0.9055 -0.4016 -0.1374
vn 0.9823 0.1820 0.0436
vn 0.6866 0.6966 0.2082
vn 0.3716 -0.8848 -0.2811
vn 0.8454 -0.5066 -0.1693
vn 0.9980 0.0635 0.0065
vn 0.7720 0.6097 0.1800
vn 0.1292 0.9471 0.2938
vn 0.2523 0.9247 0.2849
vn 0.2523 -0.9228 -0.2913
vn 0.8454 0.5130 0.1489
vn 0.9812 -0.1140 0.1554
vn 0.9659 -0.2317 0.1157
vn 0.8903 0.3558 0.2842
vn 0.4767 0.8086 0.3450
vn 0.6751 -0.7313 -0.0969
vn 0.5804 -0.8026 -0.1375
vn 0.9354 -0.3457 0.0742
vn 0.9354 0.2421 0.2576
vn 0.5805 0.7384 0.3432
vn 0.4765 -0.8614 -0.1760
vn 0.8903 -0.4543 0.0315
vn 0.9659 0.1248 0.2269
vn 0.6751 0.6567 0.3362
vn 0.3653 -0.9065 -0.2119
vn 0.8312 -0.5558 -0.0117
vn 0.9812 0.0054 0.1927
vn 0.7591 0.5647 0.3238
vn 0.2481 0.9099 0.3324
vn 0.2481 -0.9374 -0.2446
vn 0.7591 -0.6487 -0.0547
vn 0.8312 0.4638 0.3066
vn 0.3652 0.8660 0.3415
vn 0.1270 -0.9537 -0.2727
vn 0.5482 -0.8358 -0.0313
vn 0.8835 -0.3990 0.2453
vn 0.8835 0.1887 0.4286
vn 0.5482 0.7053 0.4494
vn 0.4502 -0.8885 -0.0889
vn 0.8409 -0.5051 0.1943
vn 0.9123 0.0697 0.4035
vn 0.6376 0.6182 0.4597
vn 0.3450 -0.9274 -0.1450
vn 0.7852 -0.6032 0.1403
vn 0.9268 -0.0506 0.3721
vn 0.7170 0.5213 0.4627
vn 0.1200 0.9323 0.3413
vn 0.2344 0.8958 0.3776
vn 0.2344 -0.9516 -0.1990
vn 0.7171 -0.6919 0.0841
vn 0.9268 -0.1700 0.3348
vn 0.7852 0.4163 0.4584
vn 0.3451 0.8452 0.4081
vn 0.1201 -0.9609 -0.2496
vn 0.6377 -0.7699 0.0266
vn 0.9123 -0.2868 0.2923
vn 0.8409 0.3049 0.4471
vn 0.4501 0.7814 0.4322
vn 0.7593 0.2580 0.5974
vn 0.7978 0.1395 0.5866
vn 0.4950 0.6747 0.5475
vn 0.4065 -0.9136 -0.0084
vn 0.7593 -0.5520 0.3447
vn 0.8238 0.0187 0.5666
vn 0.5757 0.5826 0.5737
vn 0.3114 -0.9466 -0.0832
vn 0.7089 -0.6470 0.2807
vn 0.8368 -0.1023 0.5378
vn 0.6474 0.4813 0.5910
vn 0.1082 0.9255 0.3628
vn 0.2116 0.8827 0.4196
vn 0.2116 -0.9647 -0.1568
vn 0.6474 -0.7320 0.2123
vn 0.8368 -0.2217 0.5005
vn 0.7089 0.3725 0.5989
vn 0.3115 0.8260 0.4698
vn 0.1084 -0.9675 -0.2285
vn 0.5757 -0.8055 0.1406
vn 0.8238 -0.3377 0.4554
vn 0.4064 0.7563 0.5127
vn 0.4950 -0.8664 0.0667
vn 0.7978 -0.4484 0.4032
vn 0.4227 -0.8933 0.1529
vn 0.3471 -0.9357 0.0625
vn 0.6813 -0.4918 0.5422
vn 0.6484 -0.5933 0.4770
vn 0.7035 -0.0261 0.7102
vn 0.4916 0.5512 0.6742
vn 0.2661 -0.9635 -0.0292
vn 0.6054 -0.6856 0.4043
vn 0.7146 -0.1478 0.6837
vn 0.5529 0.4460 0.7039
vn 0.0924 0.9197 0.3815
vn 0.1808 0.8712 0.4563
vn 0.1806 -0.9762 -0.1200
vn 0.5529 -0.7672 0.3252
vn 0.7146 -0.2672 0.6465
vn 0.6054 0.3341 0.7224
vn 0.2659 0.8090 0.5242
vn 0.0924 -0.9735 -0.2093
vn 0.4916 -0.8368 0.2410
vn 0.7035 -0.3824 0.5990
vn 0.6484 0.2168 0.7298
vn 0.3471 0.7342 0.5835
vn 0.6813 0.0961 0.7257
vn 0.4227 0.6478 0.6338
vn 0.5561 -0.0630 0.8287
vn 0.3342 0.6255 0.7050
vn 0.3886 0.5254 0.7569
vn 0.2744 -0.9540 0.1209
vn 0.2104 -0.9775 0.0158
vn 0.4785 -0.7175 0.5062
vn 0.5650 -0.1855 0.8040
vn 0.4371 0.4172 0.7968
vn 0.1431 0.8617 0.4868
vn 0.1431 -0.9856 -0.0898
vn 0.4370 -0.7963 0.4183
vn 0.5649 -0.3047 0.7668
vn 0.4786 0.3023 0.8244
vn 0.2103 0.7951 0.5689
vn 0.0729 -0.9783 -0.1937
vn 0.3886 -0.8626 0.3238
vn 0.5561 -0.4193 0.7176
vn 0.5126 0.1826 0.8390
vn 0.2744 0.7159 0.6420
vn 0.3342 -0.9155 0.2241
vn 0.5385 -0.5276 0.6570
vn 0.5386 0.0604 0.8404
vn 0.5126 -0.6274 0.5862
vn 0.3045 0.3953 0.8666
vn 0.0734 0.9149 0.3969
vn 0.0994 0.8546 0.5097
vn 0.0993 -0.9928 -0.0669
vn 0.3334 -0.7413 0.5825
vn 0.3045 -0.8180 0.4881
vn 0.3936 -0.3329 0.8569
vn 0.3334 0.2784 0.9007
vn 0.1467 0.7846 0.6025
vn 0.0510 -0.9819 -0.1822
vn 0.2708 -0.8819 0.3858
vn 0.3875 -0.4471 0.8062
vn 0.3571 0.1571 0.9208
vn 0.1912 0.7023 0.6858
vn 0.2328 -0.9321 0.2774
vn 0.3752 -0.5543 0.7429
vn 0.3752 0.0334 0.9263
vn 0.2328 0.6089 0.7583
vn 0.1911 -0.9676 0.1647
vn 0.3571 -0.6529 0.6680
vn 0.3874 -0.0908 0.9174
vn 0.2708 0.5061 0.8189
vn 0.1464 -0.9880 0.0495
vn 0.3936 -0.2135 0.8942
vn 0.0771 -0.9945 0.0704
vn 0.0525 -0.9972 -0.0527
vn 0.1755 -0.7563 0.6303
vn 0.1603 -0.8316 0.5318
vn 0.2072 -0.2310 0.9506
vn 0.2072 -0.3505 0.9134
vn 0.1754 0.2634 0.9486
vn 0.0770 0.7780 0.6235
vn 0.0270 -0.9843 -0.1746
vn 0.1425 -0.8941 0.4246
vn 0.2039 -0.4644 0.8618
vn 0.1879 0.1412 0.9720
vn 0.1006 0.6936 0.7133
vn 0.1224 -0.9426 0.3108
vn 0.1974 -0.5711 0.7968
vn 0.1975 0.0167 0.9802
vn 0.1225 0.5985 0.7917
vn 0.1006 -0.9762 0.1921
vn 0.1879 -0.6689 0.7192
vn 0.2039 -0.1082 0.9730
vn 0.1425 0.4939 0.8577
vn 0.1602 0.3817 0.9103
vn 0.0270 0.9089 0.4161
vn 0.0522 0.8502 0.5239
vn 0.0098 0.3766 0.9263
vn 0.0108 0.2580 0.9661
vn 0.0047 0.7756 0.6312
vn 0.0033 -0.9989 -0.0474
vn 0.0021 -0.9851 -0.1721
vn 0.0087 -0.8986 0.4388
vn 0.0127 -0.3569 0.9341
vn 0.0124 -0.4709 0.8821
vn 0.0116 0.1354 0.9907
vn 0.0062 0.6906 0.7232
vn 0.0075 -0.9464 0.3230
vn 0.0120 -0.5773 0.8165
vn 0.0120 0.0104 0.9999
vn 0.0075 0.5947 0.8039
vn 0.0061 -0.9793 0.2022
vn 0.0115 -0.6747 0.7380
vn 0.0125 -0.1144 0.9934
vn 0.0088 0.4895 0.8719
vn 0.0047 -0.9969 0.0781
vn 0.0108 -0.7616 0.6479
vn 0.0127 -0.2375 0.9713
vn 0.0018 0.9081 0.4187
vn 0.0031 0.8485 0.5292
vn 0.0098 -0.8366 0.5477
vn -0.0236 -0.9844 -0.1741
vn -0.1410 -0.8328 0.5353
vn -0.1254 -0.8951 0.4279
vn -0.1823 -0.3521 0.9180
vn -0.1794 -0.4660 0.8664
vn -0.1654 0.1399 0.9763
vn -0.0885 0.6929 0.7156
vn -0.1078 -0.9434 0.3137
vn -0.1737 -0.5725 0.8013
vn -0.1738 0.0152 0.9847
vn -0.1079 0.5976 0.7945
vn -0.0885 -0.9769 0.1944
vn -0.1654 -0.6702 0.7235
vn -0.1794 -0.1095 0.9777
vn -0.1254 0.4930 0.8609
vn -0.0680 -0.9951 0.0722
vn -0.1544 -0.7574 0.6344
vn -0.1823 -0.2325 0.9554
vn -0.1410 0.3805 0.9140
vn -0.0463 0.8498 0.5250
vn -0.0461 -0.9976 -0.0513
vn -0.1544 0.2623 0.9526
vn -0.0677 0.7775 0.6252
vn -0.1799 0.7008 0.6903
vn -0.2189 -0.9338 0.2829
vn -0.3529 -0.5571 0.7517
vn -0.3358 0.1544 0.9292
vn -0.3529 0.0306 0.9351
vn -0.2189 0.6072 0.7638
vn -0.1797 -0.9691 0.1692
vn -0.3358 -0.6555 0.6764
vn -0.3644 -0.0936 0.9265
vn -0.2547 0.5041 0.8252
vn -0.1377 -0.9891 0.0528
vn -0.3136 -0.7437 0.5904
vn -0.3702 -0.2164 0.9034
vn -0.2864 0.3931 0.8738
vn -0.0478 0.9109 0.4098
vn -0.0937 0.8539 0.5119
vn -0.0935 -0.9935 -0.0644
vn -0.2863 -0.8202 0.4952
vn -0.3702 -0.3357 0.8662
vn -0.3135 0.2759 0.9086
vn -0.1379 0.7836 0.6058
vn -0.0478 -0.9824 -0.1808
vn -0.2546 -0.8840 0.3922
vn -0.3643 -0.4499 0.8154
vn -0.3218 -0.9179 0.2321
vn -0.5354 -0.4235 0.7307
vn -0.5185 -0.5315 0.6698
vn -0.4935 0.1788 0.8512
vn -0.5185 0.0562 0.8532
vn -0.2641 0.7139 0.6485
vn -0.3217 0.6230 0.7130
vn -0.2642 -0.9560 0.1275
vn -0.4935 -0.6312 0.5984
vn -0.5354 -0.0671 0.8420
vn -0.3742 0.5225 0.7661
vn -0.2023 -0.9791 0.0209
vn -0.4607 -0.7210 0.5176
vn -0.5439 -0.1896 0.8175
vn -0.4208 0.4139 0.8072
vn -0.1373 0.8607 0.4903
vn -0.1375 -0.9867 -0.0863
vn -0.4207 -0.7995 0.4287
vn -0.5439 -0.3090 0.7802
vn -0.4608 0.2988 0.8357
vn -0.2025 0.7935 0.5739
vn -0.0702 -0.9789 -0.1918
vn -0.3742 -0.8655 0.3330
vn -0.4120 0.6446 0.6440
vn -0.4121 -0.8964 0.1631
vn -0.3385 -0.9383 0.0708
vn -0.6321 -0.5982 0.4925
vn -0.6642 0.0909 0.7420
vn -0.6858 -0.0314 0.7271
vn -0.4793 0.5475 0.6859
vn -0.2592 -0.9655 -0.0226
vn -0.5902 -0.6901 0.4188
vn -0.6967 -0.1531 0.7008
vn -0.5390 0.4419 0.7171
vn -0.0902 0.9190 0.3838
vn -0.1759 0.8699 0.4609
vn -0.1761 -0.9775 -0.1158
vn -0.5390 -0.7713 0.3385
vn -0.6967 -0.2726 0.6636
vn -0.5902 0.3296 0.7369
vn -0.2593 0.8070 0.5306
vn -0.0902 -0.9742 -0.2070
vn -0.4792 -0.8405 0.2528
vn -0.6858 -0.3878 0.6159
vn -0.6321 0.2119 0.7453
vn -0.3383 0.7316 0.5919
vn -0.6642 -0.4968 0.5586
vn -0.3997 -0.9166 0.0014
vn -0.7843 -0.4544 0.4224
vn -0.7465 -0.5577 0.3629
vn -0.7843 0.1334 0.6059
vn -0.8099 0.0125 0.5865
vn -0.4867 0.6710 0.5594
vn -0.5661 0.5782 0.5876
vn -0.3063 -0.9489 -0.0759
vn -0.6970 -0.6524 0.2978
vn -0.8227 -0.1086 0.5580
vn -0.6365 0.4764 0.6065
vn -0.2080 0.8812 0.4245
vn -0.2080 -0.9663 -0.1520
vn -0.6366 -0.7368 0.2279
vn -0.8227 -0.2279 0.5207
vn -0.6969 0.3673 0.6160
vn -0.3062 0.8237 0.4773
vn -0.1068 -0.9682 -0.2260
vn -0.5660 -0.8098 0.1545
vn -0.8098 -0.3439 0.4753
vn -0.7465 0.2524 0.6157
vn -0.3996 0.7532 0.5225
vn -0.4866 -0.8701 0.0786
vn -0.3414 -0.9299 -0.1368
vn -0.7769 -0.6092 0.1592
vn -0.9171 -0.0576 0.3944
vn -0.7095 0.5159 0.4800
vn -0.1189 0.9313 0.3444
vn -0.2319 0.8942 0.3829
vn -0.2319 -0.9533 -0.1933
vn -0.7095 -0.6973 0.1014
vn -0.9171 -0.1769 0.3572
vn -0.7769 0.4105 0.4774
vn -0.3414 0.8427 0.4163
vn -0.1189 -0.9617 -0.2469
vn -0.6310 -0.7746 0.0420
vn -0.9028 -0.2936 0.3142
vn -0.8321 0.2987 0.4673
vn -0.4455 0.7780 0.4430
vn -0.5424 -0.8399 -0.0182
vn -0.8743 -0.4057 0.2665
vn -0.8743 0.1822 0.4500
vn -0.5425 0.7012 0.4626
vn -0.4455 -0.8919 -0.0779
vn -0.8321 -0.5114 0.2146
vn -0.9028 0.0628 0.4255
vn -0.6310 0.6134 0.4750
vn -0.8858 -0.4610 0.0530
vn -0.8270 -0.5621 0.0084
vn -0.9611 0.1175 0.2502
vn -0.9763 -0.0020 0.2163
vn -0.6717 0.6516 0.3526
vn -0.7553 0.5589 0.3423
vn -0.2469 0.9081 0.3381
vn -0.3635 -0.9093 -0.2026
vn -0.2468 -0.9394 -0.2381
vn -0.7552 -0.6545 -0.0363
vn -0.9763 -0.1214 0.1791
vn -0.8270 0.4576 0.3266
vn -0.3633 0.8633 0.3502
vn -0.1264 -0.9547 -0.2694
vn -0.6717 -0.7364 -0.0805
vn -0.9610 -0.2389 0.1390
vn -0.8858 0.3491 0.3058
vn -0.4742 0.8049 0.3566
vn -0.5775 -0.8070 -0.1234
vn -0.9307 -0.3528 0.0968
vn -0.9307 0.2351 0.2802
vn -0.5775 0.7340 0.3574
vn -0.4742 -0.8649 -0.1644
vn -0.1264 0.9384 0.3215
vn -0.2523 0.9227 0.2916
vn -0.3714 -0.8877 -0.2722
vn -0.2523 -0.9246 -0.2853
vn -0.7721 -0.6095 -0.1800
vn -0.9980 0.0559 0.0307
vn -0.9980 -0.0635 -0.0065
vn -0.8454 0.5066 0.1694
vn -0.3714 0.8849 0.2810
vn -0.1291 -0.9471 -0.2938
vn -0.6865 -0.6966 -0.2082
vn -0.9824 -0.1818 -0.0437
vn -0.9054 0.4017 0.1374
vn -0.4848 0.8331 0.2663
vn -0.5903 -0.7727 -0.2333
vn -0.9514 -0.2975 -0.0803
vn -0.9514 0.2903 0.1032
vn -0.5903 0.7682 0.2476
vn -0.4847 -0.8368 -0.2547
vn -0.9054 -0.4085 -0.1155
vn -0.9824 0.1744 0.0675
vn -0.6865 0.6914 0.2249
vn -0.8454 -0.5129 -0.1489
vn -0.7720 0.6037 0.1987
vn -0.7591 -0.5646 -0.3239
vn -0.9813 -0.0054 -0.1926
vn -0.8312 0.5558 0.0117
vn -0.2480 0.9375 0.2443
vn -0.3652 0.9065 0.2116
vn -0.1272 -0.9396 -0.3178
vn -0.6751 -0.6566 -0.3362
vn -0.9659 -0.1248 -0.2269
vn -0.8903 0.4543 -0.0315
vn -0.4766 0.8614 0.1759
vn -0.5804 -0.7384 -0.3434
vn -0.9354 -0.2422 -0.2576
vn -0.9354 0.3457 -0.0742
vn -0.5804 0.8026 0.1375
vn -0.4766 -0.8086 -0.3451
vn -0.8903 -0.3557 -0.2842
vn -0.9659 0.2316 -0.1157
vn -0.6750 0.7314 0.0969
vn -0.3652 -0.8662 -0.3411
vn -0.8312 -0.4639 -0.3064
vn -0.9813 0.1140 -0.1553
vn -0.7591 0.6487 0.0547
vn -0.1273 0.9536 0.2728
vn -0.2481 -0.9099 -0.3323
vn -0.0462 -0.9950 -0.0881
vn 0.6435 -0.4388 -0.6272
vn 0.0156 0.9858 0.1671
vn 0.3805 0.8391 -0.3887
vn 0.1477 0.8680 -0.4741
vn -0.1164 -0.9921 -0.0466
vn 0.3630 -0.5350 -0.7629
vn -0.1269 -0.9918 -0.0148
vn -0.6230 0.7736 -0.1159
vn -0.0576 0.7683 -0.6375
vn -0.3852 0.6643 -0.6406
vn 0.3274 -0.4647 -0.8227
vn 0.3433 -0.1708 -0.9236
vn -0.1152 0.9851 0.1280
vn 0.0934 0.9670 0.2371
vn 0.5934 0.7858 -0.1744
vn 0.0607 0.8896 0.4526
vn -0.5612 0.0685 -0.8249
vn -0.0826 -0.6176 -0.7821
vn 0.5152 -0.1307 0.8471
vn 0.9290 0.1869 -0.3194
vn 0.6818 0.6465 0.3423
vn 0.1749 0.4396 0.8810
vn -0.0000 -0.9546 -0.2979
vn -0.1200 0.9607 0.2504
vn -0.0000 0.9546 0.2979
vn -0.0735 0.9784 0.1933
vn -0.0269 0.9843 0.1747
vn 0.0486 0.9823 0.1811
vn 0.0902 0.9742 0.2070
vn 0.1264 0.9547 0.2695
vn 0.1268 0.9396 0.3180
vn 0.0502 0.9114 0.4085
vn -0.0240 0.9089 0.4164
vn -0.0706 0.9143 0.3988
vn -0.1066 0.9249 0.3651
vn -0.1293 0.9463 0.2964
vn 0.1461 -0.7819 -0.6060
vn 0.0702 -0.6635 -0.7449
vn 0.0186 -0.7624 -0.6469
vn 0.1656 -0.6926 0.7020
vn 0.0125 -0.7210 0.6928
vn 0.1373 -0.7426 0.6555
vn -0.1094 -0.7066 -0.6991
vn 0.2497 0.6245 -0.7400
vn 0.0310 -0.7287 -0.6841
vn -0.1150 -0.7409 -0.6617
vn -0.0787 -0.8057 -0.5871
vn 0.3843 0.6039 -0.6983
vn 0.1658 -0.7488 -0.6417
vn -0.3767 -0.6968 -0.6103
vn -0.2290 -0.6807 -0.6958
vn -0.3686 -0.6590 -0.6556
vn -0.2495 -0.6240 0.7405
vn -0.1174 -0.6995 0.7049
vn -0.1094 -0.6461 0.7554
vn 0.2899 -0.7660 -0.5737
vn -0.4946 -0.6753 -0.5471
vn -0.4957 -0.6380 -0.5893
vn -0.3727 -0.6595 0.6528
vn -0.2477 -0.6783 0.6918
vn 0.6173 0.5729 -0.5391
vn 0.3987 -0.7798 -0.4827
vn -0.6061 -0.6202 -0.4980
vn -0.5976 -0.6561 -0.4609
vn -0.5086 -0.5866 0.6302
vn -0.3844 -0.6038 0.6983
vn 0.4882 -0.7895 -0.3719
vn -0.6983 -0.6020 -0.3874
vn -0.6818 -0.6391 -0.3560
vn -0.5900 -0.6284 0.5069
vn -0.4879 -0.6422 0.5912
vn 0.7732 0.5577 -0.3020
vn 0.5544 -0.7951 -0.2457
vn -0.7643 -0.5905 -0.2592
vn -0.7434 -0.6258 -0.2360
vn -0.7068 -0.5630 0.4283
vn -0.6173 -0.5729 0.5391
vn 0.8140 0.5568 -0.1653
vn 0.5954 -0.7960 -0.1088
vn -0.8070 -0.5779 -0.1216
vn -0.7810 -0.6152 -0.1073
vn -0.7732 -0.5576 0.3020
vn -0.6744 -0.6174 0.4050
vn 0.6092 -0.7923 0.0331
vn -0.8196 -0.5725 0.0227
vn -0.7921 -0.6099 0.0266
vn -0.8142 -0.5566 0.1653
vn -0.7379 -0.6109 0.2870
vn 0.8281 0.5601 -0.0234
vn 0.5955 -0.7841 0.1748
vn -0.8049 -0.5695 0.1668
vn -0.7777 -0.6081 0.1594
vn 0.7732 0.5809 0.2544
vn 0.5545 -0.7719 0.3110
vn -0.7623 -0.5710 0.3048
vn -0.8142 -0.5683 -0.1184
vn -0.8279 -0.5604 0.0233
vn 0.7078 0.5952 0.3806
vn 0.4883 -0.7558 0.4363
vn -0.6934 -0.5777 0.4306
vn 0.3987 -0.7368 0.5460
vn -0.6012 -0.5892 0.5398
vn -0.7731 -0.5810 -0.2544
vn 0.5083 0.6375 0.5790
vn 0.2897 -0.7155 0.6357
vn -0.4912 -0.6017 0.6299
vn -0.7069 -0.5966 -0.3799
vn -0.3657 -0.6179 0.6960
vn -0.5086 -0.6372 -0.5790
vn -0.6174 -0.6159 -0.4894
vn 0.3844 0.6600 0.6455
vn 0.0309 -0.6692 0.7425
vn -0.2310 -0.6373 0.7352
vn 0.1093 0.7069 0.6989
vn -0.2488 -0.7189 -0.6490
vn -0.2496 -0.6836 -0.6859
vn -0.3841 -0.6600 -0.6457
vn -0.0910 -0.6567 0.7487
vn -0.1657 0.7487 0.6419
vn 0.0478 -0.6784 0.7331
vn 0.1810 -0.6984 0.6924
vn -0.2901 0.7656 0.5742
vn 0.3027 -0.7193 0.6252
vn 0.2528 -0.7632 0.5947
vn 0.3655 -0.8132 -0.4530
vn 0.2633 -0.7987 -0.5411
vn -0.4881 0.7897 0.3716
vn 0.3546 -0.7823 0.5121
vn 0.4108 -0.7369 0.5369
vn 0.4487 -0.8235 -0.3470
vn -0.5545 0.7952 0.2455
vn 0.4392 -0.7992 0.4103
vn 0.4979 -0.7541 0.4283
vn 0.5024 -0.8128 0.2948
vn 0.5621 -0.7688 0.3048
vn 0.5463 -0.8318 -0.0978
vn 0.5102 -0.8296 -0.2268
vn -0.5956 0.7958 0.1091
vn 0.5424 -0.8231 0.1683
vn 0.6049 -0.7777 0.1711
vn -0.5962 0.7835 -0.1751
vn 0.5570 -0.8297 0.0355
vn 0.6207 -0.7834 0.0315
vn -0.5545 0.7719 -0.3110
vn 0.6082 -0.7863 -0.1085
vn 0.5694 -0.7849 -0.2443
vn -0.3988 0.7368 -0.5459
vn 0.5053 -0.7794 -0.3705
vn -0.2901 0.7155 -0.6355
vn -0.0310 0.6683 -0.7432
vn 0.3091 -0.7566 -0.5762
vn 0.1088 -0.8293 -0.5481
vn 0.4194 -0.7683 -0.4835
vn -0.1777 -0.9841 0.0001
vn -0.1776 -0.9841 -0.0000
vn -0.1777 -0.9841 -0.0003
vn 0.2078 0.8265 0.5232
vn -0.3437 -0.3918 0.8534
vn -0.2084 -0.4298 0.8786
vn -0.0585 0.8923 0.4476
vn 0.0728 0.8649 0.4967
vn -0.5934 -0.3452 0.7271
vn -0.4736 -0.3636 0.8022
vn -0.2837 0.9186 0.2752
vn -0.1769 0.9119 0.3703
vn -0.7848 -0.3416 0.5171
vn -0.6986 -0.3377 0.6308
vn -0.4349 0.8998 0.0351
vn -0.3683 0.9157 0.1605
vn -0.8885 -0.3810 0.2558
vn -0.8491 -0.3564 0.3899
vn -0.4857 0.8409 -0.2388
vn -0.4718 0.8759 -0.1010
vn -0.4720 0.7983 -0.3741
vn -0.9018 -0.4158 0.1181
vn -0.8490 -0.5080 -0.1453
vn -0.8884 -0.4587 -0.0173
vn -0.3685 0.6948 -0.6177
vn -0.4320 0.7491 -0.5023
vn -0.6985 -0.6187 -0.3596
vn -0.7848 -0.5621 -0.2609
vn -0.2814 0.6392 -0.7157
vn -0.5933 -0.6757 -0.4375
vn -0.0583 0.5248 -0.8492
vn -0.1772 0.5816 -0.7940
vn -0.3435 -0.7820 -0.5201
vn -0.4738 -0.7306 -0.4917
vn 0.2076 0.4275 -0.8798
vn 0.0731 0.4752 -0.8768
vn -0.0730 -0.8650 -0.4965
vn -0.2082 -0.8272 -0.5218
vn 0.3434 0.3922 -0.8534
vn 0.0574 -0.8935 -0.4454
vn 0.4737 0.3629 -0.8024
vn 0.1770 -0.9119 -0.3703
vn 0.6990 0.3365 -0.6310
vn 0.5936 0.3450 -0.7271
vn 0.3684 -0.9157 -0.1604
vn 0.2820 -0.9194 -0.2744
vn 0.8495 0.3549 -0.3903
vn 0.7849 0.3413 -0.5171
vn 0.8884 0.3812 -0.2557
vn 0.4325 -0.9010 -0.0338
vn 0.9023 0.4147 -0.1177
vn 0.4714 -0.8761 0.1010
vn 0.4720 -0.7983 0.3742
vn 0.4853 -0.8411 0.2388
vn 0.8884 0.4587 0.0175
vn 0.4325 -0.7489 0.5021
vn 0.8491 0.5078 0.1454
vn 0.3687 -0.6949 0.6174
vn 0.6989 0.6179 0.3603
vn 0.7848 0.5623 0.2605
vn 0.1768 -0.5813 0.7942
vn 0.2822 -0.6384 0.7161
vn 0.5934 0.6755 0.4376
vn 0.0573 -0.5263 0.8483
vn 0.3274 -0.7270 0.6036
vn -0.0728 -0.4753 0.8768
vn 0.3437 0.7819 0.5201
vn 0.4739 0.7309 0.4910
vn 0.1306 -0.9402 -0.3147
vn 0.0499 -0.9000 -0.4330
vn 0.0193 -0.9236 -0.3828
vn -0.3494 -0.8211 -0.4513
vn -0.6867 -0.3837 0.6174
vn 0.4126 -0.9034 0.1171
vn -0.3474 -0.4318 0.8324
vn -0.7593 -0.6131 -0.2181
vn 0.1491 -0.6157 0.7737
vn -0.1006 -0.8976 -0.4293
vn -0.7677 -0.3893 0.5090
vn 0.4193 -0.8279 0.3724
vn -0.6781 -0.6675 -0.3076
vn -0.0883 -0.5118 0.8545
vn -0.8629 -0.4329 0.2606
vn -0.5870 -0.3887 0.7102
vn 0.3107 -0.9424 -0.1241
vn -0.8205 -0.5604 -0.1128
vn -0.8274 -0.4057 0.3884
vn -0.4693 -0.7732 -0.4265
vn -0.8591 -0.5118 0.0056
vn -0.2121 -0.8355 -0.5070
vn 0.4842 -0.8413 0.2404
vn -0.2044 -0.4145 0.8868
vn -0.4738 -0.7390 -0.4789
vn -0.5804 -0.7215 -0.3777
vn -0.8886 -0.4583 -0.0161
vn -0.8736 -0.4685 0.1314
vn -0.7007 -0.3249 0.6351
vn 0.0354 -0.5619 0.8265
vn 0.1830 -0.5722 0.7995
vn 0.4287 -0.8696 0.2451
vn 0.2286 -0.9465 -0.2277
vn 0.1698 -0.9169 -0.3612
vn -0.3457 -0.7913 -0.5043
vn -0.8473 -0.5121 -0.1409
vn -0.7875 -0.3310 0.5199
vn 0.0643 -0.5132 0.8559
vn 0.3853 -0.7798 0.4934
vn 0.4726 -0.7973 0.3756
vn 0.2738 -0.9245 -0.2651
vn -0.2251 -0.8629 -0.4525
vn -0.7833 -0.5666 -0.2557
vn -0.8514 -0.3486 0.3918
vn -0.3422 -0.3785 0.8600
vn -0.2179 -0.4678 0.8566
vn -0.0673 -0.4623 0.8841
vn 0.4370 -0.7450 0.5040
vn 0.3732 -0.9277 -0.0073
vn 0.3643 -0.9181 -0.1564
vn -0.6964 -0.6260 -0.3509
vn -0.8895 -0.3778 0.2570
vn -0.4743 -0.3474 0.8089
vn -0.4720 -0.4051 0.7830
vn 0.2478 -0.6715 0.6983
vn 0.3739 -0.6899 0.6198
vn 0.4267 -0.9039 -0.0295
vn -0.0796 -0.8729 -0.4813
vn -0.5922 -0.6831 -0.4273
vn -0.9022 -0.4144 0.1194
vn -0.5944 -0.3341 0.7315
vn 0.2892 -0.6302 0.7206
vn 0.4691 -0.8770 0.1035
vn 0.0221 0.8519 -0.5233
vn -0.2492 -0.4578 -0.8534
vn -0.1179 0.8598 -0.4969
vn -0.2523 0.8575 -0.4484
vn -0.5037 -0.4666 -0.7271
vn -0.3721 0.8512 -0.3702
vn -0.4774 0.8345 -0.2752
vn -0.6914 -0.5047 -0.5170
vn -0.5598 0.8129 -0.1604
vn -0.7504 -0.5333 -0.3905
vn -0.6196 0.7842 -0.0342
vn -0.6522 0.7513 0.1009
vn -0.7891 -0.6028 -0.1179
vn -0.6582 0.7140 0.2387
vn -0.7666 -0.6419 0.0173
vn -0.6346 0.6762 0.3742
vn -0.5854 0.6366 0.5020
vn -0.6431 -0.7200 0.2608
vn -0.5116 0.5974 0.6175
vn -0.5465 -0.7563 0.3595
vn -0.4133 0.5634 0.7154
vn -0.2998 0.5286 0.7942
vn -0.4314 -0.7890 0.4376
vn -0.1710 0.5002 0.8488
vn -0.3027 -0.8165 0.4916
vn -0.0329 0.4796 0.8769
vn -0.0223 -0.8527 0.5219
vn 0.1089 0.4640 0.8791
vn 0.1181 -0.8599 0.4966
vn 0.2496 0.4579 0.8532
vn 0.3830 0.4569 0.8029
vn 0.3721 -0.8510 0.3706
vn 0.5038 0.4663 0.7271
vn 0.6077 0.4829 0.6306
vn 0.4762 -0.8355 0.2743
vn 0.6912 0.5047 0.5173
vn 0.6190 -0.7847 0.0339
vn 0.7498 0.5341 0.3906
vn 0.7837 0.5661 0.2558
vn 0.6573 -0.7147 -0.2389
vn 0.7880 0.6042 0.1184
vn 0.6352 -0.6757 -0.3740
vn 0.7668 0.6416 -0.0175
vn 0.7180 0.6806 -0.1458
vn 0.5114 -0.5976 -0.6176
vn 0.6430 0.7200 -0.2610
vn 0.5471 0.7550 -0.3615
vn 0.2998 -0.5288 -0.7941
vn 0.4315 0.7891 -0.4371
vn 0.3024 0.8167 -0.4915
vn 0.3884 -0.6011 -0.6985
vn 0.4146 -0.5611 -0.7164
vn 0.0325 -0.4796 -0.8769
vn 0.1641 0.8381 -0.5202
vn 0.1706 -0.5009 -0.8485
vn 0.3331 -0.8888 0.3149
vn 0.2455 -0.8678 0.4321
vn 0.3663 -0.8581 0.3599
vn -0.1616 -0.8776 0.4514
vn -0.0308 -0.8913 0.4524
vn -0.6077 -0.4822 -0.6310
vn -0.4875 -0.5079 -0.7102
vn -0.5862 -0.5244 -0.6176
vn 0.6003 -0.7912 -0.1166
vn 0.6520 -0.7515 -0.1009
vn -0.1105 -0.5044 -0.8564
vn -0.2443 -0.4975 -0.8323
vn -0.6780 -0.7264 0.1123
vn -0.6069 -0.7643 0.2181
vn 0.1577 -0.5405 -0.8265
vn 0.2513 -0.8594 0.4453
vn 0.0979 -0.8978 0.4293
vn 0.2207 -0.8970 0.3829
vn -0.6642 -0.5481 -0.5083
vn -0.7185 -0.5771 -0.3882
vn 0.6084 -0.7548 -0.2452
vn 0.5902 -0.7162 -0.3725
vn -0.4086 -0.8309 0.3778
vn -0.1093 -0.4649 -0.8786
vn 0.4305 -0.8734 0.2276
vn -0.7834 -0.5664 -0.2558
vn -0.7500 -0.6482 -0.1315
vn 0.5467 -0.6767 -0.4932
vn 0.4787 -0.6378 -0.6034
vn -0.1644 -0.8381 0.5202
vn -0.3720 -0.4984 -0.7831
vn 0.5094 -0.8517 0.1233
vn 0.5668 -0.8238 0.0075
vn -0.7172 -0.6815 0.1454
vn 0.2796 -0.5683 -0.7739
vn -0.5156 -0.7997 0.3077
vn 0.0256 -0.5184 -0.8548
vn -0.7474 -0.6111 -0.2606
vn 0.5859 -0.6361 -0.5021
vn -0.2890 -0.8572 0.4263
vn -0.3828 -0.4581 -0.8022
vn 0.5597 -0.8130 0.1603
vn -0.7266 -0.6870 -0.0054
vn -0.7149 -0.6847 0.1417
vn -0.3859 -0.4435 -0.8089
vn -0.3006 -0.8248 0.4789
vn -0.7641 -0.6450 0.0147
vn -0.6130 -0.4710 -0.6343
vn 0.3056 -0.5149 -0.8009
vn 0.1746 -0.4876 -0.8554
vn 0.6563 -0.7152 -0.2402
vn 0.6377 -0.6725 -0.3755
vn 0.4691 -0.8426 0.2647
vn -0.1637 -0.8484 0.5035
vn -0.6969 -0.4944 -0.5195
vn 0.0343 -0.4680 -0.8830
vn 0.5890 -0.6318 -0.5040
vn 0.5553 -0.8170 0.1553
vn -0.0247 -0.8615 0.5071
vn -0.6397 -0.7252 0.2548
vn -0.7545 -0.5263 -0.3921
vn -0.2513 -0.4445 -0.8598
vn -0.1089 -0.4495 -0.8866
vn 0.5153 -0.5908 -0.6208
vn 0.6143 -0.7885 0.0294
vn 0.1145 -0.8677 0.4837
vn -0.5434 -0.7625 0.3511
vn -0.7859 -0.5626 -0.2568
vn 0.4197 -0.5520 -0.7205
vn 0.6494 -0.7534 -0.1033
vn -0.4276 -0.7990 0.4229
vn -0.7903 -0.6010 -0.1190
vn -0.5080 -0.4523 -0.7330
vn 0.6450 -0.2101 0.7348
vn 0.7294 -0.0617 -0.6813
vn 0.9773 -0.1972 0.0772
vn 0.9770 -0.1981 0.0785
vn 0.9771 -0.1980 0.0784
vn 0.9767 -0.1998 0.0787
vn 0.9768 -0.1993 0.0780
vn 0.9771 -0.1981 0.0780
vn 0.1509 0.8617 0.4846
vn -0.2003 -0.4869 0.8502
vn 0.1095 0.6461 -0.7554
vn 0.5079 0.5884 -0.6291
vn 0.7069 0.5628 -0.4284
vn 0.8136 0.5693 0.1182
vn 0.6173 0.6159 0.4895
vn 0.2495 0.6845 0.6850
vn -0.0306 0.7293 0.6835
vn -0.3984 0.7800 0.4825
vn -0.6089 0.7926 -0.0331
vn -0.4885 0.7555 -0.4365
vn -0.1657 0.6927 -0.7019
vn -0.1774 -0.9841 -0.0049
vn -0.1774 -0.9841 -0.0012
vn -0.1780 -0.9840 0.0003
vn -0.1776 -0.9841 -0.0001
vn -0.1789 -0.9839 0.0012
vn -0.1775 -0.9841 -0.0001
vn -0.1752 -0.9845 -0.0012
vn -0.1772 -0.9842 -0.0000
vn -0.1778 -0.9841 -0.0000
vn -0.1751 -0.9845 0.0012
vn -0.1777 -0.9841 -0.0000
vn -0.1789 -0.9839 -0.0012
vn -0.1780 -0.9840 -0.0004
vn -0.1780 -0.9840 -0.0003
vn -0.1774 -0.9841 0.0048
vn -0.1774 -0.9841 -0.0007
vn -0.1783 -0.9840 0.0012
vn -0.1801 -0.9836 0.0025
vn -0.1774 -0.9841 -0.0002
vn -0.1760 -0.9844 -0.0009
vn -0.1780 -0.9840 -0.0000
vn -0.1760 -0.9844 0.0009
vn -0.1801 -0.9836 -0.0025
vn -0.1779 -0.9840 -0.0003
vn -0.1783 -0.9840 -0.0012
vt 0.430529 0.330776
vt 0.418409 0.329765
vt 0.419105 0.333090
vt 0.412016 0.331060
vt 0.412305 0.329083
vt 0.411294 0.327864
vt 0.417687 0.326569
vt 0.428389 0.321309
vt 0.416966 0.323623
vt 0.416273 0.321040
vt 0.427697 0.318726
vt 0.415636 0.318921
vt 0.426503 0.315032
vt 0.415079 0.317346
vt 0.414623 0.316377
vt 0.425710 0.313735
vt 0.414286 0.316049
vt 0.414081 0.316377
vt 0.425505 0.314063
vt 0.414016 0.317346
vt 0.425439 0.315032
vt 0.414092 0.318921
vt 0.425732 0.318726
vt 0.414308 0.321040
vt 0.426079 0.321309
vt 0.414655 0.323623
vt 0.426544 0.324255
vt 0.415120 0.326569
vt 0.415684 0.329765
vt 0.427750 0.330776
vt 0.416327 0.333090
vt 0.417022 0.336414
vt 0.412712 0.334385
vt 0.412873 0.331594
vt 0.416838 0.328164
vt 0.417406 0.330676
vt 0.411738 0.326768
vt 0.410573 0.324918
vt 0.411194 0.324739
vt 0.409880 0.322335
vt 0.410694 0.323074
vt 0.409243 0.320216
vt 0.410256 0.321836
vt 0.408686 0.318641
vt 0.409898 0.321074
vt 0.408230 0.317672
vt 0.409633 0.320817
vt 0.407893 0.317344
vt 0.409472 0.321074
vt 0.407688 0.317672
vt 0.409420 0.321836
vt 0.407623 0.318641
vt 0.409481 0.323074
vt 0.407699 0.320216
vt 0.409650 0.324739
vt 0.407915 0.322335
vt 0.409923 0.326768
vt 0.408262 0.324918
vt 0.410288 0.329083
vt 0.408727 0.327864
vt 0.410732 0.331594
vt 0.409291 0.331060
vt 0.409934 0.334385
vt 0.417953 0.333288
vt 0.399879 0.330790
vt 0.400602 0.333987
vt 0.416272 0.325850
vt 0.415727 0.323821
vt 0.415227 0.322155
vt 0.414789 0.320918
vt 0.414431 0.320156
vt 0.414166 0.319899
vt 0.414005 0.320156
vt 0.413954 0.320918
vt 0.414014 0.322155
vt 0.414184 0.323821
vt 0.414456 0.325850
vt 0.414821 0.328164
vt 0.415265 0.330676
vt 0.415770 0.333288
vt 0.416316 0.335901
vt 0.399158 0.327844
vt 0.398465 0.325262
vt 0.397828 0.323143
vt 0.397271 0.321568
vt 0.396815 0.320598
vt 0.396479 0.320271
vt 0.396273 0.320598
vt 0.396208 0.321568
vt 0.396285 0.323143
vt 0.396501 0.325262
vt 0.396848 0.327844
vt 0.397312 0.330790
vt 0.397877 0.333987
vt 0.398519 0.337311
vt 0.413420 0.334207
vt 0.399921 0.332961
vt 0.400406 0.335109
vt 0.411236 0.334207
vt 0.411783 0.336819
vt 0.352351 0.085165
vt 0.346999 0.084288
vt 0.352822 0.085860
vt 0.363559 0.093506
vt 0.370653 0.088212
vt 0.364029 0.094202
vt 0.353829 0.089825
vt 0.368324 0.088420
vt 0.353732 0.088730
vt 0.351824 0.084648
vt 0.346885 0.083847
vt 0.363162 0.092658
vt 0.370258 0.087501
vt 0.368118 0.087368
vt 0.353525 0.087678
vt 0.351262 0.084331
vt 0.346710 0.083459
vt 0.364556 0.094719
vt 0.371607 0.089487
vt 0.365118 0.095035
vt 0.367811 0.086399
vt 0.353218 0.086709
vt 0.350686 0.084226
vt 0.346480 0.083138
vt 0.372128 0.090002
vt 0.365695 0.095141
vt 0.367414 0.085551
vt 0.345895 0.082748
vt 0.346205 0.082898
vt 0.372654 0.090408
vt 0.366263 0.095030
vt 0.366943 0.084855
vt 0.350117 0.084337
vt 0.345562 0.082693
vt 0.373163 0.090690
vt 0.366802 0.094708
vt 0.366417 0.084338
vt 0.349578 0.084658
vt 0.345219 0.082735
vt 0.373636 0.090836
vt 0.367290 0.094187
vt 0.365854 0.084021
vt 0.349090 0.085179
vt 0.344878 0.082872
vt 0.374055 0.090840
vt 0.367709 0.093487
vt 0.365278 0.083916
vt 0.348672 0.085879
vt 0.344554 0.083101
vt 0.374403 0.090704
vt 0.368042 0.092635
vt 0.364709 0.084027
vt 0.348338 0.086731
vt 0.344258 0.083411
vt 0.374667 0.090431
vt 0.368277 0.091664
vt 0.364171 0.084349
vt 0.346794 0.086227
vt 0.374838 0.090033
vt 0.368405 0.090610
vt 0.348103 0.087703
vt 0.344002 0.083790
vt 0.374875 0.088926
vt 0.374740 0.088259
vt 0.363683 0.084869
vt 0.347975 0.088757
vt 0.343796 0.084225
vt 0.374508 0.087550
vt 0.363264 0.085569
vt 0.347959 0.089852
vt 0.343647 0.084698
vt 0.374189 0.086826
vt 0.362931 0.086422
vt 0.348056 0.090946
vt 0.343561 0.085192
vt 0.373794 0.086115
vt 0.362695 0.087393
vt 0.348263 0.091998
vt 0.343542 0.085687
vt 0.373338 0.085445
vt 0.362567 0.088447
vt 0.348966 0.093816
vt 0.348570 0.092968
vt 0.372840 0.084840
vt 0.362552 0.089542
vt 0.349437 0.094512
vt 0.343591 0.086164
vt 0.372318 0.084325
vt 0.362649 0.090636
vt 0.343880 0.086994
vt 0.343705 0.086605
vt 0.371793 0.083919
vt 0.362855 0.091689
vt 0.349964 0.095029
vt 0.344109 0.087314
vt 0.371284 0.083637
vt 0.350526 0.095345
vt 0.344384 0.087554
vt 0.370811 0.083491
vt 0.351102 0.095451
vt 0.344694 0.087704
vt 0.374908 0.089525
vt 0.368421 0.089515
vt 0.351671 0.095340
vt 0.345027 0.087760
vt 0.370392 0.083487
vt 0.352210 0.095018
vt 0.345371 0.087718
vt 0.370044 0.083623
vt 0.352698 0.094497
vt 0.345711 0.087580
vt 0.353116 0.093797
vt 0.346035 0.087352
vt 0.369779 0.083896
vt 0.353450 0.092945
vt 0.346331 0.087042
vt 0.369609 0.084294
vt 0.353685 0.091974
vt 0.346588 0.086662
vt 0.369539 0.084802
vt 0.369572 0.085401
vt 0.369938 0.086777
vt 0.369707 0.086068
vt 0.353813 0.090920
vt 0.347047 0.084765
vt 0.371108 0.088882
vt 0.347028 0.085260
vt 0.346943 0.085754
vt 0.397504 0.327820
vt 0.397453 0.326762
vt 0.398542 0.327820
vt 0.398970 0.329245
vt 0.397497 0.326110
vt 0.399436 0.330980
vt 0.398575 0.335109
vt 0.398195 0.332961
vt 0.397635 0.325890
vt 0.397883 0.330980
vt 0.397861 0.326110
vt 0.429833 0.327451
vt 0.429153 0.326460
vt 0.429111 0.324255
vt 0.397650 0.329245
vt 0.398168 0.326762
vt 0.430098 0.330809
vt 0.424457 0.334255
vt 0.424029 0.332038
vt 0.427817 0.328592
vt 0.427108 0.327451
vt 0.426748 0.319664
vt 0.428672 0.324496
vt 0.431171 0.334100
vt 0.427441 0.326460
vt 0.426047 0.314063
vt 0.426885 0.319446
vt 0.404825 0.334214
vt 0.427131 0.324496
vt 0.427110 0.319664
vt 0.429169 0.337297
vt 0.428710 0.333026
vt 0.429191 0.335157
vt 0.425516 0.316607
vt 0.426900 0.322774
vt 0.427060 0.316607
vt 0.427414 0.320311
vt 0.428446 0.334100
vt 0.428246 0.330809
vt 0.426756 0.321361
vt 0.427785 0.321361
vt 0.429634 0.328592
vt 0.426705 0.320311
vt 0.428210 0.322774
vt 0.401915 0.325215
vt 0.402993 0.334214
vt 0.402613 0.332066
vt 0.423565 0.329822
vt 0.402280 0.325215
vt 0.402586 0.325867
vt 0.402068 0.328350
vt 0.401923 0.326925
vt 0.403389 0.328350
vt 0.403854 0.330085
vt 0.402053 0.324995
vt 0.402301 0.330085
vt 0.402960 0.326925
vt 0.401871 0.325867
vt 0.404339 0.332066
vt 0.421371 0.327690
vt 0.421344 0.321540
vt 0.420686 0.322590
vt 0.422176 0.332038
vt 0.423083 0.327690
vt 0.422602 0.325725
vt 0.420815 0.320675
vt 0.420830 0.324003
vt 0.421061 0.325725
vt 0.423122 0.336387
vt 0.422140 0.324003
vt 0.421715 0.322590
vt 0.420635 0.321540
vt 0.421748 0.329822
vt 0.421040 0.320894
vt 0.422640 0.334255
vt 0.420678 0.320894
vt 0.390072 0.306531
vt 0.393387 0.316836
vt 0.396000 0.318523
vt 0.399259 0.315331
vt 0.396074 0.306676
vt 0.386001 0.288866
vt 0.387030 0.304611
vt 0.391190 0.296818
vt 0.393234 0.312430
vt 0.387695 0.300380
vt 0.382730 0.286890
vt 0.383757 0.283253
vt 0.380988 0.262374
vt 0.387774 0.279773
vt 0.379964 0.265910
vt 0.379263 0.244199
vt 0.379250 0.241390
vt 0.384772 0.258652
vt 0.412998 0.303575
vt 0.421958 0.313130
vt 0.420470 0.301002
vt 0.425188 0.307501
vt 0.425550 0.298272
vt 0.417595 0.283319
vt 0.409704 0.285784
vt 0.404291 0.305578
vt 0.406028 0.317870
vt 0.400813 0.287968
vt 0.392414 0.289215
vt 0.396903 0.267695
vt 0.405700 0.265516
vt 0.393023 0.250928
vt 0.387857 0.255940
vt 0.388794 0.268873
vt 0.425653 0.293350
vt 0.421438 0.303636
vt 0.421853 0.290711
vt 0.416388 0.290013
vt 0.419254 0.274186
vt 0.423285 0.276568
vt 0.427082 0.295796
vt 0.426477 0.308819
vt 0.424939 0.306391
vt 0.424772 0.278703
vt 0.419277 0.260909
vt 0.420810 0.258738
vt 0.419141 0.256512
vt 0.415102 0.243233
vt 0.415032 0.249068
vt 0.403183 0.296975
vt 0.399226 0.310559
vt 0.396638 0.296900
vt 0.394385 0.307097
vt 0.393472 0.278267
vt 0.400119 0.277119
vt 0.409965 0.293390
vt 0.417165 0.300492
vt 0.412883 0.306728
vt 0.406982 0.274714
vt 0.403134 0.252453
vt 0.413535 0.273065
vt 0.396500 0.253794
vt 0.393124 0.231562
vt 0.399341 0.230937
vt 0.405348 0.231826
vt 0.409520 0.252354
vt 0.389631 0.243838
vt 0.383210 0.250992
vt 0.401805 0.248806
vt 0.398838 0.241689
vt 0.387002 0.238245
vt 0.380812 0.131992
vt 0.387388 0.145709
vt 0.384561 0.131422
vt 0.390148 0.144774
vt 0.386989 0.130947
vt 0.384423 0.123438
vt 0.382224 0.120938
vt 0.384874 0.129987
vt 0.384576 0.143334
vt 0.382058 0.129891
vt 0.381028 0.143846
vt 0.378970 0.130198
vt 0.380483 0.120166
vt 0.382987 0.122838
vt 0.419836 0.315226
vt 0.421695 0.316574
vt 0.414015 0.320539
vt 0.411808 0.320117
vt 0.416536 0.312975
vt 0.409031 0.318024
vt 0.400804 0.318077
vt 0.402319 0.321329
vt 0.404716 0.322191
vt 0.414721 0.316092
vt 0.407553 0.239519
vt 0.396426 0.236161
vt 0.409959 0.246629
vt 0.413210 0.236313
vt 0.405449 0.234007
vt 0.390161 0.255826
vt 0.382468 0.237520
vt 0.387296 0.234000
vt 0.415117 0.254046
vt 0.410549 0.233930
vt 0.413699 0.263211
vt 0.423085 0.280862
vt 0.382857 0.268177
vt 0.375111 0.121092
vt 0.373267 0.122413
vt 0.374983 0.118133
vt 0.375678 0.122059
vt 0.378915 0.121206
vt 0.377745 0.117306
vt 0.380702 0.117183
vt 0.383755 0.120603
vt 0.376223 0.130987
vt 0.377833 0.144701
vt 0.374240 0.131979
vt 0.373980 0.124436
vt 0.374242 0.133312
vt 0.378745 0.147433
vt 0.377035 0.132817
vt 0.383111 0.146616
vt 0.374143 0.125255
vt 0.373445 0.132894
vt 0.375509 0.145780
vt 0.374575 0.146966
vt 0.389961 0.143875
vt 0.386806 0.130403
vt 0.387784 0.143298
vt 0.394191 0.224220
vt 0.402614 0.222218
vt 0.407747 0.219969
vt 0.399470 0.207170
vt 0.392066 0.208955
vt 0.389980 0.193454
vt 0.396440 0.191877
vt 0.404029 0.205082
vt 0.400496 0.190025
vt 0.393440 0.176417
vt 0.387825 0.177788
vt 0.385492 0.162028
vt 0.390386 0.160867
vt 0.397038 0.174843
vt 0.393543 0.159583
vt 0.402023 0.215425
vt 0.396524 0.214491
vt 0.390795 0.214984
vt 0.394233 0.200479
vt 0.399204 0.201043
vt 0.396548 0.186571
vt 0.392020 0.186264
vt 0.388974 0.201097
vt 0.387127 0.186938
vt 0.385199 0.172579
vt 0.389725 0.171907
vt 0.393835 0.172035
vt 0.390842 0.157463
vt 0.387188 0.157468
vt 0.383135 0.158094
vt 0.385471 0.217211
vt 0.381144 0.220442
vt 0.380235 0.205424
vt 0.384107 0.202875
vt 0.382626 0.188408
vt 0.379173 0.190471
vt 0.378004 0.175506
vt 0.381063 0.173819
vt 0.379456 0.159114
vt 0.376773 0.160449
vt 0.379181 0.226275
vt 0.385412 0.225969
vt 0.384350 0.210322
vt 0.383308 0.194615
vt 0.378817 0.210409
vt 0.382089 0.178827
vt 0.378448 0.194669
vt 0.380499 0.162935
vt 0.377846 0.178936
vt 0.376780 0.163096
vt 0.378403 0.223948
vt 0.377958 0.208356
vt 0.377425 0.192923
vt 0.376708 0.177521
vt 0.375710 0.162021
vt 0.375497 0.147702
vt 0.406657 0.217478
vt 0.403204 0.202808
vt 0.399952 0.188040
vt 0.396721 0.173198
vt 0.393328 0.158308
vt 0.344778 0.086947
vt 0.357952 0.094794
vt 0.357070 0.090734
vt 0.377147 0.096588
vt 0.380030 0.098691
vt 0.381599 0.095457
vt 0.366084 0.080624
vt 0.364213 0.084387
vt 0.363899 0.080556
vt 0.343131 0.087083
vt 0.336244 0.083531
vt 0.341491 0.084072
vt 0.364944 0.096290
vt 0.374870 0.104086
vt 0.353506 0.084654
vt 0.358493 0.088546
vt 0.364065 0.090100
vt 0.347062 0.083266
vt 0.363831 0.102138
vt 0.371222 0.097866
vt 0.364883 0.094226
vt 0.369636 0.091655
vt 0.375237 0.091550
vt 0.380837 0.091446
vt 0.363401 0.078338
vt 0.365703 0.077409
vt 0.355318 0.082584
vt 0.348434 0.086974
vt 0.346737 0.084613
vt 0.347582 0.080553
vt 0.355491 0.079446
vt 0.339111 0.081587
vt 0.343346 0.081070
vt 0.359349 0.098299
vt 0.352790 0.094547
vt 0.365667 0.086369
vt 0.359950 0.086042
vt 0.346231 0.090795
vt 0.369709 0.109481
vt 0.337828 0.087192
vt 0.338325 0.083268
vt 0.341328 0.080291
vt 0.371384 0.086696
vt 0.372262 0.082437
vt 0.371561 0.083436
vt 0.372637 0.082652
vt 0.366636 0.088537
vt 0.368130 0.087770
vt 0.367270 0.087276
vt 0.365824 0.095241
vt 0.366675 0.094502
vt 0.365659 0.093918
vt 0.368945 0.100705
vt 0.368828 0.100277
vt 0.368044 0.099826
vt 0.373514 0.102743
vt 0.374935 0.102916
vt 0.373767 0.102889
vt 0.373767 0.082015
vt 0.373514 0.081870
vt 0.368828 0.086540
vt 0.368044 0.086089
vt 0.366675 0.093148
vt 0.365659 0.092564
vt 0.368130 0.099317
vt 0.367270 0.098823
vt 0.372262 0.102474
vt 0.372637 0.102690
vt 0.374935 0.081536
vt 0.374807 0.081462
vt 0.369642 0.085396
vt 0.368945 0.084995
vt 0.366824 0.091777
vt 0.365824 0.091202
vt 0.366636 0.097713
vt 0.367557 0.098242
vt 0.371561 0.102322
vt 0.371071 0.102040
vt 0.370558 0.084356
vt 0.369959 0.084012
vt 0.366151 0.089853
vt 0.367120 0.090409
vt 0.366151 0.096512
vt 0.367120 0.097069
vt 0.369959 0.101447
vt 0.370558 0.101791
vt 0.371071 0.083155
vt 0.367557 0.089066
vt 0.366824 0.095815
vt 0.369642 0.101106
vt 0.370588 0.101458
vt 0.369893 0.100673
vt 0.374111 0.103017
vt 0.373146 0.082842
vt 0.374111 0.082143
vt 0.369297 0.088204
vt 0.369893 0.086936
vt 0.368054 0.093662
vt 0.369297 0.099752
vt 0.373146 0.102879
vt 0.375108 0.081600
vt 0.370588 0.085748
vt 0.368182 0.092283
vt 0.368808 0.098708
vt 0.372227 0.102570
vt 0.371370 0.084658
vt 0.368434 0.090899
vt 0.368434 0.097558
vt 0.371370 0.102093
vt 0.372227 0.083684
vt 0.368808 0.089532
vt 0.368182 0.096321
vt 0.368054 0.095015
vt 0.374532 0.082249
vt 0.370726 0.088563
vt 0.371197 0.087263
vt 0.369744 0.094086
vt 0.370726 0.100110
vt 0.373769 0.103035
vt 0.375320 0.081653
vt 0.371747 0.086039
vt 0.369844 0.092700
vt 0.370339 0.099092
vt 0.373043 0.102774
vt 0.372365 0.084908
vt 0.370044 0.091303
vt 0.370044 0.097962
vt 0.372365 0.102343
vt 0.373043 0.083889
vt 0.370339 0.089916
vt 0.369844 0.096738
vt 0.371747 0.101749
vt 0.373769 0.082998
vt 0.369744 0.095439
vt 0.371197 0.101000
vt 0.375108 0.102981
vt 0.374532 0.103122
vt 0.374482 0.103152
vt 0.375014 0.082328
vt 0.375563 0.081693
vt 0.373073 0.086256
vt 0.371678 0.094403
vt 0.371748 0.093012
vt 0.372093 0.099380
vt 0.373976 0.102927
vt 0.373504 0.085095
vt 0.371887 0.091605
vt 0.371887 0.098265
vt 0.373504 0.102530
vt 0.373976 0.084042
vt 0.372093 0.090204
vt 0.371748 0.097051
vt 0.373073 0.101966
vt 0.374482 0.083115
vt 0.372362 0.088831
vt 0.371678 0.095757
vt 0.372691 0.101246
vt 0.375563 0.103074
vt 0.375014 0.103202
vt 0.372691 0.087509
vt 0.372362 0.100379
vt 0.374316 0.087662
vt 0.374517 0.086393
vt 0.373820 0.093208
vt 0.374143 0.100547
vt 0.374001 0.099560
vt 0.374992 0.103023
vt 0.374744 0.085212
vt 0.373893 0.091795
vt 0.373893 0.098454
vt 0.374744 0.102647
vt 0.374992 0.084138
vt 0.374001 0.090384
vt 0.373820 0.097246
vt 0.374517 0.102103
vt 0.375259 0.083188
vt 0.374143 0.089000
vt 0.373783 0.095956
vt 0.374316 0.101399
vt 0.375538 0.103251
vt 0.375538 0.082377
vt 0.373783 0.094602
vt 0.375259 0.103226
vt 0.375827 0.081718
vt 0.376052 0.103059
vt 0.376037 0.085255
vt 0.375980 0.093280
vt 0.375985 0.091864
vt 0.375985 0.098524
vt 0.376037 0.102690
vt 0.376052 0.084173
vt 0.375991 0.090450
vt 0.375980 0.097318
vt 0.376023 0.102153
vt 0.376068 0.083215
vt 0.376000 0.089061
vt 0.375978 0.096028
vt 0.376010 0.101455
vt 0.376103 0.103108
vt 0.376085 0.103269
vt 0.376085 0.082396
vt 0.376010 0.087718
vt 0.375978 0.094675
vt 0.376000 0.100609
vt 0.376068 0.103253
vt 0.376103 0.081727
vt 0.376023 0.086443
vt 0.375991 0.099626
vt 0.377333 0.085222
vt 0.378081 0.091811
vt 0.377986 0.099575
vt 0.378081 0.098470
vt 0.377114 0.103032
vt 0.377333 0.102657
vt 0.377114 0.084146
vt 0.377986 0.090400
vt 0.378146 0.097263
vt 0.377532 0.102114
vt 0.376880 0.083195
vt 0.377861 0.089014
vt 0.378178 0.095972
vt 0.377709 0.101412
vt 0.376634 0.103255
vt 0.376634 0.082382
vt 0.377709 0.087675
vt 0.378178 0.094619
vt 0.377861 0.100561
vt 0.376880 0.103232
vt 0.376379 0.081720
vt 0.377532 0.086404
vt 0.378146 0.093224
vt 0.378138 0.084058
vt 0.380103 0.091636
vt 0.379909 0.090234
vt 0.380103 0.098296
vt 0.380234 0.097083
vt 0.378987 0.101989
vt 0.377662 0.083127
vt 0.379656 0.088859
vt 0.380300 0.095789
vt 0.379347 0.101271
vt 0.376379 0.103101
vt 0.377162 0.103210
vt 0.377162 0.082336
vt 0.379347 0.087534
vt 0.380300 0.094436
vt 0.379656 0.100406
vt 0.377662 0.103165
vt 0.376646 0.081697
vt 0.378987 0.086279
vt 0.380234 0.093044
vt 0.379909 0.099410
vt 0.378138 0.102943
vt 0.378582 0.085114
vt 0.378582 0.102549
vt 0.381971 0.091348
vt 0.381687 0.089959
vt 0.382163 0.096785
vt 0.380332 0.101781
vt 0.379084 0.083912
vt 0.378385 0.083015
vt 0.381315 0.088603
vt 0.382260 0.095487
vt 0.380861 0.101037
vt 0.376892 0.103040
vt 0.377651 0.103134
vt 0.377651 0.082261
vt 0.380861 0.087300
vt 0.382260 0.094133
vt 0.381315 0.100150
vt 0.378385 0.103053
vt 0.376892 0.081659
vt 0.380332 0.086071
vt 0.382163 0.092746
vt 0.381687 0.099135
vt 0.379084 0.102797
vt 0.379737 0.084936
vt 0.381971 0.098007
vt 0.379737 0.102371
vt 0.379917 0.083714
vt 0.379022 0.082864
vt 0.382774 0.088255
vt 0.383861 0.096380
vt 0.383985 0.095076
vt 0.381515 0.101499
vt 0.382192 0.100720
vt 0.378080 0.103032
vt 0.378080 0.082158
vt 0.382192 0.086983
vt 0.383985 0.093722
vt 0.382774 0.099803
vt 0.379022 0.102901
vt 0.377108 0.081608
vt 0.381515 0.085789
vt 0.383861 0.092342
vt 0.383251 0.098763
vt 0.379917 0.102599
vt 0.380752 0.084694
vt 0.383615 0.090956
vt 0.383615 0.097616
vt 0.380752 0.102129
vt 0.383251 0.089587
vt 0.384540 0.089131
vt 0.383977 0.087830
vt 0.385261 0.095885
vt 0.385408 0.094572
vt 0.382491 0.101154
vt 0.383291 0.100331
vt 0.377287 0.102925
vt 0.378435 0.102907
vt 0.379546 0.082678
vt 0.378435 0.082033
vt 0.383291 0.086594
vt 0.385408 0.093219
vt 0.383977 0.099377
vt 0.379546 0.102716
vt 0.377287 0.081544
vt 0.382491 0.085444
vt 0.385261 0.091847
vt 0.384540 0.098306
vt 0.380604 0.102356
vt 0.381590 0.084398
vt 0.384971 0.090477
vt 0.384971 0.097136
vt 0.381590 0.101833
vt 0.380604 0.083471
vt 0.379939 0.082466
vt 0.378701 0.081889
vt 0.384879 0.087342
vt 0.384113 0.086150
vt 0.386473 0.092643
vt 0.384879 0.098890
vt 0.379939 0.102503
vt 0.377421 0.081472
vt 0.383222 0.085049
vt 0.386310 0.091280
vt 0.385507 0.097784
vt 0.381118 0.102078
vt 0.382218 0.084058
vt 0.385986 0.089928
vt 0.385986 0.096587
vt 0.382218 0.101493
vt 0.381118 0.083193
vt 0.385507 0.088608
vt 0.386310 0.095318
vt 0.383222 0.100759
vt 0.386473 0.093996
vt 0.384113 0.099887
vt 0.378701 0.102763
vt 0.387141 0.092016
vt 0.384629 0.099402
vt 0.385444 0.098359
vt 0.380186 0.102272
vt 0.377505 0.081393
vt 0.384629 0.085665
vt 0.383680 0.084619
vt 0.386967 0.090663
vt 0.386112 0.097216
vt 0.381440 0.101775
vt 0.382611 0.083689
vt 0.386623 0.089330
vt 0.386623 0.095990
vt 0.382611 0.101124
vt 0.381440 0.082890
vt 0.386112 0.088040
vt 0.386967 0.094701
vt 0.383680 0.100329
vt 0.380186 0.082234
vt 0.385444 0.086812
vt 0.387141 0.093369
vt 0.377421 0.102853
vt 0.378867 0.102607
vt 0.378867 0.081733
vt 0.377536 0.081311
vt 0.384818 0.085161
vt 0.383847 0.084171
vt 0.387386 0.091362
vt 0.387208 0.090019
vt 0.386334 0.096623
vt 0.380276 0.102031
vt 0.381558 0.101459
vt 0.382755 0.083304
vt 0.386855 0.088707
vt 0.386855 0.095367
vt 0.382755 0.100739
vt 0.381558 0.082574
vt 0.386334 0.087447
vt 0.387208 0.094057
vt 0.383847 0.099880
vt 0.380276 0.081993
vt 0.385651 0.086259
vt 0.387386 0.092716
vt 0.384818 0.098898
vt 0.377536 0.102692
vt 0.378928 0.102444
vt 0.378928 0.081570
vt 0.385651 0.097806
vt 0.387197 0.090707
vt 0.387022 0.089374
vt 0.386163 0.096029
vt 0.381467 0.101143
vt 0.383718 0.083721
vt 0.382644 0.082918
vt 0.386676 0.088083
vt 0.386676 0.094742
vt 0.382644 0.100353
vt 0.381467 0.082258
vt 0.386163 0.086853
vt 0.387022 0.093412
vt 0.383718 0.099431
vt 0.380206 0.081752
vt 0.385491 0.085704
vt 0.387197 0.092060
vt 0.384672 0.098392
vt 0.378881 0.102280
vt 0.378881 0.081407
vt 0.384672 0.084655
vt 0.385491 0.097252
vt 0.380206 0.101789
vt 0.377512 0.081229
vt 0.382282 0.082546
vt 0.386090 0.087480
vt 0.386090 0.094140
vt 0.382282 0.099981
vt 0.381171 0.081953
vt 0.385606 0.086280
vt 0.386418 0.092790
vt 0.383297 0.098998
vt 0.379980 0.081518
vt 0.384972 0.085170
vt 0.386583 0.091428
vt 0.384198 0.097904
vt 0.377435 0.102530
vt 0.378728 0.102123
vt 0.378728 0.081249
vt 0.384198 0.084167
vt 0.386583 0.090075
vt 0.384972 0.096717
vt 0.379980 0.101556
vt 0.377435 0.081150
vt 0.383297 0.083288
vt 0.386418 0.088752
vt 0.385606 0.095456
vt 0.381171 0.100838
vt 0.384684 0.094926
vt 0.385122 0.093583
vt 0.381684 0.099637
vt 0.380680 0.081671
vt 0.384684 0.085750
vt 0.385418 0.092216
vt 0.382600 0.098597
vt 0.379605 0.081303
vt 0.384112 0.084675
vt 0.385567 0.090844
vt 0.383413 0.097453
vt 0.377307 0.102457
vt 0.378475 0.101977
vt 0.378475 0.081104
vt 0.383413 0.083716
vt 0.385567 0.089491
vt 0.384112 0.096223
vt 0.379605 0.101340
vt 0.377307 0.081076
vt 0.382600 0.082887
vt 0.385418 0.088177
vt 0.380680 0.100556
vt 0.381684 0.082202
vt 0.385122 0.086924
vt 0.380872 0.081899
vt 0.380015 0.081423
vt 0.383808 0.086434
vt 0.383434 0.085285
vt 0.384060 0.091710
vt 0.381654 0.098245
vt 0.379096 0.081114
vt 0.382945 0.084241
vt 0.384187 0.090330
vt 0.382348 0.097056
vt 0.377134 0.102393
vt 0.378131 0.101849
vt 0.378131 0.080976
vt 0.382348 0.083319
vt 0.384187 0.088977
vt 0.382945 0.095788
vt 0.379096 0.101151
vt 0.377134 0.081012
vt 0.381654 0.082535
vt 0.384060 0.087672
vt 0.383434 0.094461
vt 0.380015 0.100308
vt 0.383808 0.093094
vt 0.380872 0.099334
vt 0.382398 0.091293
vt 0.379877 0.099085
vt 0.380495 0.097954
vt 0.379199 0.081218
vt 0.378473 0.080957
vt 0.381516 0.083882
vt 0.382498 0.089907
vt 0.381044 0.096729
vt 0.377710 0.101744
vt 0.377710 0.080870
vt 0.381044 0.082992
vt 0.382498 0.088553
vt 0.381516 0.095430
vt 0.378473 0.100995
vt 0.376922 0.080958
vt 0.380495 0.082244
vt 0.382398 0.087255
vt 0.381903 0.094076
vt 0.379199 0.100104
vt 0.379877 0.081650
vt 0.382198 0.086030
vt 0.382198 0.092690
vt 0.381903 0.084900
vt 0.379551 0.096484
vt 0.376922 0.102339
vt 0.377228 0.101665
vt 0.377228 0.080791
vt 0.379880 0.083614
vt 0.379551 0.082747
vt 0.380564 0.088236
vt 0.379880 0.095161
vt 0.377760 0.100878
vt 0.376679 0.080919
vt 0.379168 0.082026
vt 0.380494 0.086942
vt 0.380149 0.093789
vt 0.378266 0.099950
vt 0.378738 0.081463
vt 0.380355 0.085728
vt 0.380355 0.092388
vt 0.378738 0.098898
vt 0.378266 0.081065
vt 0.380149 0.084613
vt 0.380494 0.090980
vt 0.379168 0.097736
vt 0.377760 0.080840
vt 0.380564 0.089589
vt 0.376983 0.080767
vt 0.376703 0.080741
vt 0.378099 0.083445
vt 0.377926 0.082594
vt 0.378459 0.089390
vt 0.378459 0.088037
vt 0.378099 0.094993
vt 0.376983 0.100804
vt 0.376414 0.080894
vt 0.377724 0.081890
vt 0.378422 0.086746
vt 0.378240 0.093608
vt 0.377249 0.099854
vt 0.377498 0.081346
vt 0.378349 0.085538
vt 0.378349 0.092198
vt 0.377498 0.098781
vt 0.377249 0.080969
vt 0.378240 0.084432
vt 0.378422 0.090785
vt 0.377724 0.097600
vt 0.377926 0.096331
vt 0.376414 0.102275
vt 0.376703 0.101615
vt 0.376231 0.096274
vt 0.376242 0.094931
vt 0.376174 0.100777
vt 0.376157 0.080723
vt 0.376139 0.080885
vt 0.376219 0.081840
vt 0.376264 0.087964
vt 0.376262 0.086675
vt 0.376251 0.093542
vt 0.376190 0.099819
vt 0.376205 0.081303
vt 0.376257 0.085469
vt 0.376257 0.092129
vt 0.376205 0.098738
vt 0.376190 0.080934
vt 0.376251 0.084366
vt 0.376262 0.090713
vt 0.376219 0.097550
vt 0.376174 0.080740
vt 0.376242 0.083384
vt 0.376264 0.089317
vt 0.376139 0.102265
vt 0.376157 0.101597
vt 0.376231 0.082537
vt 0.375863 0.080892
vt 0.374533 0.082581
vt 0.374710 0.081878
vt 0.374064 0.088020
vt 0.374096 0.086730
vt 0.374256 0.093593
vt 0.375128 0.099846
vt 0.374909 0.081336
vt 0.374160 0.085523
vt 0.374160 0.092182
vt 0.374909 0.098771
vt 0.375128 0.080961
vt 0.374256 0.084417
vt 0.374096 0.090768
vt 0.374710 0.097588
vt 0.375362 0.080761
vt 0.374380 0.083431
vt 0.374064 0.089374
vt 0.374533 0.096318
vt 0.375608 0.101611
vt 0.375608 0.080737
vt 0.374380 0.094979
vt 0.375362 0.100798
vt 0.374104 0.099935
vt 0.373660 0.081443
vt 0.372139 0.085697
vt 0.372332 0.093759
vt 0.372139 0.092356
vt 0.373660 0.098878
vt 0.374104 0.081049
vt 0.372332 0.084583
vt 0.372008 0.090948
vt 0.373255 0.097714
vt 0.374580 0.080828
vt 0.372586 0.083586
vt 0.371942 0.089557
vt 0.372895 0.096459
vt 0.375596 0.102295
vt 0.375080 0.101657
vt 0.375080 0.080783
vt 0.372895 0.082722
vt 0.371942 0.088203
vt 0.372586 0.095134
vt 0.374580 0.100866
vt 0.375596 0.080915
vt 0.373255 0.082004
vt 0.372008 0.086910
vt 0.372505 0.081622
vt 0.370078 0.087208
vt 0.370270 0.085985
vt 0.370555 0.094033
vt 0.370270 0.092645
vt 0.373157 0.100081
vt 0.372505 0.099057
vt 0.373157 0.081196
vt 0.370555 0.084858
vt 0.370078 0.091246
vt 0.371910 0.097921
vt 0.373856 0.080940
vt 0.370927 0.083842
vt 0.369982 0.089859
vt 0.371381 0.096693
vt 0.374591 0.101732
vt 0.374591 0.080858
vt 0.371381 0.082956
vt 0.369982 0.088506
vt 0.370927 0.095390
vt 0.373856 0.100977
vt 0.375350 0.080953
vt 0.371910 0.082212
vt 0.371489 0.099299
vt 0.371489 0.081864
vt 0.372325 0.081394
vt 0.368991 0.085230
vt 0.368627 0.093036
vt 0.368381 0.091651
vt 0.370727 0.098203
vt 0.373220 0.081091
vt 0.369468 0.084190
vt 0.368257 0.090270
vt 0.370049 0.097010
vt 0.375133 0.102385
vt 0.374161 0.101834
vt 0.374161 0.080961
vt 0.370049 0.083273
vt 0.368257 0.088917
vt 0.369468 0.095737
vt 0.373220 0.101129
vt 0.375133 0.081004
vt 0.370727 0.082493
vt 0.368381 0.087612
vt 0.368991 0.094406
vt 0.372325 0.100279
vt 0.368627 0.086377
vt 0.371638 0.081637
vt 0.367271 0.086856
vt 0.367701 0.085686
vt 0.367271 0.093516
vt 0.366981 0.092146
vt 0.370652 0.099595
vt 0.369751 0.098548
vt 0.372695 0.081277
vt 0.368264 0.084615
vt 0.366834 0.090773
vt 0.368951 0.097398
vt 0.373807 0.101960
vt 0.373807 0.081086
vt 0.368951 0.083661
vt 0.366834 0.089420
vt 0.368264 0.096163
vt 0.372695 0.101314
vt 0.374955 0.081067
vt 0.369751 0.082838
vt 0.366981 0.088108
vt 0.367701 0.094862
vt 0.371638 0.100522
vt 0.370652 0.082160
vt 0.372302 0.081489
vt 0.367363 0.085103
vt 0.365768 0.091349
vt 0.368128 0.097843
vt 0.374821 0.102521
vt 0.373541 0.102103
vt 0.373541 0.081230
vt 0.368128 0.084106
vt 0.365768 0.089996
vt 0.367363 0.096650
vt 0.372302 0.101527
vt 0.374821 0.081140
vt 0.369020 0.083234
vt 0.365932 0.088675
vt 0.366735 0.095384
vt 0.371124 0.100800
vt 0.370024 0.082499
vt 0.366256 0.087405
vt 0.366256 0.094065
vt 0.370024 0.099934
vt 0.371124 0.081915
vt 0.366735 0.086209
vt 0.365932 0.092713
vt 0.369020 0.098943
vt 0.366130 0.086777
vt 0.366798 0.085633
vt 0.365274 0.093330
vt 0.365101 0.091977
vt 0.368562 0.099374
vt 0.367613 0.098327
vt 0.373375 0.102260
vt 0.372056 0.081721
vt 0.373375 0.081386
vt 0.367613 0.084590
vt 0.365101 0.090623
vt 0.366798 0.097181
vt 0.372056 0.101758
vt 0.374737 0.081218
vt 0.368562 0.083664
vt 0.365274 0.089292
vt 0.366130 0.095953
vt 0.370801 0.101103
vt 0.369631 0.082869
vt 0.365619 0.088003
vt 0.365619 0.094662
vt 0.369631 0.100304
vt 0.370801 0.082218
vt 0.374737 0.102599
vt 0.373314 0.102423
vt 0.371966 0.081962
vt 0.373314 0.081549
vt 0.367424 0.085095
vt 0.364856 0.092630
vt 0.364856 0.091277
vt 0.366591 0.097734
vt 0.371966 0.101999
vt 0.374706 0.081301
vt 0.368394 0.084112
vt 0.365034 0.089935
vt 0.365908 0.096546
vt 0.370683 0.101418
vt 0.369487 0.083254
vt 0.365386 0.088626
vt 0.365386 0.095285
vt 0.369487 0.100689
vt 0.370683 0.082533
vt 0.365908 0.087370
vt 0.365034 0.093973
vt 0.368394 0.099822
vt 0.366591 0.086186
vt 0.367424 0.098832
vt 0.367570 0.085601
vt 0.365045 0.091933
vt 0.366751 0.098289
vt 0.373361 0.102586
vt 0.372035 0.102241
vt 0.374730 0.081383
vt 0.368524 0.084562
vt 0.365219 0.090580
vt 0.366079 0.097140
vt 0.370774 0.101735
vt 0.369598 0.083640
vt 0.365566 0.089250
vt 0.365566 0.095910
vt 0.369598 0.101075
vt 0.370774 0.082850
vt 0.366079 0.087964
vt 0.365219 0.094619
vt 0.368524 0.100272
vt 0.372035 0.082204
vt 0.366751 0.086741
vt 0.365045 0.093286
vt 0.367570 0.099338
vt 0.374730 0.102764
vt 0.373361 0.081712
vt 0.358105 0.077954
vt 0.369742 0.084452
vt 0.350622 0.086760
vt 0.363240 0.093827
vt 0.357586 0.095601
vt 0.345918 0.079395
vt 0.358231 0.083745
vt 0.350507 0.078499
vt 0.339638 0.087121
vt 0.351005 0.092116
vt 0.344424 0.088632
vt 0.363986 0.084099
vt 0.351765 0.082393
vt 0.345130 0.086941
vt 0.358165 0.085714
vt 0.368894 0.092054
vt 0.356323 0.085680
vt 0.342945 0.084795
vt 0.345299 0.081040
vt 0.372831 0.090540
vt 0.371206 0.088278
vt 0.365708 0.084668
vt 0.370539 0.094282
vt 0.376121 0.081221
vt 0.374807 0.102843
vt 0.376121 0.102772
vt 0.375320 0.103034
vt 0.375827 0.103099
vt 0.376646 0.103078
vt 0.377108 0.102988
vt 0.377505 0.102774
vt 0.377512 0.102610
vt 0.376679 0.102300
vt 0.375863 0.102272
vt 0.375350 0.102333
vt 0.374955 0.102448
vt 0.374706 0.102681
vt 0.389986 0.185075
vt 0.374994 0.103760
vt 0.389525 0.185143
vt 0.390870 0.185214
vt 0.389525 0.185347
vt 0.389986 0.185266
vt 0.389047 0.185121
vt 0.401845 0.258381
vt 0.389976 0.184975
vt 0.389047 0.185219
vt 0.374514 0.096952
vt 0.402739 0.258248
vt 0.390870 0.184842
vt 0.388108 0.185378
vt 0.374033 0.097017
vt 0.373571 0.097083
vt 0.388118 0.185670
vt 0.389047 0.185426
vt 0.389047 0.185523
vt 0.391693 0.184728
vt 0.387684 0.185456
vt 0.373145 0.097148
vt 0.388108 0.185569
vt 0.388568 0.185501
vt 0.404284 0.258042
vt 0.392415 0.184636
vt 0.372772 0.097209
vt 0.387313 0.185529
vt 0.386401 0.185917
vt 0.387224 0.185802
vt 0.393007 0.184571
vt 0.372465 0.097265
vt 0.387008 0.185594
vt 0.387313 0.185675
vt 0.387684 0.185628
vt 0.405317 0.257941
vt 0.393448 0.184535
vt 0.372237 0.097312
vt 0.386781 0.185648
vt 0.385086 0.186073
vt 0.385679 0.186008
vt 0.405588 0.257935
vt 0.393719 0.184529
vt 0.372097 0.097350
vt 0.386641 0.185690
vt 0.384646 0.186110
vt 0.387008 0.185709
vt 0.393810 0.184553
vt 0.372050 0.097377
vt 0.386594 0.185718
vt 0.384375 0.186116
vt 0.386781 0.185728
vt 0.405679 0.257960
vt 0.393719 0.184607
vt 0.372097 0.097391
vt 0.386641 0.185731
vt 0.405317 0.258095
vt 0.393448 0.184689
vt 0.372237 0.097392
vt 0.384375 0.186037
vt 0.384284 0.186091
vt 0.404877 0.258201
vt 0.393007 0.184795
vt 0.372465 0.097380
vt 0.392415 0.184921
vt 0.372772 0.097356
vt 0.384646 0.185956
vt 0.403562 0.258469
vt 0.391693 0.185062
vt 0.373145 0.097320
vt 0.385086 0.185850
vt 0.373571 0.097274
vt 0.386401 0.185582
vt 0.385679 0.185724
vt 0.402739 0.258620
vt 0.389976 0.185370
vt 0.374033 0.097220
vt 0.400916 0.258930
vt 0.388568 0.185298
vt 0.388118 0.185275
vt 0.387224 0.185430
vt 0.374514 0.097159
vt 0.399093 0.259209
vt 0.374994 0.097095
vt 0.375456 0.097029
vt 0.398270 0.259323
vt 0.375882 0.096964
vt 0.390410 0.185188
vt 0.390781 0.184969
vt 0.390410 0.185016
vt 0.396956 0.259480
vt 0.390781 0.185116
vt 0.376256 0.096902
vt 0.391086 0.184935
vt 0.396515 0.259516
vt 0.391086 0.185051
vt 0.376562 0.096847
vt 0.391313 0.184996
vt 0.376790 0.096799
vt 0.391453 0.184914
vt 0.391313 0.184917
vt 0.396244 0.259522
vt 0.391453 0.184954
vt 0.376930 0.096761
vt 0.396244 0.259443
vt 0.391500 0.184926
vt 0.376977 0.096735
vt 0.396515 0.259362
vt 0.376930 0.096721
vt 0.376790 0.096720
vt 0.397548 0.259130
vt 0.376562 0.096732
vt 0.398270 0.258988
vt 0.399987 0.258681
vt 0.375882 0.096791
vt 0.375456 0.096837
vt 0.376256 0.096756
vt 0.410274 0.305289
vt 0.407399 0.305808
vt 0.409320 0.305461
vt 0.379182 0.133405
vt 0.371972 0.113666
vt 0.372586 0.113496
vt 0.377979 0.133706
vt 0.378569 0.133576
vt 0.370839 0.113879
vt 0.371382 0.113796
vt 0.376959 0.133823
vt 0.377435 0.133789
vt 0.369971 0.113897
vt 0.370362 0.113914
vt 0.376277 0.133740
vt 0.376568 0.133806
vt 0.369502 0.113716
vt 0.369680 0.113830
vt 0.376038 0.133468
vt 0.376098 0.133626
vt 0.376098 0.133274
vt 0.369441 0.113559
vt 0.369680 0.113141
vt 0.369502 0.113364
vt 0.376568 0.132805
vt 0.376277 0.133050
vt 0.370362 0.112639
vt 0.369971 0.112896
vt 0.376959 0.132549
vt 0.370839 0.112381
vt 0.377979 0.132041
vt 0.377435 0.132291
vt 0.371972 0.111899
vt 0.371382 0.112131
vt 0.379182 0.131603
vt 0.378569 0.131808
vt 0.373199 0.111523
vt 0.372586 0.111693
vt 0.379796 0.131432
vt 0.373789 0.111393
vt 0.380386 0.131303
vt 0.374333 0.111310
vt 0.381406 0.131185
vt 0.380929 0.131219
vt 0.375201 0.111292
vt 0.374810 0.111276
vt 0.382088 0.131268
vt 0.381797 0.131202
vt 0.382267 0.131383
vt 0.375491 0.111359
vt 0.382327 0.131540
vt 0.375670 0.111473
vt 0.375670 0.111825
vt 0.375731 0.111630
vt 0.382267 0.131734
vt 0.375491 0.112048
vt 0.382088 0.131958
vt 0.375201 0.112293
vt 0.381406 0.132459
vt 0.381797 0.132203
vt 0.374333 0.112808
vt 0.374810 0.112550
vt 0.380929 0.132718
vt 0.373789 0.113058
vt 0.374214 0.112407
vt 0.373199 0.113290
vt 0.379796 0.133200
vt 0.380386 0.132968
vt 0.373674 0.111794
vt 0.368427 0.097308
vt 0.373335 0.111846
vt 0.372204 0.112161
vt 0.371201 0.113416
vt 0.374506 0.111896
vt 0.372204 0.113262
vt 0.370958 0.112782
vt 0.373674 0.112727
vt 0.372968 0.111927
vt 0.370958 0.113405
vt 0.374506 0.112115
vt 0.371201 0.112622
vt 0.372968 0.113028
vt 0.370665 0.113293
vt 0.371498 0.113395
vt 0.374214 0.111784
vt 0.370777 0.112934
vt 0.370777 0.113364
vt 0.371837 0.112306
vt 0.370665 0.113074
vt 0.367677 0.097495
vt 0.369635 0.097456
vt 0.367677 0.098617
vt 0.366928 0.097768
vt 0.371498 0.112462
vt 0.365757 0.098536
vt 0.370628 0.113195
vt 0.366293 0.098877
vt 0.373335 0.112883
vt 0.368765 0.098189
vt 0.374544 0.111994
vt 0.373970 0.111773
vt 0.368765 0.097256
vt 0.367295 0.097623
vt 0.365868 0.098396
vt 0.366049 0.098867
vt 0.368427 0.098345
vt 0.374395 0.112255
vt 0.369598 0.097577
vt 0.369062 0.097235
vt 0.372586 0.112033
vt 0.366049 0.098244
vt 0.365868 0.098826
vt 0.367295 0.098724
vt 0.372586 0.113156
vt 0.368059 0.098489
vt 0.369486 0.097716
vt 0.374395 0.111825
vt 0.369305 0.097245
vt 0.366293 0.098084
vt 0.365757 0.098754
vt 0.366928 0.098804
vt 0.371837 0.113343
vt 0.373970 0.112567
vt 0.369305 0.097869
vt 0.369486 0.097287
vt 0.368059 0.097389
vt 0.366590 0.097923
vt 0.365719 0.098657
vt 0.366590 0.098856
vt 0.369062 0.098028
vt 0.369598 0.097358
vt 0.380304 0.134284
vt 0.377584 0.113447
vt 0.379668 0.134317
vt 0.379064 0.134314
vt 0.376431 0.113407
vt 0.378515 0.134277
vt 0.378042 0.134206
vt 0.375581 0.113234
vt 0.377664 0.134104
vt 0.375312 0.113105
vt 0.377395 0.133975
vt 0.377246 0.133825
vt 0.375138 0.112788
vt 0.377221 0.133658
vt 0.375239 0.112612
vt 0.377323 0.133482
vt 0.377546 0.133302
vt 0.375800 0.112257
vt 0.377883 0.133127
vt 0.376237 0.112092
vt 0.378321 0.132962
vt 0.378843 0.132814
vt 0.376759 0.111944
vt 0.379428 0.132689
vt 0.377344 0.111819
vt 0.380054 0.132592
vt 0.378614 0.111655
vt 0.380698 0.132526
vt 0.379250 0.111623
vt 0.381334 0.132493
vt 0.381938 0.132496
vt 0.380403 0.111663
vt 0.382487 0.132533
vt 0.382959 0.132604
vt 0.380875 0.111734
vt 0.383337 0.132706
vt 0.381522 0.111964
vt 0.383606 0.132834
vt 0.383756 0.132985
vt 0.381697 0.112281
vt 0.383780 0.133152
vt 0.381595 0.112458
vt 0.383679 0.133328
vt 0.383455 0.133507
vt 0.381034 0.112813
vt 0.383118 0.133683
vt 0.382680 0.133848
vt 0.380075 0.113125
vt 0.382159 0.133995
vt 0.381574 0.134120
vt 0.379774 0.112810
vt 0.380597 0.112977
vt 0.378864 0.113348
vt 0.380947 0.134218
vt 0.379490 0.113250
vt 0.379654 0.111992
vt 0.377701 0.096709
vt 0.378043 0.096732
vt 0.378139 0.112029
vt 0.378540 0.111987
vt 0.375959 0.113336
vt 0.377181 0.113078
vt 0.376886 0.113033
vt 0.380444 0.112273
vt 0.381672 0.112115
vt 0.378294 0.113082
vt 0.377898 0.113103
vt 0.376578 0.112471
vt 0.376787 0.112362
vt 0.379085 0.112980
vt 0.379854 0.111625
vt 0.378936 0.111967
vt 0.379312 0.111969
vt 0.376651 0.112970
vt 0.376484 0.112890
vt 0.380459 0.112377
vt 0.380396 0.112487
vt 0.377385 0.112167
vt 0.378220 0.113414
vt 0.379948 0.112036
vt 0.375162 0.112955
vt 0.376375 0.112692
vt 0.380257 0.112599
vt 0.380047 0.112708
vt 0.377971 0.111722
vt 0.377522 0.113101
vt 0.380183 0.112099
vt 0.380351 0.112179
vt 0.375463 0.112432
vt 0.379450 0.112902
vt 0.377060 0.112259
vt 0.378695 0.113041
vt 0.376390 0.112796
vt 0.381372 0.112637
vt 0.377749 0.112089
vt 0.376980 0.113444
vt 0.381253 0.111836
vt 0.376438 0.112583
vt 0.374967 0.097211
vt 0.375911 0.097841
vt 0.376138 0.096829
vt 0.374827 0.097323
vt 0.375276 0.097774
vt 0.377839 0.097642
vt 0.377474 0.097720
vt 0.378848 0.097117
vt 0.378785 0.097227
vt 0.378337 0.096776
vt 0.376528 0.096769
vt 0.375040 0.097710
vt 0.377084 0.097781
vt 0.378646 0.097339
vt 0.378572 0.096840
vt 0.376929 0.096727
vt 0.375177 0.097102
vt 0.374873 0.097630
vt 0.376288 0.097843
vt 0.376684 0.097822
vt 0.378436 0.097448
vt 0.378740 0.096920
vt 0.377325 0.096707
vt 0.375449 0.096999
vt 0.374780 0.097536
vt 0.378163 0.097550
vt 0.378833 0.097013
vt 0.375774 0.096907
vt 0.374764 0.097433
vt 0.375570 0.097818
vt 0.430527 0.333026
vt 0.424833 0.336387
vt 0.425143 0.338351
vt 0.425375 0.340073
vt 0.425519 0.341486
vt 0.425570 0.342536
vt 0.425526 0.343183
vt 0.425389 0.343401
vt 0.425165 0.343183
vt 0.424861 0.342536
vt 0.424489 0.341486
vt 0.424065 0.340073
vt 0.423603 0.338351
vt 0.406037 0.311298
vt 0.377647 0.120301
vt 0.400916 0.258527
vt 0.403562 0.258134
vt 0.404877 0.257977
vt 0.405588 0.258014
vt 0.404284 0.258327
vt 0.401845 0.258776
vt 0.399987 0.259076
vt 0.397548 0.259414
vt 0.396153 0.259497
vt 0.396956 0.259256
vt 0.399093 0.258837
vt 0.409797 0.305375
vt 0.410732 0.305206
vt 0.411155 0.305130
vt 0.411526 0.305063
vt 0.411830 0.305008
vt 0.412056 0.304967
vt 0.412195 0.304942
vt 0.412242 0.304934
vt 0.408861 0.305544
vt 0.408438 0.305620
vt 0.408068 0.305687
vt 0.407764 0.305742
vt 0.407538 0.305783
vt 0.407352 0.305816
s 1
usemtl joints.006
f 195/1/1 268/2/2 267/3/3
f 285/4/4 250/5/5 286/6/6
f 269/7/7 201/8/8 270/9/9
f 201/8/8 271/10/10 270/9/9
f 203/11/11 272/12/12 271/10/10
f 272/12/12 207/13/13 273/14/14
f 207/13/13 274/15/15 273/14/14
f 274/15/15 211/16/16 275/17/17
f 211/16/16 276/18/18 275/17/17
f 213/19/19 277/20/20 276/18/18
f 215/21/21 278/22/22 277/20/20
f 278/22/22 219/23/23 279/24/24
f 279/24/24 221/25/25 280/26/26
f 280/26/26 223/27/27 281/28/28
f 223/27/27 282/29/29 281/28/28
f 282/29/29 227/30/30 283/31/31
f 227/30/30 284/32/32 283/31/31
f 301/33/33 249/34/34 285/4/4
f 268/2/2 233/35/35 232/36/36
f 286/6/6 251/37/37 287/38/38
f 287/38/38 252/39/39 288/40/40
f 288/40/40 253/41/41 289/42/42
f 289/42/42 254/43/43 290/44/44
f 290/44/44 255/45/45 291/46/46
f 291/46/46 256/47/47 292/48/48
f 292/48/48 257/49/49 293/50/50
f 293/50/50 258/51/51 294/52/52
f 294/52/52 259/53/53 295/54/54
f 295/54/54 260/55/55 296/56/56
f 296/56/56 261/57/57 297/58/58
f 297/58/58 262/59/59 298/60/60
f 298/60/60 263/61/61 299/62/62
f 263/61/61 300/63/63 299/62/62
f 267/3/3 232/36/36 231/64/64
f 285/4/4 198/65/65 196/66/66
f 269/7/7 234/67/67 233/35/35
f 270/9/9 235/68/68 234/67/67
f 271/10/10 236/69/69 235/68/68
f 272/12/12 237/70/70 236/69/69
f 273/14/14 238/71/71 237/70/70
f 274/15/15 239/72/72 238/71/71
f 275/17/17 240/73/73 239/72/72
f 276/18/18 241/74/74 240/73/73
f 277/20/20 242/75/75 241/74/74
f 278/22/22 243/76/76 242/75/75
f 279/24/24 244/77/77 243/76/76
f 280/26/26 245/78/78 244/77/77
f 281/28/28 246/79/79 245/78/78
f 246/79/79 283/31/31 247/80/80
f 247/80/80 284/32/32 248/81/81
f 232/36/36 250/5/5 249/34/34
f 286/6/6 200/82/82 198/65/65
f 287/38/38 202/83/83 200/82/82
f 288/40/40 204/84/84 202/83/83
f 289/42/42 206/85/85 204/84/84
f 290/44/44 208/86/86 206/85/85
f 291/46/46 210/87/87 208/86/86
f 210/87/87 293/50/50 212/88/88
f 212/88/88 294/52/52 214/89/89
f 214/89/89 295/54/54 216/90/90
f 216/90/90 296/56/56 218/91/91
f 218/91/91 297/58/58 220/92/92
f 220/92/92 298/60/60 222/93/93
f 222/93/93 299/62/62 224/94/94
f 224/94/94 300/63/63 226/95/95
f 266/96/96 232/36/36 249/34/34
f 196/66/66 1683/97/97 1682/98/98
f 250/5/5 234/67/67 251/37/37
f 234/67/67 252/39/39 251/37/37
f 235/68/68 253/41/41 252/39/39
f 253/41/41 237/70/70 254/43/43
f 237/70/70 255/45/45 254/43/43
f 238/71/71 256/47/47 255/45/45
f 239/72/72 257/49/49 256/47/47
f 240/73/73 258/51/51 257/49/49
f 258/51/51 242/75/75 259/53/53
f 242/75/75 260/55/55 259/53/53
f 243/76/76 261/57/57 260/55/55
f 261/57/57 245/78/78 262/59/59
f 245/78/78 263/61/61 262/59/59
f 246/79/79 264/99/99 263/61/61
f 247/80/80 265/100/100 264/99/99
f 1438/101/101 1526/102/102 1436/103/103
f 1469/104/104 1511/105/105 1471/106/106
f 1428/107/107 1431/108/108 1430/109/109
f 1440/110/110 1527/111/111 1438/101/101
f 1467/112/112 1510/113/113 1469/104/104
f 1430/109/109 1433/114/114 1432/115/115
f 1442/116/116 1528/117/117 1440/110/110
f 1473/118/118 1513/119/119 1475/120/120
f 1432/115/115 1435/121/121 1434/122/122
f 1444/123/123 1529/124/124 1442/116/116
f 1475/120/120 1514/125/125 1477/126/126
f 1434/122/122 1437/127/127 1436/103/103
f 1444/123/123 1531/128/128 1530/129/129
f 1477/126/126 1515/130/130 1479/131/131
f 1436/103/103 1439/132/132 1438/101/101
f 1446/133/133 1532/134/134 1531/128/128
f 1479/131/131 1516/135/135 1481/136/136
f 1438/101/101 1441/137/137 1440/110/110
f 1448/138/138 1533/139/139 1532/134/134
f 1481/136/136 1517/140/140 1483/141/141
f 1440/110/110 1443/142/142 1442/116/116
f 1450/143/143 1534/144/144 1533/139/139
f 1483/141/141 1518/145/145 1485/146/146
f 1442/116/116 1445/147/147 1444/123/123
f 1452/148/148 1535/149/149 1534/144/144
f 1485/146/146 1519/150/150 1487/151/151
f 1444/123/123 1447/152/152 1446/133/133
f 1454/153/153 1536/154/154 1535/149/149
f 1487/151/151 1520/155/155 1489/156/156
f 1446/133/133 1449/157/157 1448/138/138
f 1430/109/109 1522/158/158 1428/107/107
f 1489/156/156 1521/159/159 1491/160/160
f 1449/157/157 1450/143/143 1448/138/138
f 1456/161/161 1537/162/162 1536/154/154
f 1433/114/114 1426/163/163 1492/164/164
f 1451/165/165 1452/148/148 1450/143/143
f 1458/166/166 1538/167/167 1537/162/162
f 1435/121/121 1492/164/164 1493/168/168
f 1453/169/169 1454/153/153 1452/148/148
f 1460/170/170 1539/171/171 1538/167/167
f 1437/127/127 1493/168/168 1494/172/172
f 1455/173/173 1456/161/161 1454/153/153
f 1462/174/174 1540/175/175 1539/171/171
f 1439/132/132 1494/172/172 1495/176/176
f 1457/177/177 1458/166/166 1456/161/161
f 1464/178/178 1541/179/179 1540/175/175
f 1441/137/137 1495/176/176 1496/180/180
f 1459/181/181 1460/170/170 1458/166/166
f 1468/182/182 1541/179/179 1466/183/183
f 1443/142/142 1496/180/180 1497/184/184
f 1461/185/185 1462/174/174 1460/170/170
f 1470/186/186 1542/187/187 1468/182/182
f 1445/147/147 1497/184/184 1498/188/188
f 1463/189/189 1464/178/178 1462/174/174
f 1470/186/186 1544/190/190 1543/191/191
f 1447/152/152 1498/188/188 1499/192/192
f 1465/193/193 1466/183/183 1464/178/178
f 1472/194/194 1545/195/195 1544/190/190
f 1449/157/157 1499/192/192 1500/196/196
f 1467/112/112 1468/182/182 1466/183/183
f 1474/197/197 1546/198/198 1545/195/195
f 1451/165/165 1500/196/196 1501/199/199
f 1469/104/104 1470/186/186 1468/182/182
f 1476/200/200 1547/201/201 1546/198/198
f 1491/160/160 1427/202/202 1429/203/203
f 1471/106/106 1472/194/194 1470/186/186
f 1478/204/204 1548/205/205 1547/201/201
f 1453/169/169 1501/199/199 1502/206/206
f 1472/194/194 1475/120/120 1474/197/197
f 1480/207/207 1549/208/208 1548/205/205
f 1455/173/173 1502/206/206 1503/209/209
f 1474/197/197 1477/126/126 1476/200/200
f 1482/210/210 1550/211/211 1549/208/208
f 1429/203/203 1426/163/163 1431/108/108
f 1476/200/200 1479/131/131 1478/204/204
f 1484/212/212 1551/213/213 1550/211/211
f 1457/177/177 1503/209/209 1504/214/214
f 1478/204/204 1481/136/136 1480/207/207
f 1486/215/215 1552/216/216 1551/213/213
f 1457/177/177 1505/217/217 1459/181/181
f 1480/207/207 1483/141/141 1482/210/210
f 1488/218/218 1553/219/219 1552/216/216
f 1459/181/181 1506/220/220 1461/185/185
f 1482/210/210 1485/146/146 1484/212/212
f 1537/162/162 1545/195/195 1553/219/219
f 1461/185/185 1507/221/221 1463/189/189
f 1484/212/212 1487/151/151 1486/215/215
f 1465/193/193 1509/222/222 1467/112/112
f 1508/223/223 1500/196/196 1492/164/164
f 1486/215/215 1489/156/156 1488/218/218
f 1463/189/189 1508/223/223 1465/193/193
f 1490/224/224 1429/203/203 1428/107/107
f 1488/218/218 1491/160/160 1490/224/224
f 1436/103/103 1525/225/225 1434/122/122
f 1471/106/106 1512/226/226 1473/118/118
f 1428/107/107 1553/219/219 1490/224/224
f 1434/122/122 1524/227/227 1432/115/115
f 1432/115/115 1523/228/228 1430/109/109
f 214/89/89 1692/229/229 1691/230/230
f 202/83/83 1686/231/231 1685/232/232
f 212/88/88 1691/230/230 1690/233/233
f 200/82/82 1685/232/232 1684/234/234
f 222/93/93 1696/235/235 1695/236/236
f 210/87/87 1690/233/233 1689/237/237
f 198/65/65 1684/234/234 1683/97/97
f 220/92/92 1695/236/236 1694/238/238
f 208/86/86 1689/237/237 1688/239/239
f 197/240/240 1699/241/241 199/242/242
f 218/91/91 1694/238/238 1693/243/243
f 206/85/85 1688/239/239 1687/244/244
f 216/90/90 1693/243/243 1692/229/229
f 204/84/84 1687/244/244 1686/231/231
f 1697/245/245 1751/246/246 1732/247/247
f 223/27/27 1712/248/248 225/249/249
f 211/16/16 1706/250/250 213/19/19
f 199/242/242 1700/251/251 201/8/8
f 230/252/252 1697/245/245 195/1/1
f 221/25/25 1711/253/253 223/27/27
f 209/254/254 1705/255/255 211/16/16
f 1683/97/97 1717/256/256 1682/98/98
f 219/23/23 1710/257/257 221/25/25
f 207/13/13 1704/258/258 209/254/254
f 229/259/259 1714/260/260 1715/261/261
f 217/262/262 1709/263/263 219/23/23
f 205/264/264 1703/265/265 207/13/13
f 228/266/266 1713/267/267 1714/260/260
f 215/21/21 1708/268/268 217/262/262
f 203/11/11 1702/269/269 205/264/264
f 195/1/1 1698/270/270 197/240/240
f 227/30/30 1712/248/248 1713/267/267
f 213/19/19 1707/271/271 215/21/21
f 201/8/8 1701/272/272 203/11/11
f 1691/230/230 1725/273/273 1690/233/233
f 1695/236/236 1731/274/274 1730/275/275
f 1733/276/276 1699/241/241 1698/270/270
f 1687/244/244 1723/277/277 1722/278/278
f 1692/229/229 1728/279/279 1727/280/280
f 1684/234/234 1720/281/281 1719/282/282
f 1690/233/233 1724/283/283 1689/237/237
f 1694/238/238 1730/275/275 1729/284/284
f 1687/244/244 1721/285/285 1686/231/231
f 1691/230/230 1727/280/280 1726/286/286
f 1684/234/234 1718/287/287 1683/97/97
f 1688/239/239 1724/283/283 1723/277/277
f 1693/243/243 1729/284/284 1728/279/279
f 1686/231/231 1720/281/281 1685/232/232
f 1710/257/257 1746/288/288 1711/253/253
f 1698/270/270 1732/247/247 1733/276/276
f 1702/269/269 1738/289/289 1703/265/265
f 1707/271/271 1743/290/290 1708/268/268
f 1717/256/256 1753/287/291 1752/256/292
f 1712/248/248 1748/291/293 1713/267/267
f 1700/251/251 1734/292/294 1735/293/295
f 1704/258/258 1740/294/296 1705/255/255
f 1710/257/257 1744/295/297 1745/296/298
f 1714/260/260 1750/297/299 1715/261/261
f 1702/269/269 1736/298/300 1737/299/301
f 1706/250/250 1742/300/302 1707/271/271
f 1712/248/248 1746/288/288 1747/301/303
f 1704/258/258 1738/289/289 1739/302/304
f 1709/263/263 1743/290/290 1744/295/297
f 1713/267/267 1749/303/305 1714/260/260
f 1700/251/251 1736/298/300 1701/272/272
f 1706/250/250 1740/294/296 1741/304/306
f 1722/278/278 1758/277/307 1757/278/308
f 1727/280/280 1763/279/309 1762/280/310
f 1719/282/282 1755/281/311 1754/282/312
f 1724/283/283 1760/273/313 1759/283/314
f 1729/284/284 1765/275/315 1764/284/316
f 1721/285/285 1757/278/308 1756/285/317
f 1726/286/286 1762/280/310 1761/286/318
f 1718/287/287 1754/282/312 1753/287/291
f 1723/277/277 1759/283/314 1758/277/307
f 1728/279/279 1764/284/316 1763/279/309
f 1720/281/281 1756/285/317 1755/281/311
f 1725/273/273 1761/286/318 1760/273/313
f 1730/275/275 1766/274/319 1765/275/315
f 1757/278/308 1770/285/320 1756/285/317
f 1761/286/318 1776/280/321 1775/286/322
f 1733/276/276 1783/292/323 1734/292/294
f 1753/287/291 1768/282/324 1767/287/325
f 1758/277/307 1773/283/326 1772/277/327
f 1764/284/316 1777/279/328 1763/279/309
f 1755/281/311 1770/285/320 1769/281/329
f 1760/273/313 1775/286/322 1774/273/330
f 1765/275/315 1780/274/331 1779/275/332
f 1758/277/307 1771/278/333 1757/278/308
f 1762/280/310 1777/279/328 1776/280/321
f 1755/281/311 1768/282/324 1754/282/312
f 1759/283/314 1774/273/330 1773/283/326
f 1765/275/315 1778/284/334 1764/284/316
f 1735/293/295 1785/298/335 1736/298/300
f 1740/294/296 1790/304/336 1741/304/306
f 1751/246/246 1781/247/337 1732/247/247
f 1745/296/298 1795/288/338 1746/288/288
f 1732/247/247 1782/276/339 1733/276/276
f 1737/299/301 1787/289/340 1738/289/289
f 1742/300/302 1792/290/341 1743/290/290
f 1802/276/240 1783/292/323 1782/276/339
f 1748/291/293 1796/301/342 1797/291/343
f 1734/292/294 1784/293/344 1735/293/295
f 1739/302/304 1789/294/345 1740/294/296
f 1744/295/297 1794/296/346 1745/296/298
f 1736/298/300 1786/299/347 1737/299/301
f 1741/304/306 1791/300/348 1742/300/302
f 1746/288/288 1796/301/342 1747/301/303
f 1738/289/289 1788/302/349 1739/302/304
f 1743/290/290 1793/295/350 1744/295/297
f 1749/303/305 1797/291/343 1798/303/351
f 1819/297/352 1811/300/353 1803/292/242
f 1781/247/337 1802/276/240 1782/276/339
f 1787/289/340 1806/299/354 1807/289/355
f 1791/300/348 1812/290/356 1792/290/341
f 1797/291/343 1816/301/357 1817/291/358
f 1783/292/323 1804/293/359 1784/293/344
f 1788/302/349 1809/294/360 1789/294/345
f 1793/295/350 1814/296/361 1794/296/346
f 1799/297/362 1818/303/363 1819/297/352
f 1786/299/347 1805/298/364 1806/299/354
f 1791/300/348 1810/304/365 1811/300/353
f 197/240/240 269/7/7 268/2/2
f 1795/288/338 1816/301/357 1796/301/342
f 1787/289/340 1808/302/366 1788/302/349
f 1792/290/341 1813/295/367 1793/295/350
f 1798/303/351 1817/291/358 1818/303/363
f 1785/298/335 1804/293/359 1805/298/364
f 1790/304/336 1809/294/360 1810/304/365
f 1781/247/337 1832/246/368 1801/247/369
f 1795/288/338 1814/296/361 1815/288/370
f 195/1/1 197/240/240 268/2/2
f 285/4/4 249/34/34 250/5/5
f 269/7/7 199/242/242 201/8/8
f 201/8/8 203/11/11 271/10/10
f 203/11/11 205/264/264 272/12/12
f 272/12/12 205/264/264 207/13/13
f 207/13/13 209/254/254 274/15/15
f 274/15/15 209/254/254 211/16/16
f 211/16/16 213/19/19 276/18/18
f 213/19/19 215/21/21 277/20/20
f 215/21/21 217/262/262 278/22/22
f 278/22/22 217/262/262 219/23/23
f 279/24/24 219/23/23 221/25/25
f 280/26/26 221/25/25 223/27/27
f 223/27/27 225/249/249 282/29/29
f 282/29/29 225/249/249 227/30/30
f 227/30/30 228/266/266 284/32/32
f 301/33/33 266/96/96 249/34/34
f 268/2/2 269/7/7 233/35/35
f 286/6/6 250/5/5 251/37/37
f 287/38/38 251/37/37 252/39/39
f 288/40/40 252/39/39 253/41/41
f 289/42/42 253/41/41 254/43/43
f 290/44/44 254/43/43 255/45/45
f 291/46/46 255/45/45 256/47/47
f 292/48/48 256/47/47 257/49/49
f 293/50/50 257/49/49 258/51/51
f 294/52/52 258/51/51 259/53/53
f 295/54/54 259/53/53 260/55/55
f 296/56/56 260/55/55 261/57/57
f 297/58/58 261/57/57 262/59/59
f 298/60/60 262/59/59 263/61/61
f 263/61/61 264/99/99 300/63/63
f 267/3/3 268/2/2 232/36/36
f 285/4/4 286/6/6 198/65/65
f 269/7/7 270/9/9 234/67/67
f 270/9/9 271/10/10 235/68/68
f 271/10/10 272/12/12 236/69/69
f 272/12/12 273/14/14 237/70/70
f 273/14/14 274/15/15 238/71/71
f 274/15/15 275/17/17 239/72/72
f 275/17/17 276/18/18 240/73/73
f 276/18/18 277/20/20 241/74/74
f 277/20/20 278/22/22 242/75/75
f 278/22/22 279/24/24 243/76/76
f 279/24/24 280/26/26 244/77/77
f 280/26/26 281/28/28 245/78/78
f 281/28/28 282/29/29 246/79/79
f 246/79/79 282/29/29 283/31/31
f 247/80/80 283/31/31 284/32/32
f 232/36/36 233/35/35 250/5/5
f 286/6/6 287/38/38 200/82/82
f 287/38/38 288/40/40 202/83/83
f 288/40/40 289/42/42 204/84/84
f 289/42/42 290/44/44 206/85/85
f 290/44/44 291/46/46 208/86/86
f 291/46/46 292/48/48 210/87/87
f 210/87/87 292/48/48 293/50/50
f 212/88/88 293/50/50 294/52/52
f 214/89/89 294/52/52 295/54/54
f 216/90/90 295/54/54 296/56/56
f 218/91/91 296/56/56 297/58/58
f 220/92/92 297/58/58 298/60/60
f 222/93/93 298/60/60 299/62/62
f 224/94/94 299/62/62 300/63/63
f 266/96/96 231/64/64 232/36/36
f 196/66/66 198/65/65 1683/97/97
f 250/5/5 233/35/35 234/67/67
f 234/67/67 235/68/68 252/39/39
f 235/68/68 236/69/69 253/41/41
f 253/41/41 236/69/69 237/70/70
f 237/70/70 238/71/71 255/45/45
f 238/71/71 239/72/72 256/47/47
f 239/72/72 240/73/73 257/49/49
f 240/73/73 241/74/74 258/51/51
f 258/51/51 241/74/74 242/75/75
f 242/75/75 243/76/76 260/55/55
f 243/76/76 244/77/77 261/57/57
f 261/57/57 244/77/77 245/78/78
f 245/78/78 246/79/79 263/61/61
f 246/79/79 247/80/80 264/99/99
f 247/80/80 248/81/81 265/100/100
f 1438/101/101 1527/111/111 1526/102/102
f 1469/104/104 1510/113/113 1511/105/105
f 1428/107/107 1429/203/203 1431/108/108
f 1440/110/110 1528/117/117 1527/111/111
f 1467/112/112 1509/222/222 1510/113/113
f 1430/109/109 1431/108/108 1433/114/114
f 1442/116/116 1529/124/124 1528/117/117
f 1473/118/118 1512/226/226 1513/119/119
f 1432/115/115 1433/114/114 1435/121/121
f 1444/123/123 1530/129/129 1529/124/124
f 1475/120/120 1513/119/119 1514/125/125
f 1434/122/122 1435/121/121 1437/127/127
f 1444/123/123 1446/133/133 1531/128/128
f 1477/126/126 1514/125/125 1515/130/130
f 1436/103/103 1437/127/127 1439/132/132
f 1446/133/133 1448/138/138 1532/134/134
f 1479/131/131 1515/130/130 1516/135/135
f 1438/101/101 1439/132/132 1441/137/137
f 1448/138/138 1450/143/143 1533/139/139
f 1481/136/136 1516/135/135 1517/140/140
f 1440/110/110 1441/137/137 1443/142/142
f 1450/143/143 1452/148/148 1534/144/144
f 1483/141/141 1517/140/140 1518/145/145
f 1442/116/116 1443/142/142 1445/147/147
f 1452/148/148 1454/153/153 1535/149/149
f 1485/146/146 1518/145/145 1519/150/150
f 1444/123/123 1445/147/147 1447/152/152
f 1454/153/153 1456/161/161 1536/154/154
f 1487/151/151 1519/150/150 1520/155/155
f 1446/133/133 1447/152/152 1449/157/157
f 1430/109/109 1523/228/228 1522/158/158
f 1489/156/156 1520/155/155 1521/159/159
f 1449/157/157 1451/165/165 1450/143/143
f 1456/161/161 1458/166/166 1537/162/162
f 1433/114/114 1431/108/108 1426/163/163
f 1451/165/165 1453/169/169 1452/148/148
f 1458/166/166 1460/170/170 1538/167/167
f 1435/121/121 1433/114/114 1492/164/164
f 1453/169/169 1455/173/173 1454/153/153
f 1460/170/170 1462/174/174 1539/171/171
f 1437/127/127 1435/121/121 1493/168/168
f 1455/173/173 1457/177/177 1456/161/161
f 1462/174/174 1464/178/178 1540/175/175
f 1439/132/132 1437/127/127 1494/172/172
f 1457/177/177 1459/181/181 1458/166/166
f 1464/178/178 1466/183/183 1541/179/179
f 1441/137/137 1439/132/132 1495/176/176
f 1459/181/181 1461/185/185 1460/170/170
f 1468/182/182 1542/187/187 1541/179/179
f 1443/142/142 1441/137/137 1496/180/180
f 1461/185/185 1463/189/189 1462/174/174
f 1470/186/186 1543/191/191 1542/187/187
f 1445/147/147 1443/142/142 1497/184/184
f 1463/189/189 1465/193/193 1464/178/178
f 1470/186/186 1472/194/194 1544/190/190
f 1447/152/152 1445/147/147 1498/188/188
f 1465/193/193 1467/112/112 1466/183/183
f 1472/194/194 1474/197/197 1545/195/195
f 1449/157/157 1447/152/152 1499/192/192
f 1467/112/112 1469/104/104 1468/182/182
f 1474/197/197 1476/200/200 1546/198/198
f 1451/165/165 1449/157/157 1500/196/196
f 1469/104/104 1471/106/106 1470/186/186
f 1476/200/200 1478/204/204 1547/201/201
f 1491/160/160 1521/159/159 1427/202/202
f 1471/106/106 1473/118/118 1472/194/194
f 1478/204/204 1480/207/207 1548/205/205
f 1453/169/169 1451/165/165 1501/199/199
f 1472/194/194 1473/118/118 1475/120/120
f 1480/207/207 1482/210/210 1549/208/208
f 1455/173/173 1453/169/169 1502/206/206
f 1474/197/197 1475/120/120 1477/126/126
f 1482/210/210 1484/212/212 1550/211/211
f 1429/203/203 1427/202/202 1426/163/163
f 1476/200/200 1477/126/126 1479/131/131
f 1484/212/212 1486/215/215 1551/213/213
f 1457/177/177 1455/173/173 1503/209/209
f 1478/204/204 1479/131/131 1481/136/136
f 1486/215/215 1488/218/218 1552/216/216
f 1457/177/177 1504/214/214 1505/217/217
f 1480/207/207 1481/136/136 1483/141/141
f 1488/218/218 1490/224/224 1553/219/219
f 1459/181/181 1505/217/217 1506/220/220
f 1482/210/210 1483/141/141 1485/146/146
f 1553/219/219 1522/158/158 1523/228/228
f 1523/228/228 1524/227/227 1525/225/225
f 1525/225/225 1526/102/102 1527/111/111
f 1527/111/111 1528/117/117 1529/124/124
f 1529/124/124 1530/129/129 1531/128/128
f 1531/128/128 1532/134/134 1533/139/139
f 1533/139/139 1534/144/144 1535/149/149
f 1535/149/149 1536/154/154 1537/162/162
f 1537/162/162 1538/167/167 1539/171/171
f 1539/171/171 1540/175/175 1541/179/179
f 1541/179/179 1542/187/187 1543/191/191
f 1543/191/191 1544/190/190 1545/195/195
f 1545/195/195 1546/198/198 1547/201/201
f 1547/201/201 1548/205/205 1549/208/208
f 1549/208/208 1550/211/211 1551/213/213
f 1551/213/213 1552/216/216 1553/219/219
f 1553/219/219 1523/228/228 1525/225/225
f 1525/225/225 1527/111/111 1529/124/124
f 1529/124/124 1531/128/128 1533/139/139
f 1533/139/139 1535/149/149 1537/162/162
f 1537/162/162 1539/171/171 1541/179/179
f 1541/179/179 1543/191/191 1545/195/195
f 1545/195/195 1547/201/201 1549/208/208
f 1549/208/208 1551/213/213 1553/219/219
f 1553/219/219 1525/225/225 1529/124/124
f 1529/124/124 1533/139/139 1537/162/162
f 1537/162/162 1541/179/179 1545/195/195
f 1545/195/195 1549/208/208 1553/219/219
f 1553/219/219 1529/124/124 1537/162/162
f 1461/185/185 1506/220/220 1507/221/221
f 1484/212/212 1485/146/146 1487/151/151
f 1465/193/193 1508/223/223 1509/222/222
f 1492/164/164 1426/163/163 1427/202/202
f 1427/202/202 1521/159/159 1520/155/155
f 1520/155/155 1519/150/150 1518/145/145
f 1518/145/145 1517/140/140 1516/135/135
f 1516/135/135 1515/130/130 1514/125/125
f 1514/125/125 1513/119/119 1512/226/226
f 1512/226/226 1511/105/105 1510/113/113
f 1510/113/113 1509/222/222 1508/223/223
f 1508/223/223 1507/221/221 1506/220/220
f 1506/220/220 1505/217/217 1504/214/214
f 1504/214/214 1503/209/209 1502/206/206
f 1502/206/206 1501/199/199 1500/196/196
f 1500/196/196 1499/192/192 1498/188/188
f 1498/188/188 1497/184/184 1496/180/180
f 1496/180/180 1495/176/176 1494/172/172
f 1494/172/172 1493/168/168 1492/164/164
f 1492/164/164 1427/202/202 1520/155/155
f 1520/155/155 1518/145/145 1516/135/135
f 1516/135/135 1514/125/125 1512/226/226
f 1512/226/226 1510/113/113 1508/223/223
f 1508/223/223 1506/220/220 1504/214/214
f 1504/214/214 1502/206/206 1500/196/196
f 1500/196/196 1498/188/188 1496/180/180
f 1496/180/180 1494/172/172 1492/164/164
f 1492/164/164 1520/155/155 1516/135/135
f 1516/135/135 1512/226/226 1508/223/223
f 1508/223/223 1504/214/214 1500/196/196
f 1500/196/196 1496/180/180 1492/164/164
f 1492/164/164 1516/135/135 1508/223/223
f 1486/215/215 1487/151/151 1489/156/156
f 1463/189/189 1507/221/221 1508/223/223
f 1490/224/224 1491/160/160 1429/203/203
f 1488/218/218 1489/156/156 1491/160/160
f 1436/103/103 1526/102/102 1525/225/225
f 1471/106/106 1511/105/105 1512/226/226
f 1428/107/107 1522/158/158 1553/219/219
f 1434/122/122 1525/225/225 1524/227/227
f 1432/115/115 1524/227/227 1523/228/228
f 214/89/89 216/90/90 1692/229/229
f 202/83/83 204/84/84 1686/231/231
f 212/88/88 214/89/89 1691/230/230
f 200/82/82 202/83/83 1685/232/232
f 222/93/93 224/94/94 1696/235/235
f 210/87/87 212/88/88 1690/233/233
f 198/65/65 200/82/82 1684/234/234
f 220/92/92 222/93/93 1695/236/236
f 208/86/86 210/87/87 1689/237/237
f 197/240/240 1698/270/270 1699/241/241
f 218/91/91 220/92/92 1694/238/238
f 206/85/85 208/86/86 1688/239/239
f 216/90/90 218/91/91 1693/243/243
f 204/84/84 206/85/85 1687/244/244
f 1697/245/245 1716/1709/1775 1751/246/246
f 223/27/27 1711/253/253 1712/248/248
f 211/16/16 1705/255/255 1706/250/250
f 199/242/242 1699/241/241 1700/251/251
f 230/252/252 1716/1709/1775 1697/245/245
f 221/25/25 1710/257/257 1711/253/253
f 209/254/254 1704/258/258 1705/255/255
f 1683/97/97 1718/287/287 1717/256/256
f 219/23/23 1709/263/263 1710/257/257
f 207/13/13 1703/265/265 1704/258/258
f 229/259/259 228/266/266 1714/260/260
f 217/262/262 1708/268/268 1709/263/263
f 205/264/264 1702/269/269 1703/265/265
f 228/266/266 227/30/30 1713/267/267
f 215/21/21 1707/271/271 1708/268/268
f 203/11/11 1701/272/272 1702/269/269
f 195/1/1 1697/245/245 1698/270/270
f 227/30/30 225/249/249 1712/248/248
f 213/19/19 1706/250/250 1707/271/271
f 201/8/8 1700/251/251 1701/272/272
f 1691/230/230 1726/286/286 1725/273/273
f 1695/236/236 1696/235/235 1731/274/274
f 1733/276/276 1734/292/294 1699/241/241
f 1687/244/244 1688/239/239 1723/277/277
f 1692/229/229 1693/243/243 1728/279/279
f 1684/234/234 1685/232/232 1720/281/281
f 1690/233/233 1725/273/273 1724/283/283
f 1694/238/238 1695/236/236 1730/275/275
f 1687/244/244 1722/278/278 1721/285/285
f 1691/230/230 1692/229/229 1727/280/280
f 1684/234/234 1719/282/282 1718/287/287
f 1688/239/239 1689/237/237 1724/283/283
f 1693/243/243 1694/238/238 1729/284/284
f 1686/231/231 1721/285/285 1720/281/281
f 1710/257/257 1745/296/298 1746/288/288
f 1698/270/270 1697/245/245 1732/247/247
f 1702/269/269 1737/299/301 1738/289/289
f 1707/271/271 1742/300/302 1743/290/290
f 1717/256/256 1718/287/287 1753/287/291
f 1712/248/248 1747/301/303 1748/291/293
f 1700/251/251 1699/241/241 1734/292/294
f 1704/258/258 1739/302/304 1740/294/296
f 1710/257/257 1709/263/263 1744/295/297
f 1714/260/260 1749/303/305 1750/297/299
f 1702/269/269 1701/272/272 1736/298/300
f 1706/250/250 1741/304/306 1742/300/302
f 1712/248/248 1711/253/253 1746/288/288
f 1704/258/258 1703/265/265 1738/289/289
f 1709/263/263 1708/268/268 1743/290/290
f 1713/267/267 1748/291/293 1749/303/305
f 1700/251/251 1735/293/295 1736/298/300
f 1706/250/250 1705/255/255 1740/294/296
f 1722/278/278 1723/277/277 1758/277/307
f 1727/280/280 1728/279/279 1763/279/309
f 1719/282/282 1720/281/281 1755/281/311
f 1724/283/283 1725/273/273 1760/273/313
f 1729/284/284 1730/275/275 1765/275/315
f 1721/285/285 1722/278/278 1757/278/308
f 1726/286/286 1727/280/280 1762/280/310
f 1718/287/287 1719/282/282 1754/282/312
f 1723/277/277 1724/283/283 1759/283/314
f 1728/279/279 1729/284/284 1764/284/316
f 1720/281/281 1721/285/285 1756/285/317
f 1725/273/273 1726/286/286 1761/286/318
f 1730/275/275 1731/274/274 1766/274/319
f 1757/278/308 1771/278/333 1770/285/320
f 1761/286/318 1762/280/310 1776/280/321
f 1733/276/276 1782/276/339 1783/292/323
f 1753/287/291 1754/282/312 1768/282/324
f 1758/277/307 1759/283/314 1773/283/326
f 1764/284/316 1778/284/334 1777/279/328
f 1755/281/311 1756/285/317 1770/285/320
f 1760/273/313 1761/286/318 1775/286/322
f 1765/275/315 1766/274/319 1780/274/331
f 1758/277/307 1772/277/327 1771/278/333
f 1762/280/310 1763/279/309 1777/279/328
f 1755/281/311 1769/281/329 1768/282/324
f 1759/283/314 1760/273/313 1774/273/330
f 1765/275/315 1779/275/332 1778/284/334
f 1735/293/295 1784/293/344 1785/298/335
f 1740/294/296 1789/294/345 1790/304/336
f 1751/246/246 1800/246/1776 1781/247/337
f 1745/296/298 1794/296/346 1795/288/338
f 1732/247/247 1781/247/337 1782/276/339
f 1737/299/301 1786/299/347 1787/289/340
f 1742/300/302 1791/300/348 1792/290/341
f 1802/276/240 1803/292/242 1783/292/323
f 1748/291/293 1747/301/303 1796/301/342
f 1734/292/294 1783/292/323 1784/293/344
f 1739/302/304 1788/302/349 1789/294/345
f 1744/295/297 1793/295/350 1794/296/346
f 1736/298/300 1785/298/335 1786/299/347
f 1741/304/306 1790/304/336 1791/300/348
f 1746/288/288 1795/288/338 1796/301/342
f 1738/289/289 1787/289/340 1788/302/349
f 1743/290/290 1792/290/341 1793/295/350
f 1749/303/305 1748/291/293 1797/291/343
f 1803/292/242 1802/276/240 1801/247/369
f 1801/247/369 1832/246/368 1831/1710/259
f 1831/1710/259 1830/1711/1777 1829/1712/259
f 1829/1712/259 1828/1713/1778 1827/1714/1779
f 1827/1714/1779 1826/1715/1780 1825/1716/259
f 1825/1716/259 1824/1717/1781 1823/1718/259
f 1823/1718/259 1822/1719/252 1821/1720/259
f 1821/1720/259 1820/1721/1782 1819/297/352
f 1819/297/352 1818/303/363 1817/291/358
f 1817/291/358 1816/301/357 1815/288/370
f 1815/288/370 1814/296/361 1813/295/367
f 1813/295/367 1812/290/356 1811/300/353
f 1811/300/353 1810/304/365 1809/294/360
f 1809/294/360 1808/302/366 1807/289/355
f 1807/289/355 1806/299/354 1805/298/364
f 1805/298/364 1804/293/359 1803/292/242
f 1803/292/242 1801/247/369 1831/1710/259
f 1831/1710/259 1829/1712/259 1827/1714/1779
f 1827/1714/1779 1825/1716/259 1823/1718/259
f 1823/1718/259 1821/1720/259 1819/297/352
f 1819/297/352 1817/291/358 1815/288/370
f 1815/288/370 1813/295/367 1811/300/353
f 1811/300/353 1809/294/360 1807/289/355
f 1807/289/355 1805/298/364 1803/292/242
f 1803/292/242 1831/1710/259 1827/1714/1779
f 1827/1714/1779 1823/1718/259 1819/297/352
f 1819/297/352 1815/288/370 1811/300/353
f 1811/300/353 1807/289/355 1803/292/242
f 1803/292/242 1827/1714/1779 1819/297/352
f 1781/247/337 1801/247/369 1802/276/240
f 1787/289/340 1786/299/347 1806/299/354
f 1791/300/348 1811/300/353 1812/290/356
f 1797/291/343 1796/301/342 1816/301/357
f 1783/292/323 1803/292/242 1804/293/359
f 1788/302/349 1808/302/366 1809/294/360
f 1793/295/350 1813/295/367 1814/296/361
f 1799/297/362 1798/303/351 1818/303/363
f 1786/299/347 1785/298/335 1805/298/364
f 1791/300/348 1790/304/336 1810/304/365
f 197/240/240 199/242/242 269/7/7
f 1795/288/338 1815/288/370 1816/301/357
f 1787/289/340 1807/289/355 1808/302/366
f 1792/290/341 1812/290/356 1813/295/367
f 1798/303/351 1797/291/343 1817/291/358
f 1785/298/335 1784/293/344 1804/293/359
f 1790/304/336 1789/294/345 1809/294/360
f 1781/247/337 1800/246/1776 1832/246/368
f 1795/288/338 1794/296/346 1814/296/361
usemtl limbs.007
f 1/305/371 151/306/372 96/307/373
f 1/305/371 165/308/374 74/309/375
f 74/309/375 49/310/376 1/305/371
f 49/310/376 51/311/377 1/305/371
f 93/312/378 73/313/379 2/314/380
f 73/313/379 51/311/377 2/314/380
f 2/314/380 145/315/381 50/316/382
f 50/316/382 93/312/378 2/314/380
f 3/317/383 154/318/384 50/316/382
f 50/316/382 52/319/385 3/317/383
f 3/317/383 153/320/386 94/321/387
f 94/321/387 76/322/388 3/317/383
f 55/323/389 92/324/390 4/325/391
f 4/325/391 164/326/392 78/327/393
f 78/327/393 53/328/394 4/325/391
f 4/325/391 146/329/395 55/323/389
f 5/330/396 165/308/374 77/331/397
f 77/331/397 55/323/389 5/330/396
f 55/323/389 54/332/398 5/330/396
f 5/330/396 152/333/399 74/309/375
f 6/334/400 152/333/399 54/332/398
f 6/334/400 146/329/395 56/335/401
f 56/335/401 90/336/402 6/334/400
f 6/334/400 169/337/403 95/338/404
f 59/339/405 89/340/406 7/341/407
f 89/340/406 81/342/408 7/341/407
f 81/342/408 57/343/409 7/341/407
f 7/341/407 147/344/410 59/339/405
f 8/345/411 164/326/392 80/346/412
f 8/345/411 158/347/413 59/339/405
f 59/339/405 58/348/414 8/345/411
f 58/348/414 78/327/393 8/345/411
f 91/349/415 58/348/414 9/350/416
f 9/350/416 147/344/410 60/351/417
f 60/351/417 87/352/418 9/350/416
f 9/350/416 168/353/419 91/349/415
f 63/354/420 86/355/421 10/356/422
f 10/356/422 166/357/423 93/312/378
f 93/312/378 61/358/424 10/356/422
f 10/356/422 148/359/425 63/354/420
f 11/360/426 163/361/427 83/362/428
f 83/362/428 63/354/420 11/360/426
f 11/360/426 148/359/425 62/363/429
f 62/363/429 81/342/408 11/360/426
f 12/364/430 159/365/431 62/363/429
f 62/363/429 64/366/432 12/364/430
f 12/364/430 162/367/433 85/368/434
f 12/364/430 167/369/435 88/370/436
f 13/371/437 153/320/386 75/372/438
f 75/372/438 90/336/402 13/371/437
f 13/371/437 157/373/439 65/374/440
f 65/374/440 67/375/441 13/371/437
f 118/376/442 129/377/443 14/378/444
f 14/378/444 185/379/445 105/380/446
f 14/378/444 173/381/447 99/382/448
f 99/382/448 118/376/442 14/378/444
f 112/383/449 132/384/450 15/385/451
f 15/385/451 179/386/452 66/387/453
f 66/387/453 102/388/454 15/385/451
f 15/385/451 175/389/455 112/383/449
f 71/390/456 80/346/412 16/391/457
f 16/391/457 164/326/392 92/324/390
f 92/324/390 69/392/458 16/391/457
f 16/391/457 150/393/459 71/390/456
f 17/394/460 163/361/427 89/340/406
f 89/340/406 71/390/456 17/394/460
f 17/394/460 150/393/459 70/395/461
f 70/395/461 83/362/428 17/394/460
f 86/355/421 70/395/461 18/396/462
f 18/396/462 150/393/459 72/397/463
f 72/397/463 73/313/379 18/396/462
f 18/396/462 166/357/423 86/355/421
f 72/397/463 69/392/458 19/398/464
f 19/398/464 155/399/465 77/331/397
f 19/398/464 165/308/374 96/307/373
f 19/398/464 151/306/372 72/397/463
f 20/400/466 149/401/467 65/374/440
f 65/374/440 79/402/468 20/400/466
f 20/400/466 168/353/419 87/352/418
f 20/400/466 160/403/469 68/404/470
f 21/405/471 148/359/425 61/358/424
f 61/358/424 76/322/388 21/405/471
f 21/405/471 170/406/472 84/407/473
f 84/407/473 64/366/432 21/405/471
f 60/351/417 57/343/409 22/408/474
f 22/408/474 159/365/431 88/370/436
f 88/370/436 82/409/475 22/408/474
f 22/408/474 160/403/469 60/351/417
f 56/335/401 53/328/394 23/410/476
f 23/410/476 156/411/477 91/349/415
f 23/410/476 168/353/419 79/402/468
f 23/410/476 157/373/439 56/335/401
f 24/412/478 145/315/381 49/310/376
f 49/310/376 95/338/404 24/412/478
f 24/412/478 169/337/403 75/372/438
f 75/372/438 52/319/385 24/412/478
f 101/413/479 103/414/480 25/415/481
f 103/414/480 98/416/482 25/415/481
f 25/415/481 171/417/483 97/418/484
f 97/418/484 101/413/479 25/415/481
f 102/388/454 97/418/484 26/419/485
f 26/419/485 171/417/483 99/382/448
f 99/382/448 100/420/486 26/419/485
f 100/420/486 102/388/454 26/419/485
f 27/421/487 179/386/452 135/422/488
f 135/422/488 107/423/489 27/421/487
f 27/421/487 176/424/490 101/413/479
f 101/413/479 66/387/453 27/421/487
f 124/425/491 138/426/492 28/427/493
f 28/427/493 186/428/494 118/376/442
f 118/376/442 98/416/482 28/427/493
f 28/427/493 172/429/495 124/425/491
f 29/430/496 191/431/497 141/432/498
f 141/432/498 124/425/491 29/430/496
f 29/430/496 172/429/495 103/414/480
f 29/430/496 176/424/490 107/423/489
f 105/380/446 144/433/499 30/434/500
f 30/434/500 180/435/501 112/383/449
f 30/434/500 175/389/455 100/420/486
f 30/434/500 173/381/447 105/380/446
f 106/436/502 68/404/470 31/437/503
f 68/404/470 115/438/504 31/437/503
f 115/438/504 127/439/505 31/437/503
f 31/437/503 188/440/506 106/436/502
f 120/441/507 127/439/505 32/442/508
f 32/442/508 183/443/509 116/444/510
f 116/444/510 128/445/511 32/442/508
f 32/442/508 187/446/512 120/441/507
f 119/447/513 128/445/511 33/448/514
f 33/448/514 184/449/515 117/450/516
f 117/450/516 129/377/443 33/448/514
f 33/448/514 186/428/494 119/447/513
f 104/451/517 85/368/434 34/452/518
f 34/452/518 162/367/433 109/453/519
f 109/453/519 130/454/520 34/452/518
f 34/452/518 182/455/521 104/451/517
f 114/456/522 130/454/520 35/457/523
f 35/457/523 177/458/524 110/459/525
f 35/457/523 178/460/526 131/461/527
f 35/457/523 181/462/528 114/456/522
f 113/463/529 131/461/527 36/464/530
f 36/464/530 178/460/526 111/465/531
f 111/465/531 132/384/450 36/464/530
f 36/464/530 180/435/501 113/463/529
f 37/466/532 162/367/433 84/407/473
f 84/407/473 121/467/533 37/466/532
f 37/466/532 189/468/534 133/469/535
f 133/469/535 109/453/519 37/466/532
f 38/470/536 177/458/524 133/469/535
f 133/469/535 122/471/537 38/470/536
f 38/470/536 190/472/538 134/473/539
f 134/473/539 110/459/525 38/470/536
f 39/474/540 178/460/526 134/473/539
f 134/473/539 123/475/541 39/474/540
f 39/474/540 191/431/497 135/422/488
f 135/422/488 111/465/531 39/474/540
f 108/476/542 67/375/441 40/477/543
f 40/477/543 149/401/467 106/436/502
f 106/436/502 136/478/544 40/477/543
f 136/478/544 108/476/542 40/477/543
f 41/479/545 194/480/546 136/478/544
f 41/479/545 188/440/506 120/441/507
f 120/441/507 137/481/547 41/479/545
f 137/481/547 126/482/548 41/479/545
f 42/483/549 193/484/550 137/481/547
f 42/483/549 187/446/512 119/447/513
f 119/447/513 138/426/492 42/483/549
f 138/426/492 125/485/551 42/483/549
f 43/486/552 170/406/472 94/321/387
f 94/321/387 108/476/542 43/486/552
f 43/486/552 194/480/546 139/487/553
f 139/487/553 121/467/533 43/486/552
f 44/488/554 189/468/534 139/487/553
f 139/487/553 126/482/548 44/488/554
f 44/488/554 193/484/550 140/489/555
f 140/489/555 122/471/537 44/488/554
f 45/490/556 190/472/538 140/489/555
f 140/489/555 125/485/551 45/490/556
f 45/490/556 192/491/557 141/432/498
f 141/432/498 123/475/541 45/490/556
f 115/438/504 82/409/475 46/492/558
f 46/492/558 167/369/435 104/451/517
f 104/451/517 142/493/559 46/492/558
f 46/492/558 183/443/509 115/438/504
f 116/444/510 142/493/559 47/494/560
f 47/494/560 182/455/521 114/456/522
f 114/456/522 143/495/561 47/494/560
f 47/494/560 184/449/515 116/444/510
f 117/450/516 143/495/561 48/496/562
f 48/496/562 181/462/528 113/463/529
f 113/463/529 144/433/499 48/496/562
f 48/496/562 185/379/445 117/450/516
f 1132/497/563 303/498/564 311/499/565
f 340/500/566 304/501/567 315/502/568
f 310/503/569 305/504/570 318/505/571
f 331/506/572 313/507/573 333/508/574
f 1126/509/575 304/501/567 338/510/576
f 1128/511/577 307/512/578 330/513/579
f 1132/497/563 307/512/578 1136/514/580
f 328/515/581 323/516/582 332/517/583
f 332/517/583 314/518/584 330/513/579
f 336/519/585 315/502/568 308/520/586
f 310/503/569 309/521/587 342/522/588
f 341/523/589 321/524/590 325/525/591
f 341/523/589 320/526/592 339/527/593
f 333/508/574 306/528/594 329/529/595
f 1130/530/596 328/515/581 1127/531/597
f 1125/532/598 314/518/584 336/519/585
f 321/524/590 333/508/574 325/525/591
f 1129/533/599 330/513/579 314/518/584
f 303/498/564 332/517/583 311/499/565
f 311/499/565 330/513/579 307/512/578
f 320/526/592 333/508/574 329/529/595
f 1127/531/597 303/498/564 1134/534/600
f 323/516/582 338/510/576 340/500/566
f 1130/530/596 338/510/576 316/535/601
f 314/518/584 340/500/566 336/519/585
f 305/504/570 341/523/589 318/505/571
f 318/505/571 339/527/593 309/521/587
f 302/536/602 327/537/603 313/507/573
f 306/528/594 327/537/603 335/538/604
f 1133/539/605 336/519/585 308/520/586
f 365/540/606 388/541/607 389/542/608
f 359/543/609 384/544/610 360/545/611
f 354/546/612 379/547/613 355/548/614
f 349/549/615 374/550/616 350/551/617
f 345/552/618 368/553/619 369/554/620
f 365/540/606 390/555/621 366/556/622
f 360/545/611 385/557/623 361/558/624
f 355/548/614 380/559/625 356/560/626
f 350/551/617 375/561/627 351/562/628
f 346/563/629 369/554/620 370/564/630
f 366/556/622 391/565/631 367/566/632
f 361/558/624 386/567/633 362/568/634
f 356/560/626 381/569/635 357/570/636
f 352/571/637 375/561/627 376/572/638
f 346/563/629 371/573/639 347/574/640
f 362/568/634 387/575/641 363/576/642
f 358/577/643 381/569/635 382/578/644
f 353/579/645 376/572/638 377/580/646
f 348/581/647 371/573/639 372/582/648
f 364/583/649 387/575/641 388/541/607
f 359/543/609 382/578/644 383/584/650
f 353/579/645 378/585/651 354/546/612
f 349/549/615 372/582/648 373/586/652
f 374/550/616 397/587/653 398/588/654
f 368/553/619 393/589/655 369/554/620
f 390/555/621 413/590/656 414/591/657
f 385/557/623 408/592/658 409/593/659
f 379/547/613 404/594/660 380/559/625
f 375/561/627 398/588/654 399/595/661
f 369/554/620 394/596/662 370/564/630
f 391/565/631 414/591/657 415/597/663
f 386/567/633 409/593/659 410/598/664
f 381/569/635 404/594/660 405/599/665
f 376/572/638 399/595/661 400/600/666
f 370/564/630 395/601/667 371/573/639
f 386/567/633 411/602/668 387/575/641
f 382/578/644 405/599/665 406/603/669
f 376/572/638 401/604/670 377/580/646
f 371/573/639 396/605/671 372/582/648
f 388/541/607 411/602/668 412/606/672
f 383/584/650 406/603/669 407/607/673
f 378/585/651 401/604/670 402/608/674
f 373/586/652 396/605/671 397/587/653
f 388/541/607 413/590/656 389/542/608
f 383/584/650 408/592/658 384/544/610
f 378/585/651 403/609/675 379/547/613
f 413/590/656 438/610/676 414/591/657
f 409/593/659 432/611/677 433/612/678
f 403/609/675 428/613/679 404/594/660
f 398/588/654 423/614/680 399/595/661
f 393/589/655 418/615/681 394/596/662
f 414/591/657 439/616/682 415/597/663
f 410/598/664 433/612/678 434/617/683
f 405/599/665 428/613/679 429/618/684
f 400/600/666 423/614/680 424/619/685
f 395/601/667 418/615/681 419/620/686
f 411/602/668 434/617/683 435/621/687
f 406/603/669 429/618/684 430/622/688
f 400/600/666 425/623/689 401/604/670
f 396/605/671 419/620/686 420/624/690
f 412/606/672 435/621/687 436/625/691
f 407/607/673 430/622/688 431/626/692
f 402/608/674 425/623/689 426/627/693
f 396/605/671 421/628/694 397/587/653
f 413/590/656 436/625/691 437/629/695
f 407/607/673 432/611/677 408/592/658
f 403/609/675 426/627/693 427/630/696
f 397/587/653 422/631/697 398/588/654
f 392/632/698 417/633/699 393/589/655
f 417/633/699 442/634/700 418/615/681
f 439/616/682 462/635/701 463/636/702
f 433/612/678 458/637/703 434/617/683
f 429/618/684 452/638/704 453/639/705
f 423/614/680 448/640/706 424/619/685
f 419/620/686 442/634/700 443/641/707
f 435/621/687 458/637/703 459/642/708
f 429/618/684 454/643/709 430/622/688
f 424/619/685 449/644/710 425/623/689
f 419/620/686 444/645/711 420/624/690
f 435/621/687 460/646/712 436/625/691
f 430/622/688 455/647/713 431/626/692
f 425/623/689 450/648/714 426/627/693
f 420/624/690 445/649/715 421/628/694
f 437/629/695 460/646/712 461/650/716
f 431/626/692 456/651/717 432/611/677
f 426/627/693 451/652/718 427/630/696
f 422/631/697 445/649/715 446/653/719
f 417/633/699 440/654/720 441/655/721
f 438/610/676 461/650/716 462/635/701
f 432/611/677 457/656/722 433/612/678
f 428/613/679 451/652/718 452/638/704
f 423/614/680 446/653/719 447/657/723
f 458/637/703 481/658/724 482/659/725
f 452/638/704 477/660/726 453/639/705
f 448/640/706 471/661/727 472/662/728
f 442/634/700 467/663/729 443/641/707
f 459/642/708 482/659/725 483/664/730
f 454/643/709 477/660/726 478/665/731
f 449/644/710 472/662/728 473/666/732
f 444/645/711 467/663/729 468/667/733
f 459/642/708 484/668/734 460/646/712
f 454/643/709 479/669/735 455/647/713
f 449/644/710 474/670/736 450/648/714
f 444/645/711 469/671/737 445/649/715
f 460/646/712 485/672/738 461/650/716
f 455/647/713 480/673/739 456/651/717
f 451/652/718 474/670/736 475/674/740
f 445/649/715 470/675/741 446/653/719
f 440/654/720 465/676/742 441/655/721
f 461/650/716 486/677/743 462/635/701
f 456/651/717 481/658/724 457/656/722
f 451/652/718 476/678/744 452/638/704
f 447/657/723 470/675/741 471/661/727
f 441/655/721 466/679/745 442/634/700
f 463/636/702 486/677/743 487/680/746
f 466/679/745 491/681/747 467/663/729
f 482/659/725 507/682/748 483/664/730
f 478/665/731 501/683/749 502/684/750
f 472/662/728 497/685/751 473/666/732
f 467/663/729 492/686/752 468/667/733
f 484/668/734 507/682/748 508/687/753
f 479/669/735 502/684/750 503/688/754
f 473/666/732 498/689/755 474/670/736
f 469/671/737 492/686/752 493/690/756
f 485/672/738 508/687/753 509/691/757
f 480/673/739 503/688/754 504/692/758
f 475/674/740 498/689/755 499/693/759
f 470/675/741 493/690/756 494/694/760
f 465/676/742 488/695/761 489/696/762
f 486/677/743 509/691/757 510/697/763
f 481/658/724 504/692/758 505/698/764
f 475/674/740 500/699/765 476/678/744
f 470/675/741 495/700/766 471/661/727
f 466/679/745 489/696/762 490/701/767
f 486/677/743 511/702/768 487/680/746
f 481/658/724 506/703/769 482/659/725
f 476/678/744 501/683/749 477/660/726
f 471/661/727 496/704/770 472/662/728
f 506/703/769 531/705/771 507/682/748
f 501/683/749 526/706/772 502/684/750
f 497/685/751 520/707/773 521/708/774
f 492/686/752 515/709/775 516/710/776
f 507/682/748 532/711/777 508/687/753
f 502/684/750 527/712/778 503/688/754
f 498/689/755 521/708/774 522/713/779
f 493/690/756 516/710/776 517/714/780
f 508/687/753 533/715/781 509/691/757
f 503/688/754 528/716/782 504/692/758
f 498/689/755 523/717/783 499/693/759
f 493/690/756 518/718/784 494/694/760
f 488/695/761 513/719/785 489/696/762
f 509/691/757 534/720/786 510/697/763
f 505/698/764 528/716/782 529/721/787
f 500/699/765 523/717/783 524/722/788
f 494/694/760 519/723/789 495/700/766
f 489/696/762 514/724/790 490/701/767
f 510/697/763 535/725/791 511/702/768
f 506/703/769 529/721/787 530/726/792
f 501/683/749 524/722/788 525/727/793
f 495/700/766 520/707/773 496/704/770
f 490/701/767 515/709/775 491/681/747
f 531/705/771 556/728/794 532/711/777
f 527/712/778 550/729/795 551/730/796
f 522/713/779 545/731/797 546/732/798
f 516/710/776 541/733/799 517/714/780
f 533/715/781 556/728/794 557/734/800
f 528/716/782 551/730/796 552/735/801
f 522/713/779 547/736/802 523/717/783
f 518/718/784 541/733/799 542/737/803
f 512/738/804 537/739/805 513/719/785
f 534/720/786 557/734/800 558/740/806
f 529/721/787 552/735/801 553/741/807
f 523/717/783 548/742/808 524/722/788
f 518/718/784 543/743/809 519/723/789
f 513/719/785 538/744/810 514/724/790
f 535/725/791 558/740/806 559/745/811
f 529/721/787 554/746/812 530/726/792
f 525/727/793 548/742/808 549/747/813
f 519/723/789 544/748/814 520/707/773
f 515/709/775 538/744/810 539/749/815
f 531/705/771 554/746/812 555/750/816
f 525/727/793 550/729/795 526/706/772
f 520/707/773 545/731/797 521/708/774
f 516/710/776 539/749/815 540/751/817
f 551/730/796 574/752/818 575/753/819
f 545/731/797 570/754/820 546/732/798
f 540/751/817 565/755/821 541/733/799
f 557/734/800 580/756/822 581/757/823
f 551/730/796 576/758/824 552/735/801
f 547/736/802 570/754/820 571/759/825
f 542/737/803 565/755/821 566/760/826
f 537/739/805 560/761/827 561/762/828
f 557/734/800 582/763/829 558/740/806
f 553/741/807 576/758/824 577/764/830
f 547/736/802 572/765/831 548/742/808
f 542/737/803 567/766/832 543/743/809
f 537/739/805 562/767/833 538/744/810
f 558/740/806 583/768/834 559/745/811
f 553/741/807 578/769/835 554/746/812
f 548/742/808 573/770/836 549/747/813
f 544/748/814 567/766/832 568/771/837
f 538/744/810 563/772/838 539/749/815
f 555/750/816 578/769/835 579/773/839
f 550/729/795 573/770/836 574/752/818
f 545/731/797 568/771/837 569/774/840
f 540/751/817 563/772/838 564/775/841
f 555/750/816 580/756/822 556/728/794
f 581/757/823 604/776/842 605/777/843
f 575/753/819 600/778/844 576/758/824
f 571/759/825 594/779/845 595/780/846
f 566/760/826 589/781/847 590/782/848
f 560/761/827 585/783/849 561/762/828
f 582/763/829 605/777/843 606/784/850
f 577/764/830 600/778/844 601/785/851
f 571/759/825 596/786/852 572/765/831
f 567/766/832 590/782/848 591/787/853
f 561/762/828 586/788/854 562/767/833
f 583/768/834 606/784/850 607/789/855
f 578/769/835 601/785/851 602/790/856
f 573/770/836 596/786/852 597/791/857
f 568/771/837 591/787/853 592/792/858
f 562/767/833 587/793/859 563/772/838
f 579/773/839 602/790/856 603/794/860
f 574/752/818 597/791/857 598/795/861
f 568/771/837 593/796/862 569/774/840
f 564/775/841 587/793/859 588/797/863
f 579/773/839 604/776/842 580/756/822
f 575/753/819 598/795/861 599/798/864
f 569/774/840 594/779/845 570/754/820
f 564/775/841 589/781/847 565/755/821
f 600/778/844 623/799/865 624/800/866
f 595/780/846 618/801/867 619/802/868
f 590/782/848 613/803/869 614/804/870
f 585/783/849 608/805/871 609/806/872
f 606/784/850 629/807/873 630/808/874
f 600/778/844 625/809/875 601/785/851
f 596/786/852 619/802/868 620/810/876
f 590/782/848 615/811/877 591/787/853
f 586/788/854 609/806/872 610/812/878
f 606/784/850 631/813/879 607/789/855
f 601/785/851 626/814/880 602/790/856
f 596/786/852 621/815/881 597/791/857
f 592/792/858 615/811/877 616/816/882
f 587/793/859 610/812/878 611/817/883
f 603/794/860 626/814/880 627/818/884
f 597/791/857 622/819/885 598/795/861
f 593/796/862 616/816/882 617/820/886
f 587/793/859 612/821/887 588/797/863
f 603/794/860 628/822/888 604/776/842
f 599/798/864 622/819/885 623/799/865
f 593/796/862 618/801/867 594/779/845
f 588/797/863 613/803/869 589/781/847
f 604/776/842 629/807/873 605/777/843
f 630/808/874 653/823/889 654/824/890
f 625/809/875 648/825/891 649/826/892
f 619/802/868 644/827/893 620/810/876
f 614/804/870 639/828/894 615/811/877
f 609/806/872 634/829/895 610/812/878
f 631/813/879 654/824/890 655/830/896
f 625/809/875 650/831/897 626/814/880
f 620/810/876 645/832/898 621/815/881
f 616/816/882 639/828/894 640/833/899
f 611/817/883 634/829/895 635/834/900
f 626/814/880 651/835/901 627/818/884
f 621/815/881 646/836/902 622/819/885
f 617/820/886 640/833/899 641/837/903
f 612/821/887 635/834/900 636/838/904
f 627/818/884 652/839/905 628/822/888
f 623/799/865 646/836/902 647/840/906
f 617/820/886 642/841/907 618/801/867
f 613/803/869 636/838/904 637/842/908
f 629/807/873 652/839/905 653/823/889
f 624/800/866 647/840/906 648/825/891
f 618/801/867 643/843/909 619/802/868
f 614/804/870 637/842/908 638/844/910
f 608/805/871 633/845/911 609/806/872
f 643/843/909 668/846/912 644/827/893
f 639/828/894 662/847/913 663/848/914
f 633/845/911 658/849/915 634/829/895
f 654/824/890 679/850/916 655/830/896
f 650/831/897 673/851/917 674/852/918
f 645/832/898 668/846/912 669/853/919
f 639/828/894 664/854/920 640/833/899
f 635/834/900 658/849/915 659/855/921
f 651/835/901 674/852/918 675/856/922
f 646/836/902 669/853/919 670/857/923
f 640/833/899 665/858/924 641/837/903
f 636/838/904 659/855/921 660/859/925
f 651/835/901 676/860/926 652/839/905
f 646/836/902 671/861/927 647/840/906
f 641/837/903 666/862/928 642/841/907
f 637/842/908 660/859/925 661/863/929
f 652/839/905 677/864/930 653/823/889
f 647/840/906 672/865/931 648/825/891
f 643/843/909 666/862/928 667/866/932
f 637/842/908 662/847/913 638/844/910
f 632/867/933 657/868/934 633/845/911
f 654/824/890 677/864/930 678/869/935
f 648/825/891 673/851/917 649/826/892
f 678/869/935 703/870/936 679/850/916
f 674/852/918 697/871/937 698/872/938
f 669/853/919 692/873/939 693/874/940
f 663/848/914 688/875/941 664/854/920
f 659/855/921 682/876/942 683/877/943
f 675/856/922 698/872/938 699/878/944
f 669/853/919 694/879/945 670/857/923
f 664/854/920 689/880/946 665/858/924
f 659/855/921 684/881/947 660/859/925
f 675/856/922 700/882/948 676/860/926
f 670/857/923 695/883/949 671/861/927
f 666/862/928 689/880/946 690/884/950
f 661/863/929 684/881/947 685/885/951
f 677/864/930 700/882/948 701/886/952
f 672/865/931 695/883/949 696/887/953
f 667/866/932 690/884/950 691/888/954
f 661/863/929 686/889/955 662/847/913
f 657/868/934 680/890/956 681/891/957
f 677/864/930 702/892/958 678/869/935
f 672/865/931 697/871/937 673/851/917
f 667/866/932 692/873/939 668/846/912
f 663/848/914 686/889/955 687/893/959
f 657/868/934 682/876/942 658/849/915
f 693/874/940 716/894/960 717/895/961
f 687/893/959 712/896/962 688/875/941
f 682/876/942 707/897/963 683/877/943
f 699/878/944 722/898/964 723/899/965
f 693/874/940 718/900/966 694/879/945
f 688/875/941 713/901/967 689/880/946
f 683/877/943 708/902/968 684/881/947
f 699/878/944 724/903/969 700/882/948
f 694/879/945 719/904/970 695/883/949
f 689/880/946 714/905/971 690/884/950
f 684/881/947 709/906/972 685/885/951
f 701/886/952 724/903/969 725/907/973
f 696/887/953 719/904/970 720/908/974
f 691/888/954 714/905/971 715/909/975
f 686/889/955 709/906/972 710/910/976
f 680/890/956 705/911/977 681/891/957
f 702/892/958 725/907/973 726/912/978
f 696/887/953 721/913/979 697/871/937
f 691/888/954 716/894/960 692/873/939
f 687/893/959 710/910/976 711/914/980
f 681/891/957 706/915/981 682/876/942
f 703/870/936 726/912/978 727/916/982
f 697/871/937 722/898/964 698/872/938
f 722/898/964 747/917/983 723/899/965
f 717/895/961 742/918/984 718/900/966
f 712/896/962 737/919/985 713/901/967
f 707/897/963 732/920/986 708/902/968
f 723/899/965 748/921/987 724/903/969
f 718/900/966 743/922/988 719/904/970
f 714/905/971 737/919/985 738/923/989
f 709/906/972 732/920/986 733/924/990
f 724/903/969 749/925/991 725/907/973
f 720/908/974 743/922/988 744/926/992
f 714/905/971 739/927/993 715/909/975
f 709/906/972 734/928/994 710/910/976
f 705/911/977 728/929/995 729/930/996
f 725/907/973 750/931/997 726/912/978
f 720/908/974 745/932/998 721/913/979
f 716/894/960 739/927/993 740/933/999
f 711/914/980 734/928/994 735/934/1000
f 705/911/977 730/935/1001 706/915/981
f 726/912/978 751/936/1002 727/916/982
f 722/898/964 745/932/998 746/937/1003
f 717/895/961 740/933/999 741/938/1004
f 711/914/980 736/939/1005 712/896/962
f 707/897/963 730/935/1001 731/940/1006
f 737/919/985 760/941/1007 761/942/1008
f 731/940/1006 756/943/1009 732/920/986
f 747/917/983 772/944/1010 748/921/987
f 742/918/984 767/945/1011 743/922/988
f 737/919/985 762/946/1012 738/923/989
f 732/920/986 757/947/1013 733/924/990
f 749/925/991 772/944/1010 773/948/1014
f 744/926/992 767/945/1011 768/949/1015
f 738/923/989 763/950/1016 739/927/993
f 733/924/990 758/951/1017 734/928/994
f 729/930/996 752/952/1018 753/953/1019
f 749/925/991 774/954/1020 750/931/997
f 745/932/998 768/949/1015 769/955/1021
f 740/933/999 763/950/1016 764/956/1022
f 735/934/1000 758/951/1017 759/957/1023
f 729/930/996 754/958/1024 730/935/1001
f 751/936/1002 774/954/1020 775/959/1025
f 746/937/1003 769/955/1021 770/960/1026
f 740/933/999 765/961/1027 741/938/1004
f 735/934/1000 760/941/1007 736/939/1005
f 730/935/1001 755/962/1028 731/940/1006
f 747/917/983 770/960/1026 771/963/1029
f 742/918/984 765/961/1027 766/964/1030
f 772/944/1010 795/965/1031 796/966/1032
f 767/945/1011 790/967/1033 791/968/1034
f 761/942/1008 786/969/1035 762/946/1012
f 756/943/1009 781/970/1036 757/947/1013
f 773/948/1014 796/966/1032 797/971/1037
f 768/949/1015 791/968/1034 792/972/1038
f 763/950/1016 786/969/1035 787/973/1039
f 758/951/1017 781/970/1036 782/974/1040
f 753/953/1019 776/975/1041 777/976/1042
f 773/948/1014 798/977/1043 774/954/1020
f 768/949/1015 793/978/1044 769/955/1021
f 764/956/1022 787/973/1039 788/979/1045
f 759/957/1023 782/974/1040 783/980/1046
f 753/953/1019 778/981/1047 754/958/1024
f 774/954/1020 799/982/1048 775/959/1025
f 770/960/1026 793/978/1044 794/983/1049
f 764/956/1022 789/984/1050 765/961/1027
f 760/941/1007 783/980/1046 784/985/1051
f 755/962/1028 778/981/1047 779/986/1052
f 771/963/1029 794/983/1049 795/965/1031
f 766/964/1030 789/984/1050 790/967/1033
f 761/942/1008 784/985/1051 785/987/1053
f 755/962/1028 780/988/1054 756/943/1009
f 785/987/1053 810/989/1055 786/969/1035
f 781/970/1036 804/990/1056 805/991/1057
f 797/971/1037 820/992/1058 821/993/1059
f 791/968/1034 816/994/1060 792/972/1038
f 787/973/1039 810/989/1055 811/995/1061
f 781/970/1036 806/996/1062 782/974/1040
f 776/975/1041 801/997/1063 777/976/1042
f 798/977/1043 821/993/1059 822/998/1064
f 792/972/1038 817/999/1065 793/978/1044
f 787/973/1039 812/1000/1066 788/979/1045
f 783/980/1046 806/996/1062 807/1001/1067
f 777/976/1042 802/1002/1068 778/981/1047
f 799/982/1048 822/998/1064 823/1003/1069
f 794/983/1049 817/999/1065 818/1004/1070
f 789/984/1050 812/1000/1066 813/1005/1071
f 784/985/1051 807/1001/1067 808/1006/1072
f 779/986/1052 802/1002/1068 803/1007/1073
f 795/965/1031 818/1004/1070 819/1008/1074
f 789/984/1050 814/1009/1075 790/967/1033
f 784/985/1051 809/1010/1076 785/987/1053
f 780/988/1054 803/1007/1073 804/990/1056
f 795/965/1031 820/992/1058 796/966/1032
f 790/967/1033 815/1011/1077 791/968/1034
f 805/991/1057 830/1012/1078 806/996/1062
f 800/1013/1079 825/1014/1080 801/997/1063
f 821/993/1059 846/1015/1081 822/998/1064
f 817/999/1065 840/1016/1082 841/1017/1083
f 811/995/1061 836/1018/1084 812/1000/1066
f 806/996/1062 831/1019/1085 807/1001/1067
f 802/1002/1068 825/1014/1080 826/1020/1086
f 822/998/1064 847/1021/1087 823/1003/1069
f 818/1004/1070 841/1017/1083 842/1022/1088
f 812/1000/1066 837/1023/1089 813/1005/1071
f 808/1006/1072 831/1019/1085 832/1024/1090
f 803/1007/1073 826/1020/1086 827/1025/1091
f 818/1004/1070 843/1026/1092 819/1008/1074
f 814/1009/1075 837/1023/1089 838/1027/1093
f 808/1006/1072 833/1028/1094 809/1010/1076
f 803/1007/1073 828/1029/1095 804/990/1056
f 819/1008/1074 844/1030/1096 820/992/1058
f 815/1011/1077 838/1027/1093 839/1031/1097
f 810/989/1055 833/1028/1094 834/1032/1098
f 805/991/1057 828/1029/1095 829/1033/1099
f 820/992/1058 845/1034/1100 821/993/1059
f 815/1011/1077 840/1016/1082 816/994/1060
f 811/995/1061 834/1032/1098 835/1035/1101
f 846/1015/1081 869/1036/1102 870/1037/1103
f 841/1017/1083 864/1038/1104 865/1039/1105
f 836/1018/1084 859/1040/1106 860/1041/1107
f 830/1012/1078 855/1042/1108 831/1019/1085
f 825/1014/1080 850/1043/1109 826/1020/1086
f 847/1021/1087 870/1037/1103 871/1044/1110
f 842/1022/1088 865/1039/1105 866/1045/1111
f 836/1018/1084 861/1046/1112 837/1023/1089
f 831/1019/1085 856/1047/1113 832/1024/1090
f 826/1020/1086 851/1048/1114 827/1025/1091
f 843/1026/1092 866/1045/1111 867/1049/1115
f 838/1027/1093 861/1046/1112 862/1050/1116
f 833/1028/1094 856/1047/1113 857/1051/1117
f 827/1025/1091 852/1052/1118 828/1029/1095
f 844/1030/1096 867/1049/1115 868/1053/1119
f 838/1027/1093 863/1054/1120 839/1031/1097
f 833/1028/1094 858/1055/1121 834/1032/1098
f 829/1033/1099 852/1052/1118 853/1056/1122
f 844/1030/1096 869/1036/1102 845/1034/1100
f 840/1016/1082 863/1054/1120 864/1038/1104
f 835/1035/1101 858/1055/1121 859/1040/1106
f 830/1012/1078 853/1056/1122 854/1057/1123
f 825/1014/1080 848/1058/1124 849/1059/1125
f 855/1042/1108 878/1060/1126 879/1061/1127
f 849/1059/1125 874/1062/1128 850/1043/1109
f 871/1044/1110 894/1063/1129 895/1064/1130
f 865/1039/1105 890/1065/1131 866/1045/1111
f 861/1046/1112 884/1066/1132 885/1067/1133
f 856/1047/1113 879/1061/1127 880/1068/1134
f 850/1043/1109 875/1069/1135 851/1048/1114
f 866/1045/1111 891/1070/1136 867/1049/1115
f 862/1050/1116 885/1067/1133 886/1071/1137
f 857/1051/1117 880/1068/1134 881/1072/1138
f 852/1052/1118 875/1069/1135 876/1073/1139
f 867/1049/1115 892/1074/1140 868/1053/1119
f 863/1054/1120 886/1071/1137 887/1075/1141
f 857/1051/1117 882/1076/1142 858/1055/1121
f 853/1056/1122 876/1073/1139 877/1077/1143
f 868/1053/1119 893/1078/1144 869/1036/1102
f 863/1054/1120 888/1079/1145 864/1038/1104
f 858/1055/1121 883/1080/1146 859/1040/1106
f 854/1057/1123 877/1077/1143 878/1060/1126
f 849/1059/1125 872/1081/1147 873/1082/1148
f 869/1036/1102 894/1063/1129 870/1037/1103
f 864/1038/1104 889/1083/1149 865/1039/1105
f 860/1041/1107 883/1080/1146 884/1066/1132
f 894/1063/1129 919/1084/1150 895/1064/1130
f 890/1065/1131 913/1085/1151 914/1086/1152
f 885/1067/1133 908/1087/1153 909/1088/1154
f 879/1061/1127 904/1089/1155 880/1068/1134
f 874/1062/1128 899/1090/1156 875/1069/1135
f 891/1070/1136 914/1086/1152 915/1091/1157
f 886/1071/1137 909/1088/1154 910/1092/1158
f 881/1072/1138 904/1089/1155 905/1093/1159
f 876/1073/1139 899/1090/1156 900/1094/1160
f 892/1074/1140 915/1091/1157 916/1095/1161
f 886/1071/1137 911/1096/1162 887/1075/1141
f 881/1072/1138 906/1097/1163 882/1076/1142
f 876/1073/1139 901/1098/1164 877/1077/1143
f 892/1074/1140 917/1099/1165 893/1078/1144
f 887/1075/1141 912/1100/1166 888/1079/1145
f 882/1076/1142 907/1101/1167 883/1080/1146
f 877/1077/1143 902/1102/1168 878/1060/1126
f 872/1081/1147 897/1103/1169 873/1082/1148
f 893/1078/1144 918/1104/1170 894/1063/1129
f 889/1083/1149 912/1100/1166 913/1085/1151
f 883/1080/1146 908/1087/1153 884/1066/1132
f 878/1060/1126 903/1105/1171 879/1061/1127
f 873/1082/1148 898/1106/1172 874/1062/1128
f 898/1106/1172 923/1107/1173 899/1090/1156
f 914/1086/1152 939/1108/1174 915/1091/1157
f 909/1088/1154 934/1109/1175 910/1092/1158
f 905/1093/1159 928/1110/1176 929/1111/1177
f 899/1090/1156 924/1112/1178 900/1094/1160
f 916/1095/1161 939/1108/1174 940/1113/1179
f 910/1092/1158 935/1114/1180 911/1096/1162
f 905/1093/1159 930/1115/1181 906/1097/1163
f 901/1098/1164 924/1112/1178 925/1116/1182
f 917/1099/1165 940/1113/1179 941/1117/1183
f 912/1100/1166 935/1114/1180 936/1118/1184
f 906/1097/1163 931/1119/1185 907/1101/1167
f 902/1102/1168 925/1116/1182 926/1120/1186
f 897/1103/1169 920/1121/1187 921/1122/1188
f 917/1099/1165 942/1123/1189 918/1104/1170
f 913/1085/1151 936/1118/1184 937/1124/1190
f 908/1087/1153 931/1119/1185 932/1125/1191
f 903/1105/1171 926/1120/1186 927/1126/1192
f 898/1106/1172 921/1122/1188 922/1127/1193
f 918/1104/1170 943/1128/1194 919/1084/1150
f 914/1086/1152 937/1124/1190 938/1129/1195
f 909/1088/1154 932/1125/1191 933/1130/1196
f 903/1105/1171 928/1110/1176 904/1089/1155
f 938/1129/1195 963/1131/1197 939/1108/1174
f 934/1109/1175 957/1132/1198 958/1133/1199
f 929/1111/1177 952/1134/1200 953/1135/1201
f 924/1112/1178 947/1136/1202 948/1137/1203
f 939/1108/1174 964/1138/1204 940/1113/1179
f 934/1109/1175 959/1139/1205 935/1114/1180
f 929/1111/1177 954/1140/1206 930/1115/1181
f 924/1112/1178 949/1141/1207 925/1116/1182
f 940/1113/1179 965/1142/1208 941/1117/1183
f 936/1118/1184 959/1139/1205 960/1143/1209
f 930/1115/1181 955/1144/1210 931/1119/1185
f 925/1116/1182 950/1145/1211 926/1120/1186
f 920/1121/1187 945/1146/1212 921/1122/1188
f 941/1117/1183 966/1147/1213 942/1123/1189
f 936/1118/1184 961/1148/1214 937/1124/1190
f 931/1119/1185 956/1149/1215 932/1125/1191
f 926/1120/1186 951/1150/1216 927/1126/1192
f 922/1127/1193 945/1146/1212 946/1151/1217
f 943/1128/1194 966/1147/1213 967/1152/1218
f 938/1129/1195 961/1148/1214 962/1153/1219
f 932/1125/1191 957/1132/1198 933/1130/1196
f 927/1126/1192 952/1134/1200 928/1110/1176
f 923/1107/1173 946/1151/1217 947/1136/1202
f 947/1136/1202 972/1154/1220 948/1137/1203
f 964/1138/1204 987/1155/1221 988/1156/1222
f 958/1133/1199 983/1157/1223 959/1139/1205
f 954/1140/1206 977/1158/1224 978/1159/1225
f 949/1141/1207 972/1154/1220 973/1160/1226
f 965/1142/1208 988/1156/1222 989/1161/1227
f 960/1143/1209 983/1157/1223 984/1162/1228
f 955/1144/1210 978/1159/1225 979/1163/1229
f 950/1145/1211 973/1160/1226 974/1164/1230
f 945/1146/1212 968/1165/1231 969/1166/1232
f 966/1147/1213 989/1161/1227 990/1167/1233
f 960/1143/1209 985/1168/1234 961/1148/1214
f 956/1149/1215 979/1163/1229 980/1169/1235
f 950/1145/1211 975/1170/1236 951/1150/1216
f 946/1151/1217 969/1166/1232 970/1171/1237
f 966/1147/1213 991/1172/1238 967/1152/1218
f 961/1148/1214 986/1173/1239 962/1153/1219
f 956/1149/1215 981/1174/1240 957/1132/1198
f 951/1150/1216 976/1175/1241 952/1134/1200
f 947/1136/1202 970/1171/1237 971/1176/1242
f 963/1131/1197 986/1173/1239 987/1155/1221
f 958/1133/1199 981/1174/1240 982/1177/1243
f 953/1135/1201 976/1175/1241 977/1158/1224
f 987/1155/1221 1012/1178/1244 988/1156/1222
f 983/1157/1223 1006/1179/1245 1007/1180/1246
f 978/1159/1225 1001/1181/1247 1002/1182/1248
f 973/1160/1226 996/1183/1249 997/1184/1250
f 989/1161/1227 1012/1178/1244 1013/1185/1251
f 983/1157/1223 1008/1186/1252 984/1162/1228
f 978/1159/1225 1003/1187/1253 979/1163/1229
f 974/1164/1230 997/1184/1250 998/1188/1254
f 968/1165/1231 993/1189/1255 969/1166/1232
f 990/1167/1233 1013/1185/1251 1014/1190/1256
f 985/1168/1234 1008/1186/1252 1009/1191/1257
f 979/1163/1229 1004/1192/1258 980/1169/1235
f 974/1164/1230 999/1193/1259 975/1170/1236
f 969/1166/1232 994/1194/1260 970/1171/1237
f 990/1167/1233 1015/1195/1261 991/1172/1238
f 986/1173/1239 1009/1191/1257 1010/1196/1262
f 981/1174/1240 1004/1192/1258 1005/1197/1263
f 975/1170/1236 1000/1198/1264 976/1175/1241
f 970/1171/1237 995/1199/1265 971/1176/1242
f 986/1173/1239 1011/1200/1266 987/1155/1221
f 981/1174/1240 1006/1179/1245 982/1177/1243
f 976/1175/1241 1001/1181/1247 977/1158/1224
f 972/1154/1220 995/1199/1265 996/1183/1249
f 1012/1178/1244 1038/1201/1267 1013/1185/1251
f 1007/1180/1246 1033/1202/1268 1008/1186/1252
f 1002/1182/1248 1028/1203/1269 1003/1187/1253
f 997/1184/1250 1023/1204/1270 998/1188/1254
f 993/1189/1255 1017/1205/1271 1018/1206/1272
f 1013/1185/1251 1039/1207/1273 1014/1190/1256
f 1008/1186/1252 1034/1208/1274 1009/1191/1257
f 1003/1187/1253 1029/1209/1275 1004/1192/1258
f 999/1193/1259 1023/1204/1270 1024/1210/1276
f 994/1194/1260 1018/1206/1272 1019/1211/1277
f 1014/1190/1256 1040/1212/1278 1015/1195/1261
f 1010/1196/1262 1034/1208/1274 1035/1213/1279
f 1005/1197/1263 1029/1209/1275 1030/1214/1280
f 1000/1198/1264 1024/1210/1276 1025/1215/1281
f 994/1194/1260 1020/1216/1282 995/1199/1265
f 1011/1200/1266 1035/1213/1279 1036/1217/1283
f 1005/1197/1263 1031/1218/1284 1006/1179/1245
f 1000/1198/1264 1026/1219/1285 1001/1181/1247
f 995/1199/1265 1021/1220/1286 996/1183/1249
f 1012/1178/1244 1036/1217/1283 1037/1221/1287
f 1006/1179/1245 1032/1222/1288 1007/1180/1246
f 1002/1182/1248 1026/1219/1285 1027/1223/1289
f 996/1183/1249 1022/1224/1290 997/1184/1250
f 1033/1202/1268 1056/1225/1291 1057/1226/1292
f 1028/1203/1269 1051/1227/1293 1052/1228/1294
f 1023/1204/1270 1046/1229/1295 1047/1230/1296
f 1017/1205/1271 1042/1231/1297 1018/1206/1272
f 1039/1207/1273 1062/1232/1298 1063/1233/1299
f 1034/1208/1274 1057/1226/1292 1058/1234/1300
f 1029/1209/1275 1052/1228/1294 1053/1235/1301
f 1024/1210/1276 1047/1230/1296 1048/1236/1302
f 1018/1206/1272 1043/1237/1303 1019/1211/1277
f 1040/1212/1278 1063/1233/1299 1064/1238/1304
f 1034/1208/1274 1059/1239/1305 1035/1213/1279
f 1030/1214/1280 1053/1235/1301 1054/1240/1306
f 1025/1215/1281 1048/1236/1302 1049/1241/1307
f 1019/1211/1277 1044/1242/1308 1020/1216/1282
f 1035/1213/1279 1060/1243/1309 1036/1217/1283
f 1031/1218/1284 1054/1240/1306 1055/1244/1310
f 1026/1219/1285 1049/1241/1307 1050/1245/1311
f 1021/1220/1286 1044/1242/1308 1045/1246/1312
f 1037/1221/1287 1060/1243/1309 1061/1247/1313
f 1031/1218/1284 1056/1225/1291 1032/1222/1288
f 1027/1223/1289 1050/1245/1311 1051/1227/1293
f 1022/1224/1290 1045/1246/1312 1046/1229/1295
f 1038/1201/1267 1061/1247/1313 1062/1232/1298
f 1041/1248/1314 1066/1249/1315 1042/1231/1297
f 1063/1233/1299 1086/1250/1316 1087/1251/1317
f 1057/1226/1292 1082/1252/1318 1058/1234/1300
f 1053/1235/1301 1076/1253/1319 1077/1254/1320
f 1047/1230/1296 1072/1255/1321 1048/1236/1302
f 1042/1231/1297 1067/1256/1322 1043/1237/1303
f 1064/1238/1304 1087/1251/1317 1088/1257/1323
f 1059/1239/1305 1082/1252/1318 1083/1258/1324
f 1054/1240/1306 1077/1254/1320 1078/1259/1325
f 1048/1236/1302 1073/1260/1326 1049/1241/1307
f 1043/1237/1303 1068/1261/1327 1044/1242/1308
f 1059/1239/1305 1084/1262/1328 1060/1243/1309
f 1054/1240/1306 1079/1263/1329 1055/1244/1310
f 1050/1245/1311 1073/1260/1326 1074/1264/1330
f 1044/1242/1308 1069/1265/1331 1045/1246/1312
f 1060/1243/1309 1085/1266/1332 1061/1247/1313
f 1055/1244/1310 1080/1267/1333 1056/1225/1291
f 1050/1245/1311 1075/1268/1334 1051/1227/1293
f 1046/1229/1295 1069/1265/1331 1070/1269/1335
f 1062/1232/1298 1085/1266/1332 1086/1250/1316
f 1057/1226/1292 1080/1267/1333 1081/1270/1336
f 1051/1227/1293 1076/1253/1319 1052/1228/1294
f 1047/1230/1296 1070/1269/1335 1071/1271/1337
f 1081/1270/1336 1106/1272/1338 1082/1252/1318
f 1076/1253/1319 1101/1273/1339 1077/1254/1320
f 1071/1271/1337 1096/1274/1340 1072/1255/1321
f 1067/1256/1322 1090/1275/1341 1091/1276/1342
f 1087/1251/1317 1112/1277/1343 1088/1257/1323
f 1083/1258/1324 1106/1272/1338 1107/1278/1344
f 1078/1259/1325 1101/1273/1339 1102/1279/1345
f 1072/1255/1321 1097/1280/1346 1073/1260/1326
f 1067/1256/1322 1092/1281/1347 1068/1261/1327
f 1083/1258/1324 1108/1282/1348 1084/1262/1328
f 1078/1259/1325 1103/1283/1349 1079/1263/1329
f 1074/1264/1330 1097/1280/1346 1098/1284/1350
f 1068/1261/1327 1093/1285/1351 1069/1265/1331
f 1085/1266/1332 1108/1282/1348 1109/1286/1352
f 1080/1267/1333 1103/1283/1349 1104/1287/1353
f 1074/1264/1330 1099/1288/1354 1075/1268/1334
f 1070/1269/1335 1093/1285/1351 1094/1289/1355
f 1086/1250/1316 1109/1286/1352 1110/1290/1356
f 1081/1270/1336 1104/1287/1353 1105/1291/1357
f 1075/1268/1334 1100/1292/1358 1076/1253/1319
f 1070/1269/1335 1095/1293/1359 1071/1271/1337
f 1066/1249/1315 1089/1294/1360 1090/1275/1341
f 1087/1251/1317 1110/1290/1356 1111/1295/1361
f 312/1296/1362 1123/1297/1363 342/522/588
f 326/1298/1364 1114/1299/1365 1118/1300/1366
f 319/1301/1367 1117/1302/1368 324/1303/1369
f 343/1304/1370 1116/1305/1371 1124/1306/1372
f 312/1296/1362 1117/1302/1368 1113/1307/1373
f 335/538/604 1115/1308/1374 319/1301/1367
f 322/1309/1375 1118/1300/1366 1116/1305/1371
f 317/1310/1376 1121/1311/1377 1114/1299/1365
f 305/504/570 317/1310/1376 337/1312/1378
f 335/538/604 1120/1313/1379 1122/1314/1380
f 327/537/603 1124/1306/1372 1120/1313/1379
f 331/506/572 326/1298/1364 322/1309/1375
f 306/528/594 319/1301/1367 329/529/595
f 339/527/593 324/1303/1369 312/1296/1362
f 302/536/602 322/1309/1375 343/1304/1370
f 329/529/595 324/1303/1369 320/526/592
f 337/1312/1378 326/1298/1364 321/524/590
f 309/521/587 312/1296/1362 342/522/588
f 308/520/586 1131/1315/1381 1133/539/605
f 304/501/567 1131/1315/1381 315/502/568
f 1119/1316/1382 342/522/588 1123/1297/1363
f 1119/1316/1382 334/1317/1383 310/503/569
f 1135/1318/1384 1132/497/563 1129/533/599
f 1117/1302/1368 1120/1313/1379 1114/1299/1365
f 1137/1319/1385 367/566/632 391/565/631
f 344/1320/1386 1016/1321/1387 368/553/619
f 1137/1319/1385 391/565/631 415/597/663
f 368/553/619 1016/1321/1387 392/632/698
f 1137/1319/1385 415/597/663 439/616/682
f 392/632/698 1016/1321/1387 416/1322/1388
f 1137/1319/1385 439/616/682 463/636/702
f 416/1322/1388 1016/1321/1387 440/654/720
f 1137/1319/1385 463/636/702 487/680/746
f 440/654/720 1016/1321/1387 464/1323/1389
f 1137/1319/1385 487/680/746 511/702/768
f 464/1323/1389 1016/1321/1387 488/695/761
f 488/695/761 1016/1321/1387 512/738/804
f 1137/1319/1385 511/702/768 535/725/791
f 512/738/804 1016/1321/1387 536/1324/1390
f 1137/1319/1385 535/725/791 559/745/811
f 536/1324/1390 1016/1321/1387 560/761/827
f 1137/1319/1385 559/745/811 583/768/834
f 560/761/827 1016/1321/1387 584/1325/1391
f 1137/1319/1385 583/768/834 607/789/855
f 1137/1319/1385 607/789/855 631/813/879
f 584/1325/1391 1016/1321/1387 608/805/871
f 1137/1319/1385 631/813/879 655/830/896
f 608/805/871 1016/1321/1387 632/867/933
f 1137/1319/1385 655/830/896 679/850/916
f 632/867/933 1016/1321/1387 656/1326/1392
f 1137/1319/1385 679/850/916 703/870/936
f 656/1326/1392 1016/1321/1387 680/890/956
f 1137/1319/1385 703/870/936 727/916/982
f 680/890/956 1016/1321/1387 704/1327/1393
f 1137/1319/1385 727/916/982 751/936/1002
f 704/1327/1393 1016/1321/1387 728/929/995
f 728/929/995 1016/1321/1387 752/952/1018
f 1137/1319/1385 751/936/1002 775/959/1025
f 752/952/1018 1016/1321/1387 776/975/1041
f 1137/1319/1385 775/959/1025 799/982/1048
f 776/975/1041 1016/1321/1387 800/1013/1079
f 1137/1319/1385 799/982/1048 823/1003/1069
f 1137/1319/1385 823/1003/1069 847/1021/1087
f 800/1013/1079 1016/1321/1387 824/1328/1394
f 1137/1319/1385 847/1021/1087 871/1044/1110
f 824/1328/1394 1016/1321/1387 848/1058/1124
f 1137/1319/1385 871/1044/1110 895/1064/1130
f 848/1058/1124 1016/1321/1387 872/1081/1147
f 1137/1319/1385 895/1064/1130 919/1084/1150
f 872/1081/1147 1016/1321/1387 896/1329/1395
f 1137/1319/1385 919/1084/1150 943/1128/1194
f 896/1329/1395 1016/1321/1387 920/1121/1187
f 920/1121/1187 1016/1321/1387 944/1330/1396
f 1137/1319/1385 943/1128/1194 967/1152/1218
f 944/1330/1396 1016/1321/1387 968/1165/1231
f 1137/1319/1385 967/1152/1218 991/1172/1238
f 968/1165/1231 1016/1321/1387 992/1331/1397
f 1137/1319/1385 991/1172/1238 1015/1195/1261
f 992/1331/1397 1016/1321/1387 1017/1205/1271
f 1137/1319/1385 1015/1195/1261 1040/1212/1278
f 1137/1319/1385 1040/1212/1278 1064/1238/1304
f 1017/1205/1271 1016/1321/1387 1041/1248/1314
f 1137/1319/1385 1064/1238/1304 1088/1257/1323
f 1041/1248/1314 1016/1321/1387 1065/1332/1398
f 1137/1319/1385 1088/1257/1323 1112/1277/1343
f 1065/1332/1398 1016/1321/1387 1089/1294/1360
f 1112/1277/1343 366/556/622 367/566/632
f 1107/1278/1344 361/558/624 362/568/634
f 1102/1279/1345 356/560/626 357/570/636
f 1097/1280/1346 351/562/628 352/571/637
f 1092/1281/1347 346/563/629 347/574/640
f 1137/1319/1385 1112/1277/1343 367/566/632
f 1108/1282/1348 362/568/634 363/576/642
f 1102/1279/1345 358/577/643 1103/1283/1349
f 1098/1284/1350 352/571/637 353/579/645
f 1093/1285/1351 347/574/640 348/581/647
f 1108/1282/1348 364/583/649 1109/1286/1352
f 1103/1283/1349 359/543/609 1104/1287/1353
f 1098/1284/1350 354/546/612 1099/1288/1354
f 1093/1285/1351 349/549/615 1094/1289/1355
f 1089/1294/1360 1016/1321/1387 344/1320/1386
f 1109/1286/1352 365/540/606 1110/1290/1356
f 1104/1287/1353 360/545/611 1105/1291/1357
f 1100/1292/1358 354/546/612 355/548/614
f 1094/1289/1355 350/551/617 1095/1293/1359
f 1089/1294/1360 345/552/618 1090/1275/1341
f 1111/1295/1361 365/540/606 366/556/622
f 1106/1272/1338 360/545/611 361/558/624
f 1100/1292/1358 356/560/626 1101/1273/1339
f 1096/1274/1340 350/551/617 351/562/628
f 1091/1276/1342 345/552/618 346/563/629
f 1/305/371 51/311/377 151/306/372
f 1/305/371 96/307/373 165/308/374
f 74/309/375 152/333/399 49/310/376
f 49/310/376 145/315/381 51/311/377
f 93/312/378 166/357/423 73/313/379
f 73/313/379 151/306/372 51/311/377
f 2/314/380 51/311/377 145/315/381
f 50/316/382 154/318/384 93/312/378
f 3/317/383 76/322/388 154/318/384
f 50/316/382 145/315/381 52/319/385
f 3/317/383 52/319/385 153/320/386
f 94/321/387 170/406/472 76/322/388
f 55/323/389 155/399/465 92/324/390
f 4/325/391 92/324/390 164/326/392
f 78/327/393 156/411/477 53/328/394
f 4/325/391 53/328/394 146/329/395
f 5/330/396 74/309/375 165/308/374
f 77/331/397 155/399/465 55/323/389
f 55/323/389 146/329/395 54/332/398
f 5/330/396 54/332/398 152/333/399
f 6/334/400 95/338/404 152/333/399
f 6/334/400 54/332/398 146/329/395
f 56/335/401 157/373/439 90/336/402
f 6/334/400 90/336/402 169/337/403
f 59/339/405 158/347/413 89/340/406
f 89/340/406 163/361/427 81/342/408
f 81/342/408 159/365/431 57/343/409
f 7/341/407 57/343/409 147/344/410
f 8/345/411 78/327/393 164/326/392
f 8/345/411 80/346/412 158/347/413
f 59/339/405 147/344/410 58/348/414
f 58/348/414 156/411/477 78/327/393
f 91/349/415 156/411/477 58/348/414
f 9/350/416 58/348/414 147/344/410
f 60/351/417 160/403/469 87/352/418
f 9/350/416 87/352/418 168/353/419
f 63/354/420 161/1722/1783 86/355/421
f 10/356/422 86/355/421 166/357/423
f 93/312/378 154/318/384 61/358/424
f 10/356/422 61/358/424 148/359/425
f 11/360/426 81/342/408 163/361/427
f 83/362/428 161/1722/1783 63/354/420
f 11/360/426 63/354/420 148/359/425
f 62/363/429 159/365/431 81/342/408
f 12/364/430 88/370/436 159/365/431
f 62/363/429 148/359/425 64/366/432
f 12/364/430 64/366/432 162/367/433
f 12/364/430 85/368/434 167/369/435
f 13/371/437 67/375/441 153/320/386
f 75/372/438 169/337/403 90/336/402
f 13/371/437 90/336/402 157/373/439
f 65/374/440 149/401/467 67/375/441
f 118/376/442 186/428/494 129/377/443
f 14/378/444 129/377/443 185/379/445
f 14/378/444 105/380/446 173/381/447
f 99/382/448 171/417/483 118/376/442
f 112/383/449 180/435/501 132/384/450
f 15/385/451 132/384/450 179/386/452
f 66/387/453 174/1723/1784 102/388/454
f 15/385/451 102/388/454 175/389/455
f 71/390/456 158/347/413 80/346/412
f 16/391/457 80/346/412 164/326/392
f 92/324/390 155/399/465 69/392/458
f 16/391/457 69/392/458 150/393/459
f 17/394/460 83/362/428 163/361/427
f 89/340/406 158/347/413 71/390/456
f 17/394/460 71/390/456 150/393/459
f 70/395/461 161/1722/1783 83/362/428
f 86/355/421 161/1722/1783 70/395/461
f 18/396/462 70/395/461 150/393/459
f 72/397/463 151/306/372 73/313/379
f 18/396/462 73/313/379 166/357/423
f 72/397/463 150/393/459 69/392/458
f 19/398/464 69/392/458 155/399/465
f 19/398/464 77/331/397 165/308/374
f 19/398/464 96/307/373 151/306/372
f 20/400/466 68/404/470 149/401/467
f 65/374/440 157/373/439 79/402/468
f 20/400/466 79/402/468 168/353/419
f 20/400/466 87/352/418 160/403/469
f 21/405/471 64/366/432 148/359/425
f 61/358/424 154/318/384 76/322/388
f 21/405/471 76/322/388 170/406/472
f 84/407/473 162/367/433 64/366/432
f 60/351/417 147/344/410 57/343/409
f 22/408/474 57/343/409 159/365/431
f 88/370/436 167/369/435 82/409/475
f 22/408/474 82/409/475 160/403/469
f 56/335/401 146/329/395 53/328/394
f 23/410/476 53/328/394 156/411/477
f 23/410/476 91/349/415 168/353/419
f 23/410/476 79/402/468 157/373/439
f 24/412/478 52/319/385 145/315/381
f 49/310/376 152/333/399 95/338/404
f 24/412/478 95/338/404 169/337/403
f 75/372/438 153/320/386 52/319/385
f 101/413/479 176/424/490 103/414/480
f 103/414/480 172/429/495 98/416/482
f 25/415/481 98/416/482 171/417/483
f 97/418/484 174/1723/1784 101/413/479
f 102/388/454 174/1723/1784 97/418/484
f 26/419/485 97/418/484 171/417/483
f 99/382/448 173/381/447 100/420/486
f 100/420/486 175/389/455 102/388/454
f 27/421/487 66/387/453 179/386/452
f 135/422/488 191/431/497 107/423/489
f 27/421/487 107/423/489 176/424/490
f 101/413/479 174/1723/1784 66/387/453
f 124/425/491 192/491/557 138/426/492
f 28/427/493 138/426/492 186/428/494
f 118/376/442 171/417/483 98/416/482
f 28/427/493 98/416/482 172/429/495
f 29/430/496 107/423/489 191/431/497
f 141/432/498 192/491/557 124/425/491
f 29/430/496 124/425/491 172/429/495
f 29/430/496 103/414/480 176/424/490
f 105/380/446 185/379/445 144/433/499
f 30/434/500 144/433/499 180/435/501
f 30/434/500 112/383/449 175/389/455
f 30/434/500 100/420/486 173/381/447
f 106/436/502 149/401/467 68/404/470
f 68/404/470 160/403/469 115/438/504
f 115/438/504 183/443/509 127/439/505
f 31/437/503 127/439/505 188/440/506
f 120/441/507 188/440/506 127/439/505
f 32/442/508 127/439/505 183/443/509
f 116/444/510 184/449/515 128/445/511
f 32/442/508 128/445/511 187/446/512
f 119/447/513 187/446/512 128/445/511
f 33/448/514 128/445/511 184/449/515
f 117/450/516 185/379/445 129/377/443
f 33/448/514 129/377/443 186/428/494
f 104/451/517 167/369/435 85/368/434
f 34/452/518 85/368/434 162/367/433
f 109/453/519 177/458/524 130/454/520
f 34/452/518 130/454/520 182/455/521
f 114/456/522 182/455/521 130/454/520
f 35/457/523 130/454/520 177/458/524
f 35/457/523 110/459/525 178/460/526
f 35/457/523 131/461/527 181/462/528
f 113/463/529 181/462/528 131/461/527
f 36/464/530 131/461/527 178/460/526
f 111/465/531 179/386/452 132/384/450
f 36/464/530 132/384/450 180/435/501
f 37/466/532 109/453/519 162/367/433
f 84/407/473 170/406/472 121/467/533
f 37/466/532 121/467/533 189/468/534
f 133/469/535 177/458/524 109/453/519
f 38/470/536 110/459/525 177/458/524
f 133/469/535 189/468/534 122/471/537
f 38/470/536 122/471/537 190/472/538
f 134/473/539 178/460/526 110/459/525
f 39/474/540 111/465/531 178/460/526
f 134/473/539 190/472/538 123/475/541
f 39/474/540 123/475/541 191/431/497
f 135/422/488 179/386/452 111/465/531
f 108/476/542 153/320/386 67/375/441
f 40/477/543 67/375/441 149/401/467
f 106/436/502 188/440/506 136/478/544
f 136/478/544 194/480/546 108/476/542
f 41/479/545 126/482/548 194/480/546
f 41/479/545 136/478/544 188/440/506
f 120/441/507 187/446/512 137/481/547
f 137/481/547 193/484/550 126/482/548
f 42/483/549 125/485/551 193/484/550
f 42/483/549 137/481/547 187/446/512
f 119/447/513 186/428/494 138/426/492
f 138/426/492 192/491/557 125/485/551
f 43/486/552 121/467/533 170/406/472
f 94/321/387 153/320/386 108/476/542
f 43/486/552 108/476/542 194/480/546
f 139/487/553 189/468/534 121/467/533
f 44/488/554 122/471/537 189/468/534
f 139/487/553 194/480/546 126/482/548
f 44/488/554 126/482/548 193/484/550
f 140/489/555 190/472/538 122/471/537
f 45/490/556 123/475/541 190/472/538
f 140/489/555 193/484/550 125/485/551
f 45/490/556 125/485/551 192/491/557
f 141/432/498 191/431/497 123/475/541
f 115/438/504 160/403/469 82/409/475
f 46/492/558 82/409/475 167/369/435
f 104/451/517 182/455/521 142/493/559
f 46/492/558 142/493/559 183/443/509
f 116/444/510 183/443/509 142/493/559
f 47/494/560 142/493/559 182/455/521
f 114/456/522 181/462/528 143/495/561
f 47/494/560 143/495/561 184/449/515
f 117/450/516 184/449/515 143/495/561
f 48/496/562 143/495/561 181/462/528
f 113/463/529 180/435/501 144/433/499
f 48/496/562 144/433/499 185/379/445
f 1132/497/563 1134/534/600 303/498/564
f 340/500/566 338/510/576 304/501/567
f 310/503/569 334/1317/1383 305/504/570
f 331/506/572 302/536/602 313/507/573
f 1126/509/575 1135/1318/1384 304/501/567
f 1128/511/577 1136/514/580 307/512/578
f 1132/497/563 311/499/565 307/512/578
f 328/515/581 316/535/601 323/516/582
f 332/517/583 323/516/582 314/518/584
f 336/519/585 340/500/566 315/502/568
f 310/503/569 318/505/571 309/521/587
f 341/523/589 337/1312/1378 321/524/590
f 341/523/589 325/525/591 320/526/592
f 333/508/574 313/507/573 306/528/594
f 1130/530/596 316/535/601 328/515/581
f 1125/532/598 1129/533/599 314/518/584
f 321/524/590 331/506/572 333/508/574
f 1129/533/599 1128/511/577 330/513/579
f 303/498/564 328/515/581 332/517/583
f 311/499/565 332/517/583 330/513/579
f 320/526/592 325/525/591 333/508/574
f 1127/531/597 328/515/581 303/498/564
f 323/516/582 316/535/601 338/510/576
f 1130/530/596 1126/509/575 338/510/576
f 314/518/584 323/516/582 340/500/566
f 305/504/570 337/1312/1378 341/523/589
f 318/505/571 341/523/589 339/527/593
f 302/536/602 343/1304/1370 327/537/603
f 306/528/594 313/507/573 327/537/603
f 1133/539/605 1125/532/598 336/519/585
f 365/540/606 364/583/649 388/541/607
f 359/543/609 383/584/650 384/544/610
f 354/546/612 378/585/651 379/547/613
f 349/549/615 373/586/652 374/550/616
f 345/552/618 344/1320/1386 368/553/619
f 365/540/606 389/542/608 390/555/621
f 360/545/611 384/544/610 385/557/623
f 355/548/614 379/547/613 380/559/625
f 350/551/617 374/550/616 375/561/627
f 346/563/629 345/552/618 369/554/620
f 366/556/622 390/555/621 391/565/631
f 361/558/624 385/557/623 386/567/633
f 356/560/626 380/559/625 381/569/635
f 352/571/637 351/562/628 375/561/627
f 346/563/629 370/564/630 371/573/639
f 362/568/634 386/567/633 387/575/641
f 358/577/643 357/570/636 381/569/635
f 353/579/645 352/571/637 376/572/638
f 348/581/647 347/574/640 371/573/639
f 364/583/649 363/576/642 387/575/641
f 359/543/609 358/577/643 382/578/644
f 353/579/645 377/580/646 378/585/651
f 349/549/615 348/581/647 372/582/648
f 374/550/616 373/586/652 397/587/653
f 368/553/619 392/632/698 393/589/655
f 390/555/621 389/542/608 413/590/656
f 385/557/623 384/544/610 408/592/658
f 379/547/613 403/609/675 404/594/660
f 375/561/627 374/550/616 398/588/654
f 369/554/620 393/589/655 394/596/662
f 391/565/631 390/555/621 414/591/657
f 386/567/633 385/557/623 409/593/659
f 381/569/635 380/559/625 404/594/660
f 376/572/638 375/561/627 399/595/661
f 370/564/630 394/596/662 395/601/667
f 386/567/633 410/598/664 411/602/668
f 382/578/644 381/569/635 405/599/665
f 376/572/638 400/600/666 401/604/670
f 371/573/639 395/601/667 396/605/671
f 388/541/607 387/575/641 411/602/668
f 383/584/650 382/578/644 406/603/669
f 378/585/651 377/580/646 401/604/670
f 373/586/652 372/582/648 396/605/671
f 388/541/607 412/606/672 413/590/656
f 383/584/650 407/607/673 408/592/658
f 378/585/651 402/608/674 403/609/675
f 413/590/656 437/629/695 438/610/676
f 409/593/659 408/592/658 432/611/677
f 403/609/675 427/630/696 428/613/679
f 398/588/654 422/631/697 423/614/680
f 393/589/655 417/633/699 418/615/681
f 414/591/657 438/610/676 439/616/682
f 410/598/664 409/593/659 433/612/678
f 405/599/665 404/594/660 428/613/679
f 400/600/666 399/595/661 423/614/680
f 395/601/667 394/596/662 418/615/681
f 411/602/668 410/598/664 434/617/683
f 406/603/669 405/599/665 429/618/684
f 400/600/666 424/619/685 425/623/689
f 396/605/671 395/601/667 419/620/686
f 412/606/672 411/602/668 435/621/687
f 407/607/673 406/603/669 430/622/688
f 402/608/674 401/604/670 425/623/689
f 396/605/671 420/624/690 421/628/694
f 413/590/656 412/606/672 436/625/691
f 407/607/673 431/626/692 432/611/677
f 403/609/675 402/608/674 426/627/693
f 397/587/653 421/628/694 422/631/697
f 392/632/698 416/1322/1388 417/633/699
f 417/633/699 441/655/721 442/634/700
f 439/616/682 438/610/676 462/635/701
f 433/612/678 457/656/722 458/637/703
f 429/618/684 428/613/679 452/638/704
f 423/614/680 447/657/723 448/640/706
f 419/620/686 418/615/681 442/634/700
f 435/621/687 434/617/683 458/637/703
f 429/618/684 453/639/705 454/643/709
f 424/619/685 448/640/706 449/644/710
f 419/620/686 443/641/707 444/645/711
f 435/621/687 459/642/708 460/646/712
f 430/622/688 454/643/709 455/647/713
f 425/623/689 449/644/710 450/648/714
f 420/624/690 444/645/711 445/649/715
f 437/629/695 436/625/691 460/646/712
f 431/626/692 455/647/713 456/651/717
f 426/627/693 450/648/714 451/652/718
f 422/631/697 421/628/694 445/649/715
f 417/633/699 416/1322/1388 440/654/720
f 438/610/676 437/629/695 461/650/716
f 432/611/677 456/651/717 457/656/722
f 428/613/679 427/630/696 451/652/718
f 423/614/680 422/631/697 446/653/719
f 458/637/703 457/656/722 481/658/724
f 452/638/704 476/678/744 477/660/726
f 448/640/706 447/657/723 471/661/727
f 442/634/700 466/679/745 467/663/729
f 459/642/708 458/637/703 482/659/725
f 454/643/709 453/639/705 477/660/726
f 449/644/710 448/640/706 472/662/728
f 444/645/711 443/641/707 467/663/729
f 459/642/708 483/664/730 484/668/734
f 454/643/709 478/665/731 479/669/735
f 449/644/710 473/666/732 474/670/736
f 444/645/711 468/667/733 469/671/737
f 460/646/712 484/668/734 485/672/738
f 455/647/713 479/669/735 480/673/739
f 451/652/718 450/648/714 474/670/736
f 445/649/715 469/671/737 470/675/741
f 440/654/720 464/1323/1389 465/676/742
f 461/650/716 485/672/738 486/677/743
f 456/651/717 480/673/739 481/658/724
f 451/652/718 475/674/740 476/678/744
f 447/657/723 446/653/719 470/675/741
f 441/655/721 465/676/742 466/679/745
f 463/636/702 462/635/701 486/677/743
f 466/679/745 490/701/767 491/681/747
f 482/659/725 506/703/769 507/682/748
f 478/665/731 477/660/726 501/683/749
f 472/662/728 496/704/770 497/685/751
f 467/663/729 491/681/747 492/686/752
f 484/668/734 483/664/730 507/682/748
f 479/669/735 478/665/731 502/684/750
f 473/666/732 497/685/751 498/689/755
f 469/671/737 468/667/733 492/686/752
f 485/672/738 484/668/734 508/687/753
f 480/673/739 479/669/735 503/688/754
f 475/674/740 474/670/736 498/689/755
f 470/675/741 469/671/737 493/690/756
f 465/676/742 464/1323/1389 488/695/761
f 486/677/743 485/672/738 509/691/757
f 481/658/724 480/673/739 504/692/758
f 475/674/740 499/693/759 500/699/765
f 470/675/741 494/694/760 495/700/766
f 466/679/745 465/676/742 489/696/762
f 486/677/743 510/697/763 511/702/768
f 481/658/724 505/698/764 506/703/769
f 476/678/744 500/699/765 501/683/749
f 471/661/727 495/700/766 496/704/770
f 506/703/769 530/726/792 531/705/771
f 501/683/749 525/727/793 526/706/772
f 497/685/751 496/704/770 520/707/773
f 492/686/752 491/681/747 515/709/775
f 507/682/748 531/705/771 532/711/777
f 502/684/750 526/706/772 527/712/778
f 498/689/755 497/685/751 521/708/774
f 493/690/756 492/686/752 516/710/776
f 508/687/753 532/711/777 533/715/781
f 503/688/754 527/712/778 528/716/782
f 498/689/755 522/713/779 523/717/783
f 493/690/756 517/714/780 518/718/784
f 488/695/761 512/738/804 513/719/785
f 509/691/757 533/715/781 534/720/786
f 505/698/764 504/692/758 528/716/782
f 500/699/765 499/693/759 523/717/783
f 494/694/760 518/718/784 519/723/789
f 489/696/762 513/719/785 514/724/790
f 510/697/763 534/720/786 535/725/791
f 506/703/769 505/698/764 529/721/787
f 501/683/749 500/699/765 524/722/788
f 495/700/766 519/723/789 520/707/773
f 490/701/767 514/724/790 515/709/775
f 531/705/771 555/750/816 556/728/794
f 527/712/778 526/706/772 550/729/795
f 522/713/779 521/708/774 545/731/797
f 516/710/776 540/751/817 541/733/799
f 533/715/781 532/711/777 556/728/794
f 528/716/782 527/712/778 551/730/796
f 522/713/779 546/732/798 547/736/802
f 518/718/784 517/714/780 541/733/799
f 512/738/804 536/1324/1390 537/739/805
f 534/720/786 533/715/781 557/734/800
f 529/721/787 528/716/782 552/735/801
f 523/717/783 547/736/802 548/742/808
f 518/718/784 542/737/803 543/743/809
f 513/719/785 537/739/805 538/744/810
f 535/725/791 534/720/786 558/740/806
f 529/721/787 553/741/807 554/746/812
f 525/727/793 524/722/788 548/742/808
f 519/723/789 543/743/809 544/748/814
f 515/709/775 514/724/790 538/744/810
f 531/705/771 530/726/792 554/746/812
f 525/727/793 549/747/813 550/729/795
f 520/707/773 544/748/814 545/731/797
f 516/710/776 515/709/775 539/749/815
f 551/730/796 550/729/795 574/752/818
f 545/731/797 569/774/840 570/754/820
f 540/751/817 564/775/841 565/755/821
f 557/734/800 556/728/794 580/756/822
f 551/730/796 575/753/819 576/758/824
f 547/736/802 546/732/798 570/754/820
f 542/737/803 541/733/799 565/755/821
f 537/739/805 536/1324/1390 560/761/827
f 557/734/800 581/757/823 582/763/829
f 553/741/807 552/735/801 576/758/824
f 547/736/802 571/759/825 572/765/831
f 542/737/803 566/760/826 567/766/832
f 537/739/805 561/762/828 562/767/833
f 558/740/806 582/763/829 583/768/834
f 553/741/807 577/764/830 578/769/835
f 548/742/808 572/765/831 573/770/836
f 544/748/814 543/743/809 567/766/832
f 538/744/810 562/767/833 563/772/838
f 555/750/816 554/746/812 578/769/835
f 550/729/795 549/747/813 573/770/836
f 545/731/797 544/748/814 568/771/837
f 540/751/817 539/749/815 563/772/838
f 555/750/816 579/773/839 580/756/822
f 581/757/823 580/756/822 604/776/842
f 575/753/819 599/798/864 600/778/844
f 571/759/825 570/754/820 594/779/845
f 566/760/826 565/755/821 589/781/847
f 560/761/827 584/1325/1391 585/783/849
f 582/763/829 581/757/823 605/777/843
f 577/764/830 576/758/824 600/778/844
f 571/759/825 595/780/846 596/786/852
f 567/766/832 566/760/826 590/782/848
f 561/762/828 585/783/849 586/788/854
f 583/768/834 582/763/829 606/784/850
f 578/769/835 577/764/830 601/785/851
f 573/770/836 572/765/831 596/786/852
f 568/771/837 567/766/832 591/787/853
f 562/767/833 586/788/854 587/793/859
f 579/773/839 578/769/835 602/790/856
f 574/752/818 573/770/836 597/791/857
f 568/771/837 592/792/858 593/796/862
f 564/775/841 563/772/838 587/793/859
f 579/773/839 603/794/860 604/776/842
f 575/753/819 574/752/818 598/795/861
f 569/774/840 593/796/862 594/779/845
f 564/775/841 588/797/863 589/781/847
f 600/778/844 599/798/864 623/799/865
f 595/780/846 594/779/845 618/801/867
f 590/782/848 589/781/847 613/803/869
f 585/783/849 584/1325/1391 608/805/871
f 606/784/850 605/777/843 629/807/873
f 600/778/844 624/800/866 625/809/875
f 596/786/852 595/780/846 619/802/868
f 590/782/848 614/804/870 615/811/877
f 586/788/854 585/783/849 609/806/872
f 606/784/850 630/808/874 631/813/879
f 601/785/851 625/809/875 626/814/880
f 596/786/852 620/810/876 621/815/881
f 592/792/858 591/787/853 615/811/877
f 587/793/859 586/788/854 610/812/878
f 603/794/860 602/790/856 626/814/880
f 597/791/857 621/815/881 622/819/885
f 593/796/862 592/792/858 616/816/882
f 587/793/859 611/817/883 612/821/887
f 603/794/860 627/818/884 628/822/888
f 599/798/864 598/795/861 622/819/885
f 593/796/862 617/820/886 618/801/867
f 588/797/863 612/821/887 613/803/869
f 604/776/842 628/822/888 629/807/873
f 630/808/874 629/807/873 653/823/889
f 625/809/875 624/800/866 648/825/891
f 619/802/868 643/843/909 644/827/893
f 614/804/870 638/844/910 639/828/894
f 609/806/872 633/845/911 634/829/895
f 631/813/879 630/808/874 654/824/890
f 625/809/875 649/826/892 650/831/897
f 620/810/876 644/827/893 645/832/898
f 616/816/882 615/811/877 639/828/894
f 611/817/883 610/812/878 634/829/895
f 626/814/880 650/831/897 651/835/901
f 621/815/881 645/832/898 646/836/902
f 617/820/886 616/816/882 640/833/899
f 612/821/887 611/817/883 635/834/900
f 627/818/884 651/835/901 652/839/905
f 623/799/865 622/819/885 646/836/902
f 617/820/886 641/837/903 642/841/907
f 613/803/869 612/821/887 636/838/904
f 629/807/873 628/822/888 652/839/905
f 624/800/866 623/799/865 647/840/906
f 618/801/867 642/841/907 643/843/909
f 614/804/870 613/803/869 637/842/908
f 608/805/871 632/867/933 633/845/911
f 643/843/909 667/866/932 668/846/912
f 639/828/894 638/844/910 662/847/913
f 633/845/911 657/868/934 658/849/915
f 654/824/890 678/869/935 679/850/916
f 650/831/897 649/826/892 673/851/917
f 645/832/898 644/827/893 668/846/912
f 639/828/894 663/848/914 664/854/920
f 635/834/900 634/829/895 658/849/915
f 651/835/901 650/831/897 674/852/918
f 646/836/902 645/832/898 669/853/919
f 640/833/899 664/854/920 665/858/924
f 636/838/904 635/834/900 659/855/921
f 651/835/901 675/856/922 676/860/926
f 646/836/902 670/857/923 671/861/927
f 641/837/903 665/858/924 666/862/928
f 637/842/908 636/838/904 660/859/925
f 652/839/905 676/860/926 677/864/930
f 647/840/906 671/861/927 672/865/931
f 643/843/909 642/841/907 666/862/928
f 637/842/908 661/863/929 662/847/913
f 632/867/933 656/1326/1392 657/868/934
f 654/824/890 653/823/889 677/864/930
f 648/825/891 672/865/931 673/851/917
f 678/869/935 702/892/958 703/870/936
f 674/852/918 673/851/917 697/871/937
f 669/853/919 668/846/912 692/873/939
f 663/848/914 687/893/959 688/875/941
f 659/855/921 658/849/915 682/876/942
f 675/856/922 674/852/918 698/872/938
f 669/853/919 693/874/940 694/879/945
f 664/854/920 688/875/941 689/880/946
f 659/855/921 683/877/943 684/881/947
f 675/856/922 699/878/944 700/882/948
f 670/857/923 694/879/945 695/883/949
f 666/862/928 665/858/924 689/880/946
f 661/863/929 660/859/925 684/881/947
f 677/864/930 676/860/926 700/882/948
f 672/865/931 671/861/927 695/883/949
f 667/866/932 666/862/928 690/884/950
f 661/863/929 685/885/951 686/889/955
f 657/868/934 656/1326/1392 680/890/956
f 677/864/930 701/886/952 702/892/958
f 672/865/931 696/887/953 697/871/937
f 667/866/932 691/888/954 692/873/939
f 663/848/914 662/847/913 686/889/955
f 657/868/934 681/891/957 682/876/942
f 693/874/940 692/873/939 716/894/960
f 687/893/959 711/914/980 712/896/962
f 682/876/942 706/915/981 707/897/963
f 699/878/944 698/872/938 722/898/964
f 693/874/940 717/895/961 718/900/966
f 688/875/941 712/896/962 713/901/967
f 683/877/943 707/897/963 708/902/968
f 699/878/944 723/899/965 724/903/969
f 694/879/945 718/900/966 719/904/970
f 689/880/946 713/901/967 714/905/971
f 684/881/947 708/902/968 709/906/972
f 701/886/952 700/882/948 724/903/969
f 696/887/953 695/883/949 719/904/970
f 691/888/954 690/884/950 714/905/971
f 686/889/955 685/885/951 709/906/972
f 680/890/956 704/1327/1393 705/911/977
f 702/892/958 701/886/952 725/907/973
f 696/887/953 720/908/974 721/913/979
f 691/888/954 715/909/975 716/894/960
f 687/893/959 686/889/955 710/910/976
f 681/891/957 705/911/977 706/915/981
f 703/870/936 702/892/958 726/912/978
f 697/871/937 721/913/979 722/898/964
f 722/898/964 746/937/1003 747/917/983
f 717/895/961 741/938/1004 742/918/984
f 712/896/962 736/939/1005 737/919/985
f 707/897/963 731/940/1006 732/920/986
f 723/899/965 747/917/983 748/921/987
f 718/900/966 742/918/984 743/922/988
f 714/905/971 713/901/967 737/919/985
f 709/906/972 708/902/968 732/920/986
f 724/903/969 748/921/987 749/925/991
f 720/908/974 719/904/970 743/922/988
f 714/905/971 738/923/989 739/927/993
f 709/906/972 733/924/990 734/928/994
f 705/911/977 704/1327/1393 728/929/995
f 725/907/973 749/925/991 750/931/997
f 720/908/974 744/926/992 745/932/998
f 716/894/960 715/909/975 739/927/993
f 711/914/980 710/910/976 734/928/994
f 705/911/977 729/930/996 730/935/1001
f 726/912/978 750/931/997 751/936/1002
f 722/898/964 721/913/979 745/932/998
f 717/895/961 716/894/960 740/933/999
f 711/914/980 735/934/1000 736/939/1005
f 707/897/963 706/915/981 730/935/1001
f 737/919/985 736/939/1005 760/941/1007
f 731/940/1006 755/962/1028 756/943/1009
f 747/917/983 771/963/1029 772/944/1010
f 742/918/984 766/964/1030 767/945/1011
f 737/919/985 761/942/1008 762/946/1012
f 732/920/986 756/943/1009 757/947/1013
f 749/925/991 748/921/987 772/944/1010
f 744/926/992 743/922/988 767/945/1011
f 738/923/989 762/946/1012 763/950/1016
f 733/924/990 757/947/1013 758/951/1017
f 729/930/996 728/929/995 752/952/1018
f 749/925/991 773/948/1014 774/954/1020
f 745/932/998 744/926/992 768/949/1015
f 740/933/999 739/927/993 763/950/1016
f 735/934/1000 734/928/994 758/951/1017
f 729/930/996 753/953/1019 754/958/1024
f 751/936/1002 750/931/997 774/954/1020
f 746/937/1003 745/932/998 769/955/1021
f 740/933/999 764/956/1022 765/961/1027
f 735/934/1000 759/957/1023 760/941/1007
f 730/935/1001 754/958/1024 755/962/1028
f 747/917/983 746/937/1003 770/960/1026
f 742/918/984 741/938/1004 765/961/1027
f 772/944/1010 771/963/1029 795/965/1031
f 767/945/1011 766/964/1030 790/967/1033
f 761/942/1008 785/987/1053 786/969/1035
f 756/943/1009 780/988/1054 781/970/1036
f 773/948/1014 772/944/1010 796/966/1032
f 768/949/1015 767/945/1011 791/968/1034
f 763/950/1016 762/946/1012 786/969/1035
f 758/951/1017 757/947/1013 781/970/1036
f 753/953/1019 752/952/1018 776/975/1041
f 773/948/1014 797/971/1037 798/977/1043
f 768/949/1015 792/972/1038 793/978/1044
f 764/956/1022 763/950/1016 787/973/1039
f 759/957/1023 758/951/1017 782/974/1040
f 753/953/1019 777/976/1042 778/981/1047
f 774/954/1020 798/977/1043 799/982/1048
f 770/960/1026 769/955/1021 793/978/1044
f 764/956/1022 788/979/1045 789/984/1050
f 760/941/1007 759/957/1023 783/980/1046
f 755/962/1028 754/958/1024 778/981/1047
f 771/963/1029 770/960/1026 794/983/1049
f 766/964/1030 765/961/1027 789/984/1050
f 761/942/1008 760/941/1007 784/985/1051
f 755/962/1028 779/986/1052 780/988/1054
f 785/987/1053 809/1010/1076 810/989/1055
f 781/970/1036 780/988/1054 804/990/1056
f 797/971/1037 796/966/1032 820/992/1058
f 791/968/1034 815/1011/1077 816/994/1060
f 787/973/1039 786/969/1035 810/989/1055
f 781/970/1036 805/991/1057 806/996/1062
f 776/975/1041 800/1013/1079 801/997/1063
f 798/977/1043 797/971/1037 821/993/1059
f 792/972/1038 816/994/1060 817/999/1065
f 787/973/1039 811/995/1061 812/1000/1066
f 783/980/1046 782/974/1040 806/996/1062
f 777/976/1042 801/997/1063 802/1002/1068
f 799/982/1048 798/977/1043 822/998/1064
f 794/983/1049 793/978/1044 817/999/1065
f 789/984/1050 788/979/1045 812/1000/1066
f 784/985/1051 783/980/1046 807/1001/1067
f 779/986/1052 778/981/1047 802/1002/1068
f 795/965/1031 794/983/1049 818/1004/1070
f 789/984/1050 813/1005/1071 814/1009/1075
f 784/985/1051 808/1006/1072 809/1010/1076
f 780/988/1054 779/986/1052 803/1007/1073
f 795/965/1031 819/1008/1074 820/992/1058
f 790/967/1033 814/1009/1075 815/1011/1077
f 805/991/1057 829/1033/1099 830/1012/1078
f 800/1013/1079 824/1328/1394 825/1014/1080
f 821/993/1059 845/1034/1100 846/1015/1081
f 817/999/1065 816/994/1060 840/1016/1082
f 811/995/1061 835/1035/1101 836/1018/1084
f 806/996/1062 830/1012/1078 831/1019/1085
f 802/1002/1068 801/997/1063 825/1014/1080
f 822/998/1064 846/1015/1081 847/1021/1087
f 818/1004/1070 817/999/1065 841/1017/1083
f 812/1000/1066 836/1018/1084 837/1023/1089
f 808/1006/1072 807/1001/1067 831/1019/1085
f 803/1007/1073 802/1002/1068 826/1020/1086
f 818/1004/1070 842/1022/1088 843/1026/1092
f 814/1009/1075 813/1005/1071 837/1023/1089
f 808/1006/1072 832/1024/1090 833/1028/1094
f 803/1007/1073 827/1025/1091 828/1029/1095
f 819/1008/1074 843/1026/1092 844/1030/1096
f 815/1011/1077 814/1009/1075 838/1027/1093
f 810/989/1055 809/1010/1076 833/1028/1094
f 805/991/1057 804/990/1056 828/1029/1095
f 820/992/1058 844/1030/1096 845/1034/1100
f 815/1011/1077 839/1031/1097 840/1016/1082
f 811/995/1061 810/989/1055 834/1032/1098
f 846/1015/1081 845/1034/1100 869/1036/1102
f 841/1017/1083 840/1016/1082 864/1038/1104
f 836/1018/1084 835/1035/1101 859/1040/1106
f 830/1012/1078 854/1057/1123 855/1042/1108
f 825/1014/1080 849/1059/1125 850/1043/1109
f 847/1021/1087 846/1015/1081 870/1037/1103
f 842/1022/1088 841/1017/1083 865/1039/1105
f 836/1018/1084 860/1041/1107 861/1046/1112
f 831/1019/1085 855/1042/1108 856/1047/1113
f 826/1020/1086 850/1043/1109 851/1048/1114
f 843/1026/1092 842/1022/1088 866/1045/1111
f 838/1027/1093 837/1023/1089 861/1046/1112
f 833/1028/1094 832/1024/1090 856/1047/1113
f 827/1025/1091 851/1048/1114 852/1052/1118
f 844/1030/1096 843/1026/1092 867/1049/1115
f 838/1027/1093 862/1050/1116 863/1054/1120
f 833/1028/1094 857/1051/1117 858/1055/1121
f 829/1033/1099 828/1029/1095 852/1052/1118
f 844/1030/1096 868/1053/1119 869/1036/1102
f 840/1016/1082 839/1031/1097 863/1054/1120
f 835/1035/1101 834/1032/1098 858/1055/1121
f 830/1012/1078 829/1033/1099 853/1056/1122
f 825/1014/1080 824/1328/1394 848/1058/1124
f 855/1042/1108 854/1057/1123 878/1060/1126
f 849/1059/1125 873/1082/1148 874/1062/1128
f 871/1044/1110 870/1037/1103 894/1063/1129
f 865/1039/1105 889/1083/1149 890/1065/1131
f 861/1046/1112 860/1041/1107 884/1066/1132
f 856/1047/1113 855/1042/1108 879/1061/1127
f 850/1043/1109 874/1062/1128 875/1069/1135
f 866/1045/1111 890/1065/1131 891/1070/1136
f 862/1050/1116 861/1046/1112 885/1067/1133
f 857/1051/1117 856/1047/1113 880/1068/1134
f 852/1052/1118 851/1048/1114 875/1069/1135
f 867/1049/1115 891/1070/1136 892/1074/1140
f 863/1054/1120 862/1050/1116 886/1071/1137
f 857/1051/1117 881/1072/1138 882/1076/1142
f 853/1056/1122 852/1052/1118 876/1073/1139
f 868/1053/1119 892/1074/1140 893/1078/1144
f 863/1054/1120 887/1075/1141 888/1079/1145
f 858/1055/1121 882/1076/1142 883/1080/1146
f 854/1057/1123 853/1056/1122 877/1077/1143
f 849/1059/1125 848/1058/1124 872/1081/1147
f 869/1036/1102 893/1078/1144 894/1063/1129
f 864/1038/1104 888/1079/1145 889/1083/1149
f 860/1041/1107 859/1040/1106 883/1080/1146
f 894/1063/1129 918/1104/1170 919/1084/1150
f 890/1065/1131 889/1083/1149 913/1085/1151
f 885/1067/1133 884/1066/1132 908/1087/1153
f 879/1061/1127 903/1105/1171 904/1089/1155
f 874/1062/1128 898/1106/1172 899/1090/1156
f 891/1070/1136 890/1065/1131 914/1086/1152
f 886/1071/1137 885/1067/1133 909/1088/1154
f 881/1072/1138 880/1068/1134 904/1089/1155
f 876/1073/1139 875/1069/1135 899/1090/1156
f 892/1074/1140 891/1070/1136 915/1091/1157
f 886/1071/1137 910/1092/1158 911/1096/1162
f 881/1072/1138 905/1093/1159 906/1097/1163
f 876/1073/1139 900/1094/1160 901/1098/1164
f 892/1074/1140 916/1095/1161 917/1099/1165
f 887/1075/1141 911/1096/1162 912/1100/1166
f 882/1076/1142 906/1097/1163 907/1101/1167
f 877/1077/1143 901/1098/1164 902/1102/1168
f 872/1081/1147 896/1329/1395 897/1103/1169
f 893/1078/1144 917/1099/1165 918/1104/1170
f 889/1083/1149 888/1079/1145 912/1100/1166
f 883/1080/1146 907/1101/1167 908/1087/1153
f 878/1060/1126 902/1102/1168 903/1105/1171
f 873/1082/1148 897/1103/1169 898/1106/1172
f 898/1106/1172 922/1127/1193 923/1107/1173
f 914/1086/1152 938/1129/1195 939/1108/1174
f 909/1088/1154 933/1130/1196 934/1109/1175
f 905/1093/1159 904/1089/1155 928/1110/1176
f 899/1090/1156 923/1107/1173 924/1112/1178
f 916/1095/1161 915/1091/1157 939/1108/1174
f 910/1092/1158 934/1109/1175 935/1114/1180
f 905/1093/1159 929/1111/1177 930/1115/1181
f 901/1098/1164 900/1094/1160 924/1112/1178
f 917/1099/1165 916/1095/1161 940/1113/1179
f 912/1100/1166 911/1096/1162 935/1114/1180
f 906/1097/1163 930/1115/1181 931/1119/1185
f 902/1102/1168 901/1098/1164 925/1116/1182
f 897/1103/1169 896/1329/1395 920/1121/1187
f 917/1099/1165 941/1117/1183 942/1123/1189
f 913/1085/1151 912/1100/1166 936/1118/1184
f 908/1087/1153 907/1101/1167 931/1119/1185
f 903/1105/1171 902/1102/1168 926/1120/1186
f 898/1106/1172 897/1103/1169 921/1122/1188
f 918/1104/1170 942/1123/1189 943/1128/1194
f 914/1086/1152 913/1085/1151 937/1124/1190
f 909/1088/1154 908/1087/1153 932/1125/1191
f 903/1105/1171 927/1126/1192 928/1110/1176
f 938/1129/1195 962/1153/1219 963/1131/1197
f 934/1109/1175 933/1130/1196 957/1132/1198
f 929/1111/1177 928/1110/1176 952/1134/1200
f 924/1112/1178 923/1107/1173 947/1136/1202
f 939/1108/1174 963/1131/1197 964/1138/1204
f 934/1109/1175 958/1133/1199 959/1139/1205
f 929/1111/1177 953/1135/1201 954/1140/1206
f 924/1112/1178 948/1137/1203 949/1141/1207
f 940/1113/1179 964/1138/1204 965/1142/1208
f 936/1118/1184 935/1114/1180 959/1139/1205
f 930/1115/1181 954/1140/1206 955/1144/1210
f 925/1116/1182 949/1141/1207 950/1145/1211
f 920/1121/1187 944/1330/1396 945/1146/1212
f 941/1117/1183 965/1142/1208 966/1147/1213
f 936/1118/1184 960/1143/1209 961/1148/1214
f 931/1119/1185 955/1144/1210 956/1149/1215
f 926/1120/1186 950/1145/1211 951/1150/1216
f 922/1127/1193 921/1122/1188 945/1146/1212
f 943/1128/1194 942/1123/1189 966/1147/1213
f 938/1129/1195 937/1124/1190 961/1148/1214
f 932/1125/1191 956/1149/1215 957/1132/1198
f 927/1126/1192 951/1150/1216 952/1134/1200
f 923/1107/1173 922/1127/1193 946/1151/1217
f 947/1136/1202 971/1176/1242 972/1154/1220
f 964/1138/1204 963/1131/1197 987/1155/1221
f 958/1133/1199 982/1177/1243 983/1157/1223
f 954/1140/1206 953/1135/1201 977/1158/1224
f 949/1141/1207 948/1137/1203 972/1154/1220
f 965/1142/1208 964/1138/1204 988/1156/1222
f 960/1143/1209 959/1139/1205 983/1157/1223
f 955/1144/1210 954/1140/1206 978/1159/1225
f 950/1145/1211 949/1141/1207 973/1160/1226
f 945/1146/1212 944/1330/1396 968/1165/1231
f 966/1147/1213 965/1142/1208 989/1161/1227
f 960/1143/1209 984/1162/1228 985/1168/1234
f 956/1149/1215 955/1144/1210 979/1163/1229
f 950/1145/1211 974/1164/1230 975/1170/1236
f 946/1151/1217 945/1146/1212 969/1166/1232
f 966/1147/1213 990/1167/1233 991/1172/1238
f 961/1148/1214 985/1168/1234 986/1173/1239
f 956/1149/1215 980/1169/1235 981/1174/1240
f 951/1150/1216 975/1170/1236 976/1175/1241
f 947/1136/1202 946/1151/1217 970/1171/1237
f 963/1131/1197 962/1153/1219 986/1173/1239
f 958/1133/1199 957/1132/1198 981/1174/1240
f 953/1135/1201 952/1134/1200 976/1175/1241
f 987/1155/1221 1011/1200/1266 1012/1178/1244
f 983/1157/1223 982/1177/1243 1006/1179/1245
f 978/1159/1225 977/1158/1224 1001/1181/1247
f 973/1160/1226 972/1154/1220 996/1183/1249
f 989/1161/1227 988/1156/1222 1012/1178/1244
f 983/1157/1223 1007/1180/1246 1008/1186/1252
f 978/1159/1225 1002/1182/1248 1003/1187/1253
f 974/1164/1230 973/1160/1226 997/1184/1250
f 968/1165/1231 992/1331/1397 993/1189/1255
f 990/1167/1233 989/1161/1227 1013/1185/1251
f 985/1168/1234 984/1162/1228 1008/1186/1252
f 979/1163/1229 1003/1187/1253 1004/1192/1258
f 974/1164/1230 998/1188/1254 999/1193/1259
f 969/1166/1232 993/1189/1255 994/1194/1260
f 990/1167/1233 1014/1190/1256 1015/1195/1261
f 986/1173/1239 985/1168/1234 1009/1191/1257
f 981/1174/1240 980/1169/1235 1004/1192/1258
f 975/1170/1236 999/1193/1259 1000/1198/1264
f 970/1171/1237 994/1194/1260 995/1199/1265
f 986/1173/1239 1010/1196/1262 1011/1200/1266
f 981/1174/1240 1005/1197/1263 1006/1179/1245
f 976/1175/1241 1000/1198/1264 1001/1181/1247
f 972/1154/1220 971/1176/1242 995/1199/1265
f 1012/1178/1244 1037/1221/1287 1038/1201/1267
f 1007/1180/1246 1032/1222/1288 1033/1202/1268
f 1002/1182/1248 1027/1223/1289 1028/1203/1269
f 997/1184/1250 1022/1224/1290 1023/1204/1270
f 993/1189/1255 992/1331/1397 1017/1205/1271
f 1013/1185/1251 1038/1201/1267 1039/1207/1273
f 1008/1186/1252 1033/1202/1268 1034/1208/1274
f 1003/1187/1253 1028/1203/1269 1029/1209/1275
f 999/1193/1259 998/1188/1254 1023/1204/1270
f 994/1194/1260 993/1189/1255 1018/1206/1272
f 1014/1190/1256 1039/1207/1273 1040/1212/1278
f 1010/1196/1262 1009/1191/1257 1034/1208/1274
f 1005/1197/1263 1004/1192/1258 1029/1209/1275
f 1000/1198/1264 999/1193/1259 1024/1210/1276
f 994/1194/1260 1019/1211/1277 1020/1216/1282
f 1011/1200/1266 1010/1196/1262 1035/1213/1279
f 1005/1197/1263 1030/1214/1280 1031/1218/1284
f 1000/1198/1264 1025/1215/1281 1026/1219/1285
f 995/1199/1265 1020/1216/1282 1021/1220/1286
f 1012/1178/1244 1011/1200/1266 1036/1217/1283
f 1006/1179/1245 1031/1218/1284 1032/1222/1288
f 1002/1182/1248 1001/1181/1247 1026/1219/1285
f 996/1183/1249 1021/1220/1286 1022/1224/1290
f 1033/1202/1268 1032/1222/1288 1056/1225/1291
f 1028/1203/1269 1027/1223/1289 1051/1227/1293
f 1023/1204/1270 1022/1224/1290 1046/1229/1295
f 1017/1205/1271 1041/1248/1314 1042/1231/1297
f 1039/1207/1273 1038/1201/1267 1062/1232/1298
f 1034/1208/1274 1033/1202/1268 1057/1226/1292
f 1029/1209/1275 1028/1203/1269 1052/1228/1294
f 1024/1210/1276 1023/1204/1270 1047/1230/1296
f 1018/1206/1272 1042/1231/1297 1043/1237/1303
f 1040/1212/1278 1039/1207/1273 1063/1233/1299
f 1034/1208/1274 1058/1234/1300 1059/1239/1305
f 1030/1214/1280 1029/1209/1275 1053/1235/1301
f 1025/1215/1281 1024/1210/1276 1048/1236/1302
f 1019/1211/1277 1043/1237/1303 1044/1242/1308
f 1035/1213/1279 1059/1239/1305 1060/1243/1309
f 1031/1218/1284 1030/1214/1280 1054/1240/1306
f 1026/1219/1285 1025/1215/1281 1049/1241/1307
f 1021/1220/1286 1020/1216/1282 1044/1242/1308
f 1037/1221/1287 1036/1217/1283 1060/1243/1309
f 1031/1218/1284 1055/1244/1310 1056/1225/1291
f 1027/1223/1289 1026/1219/1285 1050/1245/1311
f 1022/1224/1290 1021/1220/1286 1045/1246/1312
f 1038/1201/1267 1037/1221/1287 1061/1247/1313
f 1041/1248/1314 1065/1332/1398 1066/1249/1315
f 1063/1233/1299 1062/1232/1298 1086/1250/1316
f 1057/1226/1292 1081/1270/1336 1082/1252/1318
f 1053/1235/1301 1052/1228/1294 1076/1253/1319
f 1047/1230/1296 1071/1271/1337 1072/1255/1321
f 1042/1231/1297 1066/1249/1315 1067/1256/1322
f 1064/1238/1304 1063/1233/1299 1087/1251/1317
f 1059/1239/1305 1058/1234/1300 1082/1252/1318
f 1054/1240/1306 1053/1235/1301 1077/1254/1320
f 1048/1236/1302 1072/1255/1321 1073/1260/1326
f 1043/1237/1303 1067/1256/1322 1068/1261/1327
f 1059/1239/1305 1083/1258/1324 1084/1262/1328
f 1054/1240/1306 1078/1259/1325 1079/1263/1329
f 1050/1245/1311 1049/1241/1307 1073/1260/1326
f 1044/1242/1308 1068/1261/1327 1069/1265/1331
f 1060/1243/1309 1084/1262/1328 1085/1266/1332
f 1055/1244/1310 1079/1263/1329 1080/1267/1333
f 1050/1245/1311 1074/1264/1330 1075/1268/1334
f 1046/1229/1295 1045/1246/1312 1069/1265/1331
f 1062/1232/1298 1061/1247/1313 1085/1266/1332
f 1057/1226/1292 1056/1225/1291 1080/1267/1333
f 1051/1227/1293 1075/1268/1334 1076/1253/1319
f 1047/1230/1296 1046/1229/1295 1070/1269/1335
f 1081/1270/1336 1105/1291/1357 1106/1272/1338
f 1076/1253/1319 1100/1292/1358 1101/1273/1339
f 1071/1271/1337 1095/1293/1359 1096/1274/1340
f 1067/1256/1322 1066/1249/1315 1090/1275/1341
f 1087/1251/1317 1111/1295/1361 1112/1277/1343
f 1083/1258/1324 1082/1252/1318 1106/1272/1338
f 1078/1259/1325 1077/1254/1320 1101/1273/1339
f 1072/1255/1321 1096/1274/1340 1097/1280/1346
f 1067/1256/1322 1091/1276/1342 1092/1281/1347
f 1083/1258/1324 1107/1278/1344 1108/1282/1348
f 1078/1259/1325 1102/1279/1345 1103/1283/1349
f 1074/1264/1330 1073/1260/1326 1097/1280/1346
f 1068/1261/1327 1092/1281/1347 1093/1285/1351
f 1085/1266/1332 1084/1262/1328 1108/1282/1348
f 1080/1267/1333 1079/1263/1329 1103/1283/1349
f 1074/1264/1330 1098/1284/1350 1099/1288/1354
f 1070/1269/1335 1069/1265/1331 1093/1285/1351
f 1086/1250/1316 1085/1266/1332 1109/1286/1352
f 1081/1270/1336 1080/1267/1333 1104/1287/1353
f 1075/1268/1334 1099/1288/1354 1100/1292/1358
f 1070/1269/1335 1094/1289/1355 1095/1293/1359
f 1066/1249/1315 1065/1332/1398 1089/1294/1360
f 1087/1251/1317 1086/1250/1316 1110/1290/1356
f 312/1296/1362 1113/1307/1373 1123/1297/1363
f 326/1298/1364 317/1310/1376 1114/1299/1365
f 319/1301/1367 1115/1308/1374 1117/1302/1368
f 343/1304/1370 322/1309/1375 1116/1305/1371
f 312/1296/1362 324/1303/1369 1117/1302/1368
f 335/538/604 1122/1314/1380 1115/1308/1374
f 322/1309/1375 326/1298/1364 1118/1300/1366
f 317/1310/1376 334/1317/1383 1121/1311/1377
f 305/504/570 334/1317/1383 317/1310/1376
f 335/538/604 327/537/603 1120/1313/1379
f 327/537/603 343/1304/1370 1124/1306/1372
f 331/506/572 321/524/590 326/1298/1364
f 306/528/594 335/538/604 319/1301/1367
f 339/527/593 320/526/592 324/1303/1369
f 302/536/602 331/506/572 322/1309/1375
f 329/529/595 319/1301/1367 324/1303/1369
f 337/1312/1378 317/1310/1376 326/1298/1364
f 309/521/587 339/527/593 312/1296/1362
f 308/520/586 315/502/568 1131/1315/1381
f 304/501/567 1135/1318/1384 1131/1315/1381
f 1119/1316/1382 310/503/569 342/522/588
f 1119/1316/1382 1121/1311/1377 334/1317/1383
f 1133/539/605 1131/1315/1381 1135/1318/1384
f 1135/1318/1384 1126/509/575 1130/530/596
f 1127/531/597 1134/534/600 1132/497/563
f 1135/1318/1384 1130/530/596 1127/531/597
f 1125/532/598 1133/539/605 1135/1318/1384
f 1136/514/580 1128/511/577 1129/533/599
f 1129/533/599 1125/532/598 1135/1318/1384
f 1135/1318/1384 1127/531/597 1132/497/563
f 1132/497/563 1136/514/580 1129/533/599
f 1119/1316/1382 1123/1297/1363 1113/1307/1373
f 1117/1302/1368 1115/1308/1374 1122/1314/1380
f 1119/1316/1382 1113/1307/1373 1117/1302/1368
f 1114/1299/1365 1121/1311/1377 1119/1316/1382
f 1116/1305/1371 1118/1300/1366 1114/1299/1365
f 1120/1313/1379 1124/1306/1372 1116/1305/1371
f 1117/1302/1368 1122/1314/1380 1120/1313/1379
f 1114/1299/1365 1119/1316/1382 1117/1302/1368
f 1120/1313/1379 1116/1305/1371 1114/1299/1365
f 1112/1277/1343 1111/1295/1361 366/556/622
f 1107/1278/1344 1106/1272/1338 361/558/624
f 1102/1279/1345 1101/1273/1339 356/560/626
f 1097/1280/1346 1096/1274/1340 351/562/628
f 1092/1281/1347 1091/1276/1342 346/563/629
f 1108/1282/1348 1107/1278/1344 362/568/634
f 1102/1279/1345 357/570/636 358/577/643
f 1098/1284/1350 1097/1280/1346 352/571/637
f 1093/1285/1351 1092/1281/1347 347/574/640
f 1108/1282/1348 363/576/642 364/583/649
f 1103/1283/1349 358/577/643 359/543/609
f 1098/1284/1350 353/579/645 354/546/612
f 1093/1285/1351 348/581/647 349/549/615
f 1109/1286/1352 364/583/649 365/540/606
f 1104/1287/1353 359/543/609 360/545/611
f 1100/1292/1358 1099/1288/1354 354/546/612
f 1094/1289/1355 349/549/615 350/551/617
f 1089/1294/1360 344/1320/1386 345/552/618
f 1111/1295/1361 1110/1290/1356 365/540/606
f 1106/1272/1338 1105/1291/1357 360/545/611
f 1100/1292/1358 355/548/614 356/560/626
f 1096/1274/1340 1095/1293/1359 350/551/617
f 1091/1276/1342 1090/1275/1341 345/552/618
usemtl hydraulics.004
f 1204/1333/1399 1234/1334/1400 1138/1335/1401
f 1168/1336/1402 1217/1337/1403 1216/1338/1404
f 1140/1339/1405 1143/1340/1406 1142/1341/1407
f 1139/1342/1408 1234/1334/1400 1235/1343/1409
f 1142/1341/1407 1139/1342/1408 1140/1339/1405
f 1142/1341/1407 1145/1344/1410 1144/1345/1411
f 1232/1346/1412 1265/1347/1413 1264/1348/1414
f 1174/1349/1415 1218/1350/1416 1172/1351/1417
f 1145/1344/1410 1146/1352/1418 1144/1345/1411
f 1231/1353/1419 1264/1348/1414 1263/1354/1420
f 1174/1349/1415 1220/1355/1421 1219/1356/1422
f 1146/1352/1418 1149/1357/1423 1148/1358/1424
f 1231/1353/1419 1262/1359/1425 1230/1360/1426
f 1178/1361/1427 1220/1355/1421 1176/1362/1428
f 1149/1357/1423 1150/1363/1429 1148/1358/1424
f 1230/1360/1426 1261/1364/1430 1229/1365/1431
f 1178/1361/1427 1222/1366/1432 1221/1367/1433
f 1150/1363/1429 1153/1368/1434 1152/1369/1435
f 1229/1365/1431 1260/1370/1436 1228/1371/1437
f 1182/1372/1438 1222/1366/1432 1180/1373/1439
f 1152/1369/1435 1155/1374/1440 1154/1375/1441
f 1228/1371/1437 1259/1376/1442 1227/1377/1443
f 1184/1378/1444 1223/1379/1445 1182/1372/1438
f 1155/1374/1440 1156/1380/1446 1154/1375/1441
f 1227/1377/1443 1258/1381/1447 1226/1382/1448
f 1186/1383/1449 1224/1384/1450 1184/1378/1444
f 1157/1385/1451 1158/1386/1452 1156/1380/1446
f 1226/1382/1448 1257/1387/1453 1225/1388/1454
f 1186/1383/1449 1226/1382/1448 1225/1388/1454
f 1158/1386/1452 1161/1389/1455 1160/1390/1456
f 1225/1388/1454 1256/1391/1457 1224/1384/1450
f 1190/1392/1458 1226/1382/1448 1188/1393/1459
f 1160/1390/1456 1163/1394/1460 1162/1395/1461
f 1224/1384/1450 1255/1396/1462 1223/1379/1445
f 1190/1392/1458 1228/1371/1437 1227/1377/1443
f 1163/1394/1460 1164/1397/1463 1162/1395/1461
f 1223/1379/1445 1254/1398/1464 1222/1366/1432
f 1192/1399/1465 1229/1365/1431 1228/1371/1437
f 1164/1397/1463 1167/1400/1466 1166/1401/1467
f 1222/1366/1432 1253/1402/1468 1221/1367/1433
f 1194/1403/1469 1230/1360/1426 1229/1365/1431
f 1167/1400/1466 1168/1336/1402 1166/1401/1467
f 1221/1367/1433 1252/1404/1470 1220/1355/1421
f 1198/1405/1471 1230/1360/1426 1196/1406/1472
f 1169/1407/1473 1170/1408/1474 1168/1336/1402
f 1220/1355/1421 1251/1409/1475 1219/1356/1422
f 1198/1405/1471 1232/1346/1412 1231/1353/1419
f 1170/1408/1474 1173/1410/1476 1172/1351/1417
f 1233/1411/1477 1235/1343/1409 1265/1347/1413
f 1202/1412/1478 1232/1346/1412 1200/1413/1479
f 1173/1410/1476 1174/1349/1415 1172/1351/1417
f 1219/1356/1422 1250/1414/1480 1218/1350/1416
f 1202/1412/1478 1139/1342/1408 1233/1411/1477
f 1174/1349/1415 1177/1415/1481 1176/1362/1428
f 1218/1350/1416 1249/1416/1482 1217/1337/1403
f 1144/1345/1411 1138/1335/1401 1142/1341/1407
f 1177/1415/1481 1178/1361/1427 1176/1362/1428
f 1217/1337/1403 1248/1417/1483 1216/1338/1404
f 1146/1352/1418 1204/1333/1399 1144/1345/1411
f 1179/1418/1484 1180/1373/1439 1178/1361/1427
f 1216/1338/1404 1247/1419/1485 1215/1420/1486
f 1146/1352/1418 1206/1421/1487 1205/1422/1488
f 1180/1373/1439 1183/1423/1489 1182/1372/1438
f 1214/1424/1490 1247/1419/1485 1246/1425/1491
f 1148/1358/1424 1207/1426/1492 1206/1421/1487
f 1182/1372/1438 1185/1427/1493 1184/1378/1444
f 1213/1428/1494 1246/1425/1491 1245/1429/1495
f 1152/1369/1435 1207/1426/1492 1150/1363/1429
f 1185/1427/1493 1186/1383/1449 1184/1378/1444
f 1212/1430/1496 1245/1429/1495 1244/1431/1497
f 1152/1369/1435 1209/1432/1498 1208/1433/1499
f 1187/1434/1500 1188/1393/1459 1186/1383/1449
f 1211/1435/1501 1244/1431/1497 1243/1436/1502
f 1156/1380/1446 1209/1432/1498 1154/1375/1441
f 1188/1393/1459 1191/1437/1503 1190/1392/1458
f 1210/1438/1504 1243/1436/1502 1242/1439/1505
f 1158/1386/1452 1210/1438/1504 1156/1380/1446
f 1190/1392/1458 1193/1440/1506 1192/1399/1465
f 1209/1432/1498 1242/1439/1505 1241/1441/1507
f 1160/1390/1456 1211/1435/1501 1158/1386/1452
f 1193/1440/1506 1194/1403/1469 1192/1399/1465
f 1208/1433/1499 1241/1441/1507 1240/1442/1508
f 1160/1390/1456 1213/1428/1494 1212/1430/1496
f 1194/1403/1469 1197/1443/1509 1196/1406/1472
f 1249/1416/1482 1257/1387/1453 1265/1347/1413
f 1162/1395/1461 1214/1424/1490 1213/1428/1494
f 1197/1443/1509 1198/1405/1471 1196/1406/1472
f 1166/1401/1467 1216/1338/1404 1215/1420/1486
f 1207/1426/1492 1240/1442/1508 1239/1444/1510
f 1199/1445/1511 1200/1413/1479 1198/1405/1471
f 1177/1415/1481 1161/1389/1455 1145/1344/1410
f 1203/1446/1512 1140/1339/1405 1202/1412/1478
f 1200/1413/1479 1203/1446/1512 1202/1412/1478
f 1204/1333/1399 1237/1447/1513 1236/1448/1514
f 1172/1351/1417 1217/1337/1403 1170/1408/1474
f 1166/1401/1467 1214/1424/1490 1164/1397/1463
f 1205/1422/1488 1238/1449/1515 1237/1447/1513
f 1206/1421/1487 1239/1444/1510 1238/1449/1515
f 1281/1450/1516 1289/1451/1517 1297/1452/1518
f 1298/1453/1519 1301/1454/1520 1299/1455/1521
f 1302/1456/1522 1301/1454/1520 1300/1457/1523
f 1302/1456/1522 1305/1458/1524 1303/1459/1525
f 1306/1460/1526 1305/1458/1524 1304/1461/1527
f 1306/1460/1526 1309/1462/1528 1307/1463/1529
f 1310/1464/1530 1309/1462/1528 1308/1465/1531
f 1310/1464/1530 1313/1466/1532 1311/1467/1533
f 1314/1468/1534 1313/1466/1532 1312/1469/1535
f 1316/1470/1536 1315/1471/1537 1314/1468/1534
f 1316/1470/1536 1319/1472/1538 1317/1473/1539
f 1320/1474/1540 1319/1472/1538 1318/1475/1541
f 1320/1474/1540 1323/1476/1542 1321/1477/1543
f 1322/1478/1544 1325/1479/1545 1323/1476/1542
f 1326/1480/1546 1325/1479/1545 1324/1481/1547
f 1326/1480/1546 1329/1482/1548 1327/1483/1549
f 1330/1484/1550 1329/1482/1548 1328/1485/1551
f 1330/1484/1550 1333/1486/1552 1331/1487/1553
f 1332/1488/1554 1335/1489/1555 1333/1486/1552
f 1334/1490/1556 1337/1491/1557 1335/1489/1555
f 1338/1492/1558 1337/1491/1557 1336/1493/1559
f 1338/1492/1558 1341/1494/1560 1339/1495/1561
f 1342/1496/1562 1341/1494/1560 1340/1497/1563
f 1344/1498/1564 1343/1499/1565 1342/1496/1562
f 1346/1500/1566 1345/1501/1567 1344/1498/1564
f 1346/1500/1566 1349/1502/1568 1347/1503/1569
f 1348/1504/1570 1351/1505/1571 1349/1502/1568
f 1350/1506/1572 1353/1507/1573 1351/1505/1571
f 1354/1508/1574 1353/1507/1573 1352/1509/1575
f 1354/1508/1574 1357/1510/1576 1355/1511/1577
f 1356/1512/1578 1359/1513/1579 1357/1510/1576
f 1355/1511/1577 1389/1514/1580 1353/1507/1573
f 1298/1453/1519 1361/1515/1581 1360/1516/1582
f 1360/1516/1582 1359/1513/1579 1358/1517/1583
f 1332/1488/1554 1316/1470/1536 1300/1457/1523
f 1381/1518/1584 1412/1519/1585 1380/1520/1586
f 1331/1487/1553 1377/1521/1587 1329/1482/1548
f 1366/1522/1588 1305/1458/1524 1307/1463/1529
f 1385/1523/1589 1343/1499/1565 1345/1501/1567
f 1363/1524/1590 1299/1455/1521 1301/1454/1520
f 1373/1525/1591 1319/1472/1538 1321/1477/1543
f 1359/1513/1579 1391/1526/1592 1357/1510/1576
f 1335/1489/1555 1379/1527/1593 1333/1486/1552
f 1311/1467/1533 1367/1528/1594 1309/1462/1528
f 1387/1529/1595 1347/1503/1569 1349/1502/1568
f 1325/1479/1545 1374/1530/1596 1323/1476/1542
f 1299/1455/1521 1393/1531/1597 1361/1515/1581
f 1339/1495/1561 1381/1518/1584 1337/1491/1557
f 1315/1471/1537 1369/1532/1598 1313/1466/1532
f 1389/1514/1580 1351/1505/1571 1353/1507/1573
f 1377/1521/1587 1327/1483/1549 1329/1482/1548
f 1365/1533/1599 1303/1459/1525 1305/1458/1524
f 1343/1499/1565 1383/1534/1600 1341/1494/1560
f 1372/1535/1601 1317/1473/1539 1319/1472/1538
f 1391/1526/1592 1355/1511/1577 1357/1510/1576
f 1379/1527/1593 1331/1487/1553 1333/1486/1552
f 1309/1462/1528 1366/1522/1588 1307/1463/1529
f 1347/1503/1569 1385/1523/1589 1345/1501/1567
f 1374/1530/1596 1321/1477/1543 1323/1476/1542
f 1393/1531/1597 1359/1513/1579 1361/1515/1581
f 1337/1491/1557 1380/1520/1586 1335/1489/1555
f 1313/1466/1532 1368/1536/1602 1311/1467/1533
f 1351/1505/1571 1387/1529/1595 1349/1502/1568
f 1376/1537/1603 1325/1479/1545 1327/1483/1549
f 1303/1459/1525 1363/1524/1590 1301/1454/1520
f 1383/1534/1600 1339/1495/1561 1341/1494/1560
f 1371/1538/1604 1315/1471/1537 1317/1473/1539
f 1410/1539/1605 1418/1540/1606 1394/1541/1607
f 1408/1542/1608 1375/1543/1609 1376/1537/1603
f 1403/1544/1610 1370/1545/1611 1371/1538/1604
f 1398/1546/1612 1365/1533/1599 1366/1522/1588
f 1392/1547/1613 1423/1548/1614 1391/1526/1592
f 1387/1529/1595 1418/1540/1606 1386/1549/1615
f 1382/1550/1616 1413/1551/1617 1381/1518/1584
f 1409/1552/1618 1376/1537/1603 1377/1521/1587
f 1404/1553/1619 1371/1538/1604 1372/1535/1601
f 1399/1554/1620 1366/1522/1588 1367/1528/1594
f 1393/1531/1597 1424/1555/1621 1392/1547/1613
f 1388/1556/1622 1419/1557/1623 1387/1529/1595
f 1383/1534/1600 1414/1558/1624 1382/1550/1616
f 1410/1539/1605 1377/1521/1587 1378/1559/1625
f 1405/1560/1626 1372/1535/1601 1373/1525/1591
f 1400/1561/1627 1367/1528/1594 1368/1536/1602
f 1395/1562/1628 1362/1563/1629 1363/1524/1590
f 1362/1563/1629 1425/1564/1630 1393/1531/1597
f 1389/1514/1580 1420/1565/1631 1388/1556/1622
f 1384/1566/1632 1415/1567/1633 1383/1534/1600
f 1379/1527/1593 1410/1539/1605 1378/1559/1625
f 1406/1568/1634 1373/1525/1591 1374/1530/1596
f 1401/1569/1635 1368/1536/1602 1369/1532/1598
f 1396/1570/1636 1363/1524/1590 1364/1571/1637
f 1390/1572/1638 1421/1573/1639 1389/1514/1580
f 1385/1523/1589 1416/1574/1640 1384/1566/1632
f 1380/1520/1586 1411/1575/1641 1379/1527/1593
f 1407/1576/1642 1374/1530/1596 1375/1543/1609
f 1402/1577/1643 1369/1532/1598 1370/1545/1611
f 1397/1578/1644 1364/1571/1637 1365/1533/1599
f 1391/1526/1592 1422/1579/1645 1390/1572/1638
f 1386/1549/1615 1417/1580/1646 1385/1523/1589
f 1554/1581/1647 1557/1582/1648 1556/1583/1649
f 1557/1582/1648 1558/1584/1650 1556/1583/1649
f 1558/1584/1650 1561/1585/1651 1560/1586/1652
f 1561/1585/1651 1562/1587/1653 1560/1586/1652
f 1562/1587/1653 1565/1588/1654 1564/1589/1655
f 1564/1589/1655 1567/1590/1656 1566/1591/1657
f 1567/1590/1656 1568/1592/1658 1566/1591/1657
f 1568/1592/1658 1571/1593/1659 1570/1594/1660
f 1570/1594/1660 1573/1595/1661 1572/1596/1662
f 1573/1595/1661 1574/1597/1663 1572/1596/1662
f 1574/1597/1663 1577/1598/1664 1576/1599/1665
f 1576/1599/1665 1579/1600/1666 1578/1601/1667
f 1579/1600/1666 1580/1602/1668 1578/1601/1667
f 1581/1603/1669 1582/1604/1670 1580/1602/1668
f 1583/1605/1671 1584/1606/1672 1582/1604/1670
f 1584/1606/1672 1587/1607/1673 1586/1608/1674
f 1586/1608/1674 1589/1609/1675 1588/1610/1676
f 1589/1609/1675 1590/1611/1677 1588/1610/1676
f 1590/1611/1677 1593/1612/1678 1592/1613/1679
f 1593/1612/1678 1594/1614/1680 1592/1613/1679
f 1595/1615/1681 1596/1616/1682 1594/1614/1680
f 1596/1616/1682 1599/1617/1683 1598/1618/1684
f 1599/1617/1683 1600/1619/1685 1598/1618/1684
f 1600/1619/1685 1603/1620/1686 1602/1621/1687
f 1602/1621/1687 1605/1622/1688 1604/1623/1689
f 1605/1622/1688 1606/1624/1690 1604/1623/1689
f 1606/1624/1690 1609/1625/1691 1608/1626/1692
f 1609/1625/1691 1610/1627/1693 1608/1626/1692
f 1610/1627/1693 1613/1628/1694 1612/1629/1695
f 1613/1628/1694 1614/1630/1696 1612/1629/1695
f 1609/1625/1691 1646/1631/1697 1611/1632/1698
f 1617/1633/1699 1554/1581/1647 1616/1634/1700
f 1615/1635/1701 1616/1634/1700 1614/1630/1696
f 1584/1606/1672 1600/1619/1685 1616/1634/1700
f 1637/1636/1702 1668/1637/1703 1669/1638/1704
f 1587/1607/1673 1633/1639/1705 1634/1640/1706
f 1563/1641/1707 1621/1642/1708 1622/1643/1709
f 1599/1617/1683 1641/1644/1710 1601/1645/1711
f 1557/1582/1648 1618/1646/1712 1619/1647/1713
f 1577/1598/1664 1628/1648/1714 1629/1649/1715
f 1613/1628/1694 1648/1650/1716 1615/1635/1701
f 1591/1651/1717 1635/1652/1718 1636/1653/1719
f 1567/1590/1656 1623/1654/1720 1624/1655/1721
f 1605/1622/1688 1642/1656/1722 1643/1657/1723
f 1579/1600/1666 1631/1658/1724 1581/1603/1669
f 1617/1633/1699 1618/1646/1712 1555/1659/1725
f 1593/1612/1678 1638/1660/1726 1595/1615/1681
f 1569/1661/1727 1626/1662/1728 1571/1593/1659
f 1609/1625/1691 1644/1663/1729 1645/1664/1730
f 1583/1605/1671 1633/1639/1705 1585/1665/1731
f 1561/1585/1651 1620/1666/1732 1621/1642/1708
f 1599/1617/1683 1639/1667/1733 1640/1668/1734
f 1573/1595/1661 1628/1648/1714 1575/1669/1735
f 1613/1628/1694 1646/1631/1697 1647/1670/1736
f 1589/1609/1675 1634/1640/1706 1635/1652/1718
f 1565/1588/1654 1622/1643/1709 1623/1654/1720
f 1603/1620/1686 1641/1644/1710 1642/1656/1722
f 1579/1600/1666 1629/1649/1715 1630/1671/1737
f 1617/1633/1699 1648/1650/1716 1649/1672/1738
f 1591/1651/1717 1637/1636/1702 1593/1612/1678
f 1569/1661/1727 1624/1655/1721 1625/1673/1739
f 1605/1622/1688 1644/1663/1729 1607/1674/1740
f 1583/1605/1671 1631/1658/1724 1632/1675/1741
f 1557/1582/1648 1620/1666/1732 1559/1676/1742
f 1597/1677/1743 1638/1660/1726 1639/1667/1733
f 1573/1595/1661 1626/1662/1728 1627/1678/1744
f 1668/1637/1703 1660/1679/1745 1652/1680/1746
f 1631/1658/1724 1664/1681/1747 1632/1675/1741
f 1626/1662/1728 1659/1682/1748 1627/1678/1744
f 1621/1642/1708 1654/1683/1749 1622/1643/1709
f 1648/1650/1716 1679/1684/1750 1680/1685/1751
f 1643/1657/1723 1674/1686/1752 1675/1687/1753
f 1638/1660/1726 1669/1638/1704 1670/1688/1754
f 1632/1675/1741 1665/1689/1755 1633/1639/1705
f 1627/1678/1744 1660/1679/1745 1628/1648/1714
f 1622/1643/1709 1655/1690/1756 1623/1654/1720
f 1649/1672/1738 1680/1685/1751 1681/1691/1757
f 1644/1663/1729 1675/1687/1753 1676/1692/1758
f 1639/1667/1733 1670/1688/1754 1671/1693/1759
f 1633/1639/1705 1666/1694/1760 1634/1640/1706
f 1628/1648/1714 1661/1695/1761 1629/1649/1715
f 1623/1654/1720 1656/1696/1762 1624/1655/1721
f 1618/1646/1712 1651/1697/1763 1619/1647/1713
f 1618/1646/1712 1681/1691/1757 1650/1698/1764
f 1645/1664/1730 1676/1692/1758 1677/1699/1765
f 1640/1668/1734 1671/1693/1759 1672/1700/1766
f 1635/1652/1718 1666/1694/1760 1667/1701/1767
f 1629/1649/1715 1662/1702/1768 1630/1671/1737
f 1624/1655/1721 1657/1703/1769 1625/1673/1739
f 1619/1647/1713 1652/1680/1746 1620/1666/1732
f 1646/1631/1697 1677/1699/1765 1678/1704/1770
f 1641/1644/1710 1672/1700/1766 1673/1705/1771
f 1636/1653/1719 1667/1701/1767 1668/1637/1703
f 1630/1671/1737 1663/1706/1772 1631/1658/1724
f 1625/1673/1739 1658/1707/1773 1626/1662/1728
f 1620/1666/1732 1653/1708/1774 1621/1642/1708
f 1647/1670/1736 1678/1704/1770 1679/1684/1750
f 1642/1656/1722 1673/1705/1771 1674/1686/1752
f 1204/1333/1399 1236/1448/1514 1234/1334/1400
f 1168/1336/1402 1170/1408/1474 1217/1337/1403
f 1140/1339/1405 1141/1724/1785 1143/1340/1406
f 1139/1342/1408 1138/1335/1401 1234/1334/1400
f 1142/1341/1407 1138/1335/1401 1139/1342/1408
f 1142/1341/1407 1143/1340/1406 1145/1344/1410
f 1232/1346/1412 1233/1411/1477 1265/1347/1413
f 1174/1349/1415 1219/1356/1422 1218/1350/1416
f 1145/1344/1410 1147/1725/1786 1146/1352/1418
f 1231/1353/1419 1232/1346/1412 1264/1348/1414
f 1174/1349/1415 1176/1362/1428 1220/1355/1421
f 1146/1352/1418 1147/1725/1786 1149/1357/1423
f 1231/1353/1419 1263/1354/1420 1262/1359/1425
f 1178/1361/1427 1221/1367/1433 1220/1355/1421
f 1149/1357/1423 1151/1726/1787 1150/1363/1429
f 1230/1360/1426 1262/1359/1425 1261/1364/1430
f 1178/1361/1427 1180/1373/1439 1222/1366/1432
f 1150/1363/1429 1151/1726/1787 1153/1368/1434
f 1229/1365/1431 1261/1364/1430 1260/1370/1436
f 1182/1372/1438 1223/1379/1445 1222/1366/1432
f 1152/1369/1435 1153/1368/1434 1155/1374/1440
f 1228/1371/1437 1260/1370/1436 1259/1376/1442
f 1184/1378/1444 1224/1384/1450 1223/1379/1445
f 1155/1374/1440 1157/1385/1451 1156/1380/1446
f 1227/1377/1443 1259/1376/1442 1258/1381/1447
f 1186/1383/1449 1225/1388/1454 1224/1384/1450
f 1157/1385/1451 1159/1727/1788 1158/1386/1452
f 1226/1382/1448 1258/1381/1447 1257/1387/1453
f 1186/1383/1449 1188/1393/1459 1226/1382/1448
f 1158/1386/1452 1159/1727/1788 1161/1389/1455
f 1225/1388/1454 1257/1387/1453 1256/1391/1457
f 1190/1392/1458 1227/1377/1443 1226/1382/1448
f 1160/1390/1456 1161/1389/1455 1163/1394/1460
f 1224/1384/1450 1256/1391/1457 1255/1396/1462
f 1190/1392/1458 1192/1399/1465 1228/1371/1437
f 1163/1394/1460 1165/1728/1789 1164/1397/1463
f 1223/1379/1445 1255/1396/1462 1254/1398/1464
f 1192/1399/1465 1194/1403/1469 1229/1365/1431
f 1164/1397/1463 1165/1728/1789 1167/1400/1466
f 1222/1366/1432 1254/1398/1464 1253/1402/1468
f 1194/1403/1469 1196/1406/1472 1230/1360/1426
f 1167/1400/1466 1169/1407/1473 1168/1336/1402
f 1221/1367/1433 1253/1402/1468 1252/1404/1470
f 1198/1405/1471 1231/1353/1419 1230/1360/1426
f 1169/1407/1473 1171/1729/1790 1170/1408/1474
f 1220/1355/1421 1252/1404/1470 1251/1409/1475
f 1198/1405/1471 1200/1413/1479 1232/1346/1412
f 1170/1408/1474 1171/1729/1790 1173/1410/1476
f 1233/1411/1477 1139/1342/1408 1235/1343/1409
f 1202/1412/1478 1233/1411/1477 1232/1346/1412
f 1173/1410/1476 1175/1730/1791 1174/1349/1415
f 1219/1356/1422 1251/1409/1475 1250/1414/1480
f 1202/1412/1478 1140/1339/1405 1139/1342/1408
f 1174/1349/1415 1175/1730/1791 1177/1415/1481
f 1218/1350/1416 1250/1414/1480 1249/1416/1482
f 1144/1345/1411 1204/1333/1399 1138/1335/1401
f 1177/1415/1481 1179/1418/1484 1178/1361/1427
f 1217/1337/1403 1249/1416/1482 1248/1417/1483
f 1146/1352/1418 1205/1422/1488 1204/1333/1399
f 1179/1418/1484 1181/1731/1792 1180/1373/1439
f 1216/1338/1404 1248/1417/1483 1247/1419/1485
f 1146/1352/1418 1148/1358/1424 1206/1421/1487
f 1180/1373/1439 1181/1731/1792 1183/1423/1489
f 1214/1424/1490 1215/1420/1486 1247/1419/1485
f 1148/1358/1424 1150/1363/1429 1207/1426/1492
f 1182/1372/1438 1183/1423/1489 1185/1427/1493
f 1213/1428/1494 1214/1424/1490 1246/1425/1491
f 1152/1369/1435 1208/1433/1499 1207/1426/1492
f 1185/1427/1493 1187/1434/1500 1186/1383/1449
f 1212/1430/1496 1213/1428/1494 1245/1429/1495
f 1152/1369/1435 1154/1375/1441 1209/1432/1498
f 1187/1434/1500 1189/1732/1793 1188/1393/1459
f 1211/1435/1501 1212/1430/1496 1244/1431/1497
f 1156/1380/1446 1210/1438/1504 1209/1432/1498
f 1188/1393/1459 1189/1732/1793 1191/1437/1503
f 1210/1438/1504 1211/1435/1501 1243/1436/1502
f 1158/1386/1452 1211/1435/1501 1210/1438/1504
f 1190/1392/1458 1191/1437/1503 1193/1440/1506
f 1209/1432/1498 1210/1438/1504 1242/1439/1505
f 1160/1390/1456 1212/1430/1496 1211/1435/1501
f 1193/1440/1506 1195/1733/1794 1194/1403/1469
f 1208/1433/1499 1209/1432/1498 1241/1441/1507
f 1160/1390/1456 1162/1395/1461 1213/1428/1494
f 1194/1403/1469 1195/1733/1794 1197/1443/1509
f 1265/1347/1413 1235/1343/1409 1234/1334/1400
f 1234/1334/1400 1236/1448/1514 1237/1447/1513
f 1237/1447/1513 1238/1449/1515 1239/1444/1510
f 1239/1444/1510 1240/1442/1508 1241/1441/1507
f 1241/1441/1507 1242/1439/1505 1243/1436/1502
f 1243/1436/1502 1244/1431/1497 1245/1429/1495
f 1245/1429/1495 1246/1425/1491 1247/1419/1485
f 1247/1419/1485 1248/1417/1483 1249/1416/1482
f 1249/1416/1482 1250/1414/1480 1251/1409/1475
f 1251/1409/1475 1252/1404/1470 1253/1402/1468
f 1253/1402/1468 1254/1398/1464 1255/1396/1462
f 1255/1396/1462 1256/1391/1457 1257/1387/1453
f 1257/1387/1453 1258/1381/1447 1259/1376/1442
f 1259/1376/1442 1260/1370/1436 1261/1364/1430
f 1261/1364/1430 1262/1359/1425 1263/1354/1420
f 1263/1354/1420 1264/1348/1414 1265/1347/1413
f 1265/1347/1413 1234/1334/1400 1237/1447/1513
f 1237/1447/1513 1239/1444/1510 1241/1441/1507
f 1241/1441/1507 1243/1436/1502 1245/1429/1495
f 1245/1429/1495 1247/1419/1485 1249/1416/1482
f 1249/1416/1482 1251/1409/1475 1253/1402/1468
f 1253/1402/1468 1255/1396/1462 1257/1387/1453
f 1257/1387/1453 1259/1376/1442 1261/1364/1430
f 1261/1364/1430 1263/1354/1420 1265/1347/1413
f 1265/1347/1413 1237/1447/1513 1241/1441/1507
f 1241/1441/1507 1245/1429/1495 1249/1416/1482
f 1249/1416/1482 1253/1402/1468 1257/1387/1453
f 1257/1387/1453 1261/1364/1430 1265/1347/1413
f 1265/1347/1413 1241/1441/1507 1249/1416/1482
f 1162/1395/1461 1164/1397/1463 1214/1424/1490
f 1197/1443/1509 1199/1445/1511 1198/1405/1471
f 1166/1401/1467 1168/1336/1402 1216/1338/1404
f 1207/1426/1492 1208/1433/1499 1240/1442/1508
f 1199/1445/1511 1201/1734/1795 1200/1413/1479
f 1145/1344/1410 1143/1340/1406 1141/1724/1785
f 1141/1724/1785 1203/1446/1512 1201/1734/1795
f 1201/1734/1795 1199/1445/1511 1197/1443/1509
f 1197/1443/1509 1195/1733/1794 1193/1440/1506
f 1193/1440/1506 1191/1437/1503 1189/1732/1793
f 1189/1732/1793 1187/1434/1500 1185/1427/1493
f 1185/1427/1493 1183/1423/1489 1181/1731/1792
f 1181/1731/1792 1179/1418/1484 1177/1415/1481
f 1177/1415/1481 1175/1730/1791 1173/1410/1476
f 1173/1410/1476 1171/1729/1790 1169/1407/1473
f 1169/1407/1473 1167/1400/1466 1165/1728/1789
f 1165/1728/1789 1163/1394/1460 1161/1389/1455
f 1161/1389/1455 1159/1727/1788 1157/1385/1451
f 1157/1385/1451 1155/1374/1440 1153/1368/1434
f 1153/1368/1434 1151/1726/1787 1149/1357/1423
f 1149/1357/1423 1147/1725/1786 1145/1344/1410
f 1145/1344/1410 1141/1724/1785 1201/1734/1795
f 1201/1734/1795 1197/1443/1509 1193/1440/1506
f 1193/1440/1506 1189/1732/1793 1185/1427/1493
f 1185/1427/1493 1181/1731/1792 1177/1415/1481
f 1177/1415/1481 1173/1410/1476 1169/1407/1473
f 1169/1407/1473 1165/1728/1789 1161/1389/1455
f 1161/1389/1455 1157/1385/1451 1153/1368/1434
f 1153/1368/1434 1149/1357/1423 1145/1344/1410
f 1145/1344/1410 1201/1734/1795 1193/1440/1506
f 1193/1440/1506 1185/1427/1493 1177/1415/1481
f 1177/1415/1481 1169/1407/1473 1161/1389/1455
f 1161/1389/1455 1153/1368/1434 1145/1344/1410
f 1145/1344/1410 1193/1440/1506 1177/1415/1481
f 1203/1446/1512 1141/1724/1785 1140/1339/1405
f 1200/1413/1479 1201/1734/1795 1203/1446/1512
f 1204/1333/1399 1205/1422/1488 1237/1447/1513
f 1172/1351/1417 1218/1350/1416 1217/1337/1403
f 1166/1401/1467 1215/1420/1486 1214/1424/1490
f 1205/1422/1488 1206/1421/1487 1238/1449/1515
f 1206/1421/1487 1207/1426/1492 1239/1444/1510
f 1297/1452/1518 1267/1735/1796 1266/1450/1797
f 1266/1450/1797 1268/1736/1798 1269/1737/1799
f 1269/1737/1799 1270/1738/1800 1271/1739/1801
f 1271/1739/1801 1272/1740/1802 1273/1741/1517
f 1273/1741/1517 1274/1742/1803 1275/1741/1804
f 1275/1741/1804 1276/1740/1805 1277/1739/1806
f 1277/1739/1806 1278/1738/1807 1279/1737/1808
f 1279/1737/1808 1280/1736/1809 1281/1450/1516
f 1281/1450/1516 1282/1735/1810 1283/1452/1811
f 1283/1452/1811 1284/1743/1812 1285/1744/1799
f 1285/1744/1799 1286/1745/1813 1287/1746/1814
f 1287/1746/1814 1288/1747/1815 1289/1451/1517
f 1289/1451/1517 1290/1748/1803 1291/1451/1816
f 1291/1451/1816 1292/1747/1817 1293/1746/1806
f 1293/1746/1806 1294/1745/1818 1295/1744/1819
f 1295/1744/1819 1296/1743/1820 1297/1452/1518
f 1297/1452/1518 1266/1450/1797 1269/1737/1799
f 1269/1737/1799 1271/1739/1801 1273/1741/1517
f 1273/1741/1517 1275/1741/1804 1277/1739/1806
f 1277/1739/1806 1279/1737/1808 1281/1450/1516
f 1281/1450/1516 1283/1452/1811 1285/1744/1799
f 1285/1744/1799 1287/1746/1814 1289/1451/1517
f 1289/1451/1517 1291/1451/1816 1293/1746/1806
f 1293/1746/1806 1295/1744/1819 1297/1452/1518
f 1297/1452/1518 1269/1737/1799 1273/1741/1517
f 1273/1741/1517 1277/1739/1806 1281/1450/1516
f 1281/1450/1516 1285/1744/1799 1289/1451/1517
f 1289/1451/1517 1293/1746/1806 1297/1452/1518
f 1297/1452/1518 1273/1741/1517 1281/1450/1516
f 1298/1453/1519 1300/1457/1523 1301/1454/1520
f 1302/1456/1522 1303/1459/1525 1301/1454/1520
f 1302/1456/1522 1304/1461/1527 1305/1458/1524
f 1306/1460/1526 1307/1463/1529 1305/1458/1524
f 1306/1460/1526 1308/1465/1531 1309/1462/1528
f 1310/1464/1530 1311/1467/1533 1309/1462/1528
f 1310/1464/1530 1312/1469/1535 1313/1466/1532
f 1314/1468/1534 1315/1471/1537 1313/1466/1532
f 1316/1470/1536 1317/1473/1539 1315/1471/1537
f 1316/1470/1536 1318/1475/1541 1319/1472/1538
f 1320/1474/1540 1321/1477/1543 1319/1472/1538
f 1320/1474/1540 1322/1478/1544 1323/1476/1542
f 1322/1478/1544 1324/1481/1547 1325/1479/1545
f 1326/1480/1546 1327/1483/1549 1325/1479/1545
f 1326/1480/1546 1328/1485/1551 1329/1482/1548
f 1330/1484/1550 1331/1487/1553 1329/1482/1548
f 1330/1484/1550 1332/1488/1554 1333/1486/1552
f 1332/1488/1554 1334/1490/1556 1335/1489/1555
f 1334/1490/1556 1336/1493/1559 1337/1491/1557
f 1338/1492/1558 1339/1495/1561 1337/1491/1557
f 1338/1492/1558 1340/1497/1563 1341/1494/1560
f 1342/1496/1562 1343/1499/1565 1341/1494/1560
f 1344/1498/1564 1345/1501/1567 1343/1499/1565
f 1346/1500/1566 1347/1503/1569 1345/1501/1567
f 1346/1500/1566 1348/1504/1570 1349/1502/1568
f 1348/1504/1570 1350/1506/1572 1351/1505/1571
f 1350/1506/1572 1352/1509/1575 1353/1507/1573
f 1354/1508/1574 1355/1511/1577 1353/1507/1573
f 1354/1508/1574 1356/1512/1578 1357/1510/1576
f 1356/1512/1578 1358/1517/1583 1359/1513/1579
f 1355/1511/1577 1390/1572/1638 1389/1514/1580
f 1298/1453/1519 1299/1455/1521 1361/1515/1581
f 1360/1516/1582 1361/1515/1581 1359/1513/1579
f 1300/1457/1523 1298/1453/1519 1360/1516/1582
f 1360/1516/1582 1358/1517/1583 1356/1512/1578
f 1356/1512/1578 1354/1508/1574 1352/1509/1575
f 1352/1509/1575 1350/1506/1572 1348/1504/1570
f 1348/1504/1570 1346/1500/1566 1344/1498/1564
f 1344/1498/1564 1342/1496/1562 1340/1497/1563
f 1340/1497/1563 1338/1492/1558 1336/1493/1559
f 1336/1493/1559 1334/1490/1556 1332/1488/1554
f 1332/1488/1554 1330/1484/1550 1328/1485/1551
f 1328/1485/1551 1326/1480/1546 1324/1481/1547
f 1324/1481/1547 1322/1478/1544 1320/1474/1540
f 1320/1474/1540 1318/1475/1541 1316/1470/1536
f 1316/1470/1536 1314/1468/1534 1312/1469/1535
f 1312/1469/1535 1310/1464/1530 1308/1465/1531
f 1308/1465/1531 1306/1460/1526 1304/1461/1527
f 1304/1461/1527 1302/1456/1522 1300/1457/1523
f 1300/1457/1523 1360/1516/1582 1356/1512/1578
f 1356/1512/1578 1352/1509/1575 1348/1504/1570
f 1348/1504/1570 1344/1498/1564 1340/1497/1563
f 1340/1497/1563 1336/1493/1559 1332/1488/1554
f 1332/1488/1554 1328/1485/1551 1324/1481/1547
f 1324/1481/1547 1320/1474/1540 1316/1470/1536
f 1316/1470/1536 1312/1469/1535 1308/1465/1531
f 1308/1465/1531 1304/1461/1527 1300/1457/1523
f 1300/1457/1523 1356/1512/1578 1348/1504/1570
f 1348/1504/1570 1340/1497/1563 1332/1488/1554
f 1332/1488/1554 1324/1481/1547 1316/1470/1536
f 1316/1470/1536 1308/1465/1531 1300/1457/1523
f 1300/1457/1523 1348/1504/1570 1332/1488/1554
f 1381/1518/1584 1413/1551/1617 1412/1519/1585
f 1331/1487/1553 1378/1559/1625 1377/1521/1587
f 1366/1522/1588 1365/1533/1599 1305/1458/1524
f 1385/1523/1589 1384/1566/1632 1343/1499/1565
f 1363/1524/1590 1362/1563/1629 1299/1455/1521
f 1373/1525/1591 1372/1535/1601 1319/1472/1538
f 1359/1513/1579 1392/1547/1613 1391/1526/1592
f 1335/1489/1555 1380/1520/1586 1379/1527/1593
f 1311/1467/1533 1368/1536/1602 1367/1528/1594
f 1387/1529/1595 1386/1549/1615 1347/1503/1569
f 1325/1479/1545 1375/1543/1609 1374/1530/1596
f 1299/1455/1521 1362/1563/1629 1393/1531/1597
f 1339/1495/1561 1382/1550/1616 1381/1518/1584
f 1315/1471/1537 1370/1545/1611 1369/1532/1598
f 1389/1514/1580 1388/1556/1622 1351/1505/1571
f 1377/1521/1587 1376/1537/1603 1327/1483/1549
f 1365/1533/1599 1364/1571/1637 1303/1459/1525
f 1343/1499/1565 1384/1566/1632 1383/1534/1600
f 1372/1535/1601 1371/1538/1604 1317/1473/1539
f 1391/1526/1592 1390/1572/1638 1355/1511/1577
f 1379/1527/1593 1378/1559/1625 1331/1487/1553
f 1309/1462/1528 1367/1528/1594 1366/1522/1588
f 1347/1503/1569 1386/1549/1615 1385/1523/1589
f 1374/1530/1596 1373/1525/1591 1321/1477/1543
f 1393/1531/1597 1392/1547/1613 1359/1513/1579
f 1337/1491/1557 1381/1518/1584 1380/1520/1586
f 1313/1466/1532 1369/1532/1598 1368/1536/1602
f 1351/1505/1571 1388/1556/1622 1387/1529/1595
f 1376/1537/1603 1375/1543/1609 1325/1479/1545
f 1303/1459/1525 1364/1571/1637 1363/1524/1590
f 1383/1534/1600 1382/1550/1616 1339/1495/1561
f 1371/1538/1604 1370/1545/1611 1315/1471/1537
f 1394/1541/1607 1395/1562/1628 1396/1570/1636
f 1396/1570/1636 1397/1578/1644 1398/1546/1612
f 1398/1546/1612 1399/1554/1620 1400/1561/1627
f 1400/1561/1627 1401/1569/1635 1402/1577/1643
f 1402/1577/1643 1403/1544/1610 1404/1553/1619
f 1404/1553/1619 1405/1560/1626 1406/1568/1634
f 1406/1568/1634 1407/1576/1642 1408/1542/1608
f 1408/1542/1608 1409/1552/1618 1410/1539/1605
f 1410/1539/1605 1411/1575/1641 1412/1519/1585
f 1412/1519/1585 1413/1551/1617 1414/1558/1624
f 1414/1558/1624 1415/1567/1633 1416/1574/1640
f 1416/1574/1640 1417/1580/1646 1418/1540/1606
f 1418/1540/1606 1419/1557/1623 1420/1565/1631
f 1420/1565/1631 1421/1573/1639 1422/1579/1645
f 1422/1579/1645 1423/1548/1614 1424/1555/1621
f 1424/1555/1621 1425/1564/1630 1394/1541/1607
f 1394/1541/1607 1396/1570/1636 1398/1546/1612
f 1398/1546/1612 1400/1561/1627 1402/1577/1643
f 1402/1577/1643 1404/1553/1619 1406/1568/1634
f 1406/1568/1634 1408/1542/1608 1410/1539/1605
f 1410/1539/1605 1412/1519/1585 1414/1558/1624
f 1414/1558/1624 1416/1574/1640 1418/1540/1606
f 1418/1540/1606 1420/1565/1631 1422/1579/1645
f 1422/1579/1645 1424/1555/1621 1394/1541/1607
f 1394/1541/1607 1398/1546/1612 1402/1577/1643
f 1402/1577/1643 1406/1568/1634 1410/1539/1605
f 1410/1539/1605 1414/1558/1624 1418/1540/1606
f 1418/1540/1606 1422/1579/1645 1394/1541/1607
f 1394/1541/1607 1402/1577/1643 1410/1539/1605
f 1408/1542/1608 1407/1576/1642 1375/1543/1609
f 1403/1544/1610 1402/1577/1643 1370/1545/1611
f 1398/1546/1612 1397/1578/1644 1365/1533/1599
f 1392/1547/1613 1424/1555/1621 1423/1548/1614
f 1387/1529/1595 1419/1557/1623 1418/1540/1606
f 1382/1550/1616 1414/1558/1624 1413/1551/1617
f 1409/1552/1618 1408/1542/1608 1376/1537/1603
f 1404/1553/1619 1403/1544/1610 1371/1538/1604
f 1399/1554/1620 1398/1546/1612 1366/1522/1588
f 1393/1531/1597 1425/1564/1630 1424/1555/1621
f 1388/1556/1622 1420/1565/1631 1419/1557/1623
f 1383/1534/1600 1415/1567/1633 1414/1558/1624
f 1410/1539/1605 1409/1552/1618 1377/1521/1587
f 1405/1560/1626 1404/1553/1619 1372/1535/1601
f 1400/1561/1627 1399/1554/1620 1367/1528/1594
f 1395/1562/1628 1394/1541/1607 1362/1563/1629
f 1362/1563/1629 1394/1541/1607 1425/1564/1630
f 1389/1514/1580 1421/1573/1639 1420/1565/1631
f 1384/1566/1632 1416/1574/1640 1415/1567/1633
f 1379/1527/1593 1411/1575/1641 1410/1539/1605
f 1406/1568/1634 1405/1560/1626 1373/1525/1591
f 1401/1569/1635 1400/1561/1627 1368/1536/1602
f 1396/1570/1636 1395/1562/1628 1363/1524/1590
f 1390/1572/1638 1422/1579/1645 1421/1573/1639
f 1385/1523/1589 1417/1580/1646 1416/1574/1640
f 1380/1520/1586 1412/1519/1585 1411/1575/1641
f 1407/1576/1642 1406/1568/1634 1374/1530/1596
f 1402/1577/1643 1401/1569/1635 1369/1532/1598
f 1397/1578/1644 1396/1570/1636 1364/1571/1637
f 1391/1526/1592 1423/1548/1614 1422/1579/1645
f 1386/1549/1615 1418/1540/1606 1417/1580/1646
f 1554/1581/1647 1555/1659/1725 1557/1582/1648
f 1557/1582/1648 1559/1676/1742 1558/1584/1650
f 1558/1584/1650 1559/1676/1742 1561/1585/1651
f 1561/1585/1651 1563/1641/1707 1562/1587/1653
f 1562/1587/1653 1563/1641/1707 1565/1588/1654
f 1564/1589/1655 1565/1588/1654 1567/1590/1656
f 1567/1590/1656 1569/1661/1727 1568/1592/1658
f 1568/1592/1658 1569/1661/1727 1571/1593/1659
f 1570/1594/1660 1571/1593/1659 1573/1595/1661
f 1573/1595/1661 1575/1669/1735 1574/1597/1663
f 1574/1597/1663 1575/1669/1735 1577/1598/1664
f 1576/1599/1665 1577/1598/1664 1579/1600/1666
f 1579/1600/1666 1581/1603/1669 1580/1602/1668
f 1581/1603/1669 1583/1605/1671 1582/1604/1670
f 1583/1605/1671 1585/1665/1731 1584/1606/1672
f 1584/1606/1672 1585/1665/1731 1587/1607/1673
f 1586/1608/1674 1587/1607/1673 1589/1609/1675
f 1589/1609/1675 1591/1651/1717 1590/1611/1677
f 1590/1611/1677 1591/1651/1717 1593/1612/1678
f 1593/1612/1678 1595/1615/1681 1594/1614/1680
f 1595/1615/1681 1597/1677/1743 1596/1616/1682
f 1596/1616/1682 1597/1677/1743 1599/1617/1683
f 1599/1617/1683 1601/1645/1711 1600/1619/1685
f 1600/1619/1685 1601/1645/1711 1603/1620/1686
f 1602/1621/1687 1603/1620/1686 1605/1622/1688
f 1605/1622/1688 1607/1674/1740 1606/1624/1690
f 1606/1624/1690 1607/1674/1740 1609/1625/1691
f 1609/1625/1691 1611/1632/1698 1610/1627/1693
f 1610/1627/1693 1611/1632/1698 1613/1628/1694
f 1613/1628/1694 1615/1635/1701 1614/1630/1696
f 1609/1625/1691 1645/1664/1730 1646/1631/1697
f 1617/1633/1699 1555/1659/1725 1554/1581/1647
f 1615/1635/1701 1617/1633/1699 1616/1634/1700
f 1616/1634/1700 1554/1581/1647 1556/1583/1649
f 1556/1583/1649 1558/1584/1650 1560/1586/1652
f 1560/1586/1652 1562/1587/1653 1564/1589/1655
f 1564/1589/1655 1566/1591/1657 1568/1592/1658
f 1568/1592/1658 1570/1594/1660 1572/1596/1662
f 1572/1596/1662 1574/1597/1663 1576/1599/1665
f 1576/1599/1665 1578/1601/1667 1580/1602/1668
f 1580/1602/1668 1582/1604/1670 1584/1606/1672
f 1584/1606/1672 1586/1608/1674 1588/1610/1676
f 1588/1610/1676 1590/1611/1677 1592/1613/1679
f 1592/1613/1679 1594/1614/1680 1596/1616/1682
f 1596/1616/1682 1598/1618/1684 1600/1619/1685
f 1600/1619/1685 1602/1621/1687 1604/1623/1689
f 1604/1623/1689 1606/1624/1690 1608/1626/1692
f 1608/1626/1692 1610/1627/1693 1612/1629/1695
f 1612/1629/1695 1614/1630/1696 1616/1634/1700
f 1616/1634/1700 1556/1583/1649 1560/1586/1652
f 1560/1586/1652 1564/1589/1655 1568/1592/1658
f 1568/1592/1658 1572/1596/1662 1576/1599/1665
f 1576/1599/1665 1580/1602/1668 1584/1606/1672
f 1584/1606/1672 1588/1610/1676 1592/1613/1679
f 1592/1613/1679 1596/1616/1682 1600/1619/1685
f 1600/1619/1685 1604/1623/1689 1608/1626/1692
f 1608/1626/1692 1612/1629/1695 1616/1634/1700
f 1616/1634/1700 1560/1586/1652 1568/1592/1658
f 1568/1592/1658 1576/1599/1665 1584/1606/1672
f 1584/1606/1672 1592/1613/1679 1600/1619/1685
f 1600/1619/1685 1608/1626/1692 1616/1634/1700
f 1616/1634/1700 1568/1592/1658 1584/1606/1672
f 1637/1636/1702 1636/1653/1719 1668/1637/1703
f 1587/1607/1673 1585/1665/1731 1633/1639/1705
f 1563/1641/1707 1561/1585/1651 1621/1642/1708
f 1599/1617/1683 1640/1668/1734 1641/1644/1710
f 1557/1582/1648 1555/1659/1725 1618/1646/1712
f 1577/1598/1664 1575/1669/1735 1628/1648/1714
f 1613/1628/1694 1647/1670/1736 1648/1650/1716
f 1591/1651/1717 1589/1609/1675 1635/1652/1718
f 1567/1590/1656 1565/1588/1654 1623/1654/1720
f 1605/1622/1688 1603/1620/1686 1642/1656/1722
f 1579/1600/1666 1630/1671/1737 1631/1658/1724
f 1617/1633/1699 1649/1672/1738 1618/1646/1712
f 1593/1612/1678 1637/1636/1702 1638/1660/1726
f 1569/1661/1727 1625/1673/1739 1626/1662/1728
f 1609/1625/1691 1607/1674/1740 1644/1663/1729
f 1583/1605/1671 1632/1675/1741 1633/1639/1705
f 1561/1585/1651 1559/1676/1742 1620/1666/1732
f 1599/1617/1683 1597/1677/1743 1639/1667/1733
f 1573/1595/1661 1627/1678/1744 1628/1648/1714
f 1613/1628/1694 1611/1632/1698 1646/1631/1697
f 1589/1609/1675 1587/1607/1673 1634/1640/1706
f 1565/1588/1654 1563/1641/1707 1622/1643/1709
f 1603/1620/1686 1601/1645/1711 1641/1644/1710
f 1579/1600/1666 1577/1598/1664 1629/1649/1715
f 1617/1633/1699 1615/1635/1701 1648/1650/1716
f 1591/1651/1717 1636/1653/1719 1637/1636/1702
f 1569/1661/1727 1567/1590/1656 1624/1655/1721
f 1605/1622/1688 1643/1657/1723 1644/1663/1729
f 1583/1605/1671 1581/1603/1669 1631/1658/1724
f 1557/1582/1648 1619/1647/1713 1620/1666/1732
f 1597/1677/1743 1595/1615/1681 1638/1660/1726
f 1573/1595/1661 1571/1593/1659 1626/1662/1728
f 1652/1680/1746 1651/1697/1763 1650/1698/1764
f 1650/1698/1764 1681/1691/1757 1680/1685/1751
f 1680/1685/1751 1679/1684/1750 1678/1704/1770
f 1678/1704/1770 1677/1699/1765 1676/1692/1758
f 1676/1692/1758 1675/1687/1753 1674/1686/1752
f 1674/1686/1752 1673/1705/1771 1672/1700/1766
f 1672/1700/1766 1671/1693/1759 1670/1688/1754
f 1670/1688/1754 1669/1638/1704 1668/1637/1703
f 1668/1637/1703 1667/1701/1767 1666/1694/1760
f 1666/1694/1760 1665/1689/1755 1664/1681/1747
f 1664/1681/1747 1663/1706/1772 1662/1702/1768
f 1662/1702/1768 1661/1695/1761 1660/1679/1745
f 1660/1679/1745 1659/1682/1748 1658/1707/1773
f 1658/1707/1773 1657/1703/1769 1656/1696/1762
f 1656/1696/1762 1655/1690/1756 1654/1683/1749
f 1654/1683/1749 1653/1708/1774 1652/1680/1746
f 1652/1680/1746 1650/1698/1764 1680/1685/1751
f 1680/1685/1751 1678/1704/1770 1676/1692/1758
f 1676/1692/1758 1674/1686/1752 1672/1700/1766
f 1672/1700/1766 1670/1688/1754 1668/1637/1703
f 1668/1637/1703 1666/1694/1760 1664/1681/1747
f 1664/1681/1747 1662/1702/1768 1660/1679/1745
f 1660/1679/1745 1658/1707/1773 1656/1696/1762
f 1656/1696/1762 1654/1683/1749 1652/1680/1746
f 1652/1680/1746 1680/1685/1751 1676/1692/1758
f 1676/1692/1758 1672/1700/1766 1668/1637/1703
f 1668/1637/1703 1664/1681/1747 1660/1679/1745
f 1660/1679/1745 1656/1696/1762 1652/1680/1746
f 1652/1680/1746 1676/1692/1758 1668/1637/1703
f 1631/1658/1724 1663/1706/1772 1664/1681/1747
f 1626/1662/1728 1658/1707/1773 1659/1682/1748
f 1621/1642/1708 1653/1708/1774 1654/1683/1749
f 1648/1650/1716 1647/1670/1736 1679/1684/1750
f 1643/1657/1723 1642/1656/1722 1674/1686/1752
f 1638/1660/1726 1637/1636/1702 1669/1638/1704
f 1632/1675/1741 1664/1681/1747 1665/1689/1755
f 1627/1678/1744 1659/1682/1748 1660/1679/1745
f 1622/1643/1709 1654/1683/1749 1655/1690/1756
f 1649/1672/1738 1648/1650/1716 1680/1685/1751
f 1644/1663/1729 1643/1657/1723 1675/1687/1753
f 1639/1667/1733 1638/1660/1726 1670/1688/1754
f 1633/1639/1705 1665/1689/1755 1666/1694/1760
f 1628/1648/1714 1660/1679/1745 1661/1695/1761
f 1623/1654/1720 1655/1690/1756 1656/1696/1762
f 1618/1646/1712 1650/1698/1764 1651/1697/1763
f 1618/1646/1712 1649/1672/1738 1681/1691/1757
f 1645/1664/1730 1644/1663/1729 1676/1692/1758
f 1640/1668/1734 1639/1667/1733 1671/1693/1759
f 1635/1652/1718 1634/1640/1706 1666/1694/1760
f 1629/1649/1715 1661/1695/1761 1662/1702/1768
f 1624/1655/1721 1656/1696/1762 1657/1703/1769
f 1619/1647/1713 1651/1697/1763 1652/1680/1746
f 1646/1631/1697 1645/1664/1730 1677/1699/1765
f 1641/1644/1710 1640/1668/1734 1672/1700/1766
f 1636/1653/1719 1635/1652/1718 1667/1701/1767
f 1630/1671/1737 1662/1702/1768 1663/1706/1772
f 1625/1673/1739 1657/1703/1769 1658/1707/1773
f 1620/1666/1732 1652/1680/1746 1653/1708/1774
f 1647/1670/1736 1646/1631/1697 1678/1704/1770
f 1642/1656/1722 1641/1644/1710 1673/1705/1771
