# Blender 4.4.0
# www.blender.org
mtllib Scene.mtl
o Mesh
v -1.255980 -0.041290 -2.567210
v -1.255980 0.131912 -2.053765
v -1.569975 0.131912 -2.053765
v -1.569975 0.131912 -2.053765
v -1.569975 -0.041290 -2.567210
v -1.255980 -0.041290 -2.567210
v -0.941985 -0.041290 -2.567210
v -0.941985 0.131912 -2.053765
v -1.255980 0.131912 -2.053765
v -1.255980 0.131912 -2.053765
v -1.255980 -0.041290 -2.567210
v -0.941985 -0.041290 -2.567210
v -0.627990 -0.041290 -2.567210
v -0.627990 0.131912 -2.053765
v -0.941985 0.131912 -2.053765
v -0.941985 0.131912 -2.053765
v -0.941985 -0.041290 -2.567210
v -0.627990 -0.041290 -2.567210
v -0.313996 -0.041290 -2.567210
v -0.313996 0.131912 -2.053765
v -0.627990 0.131912 -2.053765
v -0.627990 0.131912 -2.053765
v -0.627990 -0.041290 -2.567210
v -0.313996 -0.041290 -2.567210
v -0.000000 -0.041290 -2.567210
v -0.000000 0.131912 -2.053765
v -0.313996 0.131912 -2.053765
v -0.313996 0.131912 -2.053765
v -0.313996 -0.041290 -2.567210
v -0.000000 -0.041290 -2.567210
v 0.313995 -0.041290 -2.567210
v 0.313995 0.131912 -2.053765
v -0.000000 0.131912 -2.053765
v -0.000000 0.131912 -2.053765
v -0.000000 -0.041290 -2.567210
v 0.313995 -0.041290 -2.567210
v 0.627990 -0.041290 -2.567210
v 0.627990 0.131912 -2.053765
v 0.313995 0.131912 -2.053765
v 0.313995 0.131912 -2.053765
v 0.313995 -0.041290 -2.567210
v 0.627990 -0.041290 -2.567210
v 0.941985 -0.041290 -2.567210
v 0.941985 0.131912 -2.053765
v 0.627990 0.131912 -2.053765
v 0.627990 0.131912 -2.053765
v 0.627990 -0.041290 -2.567210
v 0.941985 -0.041290 -2.567210
v 1.255980 -0.041290 -2.567210
v 1.255980 0.131912 -2.053765
v 0.941985 0.131912 -2.053765
v 0.941985 0.131912 -2.053765
v 0.941985 -0.041290 -2.567210
v 1.255980 -0.041290 -2.567210
v 1.569975 -0.041290 -2.567210
v 1.569975 0.131912 -2.053765
v 1.255980 0.131912 -2.053765
v 1.255980 0.131912 -2.053765
v 1.255980 -0.041290 -2.567210
v 1.569975 -0.041290 -2.567210
v -1.255980 0.131912 -2.053765
v -1.255980 0.238956 -1.540325
v -1.569975 0.238956 -1.540325
v -1.569975 0.238956 -1.540325
v -1.569975 0.131912 -2.053765
v -1.255980 0.131912 -2.053765
v -0.941985 0.131912 -2.053765
v -0.941985 0.238956 -1.540325
v -1.255980 0.238956 -1.540325
v -1.255980 0.238956 -1.540325
v -1.255980 0.131912 -2.053765
v -0.941985 0.131912 -2.053765
v -0.627990 0.131912 -2.053765
v -0.627990 0.238956 -1.540325
v -0.941985 0.238956 -1.540325
v -0.941985 0.238956 -1.540325
v -0.941985 0.131912 -2.053765
v -0.627990 0.131912 -2.053765
v -0.313996 0.131912 -2.053765
v -0.313996 0.238956 -1.540325
v -0.627990 0.238956 -1.540325
v -0.627990 0.238956 -1.540325
v -0.627990 0.131912 -2.053765
v -0.313996 0.131912 -2.053765
v -0.000000 0.131912 -2.053765
v -0.000000 0.238956 -1.540325
v -0.313996 0.238956 -1.540325
v -0.313996 0.238956 -1.540325
v -0.313996 0.131912 -2.053765
v -0.000000 0.131912 -2.053765
v 0.313995 0.131912 -2.053765
v 0.313995 0.238956 -1.540325
v -0.000000 0.238956 -1.540325
v -0.000000 0.238956 -1.540325
v -0.000000 0.131912 -2.053765
v 0.313995 0.131912 -2.053765
v 0.627990 0.131912 -2.053765
v 0.627990 0.238956 -1.540325
v 0.313995 0.238956 -1.540325
v 0.313995 0.238956 -1.540325
v 0.313995 0.131912 -2.053765
v 0.627990 0.131912 -2.053765
v 0.941985 0.131912 -2.053765
v 0.941985 0.238956 -1.540325
v 0.627990 0.238956 -1.540325
v 0.627990 0.238956 -1.540325
v 0.627990 0.131912 -2.053765
v 0.941985 0.131912 -2.053765
v 1.255980 0.131912 -2.053765
v 1.255980 0.238956 -1.540325
v 0.941985 0.238956 -1.540325
v 0.941985 0.238956 -1.540325
v 0.941985 0.131912 -2.053765
v 1.255980 0.131912 -2.053765
v 1.569975 0.131912 -2.053765
v 1.569975 0.238956 -1.540325
v 1.255980 0.238956 -1.540325
v 1.255980 0.238956 -1.540325
v 1.255980 0.131912 -2.053765
v 1.569975 0.131912 -2.053765
v -1.255980 0.238956 -1.540325
v -1.255980 0.238957 -1.026885
v -1.569975 0.238957 -1.026885
v -1.569975 0.238957 -1.026885
v -1.569975 0.238956 -1.540325
v -1.255980 0.238956 -1.540325
v -0.941985 0.238956 -1.540325
v -0.941985 0.238957 -1.026885
v -1.255980 0.238957 -1.026885
v -1.255980 0.238957 -1.026885
v -1.255980 0.238956 -1.540325
v -0.941985 0.238956 -1.540325
v -0.627990 0.238956 -1.540325
v -0.627990 0.238957 -1.026885
v -0.941985 0.238957 -1.026885
v -0.941985 0.238957 -1.026885
v -0.941985 0.238956 -1.540325
v -0.627990 0.238956 -1.540325
v -0.313996 0.238956 -1.540325
v -0.313996 0.238957 -1.026885
v -0.627990 0.238957 -1.026885
v -0.627990 0.238957 -1.026885
v -0.627990 0.238956 -1.540325
v -0.313996 0.238956 -1.540325
v -0.000000 0.238956 -1.540325
v -0.000000 0.238957 -1.026885
v -0.313996 0.238957 -1.026885
v -0.313996 0.238957 -1.026885
v -0.313996 0.238956 -1.540325
v -0.000000 0.238956 -1.540325
v 0.313995 0.238956 -1.540325
v 0.313995 0.238957 -1.026885
v -0.000000 0.238957 -1.026885
v -0.000000 0.238957 -1.026885
v -0.000000 0.238956 -1.540325
v 0.313995 0.238956 -1.540325
v 0.627990 0.238956 -1.540325
v 0.627990 0.238957 -1.026885
v 0.313995 0.238957 -1.026885
v 0.313995 0.238957 -1.026885
v 0.313995 0.238956 -1.540325
v 0.627990 0.238956 -1.540325
v 0.941985 0.238956 -1.540325
v 0.941985 0.238957 -1.026885
v 0.627990 0.238957 -1.026885
v 0.627990 0.238957 -1.026885
v 0.627990 0.238956 -1.540325
v 0.941985 0.238956 -1.540325
v 1.255980 0.238956 -1.540325
v 1.255980 0.238957 -1.026885
v 0.941985 0.238957 -1.026885
v 0.941985 0.238957 -1.026885
v 0.941985 0.238956 -1.540325
v 1.255980 0.238956 -1.540325
v 1.569975 0.238956 -1.540325
v 1.569975 0.238957 -1.026885
v 1.255980 0.238957 -1.026885
v 1.255980 0.238957 -1.026885
v 1.255980 0.238956 -1.540325
v 1.569975 0.238956 -1.540325
v -1.255980 0.238957 -1.026885
v -1.255980 0.131912 -0.513440
v -1.569975 0.131912 -0.513440
v -1.569975 0.131912 -0.513440
v -1.569975 0.238957 -1.026885
v -1.255980 0.238957 -1.026885
v -0.941985 0.238957 -1.026885
v -0.941985 0.131912 -0.513440
v -1.255980 0.131912 -0.513440
v -1.255980 0.131912 -0.513440
v -1.255980 0.238957 -1.026885
v -0.941985 0.238957 -1.026885
v -0.627990 0.238957 -1.026885
v -0.627990 0.131912 -0.513440
v -0.941985 0.131912 -0.513440
v -0.941985 0.131912 -0.513440
v -0.941985 0.238957 -1.026885
v -0.627990 0.238957 -1.026885
v -0.313996 0.238957 -1.026885
v -0.313996 0.131912 -0.513440
v -0.627990 0.131912 -0.513440
v -0.627990 0.131912 -0.513440
v -0.627990 0.238957 -1.026885
v -0.313996 0.238957 -1.026885
v -0.000000 0.238957 -1.026885
v -0.000000 0.131912 -0.513440
v -0.313996 0.131912 -0.513440
v -0.313996 0.131912 -0.513440
v -0.313996 0.238957 -1.026885
v -0.000000 0.238957 -1.026885
v 0.313995 0.238957 -1.026885
v 0.313995 0.131912 -0.513440
v -0.000000 0.131912 -0.513440
v -0.000000 0.131912 -0.513440
v -0.000000 0.238957 -1.026885
v 0.313995 0.238957 -1.026885
v 0.627990 0.238957 -1.026885
v 0.627990 0.131912 -0.513440
v 0.313995 0.131912 -0.513440
v 0.313995 0.131912 -0.513440
v 0.313995 0.238957 -1.026885
v 0.627990 0.238957 -1.026885
v 0.941985 0.238957 -1.026885
v 0.941985 0.131912 -0.513440
v 0.627990 0.131912 -0.513440
v 0.627990 0.131912 -0.513440
v 0.627990 0.238957 -1.026885
v 0.941985 0.238957 -1.026885
v 1.255980 0.238957 -1.026885
v 1.255980 0.131912 -0.513440
v 0.941985 0.131912 -0.513440
v 0.941985 0.131912 -0.513440
v 0.941985 0.238957 -1.026885
v 1.255980 0.238957 -1.026885
v 1.569975 0.238957 -1.026885
v 1.569975 0.131912 -0.513440
v 1.255980 0.131912 -0.513440
v 1.255980 0.131912 -0.513440
v 1.255980 0.238957 -1.026885
v 1.569975 0.238957 -1.026885
v -1.255980 0.131912 -0.513440
v -1.255980 -0.041289 0.000000
v -1.569975 -0.041289 0.000000
v -1.569975 -0.041289 0.000000
v -1.569975 0.131912 -0.513440
v -1.255980 0.131912 -0.513440
v -0.941985 0.131912 -0.513440
v -0.941985 -0.041289 0.000000
v -1.255980 -0.041289 0.000000
v -1.255980 -0.041289 0.000000
v -1.255980 0.131912 -0.513440
v -0.941985 0.131912 -0.513440
v -0.627990 0.131912 -0.513440
v -0.627990 -0.041289 0.000000
v -0.941985 -0.041289 0.000000
v -0.941985 -0.041289 0.000000
v -0.941985 0.131912 -0.513440
v -0.627990 0.131912 -0.513440
v -0.313996 0.131912 -0.513440
v -0.313996 -0.041289 0.000000
v -0.627990 -0.041289 0.000000
v -0.627990 -0.041289 0.000000
v -0.627990 0.131912 -0.513440
v -0.313996 0.131912 -0.513440
v -0.000000 0.131912 -0.513440
v -0.000000 -0.041289 0.000000
v -0.313996 -0.041289 0.000000
v -0.313996 -0.041289 0.000000
v -0.313996 0.131912 -0.513440
v -0.000000 0.131912 -0.513440
v 0.313995 0.131912 -0.513440
v 0.313995 -0.041289 0.000000
v -0.000000 -0.041289 0.000000
v -0.000000 -0.041289 0.000000
v -0.000000 0.131912 -0.513440
v 0.313995 0.131912 -0.513440
v 0.627990 0.131912 -0.513440
v 0.627990 -0.041289 0.000000
v 0.313995 -0.041289 0.000000
v 0.313995 -0.041289 0.000000
v 0.313995 0.131912 -0.513440
v 0.627990 0.131912 -0.513440
v 0.941985 0.131912 -0.513440
v 0.941985 -0.041289 0.000000
v 0.627990 -0.041289 0.000000
v 0.627990 -0.041289 0.000000
v 0.627990 0.131912 -0.513440
v 0.941985 0.131912 -0.513440
v 1.255980 0.131912 -0.513440
v 1.255980 -0.041289 0.000000
v 0.941985 -0.041289 0.000000
v 0.941985 -0.041289 0.000000
v 0.941985 0.131912 -0.513440
v 1.255980 0.131912 -0.513440
v 1.569975 0.131912 -0.513440
v 1.569975 -0.041289 0.000000
v 1.255980 -0.041289 0.000000
v 1.255980 -0.041289 0.000000
v 1.255980 0.131912 -0.513440
v 1.569975 0.131912 -0.513440
v -1.255980 -0.041289 0.000000
v -1.255980 -0.214490 0.513440
v -1.569975 -0.214490 0.513440
v -1.569975 -0.214490 0.513440
v -1.569975 -0.041289 0.000000
v -1.255980 -0.041289 0.000000
v -0.941985 -0.041289 0.000000
v -0.941985 -0.214490 0.513440
v -1.255980 -0.214490 0.513440
v -1.255980 -0.214490 0.513440
v -1.255980 -0.041289 0.000000
v -0.941985 -0.041289 0.000000
v -0.627990 -0.041289 0.000000
v -0.627990 -0.214490 0.513440
v -0.941985 -0.214490 0.513440
v -0.941985 -0.214490 0.513440
v -0.941985 -0.041289 0.000000
v -0.627990 -0.041289 0.000000
v -0.313996 -0.041289 0.000000
v -0.313996 -0.214490 0.513440
v -0.627990 -0.214490 0.513440
v -0.627990 -0.214490 0.513440
v -0.627990 -0.041289 0.000000
v -0.313996 -0.041289 0.000000
v -0.000000 -0.041289 0.000000
v -0.000000 -0.214490 0.513440
v -0.313996 -0.214490 0.513440
v -0.313996 -0.214490 0.513440
v -0.313996 -0.041289 0.000000
v -0.000000 -0.041289 0.000000
v 0.313995 -0.041289 0.000000
v 0.313995 -0.214490 0.513440
v -0.000000 -0.214490 0.513440
v -0.000000 -0.214490 0.513440
v -0.000000 -0.041289 0.000000
v 0.313995 -0.041289 0.000000
v 0.627990 -0.041289 0.000000
v 0.627990 -0.214490 0.513440
v 0.313995 -0.214490 0.513440
v 0.313995 -0.214490 0.513440
v 0.313995 -0.041289 0.000000
v 0.627990 -0.041289 0.000000
v 0.941985 -0.041289 0.000000
v 0.941985 -0.214490 0.513440
v 0.627990 -0.214490 0.513440
v 0.627990 -0.214490 0.513440
v 0.627990 -0.041289 0.000000
v 0.941985 -0.041289 0.000000
v 1.255980 -0.041289 0.000000
v 1.255980 -0.214490 0.513440
v 0.941985 -0.214490 0.513440
v 0.941985 -0.214490 0.513440
v 0.941985 -0.041289 0.000000
v 1.255980 -0.041289 0.000000
v 1.569975 -0.041289 0.000000
v 1.569975 -0.214490 0.513440
v 1.255980 -0.214490 0.513440
v 1.255980 -0.214490 0.513440
v 1.255980 -0.041289 0.000000
v 1.569975 -0.041289 0.000000
v -1.255980 -0.214490 0.513440
v -1.255980 -0.321535 1.026885
v -1.569975 -0.321535 1.026885
v -1.569975 -0.321535 1.026885
v -1.569975 -0.214490 0.513440
v -1.255980 -0.214490 0.513440
v -0.941985 -0.214490 0.513440
v -0.941985 -0.321535 1.026885
v -1.255980 -0.321535 1.026885
v -1.255980 -0.321535 1.026885
v -1.255980 -0.214490 0.513440
v -0.941985 -0.214490 0.513440
v -0.627990 -0.214490 0.513440
v -0.627990 -0.321535 1.026885
v -0.941985 -0.321535 1.026885
v -0.941985 -0.321535 1.026885
v -0.941985 -0.214490 0.513440
v -0.627990 -0.214490 0.513440
v -0.313996 -0.214490 0.513440
v -0.313996 -0.321535 1.026885
v -0.627990 -0.321535 1.026885
v -0.627990 -0.321535 1.026885
v -0.627990 -0.214490 0.513440
v -0.313996 -0.214490 0.513440
v -0.000000 -0.214490 0.513440
v -0.000000 -0.321535 1.026885
v -0.313996 -0.321535 1.026885
v -0.313996 -0.321535 1.026885
v -0.313996 -0.214490 0.513440
v -0.000000 -0.214490 0.513440
v 0.313995 -0.214490 0.513440
v 0.313995 -0.321535 1.026885
v -0.000000 -0.321535 1.026885
v -0.000000 -0.321535 1.026885
v -0.000000 -0.214490 0.513440
v 0.313995 -0.214490 0.513440
v 0.627990 -0.214490 0.513440
v 0.627990 -0.321535 1.026885
v 0.313995 -0.321535 1.026885
v 0.313995 -0.321535 1.026885
v 0.313995 -0.214490 0.513440
v 0.627990 -0.214490 0.513440
v 0.941985 -0.214490 0.513440
v 0.941985 -0.321535 1.026885
v 0.627990 -0.321535 1.026885
v 0.627990 -0.321535 1.026885
v 0.627990 -0.214490 0.513440
v 0.941985 -0.214490 0.513440
v 1.255980 -0.214490 0.513440
v 1.255980 -0.321535 1.026885
v 0.941985 -0.321535 1.026885
v 0.941985 -0.321535 1.026885
v 0.941985 -0.214490 0.513440
v 1.255980 -0.214490 0.513440
v 1.569975 -0.214490 0.513440
v 1.569975 -0.321535 1.026885
v 1.255980 -0.321535 1.026885
v 1.255980 -0.321535 1.026885
v 1.255980 -0.214490 0.513440
v 1.569975 -0.214490 0.513440
v -1.255980 -0.321535 1.026885
v -1.255980 -0.321535 1.540325
v -1.569975 -0.321535 1.540325
v -1.569975 -0.321535 1.540325
v -1.569975 -0.321535 1.026885
v -1.255980 -0.321535 1.026885
v -0.941985 -0.321535 1.026885
v -0.941985 -0.321535 1.540325
v -1.255980 -0.321535 1.540325
v -1.255980 -0.321535 1.540325
v -1.255980 -0.321535 1.026885
v -0.941985 -0.321535 1.026885
v -0.627990 -0.321535 1.026885
v -0.627990 -0.321535 1.540325
v -0.941985 -0.321535 1.540325
v -0.941985 -0.321535 1.540325
v -0.941985 -0.321535 1.026885
v -0.627990 -0.321535 1.026885
v -0.313996 -0.321535 1.026885
v -0.313995 -0.321535 1.540325
v -0.627990 -0.321535 1.540325
v -0.627990 -0.321535 1.540325
v -0.627990 -0.321535 1.026885
v -0.313996 -0.321535 1.026885
v -0.000000 -0.321535 1.026885
v -0.000000 -0.321535 1.540325
v -0.313995 -0.321535 1.540325
v -0.313995 -0.321535 1.540325
v -0.313996 -0.321535 1.026885
v -0.000000 -0.321535 1.026885
v 0.313995 -0.321535 1.026885
v 0.313995 -0.321535 1.540325
v -0.000000 -0.321535 1.540325
v -0.000000 -0.321535 1.540325
v -0.000000 -0.321535 1.026885
v 0.313995 -0.321535 1.026885
v 0.627990 -0.321535 1.026885
v 0.627990 -0.321535 1.540325
v 0.313995 -0.321535 1.540325
v 0.313995 -0.321535 1.540325
v 0.313995 -0.321535 1.026885
v 0.627990 -0.321535 1.026885
v 0.941985 -0.321535 1.026885
v 0.941985 -0.321535 1.540325
v 0.627990 -0.321535 1.540325
v 0.627990 -0.321535 1.540325
v 0.627990 -0.321535 1.026885
v 0.941985 -0.321535 1.026885
v 1.255980 -0.321535 1.026885
v 1.255980 -0.321535 1.540325
v 0.941985 -0.321535 1.540325
v 0.941985 -0.321535 1.540325
v 0.941985 -0.321535 1.026885
v 1.255980 -0.321535 1.026885
v 1.569975 -0.321535 1.026885
v 1.569975 -0.321535 1.540325
v 1.255980 -0.321535 1.540325
v 1.255980 -0.321535 1.540325
v 1.255980 -0.321535 1.026885
v 1.569975 -0.321535 1.026885
v -1.255980 -0.321535 1.540325
v -1.255980 -0.214490 2.053770
v -1.569975 -0.214490 2.053770
v -1.569975 -0.214490 2.053770
v -1.569975 -0.321535 1.540325
v -1.255980 -0.321535 1.540325
v -0.941985 -0.321535 1.540325
v -0.941985 -0.214490 2.053770
v -1.255980 -0.214490 2.053770
v -1.255980 -0.214490 2.053770
v -1.255980 -0.321535 1.540325
v -0.941985 -0.321535 1.540325
v -0.627990 -0.321535 1.540325
v -0.627990 -0.214490 2.053770
v -0.941985 -0.214490 2.053770
v -0.941985 -0.214490 2.053770
v -0.941985 -0.321535 1.540325
v -0.627990 -0.321535 1.540325
v -0.313995 -0.321535 1.540325
v -0.313995 -0.214490 2.053770
v -0.627990 -0.214490 2.053770
v -0.627990 -0.214490 2.053770
v -0.627990 -0.321535 1.540325
v -0.313995 -0.321535 1.540325
v -0.000000 -0.321535 1.540325
v -0.000000 -0.214490 2.053770
v -0.313995 -0.214490 2.053770
v -0.313995 -0.214490 2.053770
v -0.313995 -0.321535 1.540325
v -0.000000 -0.321535 1.540325
v 0.313995 -0.321535 1.540325
v 0.313995 -0.214490 2.053770
v -0.000000 -0.214490 2.053770
v -0.000000 -0.214490 2.053770
v -0.000000 -0.321535 1.540325
v 0.313995 -0.321535 1.540325
v 0.627990 -0.321535 1.540325
v 0.627990 -0.214490 2.053770
v 0.313995 -0.214490 2.053770
v 0.313995 -0.214490 2.053770
v 0.313995 -0.321535 1.540325
v 0.627990 -0.321535 1.540325
v 0.941985 -0.321535 1.540325
v 0.941985 -0.214490 2.053770
v 0.627990 -0.214490 2.053770
v 0.627990 -0.214490 2.053770
v 0.627990 -0.321535 1.540325
v 0.941985 -0.321535 1.540325
v 1.255980 -0.321535 1.540325
v 1.255980 -0.214490 2.053770
v 0.941985 -0.214490 2.053770
v 0.941985 -0.214490 2.053770
v 0.941985 -0.321535 1.540325
v 1.255980 -0.321535 1.540325
v 1.569975 -0.321535 1.540325
v 1.569975 -0.214490 2.053770
v 1.255980 -0.214490 2.053770
v 1.255980 -0.214490 2.053770
v 1.255980 -0.321535 1.540325
v 1.569975 -0.321535 1.540325
v -1.255980 -0.214490 2.053770
v -1.255980 -0.041288 2.567210
v -1.569975 -0.041288 2.567210
v -1.569975 -0.041288 2.567210
v -1.569975 -0.214490 2.053770
v -1.255980 -0.214490 2.053770
v -0.941985 -0.214490 2.053770
v -0.941985 -0.041288 2.567210
v -1.255980 -0.041288 2.567210
v -1.255980 -0.041288 2.567210
v -1.255980 -0.214490 2.053770
v -0.941985 -0.214490 2.053770
v -0.627990 -0.214490 2.053770
v -0.627990 -0.041288 2.567210
v -0.941985 -0.041288 2.567210
v -0.941985 -0.041288 2.567210
v -0.941985 -0.214490 2.053770
v -0.627990 -0.214490 2.053770
v -0.313995 -0.214490 2.053770
v -0.313995 -0.041288 2.567210
v -0.627990 -0.041288 2.567210
v -0.627990 -0.041288 2.567210
v -0.627990 -0.214490 2.053770
v -0.313995 -0.214490 2.053770
v -0.000000 -0.214490 2.053770
v -0.000000 -0.041288 2.567210
v -0.313995 -0.041288 2.567210
v -0.313995 -0.041288 2.567210
v -0.313995 -0.214490 2.053770
v -0.000000 -0.214490 2.053770
v 0.313995 -0.214490 2.053770
v 0.313995 -0.041288 2.567210
v -0.000000 -0.041288 2.567210
v -0.000000 -0.041288 2.567210
v -0.000000 -0.214490 2.053770
v 0.313995 -0.214490 2.053770
v 0.627990 -0.214490 2.053770
v 0.627990 -0.041288 2.567210
v 0.313995 -0.041288 2.567210
v 0.313995 -0.041288 2.567210
v 0.313995 -0.214490 2.053770
v 0.627990 -0.214490 2.053770
v 0.941985 -0.214490 2.053770
v 0.941985 -0.041288 2.567210
v 0.627990 -0.041288 2.567210
v 0.627990 -0.041288 2.567210
v 0.627990 -0.214490 2.053770
v 0.941985 -0.214490 2.053770
v 1.255980 -0.214490 2.053770
v 1.255980 -0.041288 2.567210
v 0.941985 -0.041288 2.567210
v 0.941985 -0.041288 2.567210
v 0.941985 -0.214490 2.053770
v 1.255980 -0.214490 2.053770
v 1.569975 -0.214490 2.053770
v 1.569975 -0.041288 2.567210
v 1.255980 -0.041288 2.567210
v 1.255980 -0.041288 2.567210
v 1.255980 -0.214490 2.053770
v 1.569975 -0.214490 2.053770
v -1.531680 0.217101 -2.003670
v -1.225345 0.217101 -2.003670
v -1.225345 0.048124 -2.504585
v -1.225345 0.048124 -2.504585
v -1.531680 0.048124 -2.504585
v -1.531680 0.217101 -2.003670
v -1.225345 0.217101 -2.003670
v -0.919005 0.217101 -2.003670
v -0.919005 0.048124 -2.504585
v -0.919005 0.048124 -2.504585
v -1.225345 0.048124 -2.504585
v -1.225345 0.217101 -2.003670
v -0.919005 0.217101 -2.003670
v -0.612670 0.217101 -2.003670
v -0.612670 0.048124 -2.504585
v -0.612670 0.048124 -2.504585
v -0.919005 0.048124 -2.504585
v -0.919005 0.217101 -2.003670
v -0.612670 0.217101 -2.003670
v -0.306336 0.217101 -2.003670
v -0.306336 0.048124 -2.504585
v -0.306336 0.048124 -2.504585
v -0.612670 0.048124 -2.504585
v -0.612670 0.217101 -2.003670
v -0.306336 0.217101 -2.003670
v -0.000000 0.217101 -2.003670
v -0.000000 0.048124 -2.504585
v -0.000000 0.048124 -2.504585
v -0.306336 0.048124 -2.504585
v -0.306336 0.217101 -2.003670
v -0.000000 0.217101 -2.003670
v 0.306336 0.217101 -2.003670
v 0.306336 0.048124 -2.504585
v 0.306336 0.048124 -2.504585
v -0.000000 0.048124 -2.504585
v -0.000000 0.217101 -2.003670
v 0.306336 0.217101 -2.003670
v 0.612670 0.217101 -2.003670
v 0.612670 0.048124 -2.504585
v 0.612670 0.048124 -2.504585
v 0.306336 0.048124 -2.504585
v 0.306336 0.217101 -2.003670
v 0.612670 0.217101 -2.003670
v 0.919005 0.217101 -2.003670
v 0.919005 0.048124 -2.504585
v 0.919005 0.048124 -2.504585
v 0.612670 0.048124 -2.504585
v 0.612670 0.217101 -2.003670
v 0.919005 0.217101 -2.003670
v 1.225345 0.217101 -2.003670
v 1.225340 0.048124 -2.504585
v 1.225340 0.048124 -2.504585
v 0.919005 0.048124 -2.504585
v 0.919005 0.217101 -2.003670
v 1.225345 0.217101 -2.003670
v 1.531680 0.217101 -2.003670
v 1.531675 0.048124 -2.504585
v 1.531675 0.048124 -2.504585
v 1.225340 0.048124 -2.504585
v 1.225345 0.217101 -2.003670
v -1.531680 0.321535 -1.502750
v -1.225345 0.321535 -1.502750
v -1.225345 0.217101 -2.003670
v -1.225345 0.217101 -2.003670
v -1.531680 0.217101 -2.003670
v -1.531680 0.321535 -1.502750
v -1.225345 0.321535 -1.502750
v -0.919005 0.321535 -1.502750
v -0.919005 0.217101 -2.003670
v -0.919005 0.217101 -2.003670
v -1.225345 0.217101 -2.003670
v -1.225345 0.321535 -1.502750
v -0.919005 0.321535 -1.502750
v -0.612670 0.321535 -1.502750
v -0.612670 0.217101 -2.003670
v -0.612670 0.217101 -2.003670
v -0.919005 0.217101 -2.003670
v -0.919005 0.321535 -1.502750
v -0.612670 0.321535 -1.502750
v -0.306336 0.321535 -1.502750
v -0.306336 0.217101 -2.003670
v -0.306336 0.217101 -2.003670
v -0.612670 0.217101 -2.003670
v -0.612670 0.321535 -1.502750
v -0.306336 0.321535 -1.502750
v -0.000000 0.321535 -1.502750
v -0.000000 0.217101 -2.003670
v -0.000000 0.217101 -2.003670
v -0.306336 0.217101 -2.003670
v -0.306336 0.321535 -1.502750
v -0.000000 0.321535 -1.502750
v 0.306336 0.321535 -1.502750
v 0.306336 0.217101 -2.003670
v 0.306336 0.217101 -2.003670
v -0.000000 0.217101 -2.003670
v -0.000000 0.321535 -1.502750
v 0.306336 0.321535 -1.502750
v 0.612670 0.321535 -1.502750
v 0.612670 0.217101 -2.003670
v 0.612670 0.217101 -2.003670
v 0.306336 0.217101 -2.003670
v 0.306336 0.321535 -1.502750
v 0.612670 0.321535 -1.502750
v 0.919005 0.321535 -1.502750
v 0.919005 0.217101 -2.003670
v 0.919005 0.217101 -2.003670
v 0.612670 0.217101 -2.003670
v 0.612670 0.321535 -1.502750
v 0.919005 0.321535 -1.502750
v 1.225340 0.321535 -1.502750
v 1.225345 0.217101 -2.003670
v 1.225345 0.217101 -2.003670
v 0.919005 0.217101 -2.003670
v 0.919005 0.321535 -1.502750
v 1.225340 0.321535 -1.502750
v 1.531675 0.321535 -1.502750
v 1.531680 0.217101 -2.003670
v 1.531680 0.217101 -2.003670
v 1.225345 0.217101 -2.003670
v 1.225340 0.321535 -1.502750
v -1.531680 0.321535 -1.001835
v -1.225345 0.321535 -1.001835
v -1.225345 0.321535 -1.502750
v -1.225345 0.321535 -1.502750
v -1.531680 0.321535 -1.502750
v -1.531680 0.321535 -1.001835
v -1.225345 0.321535 -1.001835
v -0.919005 0.321535 -1.001835
v -0.919005 0.321535 -1.502750
v -0.919005 0.321535 -1.502750
v -1.225345 0.321535 -1.502750
v -1.225345 0.321535 -1.001835
v -0.919005 0.321535 -1.001835
v -0.612670 0.321535 -1.001835
v -0.612670 0.321535 -1.502750
v -0.612670 0.321535 -1.502750
v -0.919005 0.321535 -1.502750
v -0.919005 0.321535 -1.001835
v -0.612670 0.321535 -1.001835
v -0.306336 0.321535 -1.001835
v -0.306336 0.321535 -1.502750
v -0.306336 0.321535 -1.502750
v -0.612670 0.321535 -1.502750
v -0.612670 0.321535 -1.001835
v -0.306336 0.321535 -1.001835
v -0.000000 0.321535 -1.001835
v -0.000000 0.321535 -1.502750
v -0.000000 0.321535 -1.502750
v -0.306336 0.321535 -1.502750
v -0.306336 0.321535 -1.001835
v -0.000000 0.321535 -1.001835
v 0.306336 0.321535 -1.001835
v 0.306336 0.321535 -1.502750
v 0.306336 0.321535 -1.502750
v -0.000000 0.321535 -1.502750
v -0.000000 0.321535 -1.001835
v 0.306336 0.321535 -1.001835
v 0.612670 0.321535 -1.001835
v 0.612670 0.321535 -1.502750
v 0.612670 0.321535 -1.502750
v 0.306336 0.321535 -1.502750
v 0.306336 0.321535 -1.001835
v 0.612670 0.321535 -1.001835
v 0.919005 0.321535 -1.001835
v 0.919005 0.321535 -1.502750
v 0.919005 0.321535 -1.502750
v 0.612670 0.321535 -1.502750
v 0.612670 0.321535 -1.001835
v 0.919005 0.321535 -1.001835
v 1.225340 0.321535 -1.001835
v 1.225340 0.321535 -1.502750
v 1.225340 0.321535 -1.502750
v 0.919005 0.321535 -1.502750
v 0.919005 0.321535 -1.001835
v 1.225340 0.321535 -1.001835
v 1.531680 0.321535 -1.001835
v 1.531675 0.321535 -1.502750
v 1.531675 0.321535 -1.502750
v 1.225340 0.321535 -1.502750
v 1.225340 0.321535 -1.001835
v -1.531680 0.217102 -0.500915
v -1.225345 0.217102 -0.500915
v -1.225345 0.321535 -1.001835
v -1.225345 0.321535 -1.001835
v -1.531680 0.321535 -1.001835
v -1.531680 0.217102 -0.500915
v -1.225345 0.217102 -0.500915
v -0.919005 0.217102 -0.500915
v -0.919005 0.321535 -1.001835
v -0.919005 0.321535 -1.001835
v -1.225345 0.321535 -1.001835
v -1.225345 0.217102 -0.500915
v -0.919005 0.217102 -0.500915
v -0.612670 0.217102 -0.500915
v -0.612670 0.321535 -1.001835
v -0.612670 0.321535 -1.001835
v -0.919005 0.321535 -1.001835
v -0.919005 0.217102 -0.500915
v -0.612670 0.217102 -0.500915
v -0.306336 0.217102 -0.500915
v -0.306336 0.321535 -1.001835
v -0.306336 0.321535 -1.001835
v -0.612670 0.321535 -1.001835
v -0.612670 0.217102 -0.500915
v -0.306336 0.217102 -0.500915
v -0.000000 0.217102 -0.500915
v -0.000000 0.321535 -1.001835
v -0.000000 0.321535 -1.001835
v -0.306336 0.321535 -1.001835
v -0.306336 0.217102 -0.500915
v -0.000000 0.217102 -0.500915
v 0.306336 0.217102 -0.500915
v 0.306336 0.321535 -1.001835
v 0.306336 0.321535 -1.001835
v -0.000000 0.321535 -1.001835
v -0.000000 0.217102 -0.500915
v 0.306336 0.217102 -0.500915
v 0.612670 0.217102 -0.500915
v 0.612670 0.321535 -1.001835
v 0.612670 0.321535 -1.001835
v 0.306336 0.321535 -1.001835
v 0.306336 0.217102 -0.500915
v 0.612670 0.217102 -0.500915
v 0.919005 0.217102 -0.500915
v 0.919005 0.321535 -1.001835
v 0.919005 0.321535 -1.001835
v 0.612670 0.321535 -1.001835
v 0.612670 0.217102 -0.500915
v 0.919005 0.217102 -0.500915
v 1.225345 0.217102 -0.500915
v 1.225340 0.321535 -1.001835
v 1.225340 0.321535 -1.001835
v 0.919005 0.321535 -1.001835
v 0.919005 0.217102 -0.500915
v 1.225345 0.217102 -0.500915
v 1.531680 0.217102 -0.500915
v 1.531680 0.321535 -1.001835
v 1.531680 0.321535 -1.001835
v 1.225340 0.321535 -1.001835
v 1.225345 0.217102 -0.500915
v -1.531680 0.048125 -0.000000
v -1.225345 0.048125 -0.000000
v -1.225345 0.217102 -0.500915
v -1.225345 0.217102 -0.500915
v -1.531680 0.217102 -0.500915
v -1.531680 0.048125 -0.000000
v -1.225345 0.048125 -0.000000
v -0.919005 0.048125 -0.000000
v -0.919005 0.217102 -0.500915
v -0.919005 0.217102 -0.500915
v -1.225345 0.217102 -0.500915
v -1.225345 0.048125 -0.000000
v -0.919005 0.048125 -0.000000
v -0.612670 0.048125 -0.000000
v -0.612670 0.217102 -0.500915
v -0.612670 0.217102 -0.500915
v -0.919005 0.217102 -0.500915
v -0.919005 0.048125 -0.000000
v -0.612670 0.048125 -0.000000
v -0.306336 0.048125 -0.000000
v -0.306336 0.217102 -0.500915
v -0.306336 0.217102 -0.500915
v -0.612670 0.217102 -0.500915
v -0.612670 0.048125 -0.000000
v -0.306336 0.048125 -0.000000
v -0.000000 0.048125 -0.000000
v -0.000000 0.217102 -0.500915
v -0.000000 0.217102 -0.500915
v -0.306336 0.217102 -0.500915
v -0.306336 0.048125 -0.000000
v -0.000000 0.048125 -0.000000
v 0.306336 0.048125 -0.000000
v 0.306336 0.217102 -0.500915
v 0.306336 0.217102 -0.500915
v -0.000000 0.217102 -0.500915
v -0.000000 0.048125 -0.000000
v 0.306336 0.048125 -0.000000
v 0.612670 0.048125 -0.000000
v 0.612670 0.217102 -0.500915
v 0.612670 0.217102 -0.500915
v 0.306336 0.217102 -0.500915
v 0.306336 0.048125 -0.000000
v 0.612670 0.048125 -0.000000
v 0.919005 0.048125 -0.000000
v 0.919005 0.217102 -0.500915
v 0.919005 0.217102 -0.500915
v 0.612670 0.217102 -0.500915
v 0.612670 0.048125 -0.000000
v 0.919005 0.048125 -0.000000
v 1.225340 0.048125 -0.000000
v 1.225345 0.217102 -0.500915
v 1.225345 0.217102 -0.500915
v 0.919005 0.217102 -0.500915
v 0.919005 0.048125 -0.000000
v 1.225340 0.048125 -0.000000
v 1.531680 0.048125 -0.000000
v 1.531680 0.217102 -0.500915
v 1.531680 0.217102 -0.500915
v 1.225345 0.217102 -0.500915
v 1.225340 0.048125 -0.000000
v -1.531680 -0.120851 0.500915
v -1.225345 -0.120851 0.500915
v -1.225345 0.048125 -0.000000
v -1.225345 0.048125 -0.000000
v -1.531680 0.048125 -0.000000
v -1.531680 -0.120851 0.500915
v -1.225345 -0.120851 0.500915
v -0.919005 -0.120851 0.500915
v -0.919005 0.048125 -0.000000
v -0.919005 0.048125 -0.000000
v -1.225345 0.048125 -0.000000
v -1.225345 -0.120851 0.500915
v -0.919005 -0.120851 0.500915
v -0.612670 -0.120851 0.500915
v -0.612670 0.048125 -0.000000
v -0.612670 0.048125 -0.000000
v -0.919005 0.048125 -0.000000
v -0.919005 -0.120851 0.500915
v -0.612670 -0.120851 0.500915
v -0.306336 -0.120851 0.500915
v -0.306336 0.048125 -0.000000
v -0.306336 0.048125 -0.000000
v -0.612670 0.048125 -0.000000
v -0.612670 -0.120851 0.500915
v -0.306336 -0.120851 0.500915
v -0.000000 -0.120851 0.500915
v -0.000000 0.048125 -0.000000
v -0.000000 0.048125 -0.000000
v -0.306336 0.048125 -0.000000
v -0.306336 -0.120851 0.500915
v -0.000000 -0.120851 0.500915
v 0.306336 -0.120851 0.500915
v 0.306336 0.048125 -0.000000
v 0.306336 0.048125 -0.000000
v -0.000000 0.048125 -0.000000
v -0.000000 -0.120851 0.500915
v 0.306336 -0.120851 0.500915
v 0.612670 -0.120851 0.500915
v 0.612670 0.048125 -0.000000
v 0.612670 0.048125 -0.000000
v 0.306336 0.048125 -0.000000
v 0.306336 -0.120851 0.500915
v 0.612670 -0.120851 0.500915
v 0.919005 -0.120851 0.500915
v 0.919005 0.048125 -0.000000
v 0.919005 0.048125 -0.000000
v 0.612670 0.048125 -0.000000
v 0.612670 -0.120851 0.500915
v 0.919005 -0.120851 0.500915
v 1.225340 -0.120851 0.500915
v 1.225340 0.048125 -0.000000
v 1.225340 0.048125 -0.000000
v 0.919005 0.048125 -0.000000
v 0.919005 -0.120851 0.500915
v 1.225340 -0.120851 0.500915
v 1.531680 -0.120851 0.500915
v 1.531680 0.048125 -0.000000
v 1.531680 0.048125 -0.000000
v 1.225340 0.048125 -0.000000
v 1.225340 -0.120851 0.500915
v -1.531680 -0.225284 1.001835
v -1.225345 -0.225284 1.001835
v -1.225345 -0.120851 0.500915
v -1.225345 -0.120851 0.500915
v -1.531680 -0.120851 0.500915
v -1.531680 -0.225284 1.001835
v -1.225345 -0.225284 1.001835
v -0.919005 -0.225284 1.001835
v -0.919005 -0.120851 0.500915
v -0.919005 -0.120851 0.500915
v -1.225345 -0.120851 0.500915
v -1.225345 -0.225284 1.001835
v -0.919005 -0.225284 1.001835
v -0.612670 -0.225284 1.001835
v -0.612670 -0.120851 0.500915
v -0.612670 -0.120851 0.500915
v -0.919005 -0.120851 0.500915
v -0.919005 -0.225284 1.001835
v -0.612670 -0.225284 1.001835
v -0.306336 -0.225284 1.001835
v -0.306336 -0.120851 0.500915
v -0.306336 -0.120851 0.500915
v -0.612670 -0.120851 0.500915
v -0.612670 -0.225284 1.001835
v -0.306336 -0.225284 1.001835
v -0.000000 -0.225284 1.001835
v -0.000000 -0.120851 0.500915
v -0.000000 -0.120851 0.500915
v -0.306336 -0.120851 0.500915
v -0.306336 -0.225284 1.001835
v -0.000000 -0.225284 1.001835
v 0.306336 -0.225284 1.001835
v 0.306336 -0.120851 0.500915
v 0.306336 -0.120851 0.500915
v -0.000000 -0.120851 0.500915
v -0.000000 -0.225284 1.001835
v 0.306336 -0.225284 1.001835
v 0.612670 -0.225284 1.001835
v 0.612670 -0.120851 0.500915
v 0.612670 -0.120851 0.500915
v 0.306336 -0.120851 0.500915
v 0.306336 -0.225284 1.001835
v 0.612670 -0.225284 1.001835
v 0.919005 -0.225284 1.001835
v 0.919005 -0.120851 0.500915
v 0.919005 -0.120851 0.500915
v 0.612670 -0.120851 0.500915
v 0.612670 -0.225284 1.001835
v 0.919005 -0.225284 1.001835
v 1.225340 -0.225284 1.001835
v 1.225340 -0.120851 0.500915
v 1.225340 -0.120851 0.500915
v 0.919005 -0.120851 0.500915
v 0.919005 -0.225284 1.001835
v 1.225340 -0.225284 1.001835
v 1.531680 -0.225284 1.001835
v 1.531680 -0.120851 0.500915
v 1.531680 -0.120851 0.500915
v 1.225340 -0.120851 0.500915
v 1.225340 -0.225284 1.001835
v -1.531680 -0.225284 1.502750
v -1.225345 -0.225284 1.502750
v -1.225345 -0.225284 1.001835
v -1.225345 -0.225284 1.001835
v -1.531680 -0.225284 1.001835
v -1.531680 -0.225284 1.502750
v -1.225345 -0.225284 1.502750
v -0.919005 -0.225284 1.502750
v -0.919005 -0.225284 1.001835
v -0.919005 -0.225284 1.001835
v -1.225345 -0.225284 1.001835
v -1.225345 -0.225284 1.502750
v -0.919005 -0.225284 1.502750
v -0.612670 -0.225284 1.502750
v -0.612670 -0.225284 1.001835
v -0.612670 -0.225284 1.001835
v -0.919005 -0.225284 1.001835
v -0.919005 -0.225284 1.502750
v -0.612670 -0.225284 1.502750
v -0.306336 -0.225284 1.502750
v -0.306336 -0.225284 1.001835
v -0.306336 -0.225284 1.001835
v -0.612670 -0.225284 1.001835
v -0.612670 -0.225284 1.502750
v -0.306336 -0.225284 1.502750
v -0.000000 -0.225284 1.502750
v -0.000000 -0.225284 1.001835
v -0.000000 -0.225284 1.001835
v -0.306336 -0.225284 1.001835
v -0.306336 -0.225284 1.502750
v -0.000000 -0.225284 1.502750
v 0.306336 -0.225284 1.502750
v 0.306336 -0.225284 1.001835
v 0.306336 -0.225284 1.001835
v -0.000000 -0.225284 1.001835
v -0.000000 -0.225284 1.502750
v 0.306336 -0.225284 1.502750
v 0.612670 -0.225284 1.502750
v 0.612670 -0.225284 1.001835
v 0.612670 -0.225284 1.001835
v 0.306336 -0.225284 1.001835
v 0.306336 -0.225284 1.502750
v 0.612670 -0.225284 1.502750
v 0.919005 -0.225284 1.502750
v 0.919005 -0.225284 1.001835
v 0.919005 -0.225284 1.001835
v 0.612670 -0.225284 1.001835
v 0.612670 -0.225284 1.502750
v 0.919005 -0.225284 1.502750
v 1.225340 -0.225284 1.502750
v 1.225340 -0.225284 1.001835
v 1.225340 -0.225284 1.001835
v 0.919005 -0.225284 1.001835
v 0.919005 -0.225284 1.502750
v 1.225340 -0.225284 1.502750
v 1.531680 -0.225284 1.502750
v 1.531680 -0.225284 1.001835
v 1.531680 -0.225284 1.001835
v 1.225340 -0.225284 1.001835
v 1.225340 -0.225284 1.502750
v -1.531680 -0.120850 2.003670
v -1.225345 -0.120850 2.003670
v -1.225345 -0.225284 1.502750
v -1.225345 -0.225284 1.502750
v -1.531680 -0.225284 1.502750
v -1.531680 -0.120850 2.003670
v -1.225345 -0.120850 2.003670
v -0.919005 -0.120850 2.003670
v -0.919005 -0.225284 1.502750
v -0.919005 -0.225284 1.502750
v -1.225345 -0.225284 1.502750
v -1.225345 -0.120850 2.003670
v -0.919005 -0.120850 2.003670
v -0.612670 -0.120850 2.003670
v -0.612670 -0.225284 1.502750
v -0.612670 -0.225284 1.502750
v -0.919005 -0.225284 1.502750
v -0.919005 -0.120850 2.003670
v -0.612670 -0.120850 2.003670
v -0.306336 -0.120850 2.003670
v -0.306336 -0.225284 1.502750
v -0.306336 -0.225284 1.502750
v -0.612670 -0.225284 1.502750
v -0.612670 -0.120850 2.003670
v -0.306336 -0.120850 2.003670
v -0.000000 -0.120850 2.003670
v -0.000000 -0.225284 1.502750
v -0.000000 -0.225284 1.502750
v -0.306336 -0.225284 1.502750
v -0.306336 -0.120850 2.003670
v -0.000000 -0.120850 2.003670
v 0.306336 -0.120850 2.003670
v 0.306336 -0.225284 1.502750
v 0.306336 -0.225284 1.502750
v -0.000000 -0.225284 1.502750
v -0.000000 -0.120850 2.003670
v 0.306336 -0.120850 2.003670
v 0.612670 -0.120850 2.003670
v 0.612670 -0.225284 1.502750
v 0.612670 -0.225284 1.502750
v 0.306336 -0.225284 1.502750
v 0.306336 -0.120850 2.003670
v 0.612670 -0.120850 2.003670
v 0.919005 -0.120850 2.003670
v 0.919005 -0.225284 1.502750
v 0.919005 -0.225284 1.502750
v 0.612670 -0.225284 1.502750
v 0.612670 -0.120850 2.003670
v 0.919005 -0.120850 2.003670
v 1.225340 -0.120850 2.003670
v 1.225340 -0.225284 1.502750
v 1.225340 -0.225284 1.502750
v 0.919005 -0.225284 1.502750
v 0.919005 -0.120850 2.003670
v 1.225340 -0.120850 2.003670
v 1.531680 -0.120850 2.003670
v 1.531680 -0.225284 1.502750
v 1.531680 -0.225284 1.502750
v 1.225340 -0.225284 1.502750
v 1.225340 -0.120850 2.003670
v -1.531680 0.048126 2.504585
v -1.225345 0.048126 2.504585
v -1.225345 -0.120850 2.003670
v -1.225345 -0.120850 2.003670
v -1.531680 -0.120850 2.003670
v -1.531680 0.048126 2.504585
v -1.225345 0.048126 2.504585
v -0.919005 0.048126 2.504585
v -0.919005 -0.120850 2.003670
v -0.919005 -0.120850 2.003670
v -1.225345 -0.120850 2.003670
v -1.225345 0.048126 2.504585
v -0.919005 0.048126 2.504585
v -0.612670 0.048126 2.504585
v -0.612670 -0.120850 2.003670
v -0.612670 -0.120850 2.003670
v -0.919005 -0.120850 2.003670
v -0.919005 0.048126 2.504585
v -0.612670 0.048126 2.504585
v -0.306336 0.048126 2.504585
v -0.306336 -0.120850 2.003670
v -0.306336 -0.120850 2.003670
v -0.612670 -0.120850 2.003670
v -0.612670 0.048126 2.504585
v -0.306336 0.048126 2.504585
v -0.000000 0.048126 2.504585
v -0.000000 -0.120850 2.003670
v -0.000000 -0.120850 2.003670
v -0.306336 -0.120850 2.003670
v -0.306336 0.048126 2.504585
v -0.000000 0.048126 2.504585
v 0.306336 0.048126 2.504585
v 0.306336 -0.120850 2.003670
v 0.306336 -0.120850 2.003670
v -0.000000 -0.120850 2.003670
v -0.000000 0.048126 2.504585
v 0.306336 0.048126 2.504585
v 0.612670 0.048126 2.504585
v 0.612670 -0.120850 2.003670
v 0.612670 -0.120850 2.003670
v 0.306336 -0.120850 2.003670
v 0.306336 0.048126 2.504585
v 0.612670 0.048126 2.504585
v 0.919005 0.048126 2.504585
v 0.919005 -0.120850 2.003670
v 0.919005 -0.120850 2.003670
v 0.612670 -0.120850 2.003670
v 0.612670 0.048126 2.504585
v 0.919005 0.048126 2.504585
v 1.225340 0.048126 2.504585
v 1.225340 -0.120850 2.003670
v 1.225340 -0.120850 2.003670
v 0.919005 -0.120850 2.003670
v 0.919005 0.048126 2.504585
v 1.225340 0.048126 2.504585
v 1.531680 0.048126 2.504585
v 1.531680 -0.120850 2.003670
v 1.531680 -0.120850 2.003670
v 1.225340 -0.120850 2.003670
v 1.225340 0.048126 2.504585
v -1.531680 0.048124 -2.504585
v -1.225345 0.048124 -2.504585
v -1.255980 -0.041290 -2.567210
v -1.255980 -0.041290 -2.567210
v -1.569975 -0.041290 -2.567210
v -1.531680 0.048124 -2.504585
v -1.531680 0.048124 -2.504585
v -1.569975 -0.041290 -2.567210
v -1.569975 0.131912 -2.053765
v -1.569975 0.131912 -2.053765
v -1.531680 0.217101 -2.003670
v -1.531680 0.048124 -2.504585
v -1.225345 0.048124 -2.504585
v -0.919005 0.048124 -2.504585
v -0.941985 -0.041290 -2.567210
v -0.941985 -0.041290 -2.567210
v -1.255980 -0.041290 -2.567210
v -1.225345 0.048124 -2.504585
v -0.919005 0.048124 -2.504585
v -0.612670 0.048124 -2.504585
v -0.627990 -0.041290 -2.567210
v -0.627990 -0.041290 -2.567210
v -0.941985 -0.041290 -2.567210
v -0.919005 0.048124 -2.504585
v -0.612670 0.048124 -2.504585
v -0.306336 0.048124 -2.504585
v -0.313996 -0.041290 -2.567210
v -0.313996 -0.041290 -2.567210
v -0.627990 -0.041290 -2.567210
v -0.612670 0.048124 -2.504585
v -0.306336 0.048124 -2.504585
v -0.000000 0.048124 -2.504585
v -0.000000 -0.041290 -2.567210
v -0.000000 -0.041290 -2.567210
v -0.313996 -0.041290 -2.567210
v -0.306336 0.048124 -2.504585
v 0.306336 0.048124 -2.504585
v 0.313995 -0.041290 -2.567210
v -0.000000 -0.041290 -2.567210
v -0.000000 -0.041290 -2.567210
v -0.000000 0.048124 -2.504585
v 0.306336 0.048124 -2.504585
v 0.612670 0.048124 -2.504585
v 0.627990 -0.041290 -2.567210
v 0.313995 -0.041290 -2.567210
v 0.313995 -0.041290 -2.567210
v 0.306336 0.048124 -2.504585
v 0.612670 0.048124 -2.504585
v 0.919005 0.048124 -2.504585
v 0.941985 -0.041290 -2.567210
v 0.627990 -0.041290 -2.567210
v 0.627990 -0.041290 -2.567210
v 0.612670 0.048124 -2.504585
v 0.919005 0.048124 -2.504585
v 1.225340 0.048124 -2.504585
v 1.255980 -0.041290 -2.567210
v 0.941985 -0.041290 -2.567210
v 0.941985 -0.041290 -2.567210
v 0.919005 0.048124 -2.504585
v 1.225340 0.048124 -2.504585
v 1.531675 0.048124 -2.504585
v 1.569975 -0.041290 -2.567210
v 1.255980 -0.041290 -2.567210
v 1.255980 -0.041290 -2.567210
v 1.225340 0.048124 -2.504585
v 1.531675 0.048124 -2.504585
v 1.531675 0.048124 -2.504585
v 1.531680 0.217101 -2.003670
v 1.569975 0.131912 -2.053765
v 1.569975 0.131912 -2.053765
v 1.569975 -0.041290 -2.567210
v 1.531675 0.048124 -2.504585
v -1.531680 0.217101 -2.003670
v -1.569975 0.131912 -2.053765
v -1.569975 0.238956 -1.540325
v -1.569975 0.238956 -1.540325
v -1.531680 0.321535 -1.502750
v -1.531680 0.217101 -2.003670
v 1.531680 0.217101 -2.003670
v 1.531675 0.321535 -1.502750
v 1.569975 0.238956 -1.540325
v 1.569975 0.238956 -1.540325
v 1.569975 0.131912 -2.053765
v 1.531680 0.217101 -2.003670
v -1.531680 0.321535 -1.502750
v -1.569975 0.238956 -1.540325
v -1.569975 0.238957 -1.026885
v -1.569975 0.238957 -1.026885
v -1.531680 0.321535 -1.001835
v -1.531680 0.321535 -1.502750
v 1.531675 0.321535 -1.502750
v 1.531680 0.321535 -1.001835
v 1.569975 0.238957 -1.026885
v 1.569975 0.238957 -1.026885
v 1.569975 0.238956 -1.540325
v 1.531675 0.321535 -1.502750
v -1.531680 0.321535 -1.001835
v -1.569975 0.238957 -1.026885
v -1.569975 0.131912 -0.513440
v -1.569975 0.131912 -0.513440
v -1.531680 0.217102 -0.500915
v -1.531680 0.321535 -1.001835
v 1.531680 0.217102 -0.500915
v 1.569975 0.131912 -0.513440
v 1.569975 0.238957 -1.026885
v 1.569975 0.238957 -1.026885
v 1.531680 0.321535 -1.001835
v 1.531680 0.217102 -0.500915
v -1.531680 0.048125 -0.000000
v -1.531680 0.217102 -0.500915
v -1.569975 0.131912 -0.513440
v -1.569975 0.131912 -0.513440
v -1.569975 -0.041289 0.000000
v -1.531680 0.048125 -0.000000
v 1.531680 0.048125 -0.000000
v 1.569975 -0.041289 0.000000
v 1.569975 0.131912 -0.513440
v 1.569975 0.131912 -0.513440
v 1.531680 0.217102 -0.500915
v 1.531680 0.048125 -0.000000
v -1.531680 -0.120851 0.500915
v -1.531680 0.048125 -0.000000
v -1.569975 -0.041289 0.000000
v -1.569975 -0.041289 0.000000
v -1.569975 -0.214490 0.513440
v -1.531680 -0.120851 0.500915
v 1.531680 -0.120851 0.500915
v 1.569975 -0.214490 0.513440
v 1.569975 -0.041289 0.000000
v 1.569975 -0.041289 0.000000
v 1.531680 0.048125 -0.000000
v 1.531680 -0.120851 0.500915
v -1.531680 -0.225284 1.001835
v -1.531680 -0.120851 0.500915
v -1.569975 -0.214490 0.513440
v -1.569975 -0.214490 0.513440
v -1.569975 -0.321535 1.026885
v -1.531680 -0.225284 1.001835
v 1.531680 -0.225284 1.001835
v 1.569975 -0.321535 1.026885
v 1.569975 -0.214490 0.513440
v 1.569975 -0.214490 0.513440
v 1.531680 -0.120851 0.500915
v 1.531680 -0.225284 1.001835
v -1.531680 -0.225284 1.502750
v -1.531680 -0.225284 1.001835
v -1.569975 -0.321535 1.026885
v -1.569975 -0.321535 1.026885
v -1.569975 -0.321535 1.540325
v -1.531680 -0.225284 1.502750
v 1.531680 -0.225284 1.502750
v 1.569975 -0.321535 1.540325
v 1.569975 -0.321535 1.026885
v 1.569975 -0.321535 1.026885
v 1.531680 -0.225284 1.001835
v 1.531680 -0.225284 1.502750
v -1.531680 -0.120850 2.003670
v -1.531680 -0.225284 1.502750
v -1.569975 -0.321535 1.540325
v -1.569975 -0.321535 1.540325
v -1.569975 -0.214490 2.053770
v -1.531680 -0.120850 2.003670
v 1.531680 -0.120850 2.003670
v 1.569975 -0.214490 2.053770
v 1.569975 -0.321535 1.540325
v 1.569975 -0.321535 1.540325
v 1.531680 -0.225284 1.502750
v 1.531680 -0.120850 2.003670
v -1.531680 0.048126 2.504585
v -1.569975 -0.041288 2.567210
v -1.255980 -0.041288 2.567210
v -1.255980 -0.041288 2.567210
v -1.225345 0.048126 2.504585
v -1.531680 0.048126 2.504585
v -1.531680 0.048126 2.504585
v -1.531680 -0.120850 2.003670
v -1.569975 -0.214490 2.053770
v -1.569975 -0.214490 2.053770
v -1.569975 -0.041288 2.567210
v -1.531680 0.048126 2.504585
v -1.225345 0.048126 2.504585
v -1.255980 -0.041288 2.567210
v -0.941985 -0.041288 2.567210
v -0.941985 -0.041288 2.567210
v -0.919005 0.048126 2.504585
v -1.225345 0.048126 2.504585
v -0.919005 0.048126 2.504585
v -0.941985 -0.041288 2.567210
v -0.627990 -0.041288 2.567210
v -0.627990 -0.041288 2.567210
v -0.612670 0.048126 2.504585
v -0.919005 0.048126 2.504585
v -0.612670 0.048126 2.504585
v -0.627990 -0.041288 2.567210
v -0.313995 -0.041288 2.567210
v -0.313995 -0.041288 2.567210
v -0.306336 0.048126 2.504585
v -0.612670 0.048126 2.504585
v -0.306336 0.048126 2.504585
v -0.313995 -0.041288 2.567210
v -0.000000 -0.041288 2.567210
v -0.000000 -0.041288 2.567210
v -0.000000 0.048126 2.504585
v -0.306336 0.048126 2.504585
v 0.306336 0.048126 2.504585
v -0.000000 0.048126 2.504585
v -0.000000 -0.041288 2.567210
v -0.000000 -0.041288 2.567210
v 0.313995 -0.041288 2.567210
v 0.306336 0.048126 2.504585
v 0.612670 0.048126 2.504585
v 0.306336 0.048126 2.504585
v 0.313995 -0.041288 2.567210
v 0.313995 -0.041288 2.567210
v 0.627990 -0.041288 2.567210
v 0.612670 0.048126 2.504585
v 0.919005 0.048126 2.504585
v 0.612670 0.048126 2.504585
v 0.627990 -0.041288 2.567210
v 0.627990 -0.041288 2.567210
v 0.941985 -0.041288 2.567210
v 0.919005 0.048126 2.504585
v 1.225340 0.048126 2.504585
v 0.919005 0.048126 2.504585
v 0.941985 -0.041288 2.567210
v 0.941985 -0.041288 2.567210
v 1.255980 -0.041288 2.567210
v 1.225340 0.048126 2.504585
v 1.531680 0.048126 2.504585
v 1.569975 -0.041288 2.567210
v 1.569975 -0.214490 2.053770
v 1.569975 -0.214490 2.053770
v 1.531680 -0.120850 2.003670
v 1.531680 0.048126 2.504585
v 1.531680 0.048126 2.504585
v 1.225340 0.048126 2.504585
v 1.255980 -0.041288 2.567210
v 1.255980 -0.041288 2.567210
v 1.569975 -0.041288 2.567210
v 1.531680 0.048126 2.504585
v 1.608755 -0.098234 2.686695
v 1.632575 -0.164824 2.731120
v 1.551425 -0.120570 2.771670
v 1.551425 -0.120570 2.771670
v 1.564840 -0.074284 2.708640
v 1.608755 -0.098234 2.686695
v 1.564840 -0.074284 2.708640
v 1.551425 -0.120570 2.771670
v 1.515350 -0.013732 2.783865
v 1.515350 -0.013732 2.783865
v 1.545310 -0.016464 2.715240
v 1.564840 -0.074284 2.708640
v 1.515350 -0.013732 2.783865
v 1.545470 0.093106 2.760565
v 1.561615 0.041357 2.702630
v 1.561615 0.041357 2.702630
v 1.545310 -0.016464 2.715240
v 1.515350 -0.013732 2.783865
v 1.545470 0.093106 2.760565
v 1.624150 0.137360 2.715415
v 1.604195 0.065307 2.678195
v 1.604195 0.065307 2.678195
v 1.561615 0.041357 2.702630
v 1.545470 0.093106 2.760565
v 1.632575 -0.164824 2.731120
v 1.661605 -0.188951 2.785270
v 1.565605 -0.136598 2.833240
v 1.565605 -0.136598 2.833240
v 1.551425 -0.120570 2.771670
v 1.632575 -0.164824 2.731120
v 1.551425 -0.120570 2.771670
v 1.565605 -0.136598 2.833240
v 1.522925 -0.010205 2.847665
v 1.522925 -0.010205 2.847665
v 1.515350 -0.013732 2.783865
v 1.551425 -0.120570 2.771670
v 1.522925 -0.010205 2.847665
v 1.558560 0.116188 2.820100
v 1.545470 0.093106 2.760565
v 1.545470 0.093106 2.760565
v 1.515350 -0.013732 2.783865
v 1.522925 -0.010205 2.847665
v 1.558560 0.116188 2.820100
v 1.651645 0.168542 2.766690
v 1.624150 0.137360 2.715415
v 1.624150 0.137360 2.715415
v 1.545470 0.093106 2.760565
v 1.558560 0.116188 2.820100
v 1.661605 -0.188951 2.785270
v 1.713540 -0.227729 2.882135
v 1.593315 -0.162165 2.942205
v 1.593315 -0.162165 2.942205
v 1.565605 -0.136598 2.833240
v 1.661605 -0.188951 2.785270
v 1.565605 -0.136598 2.833240
v 1.593315 -0.162165 2.942205
v 1.539865 -0.003880 2.960270
v 1.539865 -0.003880 2.960270
v 1.522925 -0.010205 2.847665
v 1.565605 -0.136598 2.833240
v 1.539865 -0.003880 2.960270
v 1.584495 0.154405 2.925750
v 1.558560 0.116188 2.820100
v 1.558560 0.116188 2.820100
v 1.522925 -0.010205 2.847665
v 1.539865 -0.003880 2.960270
v 1.584495 0.154405 2.925750
v 1.701060 0.219969 2.858865
v 1.651645 0.168542 2.766690
v 1.651645 0.168542 2.766690
v 1.558560 0.116188 2.820100
v 1.584495 0.154405 2.925750
v 1.713540 -0.227729 2.882135
v 1.753540 -0.223415 2.956745
v 1.642470 -0.162842 3.012245
v 1.642470 -0.162842 3.012245
v 1.593315 -0.162165 2.942205
v 1.713540 -0.227729 2.882135
v 1.593315 -0.162165 2.942205
v 1.642470 -0.162842 3.012245
v 1.593090 -0.016606 3.028935
v 1.593090 -0.016606 3.028935
v 1.539865 -0.003880 2.960270
v 1.593315 -0.162165 2.942205
v 1.539865 -0.003880 2.960270
v 1.593090 -0.016606 3.028935
v 1.634320 0.129631 2.997040
v 1.634320 0.129631 2.997040
v 1.584495 0.154405 2.925750
v 1.539865 -0.003880 2.960270
v 1.584495 0.154405 2.925750
v 1.634320 0.129631 2.997040
v 1.742015 0.190204 2.935245
v 1.742015 0.190204 2.935245
v 1.701060 0.219969 2.858865
v 1.584495 0.154405 2.925750
v 1.816230 -0.129324 3.073665
v 1.741815 -0.088742 3.110850
v 1.642470 -0.162842 3.012245
v 1.642470 -0.162842 3.012245
v 1.753540 -0.223415 2.956745
v 1.816230 -0.129324 3.073665
v 1.741815 -0.088742 3.110850
v 1.708730 0.009233 3.122030
v 1.593090 -0.016606 3.028935
v 1.593090 -0.016606 3.028935
v 1.642470 -0.162842 3.012245
v 1.741815 -0.088742 3.110850
v 1.708730 0.009233 3.122030
v 1.736355 0.107208 3.100665
v 1.634320 0.129631 2.997040
v 1.634320 0.129631 2.997040
v 1.593090 -0.016606 3.028935
v 1.708730 0.009233 3.122030
v 1.736355 0.107208 3.100665
v 1.808510 0.147791 3.059265
v 1.742015 0.190204 2.935245
v 1.742015 0.190204 2.935245
v 1.634320 0.129631 2.997040
v 1.736355 0.107208 3.100665
v 1.863755 -0.035568 3.162310
v 1.916450 -0.042435 3.260585
v 1.891985 -0.029094 3.272810
v 1.891985 -0.029094 3.272810
v 1.822565 -0.013103 3.182890
v 1.863755 -0.035568 3.162310
v 1.822565 -0.013103 3.182890
v 1.891985 -0.029094 3.272810
v 1.881110 0.003112 3.276485
v 1.881110 0.003112 3.276485
v 1.804250 0.041132 3.189080
v 1.822565 -0.013103 3.182890
v 1.804250 0.041132 3.189080
v 1.881110 0.003112 3.276485
v 1.890190 0.035319 3.269460
v 1.890190 0.035319 3.269460
v 1.819540 0.095366 3.177255
v 1.804250 0.041132 3.189080
v 1.819540 0.095366 3.177255
v 1.890190 0.035319 3.269460
v 1.913910 0.048659 3.255850
v 1.913910 0.048659 3.255850
v 1.859485 0.117831 3.154335
v 1.819540 0.095366 3.177255
v 1.564840 -0.074284 2.708640
v 1.598790 -0.017423 2.668115
v 1.608755 -0.098234 2.686695
v 1.545310 -0.016464 2.715240
v 1.598790 -0.017423 2.668115
v 1.564840 -0.074284 2.708640
v 1.561615 0.041357 2.702630
v 1.598790 -0.017423 2.668115
v 1.545310 -0.016464 2.715240
v 1.604195 0.065307 2.678195
v 1.598790 -0.017423 2.668115
v 1.561615 0.041357 2.702630
v 1.948085 -0.079574 3.319590
v 1.949940 -0.052407 3.323050
v 1.933670 -0.071712 3.326795
v 1.933670 -0.071712 3.326795
v 1.949940 -0.052407 3.323050
v 1.927260 -0.052732 3.328960
v 1.927260 -0.052732 3.328960
v 1.949940 -0.052407 3.323050
v 1.932610 -0.033751 3.324820
v 1.932610 -0.033751 3.324820
v 1.949940 -0.052407 3.323050
v 1.946590 -0.025889 3.316800
v 1.819540 0.095366 3.177255
v 1.859485 0.117831 3.154335
v 1.808510 0.147791 3.059265
v 1.808510 0.147791 3.059265
v 1.736355 0.107208 3.100665
v 1.819540 0.095366 3.177255
v 1.804250 0.041132 3.189080
v 1.819540 0.095366 3.177255
v 1.736355 0.107208 3.100665
v 1.736355 0.107208 3.100665
v 1.708730 0.009233 3.122030
v 1.804250 0.041132 3.189080
v 1.822565 -0.013103 3.182890
v 1.804250 0.041132 3.189080
v 1.708730 0.009233 3.122030
v 1.708730 0.009233 3.122030
v 1.741815 -0.088742 3.110850
v 1.822565 -0.013103 3.182890
v 1.863755 -0.035568 3.162310
v 1.822565 -0.013103 3.182890
v 1.741815 -0.088742 3.110850
v 1.741815 -0.088742 3.110850
v 1.816230 -0.129324 3.073665
v 1.863755 -0.035568 3.162310
v 1.608755 -0.098234 2.686695
v 1.651335 -0.074284 2.662265
v 1.711255 -0.120570 2.685975
v 1.711255 -0.120570 2.685975
v 1.632575 -0.164824 2.731120
v 1.608755 -0.098234 2.686695
v 1.651335 -0.074284 2.662265
v 1.667640 -0.016464 2.649655
v 1.741375 -0.013732 2.662675
v 1.741375 -0.013732 2.662675
v 1.711255 -0.120570 2.685975
v 1.651335 -0.074284 2.662265
v 1.648115 0.041357 2.656255
v 1.705300 0.093106 2.674870
v 1.741375 -0.013732 2.662675
v 1.741375 -0.013732 2.662675
v 1.667640 -0.016464 2.649655
v 1.648115 0.041357 2.656255
v 1.604195 0.065307 2.678195
v 1.624150 0.137360 2.715415
v 1.705300 0.093106 2.674870
v 1.705300 0.093106 2.674870
v 1.648115 0.041357 2.656255
v 1.604195 0.065307 2.678195
v 1.632575 -0.164824 2.731120
v 1.711255 -0.120570 2.685975
v 1.754685 -0.136598 2.731860
v 1.754685 -0.136598 2.731860
v 1.661605 -0.188951 2.785270
v 1.632575 -0.164824 2.731120
v 1.711255 -0.120570 2.685975
v 1.741375 -0.013732 2.662675
v 1.790325 -0.010205 2.704295
v 1.790325 -0.010205 2.704295
v 1.754685 -0.136598 2.731860
v 1.711255 -0.120570 2.685975
v 1.705300 0.093106 2.674870
v 1.747640 0.116188 2.718725
v 1.790325 -0.010205 2.704295
v 1.790325 -0.010205 2.704295
v 1.741375 -0.013732 2.662675
v 1.705300 0.093106 2.674870
v 1.624150 0.137360 2.715415
v 1.651645 0.168542 2.766690
v 1.747640 0.116188 2.718725
v 1.747640 0.116188 2.718725
v 1.705300 0.093106 2.674870
v 1.624150 0.137360 2.715415
v 1.661605 -0.188951 2.785270
v 1.754685 -0.136598 2.731860
v 1.830105 -0.162165 2.815245
v 1.830105 -0.162165 2.815245
v 1.713540 -0.227729 2.882135
v 1.661605 -0.188951 2.785270
v 1.754685 -0.136598 2.731860
v 1.790325 -0.010205 2.704295
v 1.874735 -0.003880 2.780725
v 1.874735 -0.003880 2.780725
v 1.830105 -0.162165 2.815245
v 1.754685 -0.136598 2.731860
v 1.747640 0.116188 2.718725
v 1.821285 0.154405 2.798795
v 1.874735 -0.003880 2.780725
v 1.874735 -0.003880 2.780725
v 1.790325 -0.010205 2.704295
v 1.747640 0.116188 2.718725
v 1.651645 0.168542 2.766690
v 1.701060 0.219969 2.858865
v 1.821285 0.154405 2.798795
v 1.821285 0.154405 2.798795
v 1.747640 0.116188 2.718725
v 1.651645 0.168542 2.766690
v 1.713540 -0.227729 2.882135
v 1.830105 -0.162165 2.815245
v 1.861235 -0.162842 2.894950
v 1.861235 -0.162842 2.894950
v 1.753540 -0.223415 2.956745
v 1.713540 -0.227729 2.882135
v 1.830105 -0.162165 2.815245
v 1.874735 -0.003880 2.780725
v 1.902470 -0.016606 2.863055
v 1.902470 -0.016606 2.863055
v 1.861235 -0.162842 2.894950
v 1.830105 -0.162165 2.815245
v 1.874735 -0.003880 2.780725
v 1.821285 0.154405 2.798795
v 1.853085 0.129631 2.879745
v 1.853085 0.129631 2.879745
v 1.902470 -0.016606 2.863055
v 1.874735 -0.003880 2.780725
v 1.821285 0.154405 2.798795
v 1.701060 0.219969 2.858865
v 1.742015 0.190204 2.935245
v 1.742015 0.190204 2.935245
v 1.853085 0.129631 2.879745
v 1.821285 0.154405 2.798795
v 1.861235 -0.162842 2.894950
v 1.888385 -0.088742 3.032265
v 1.816230 -0.129324 3.073665
v 1.816230 -0.129324 3.073665
v 1.753540 -0.223415 2.956745
v 1.861235 -0.162842 2.894950
v 1.902470 -0.016606 2.863055
v 1.916010 0.009233 3.010900
v 1.888385 -0.088742 3.032265
v 1.888385 -0.088742 3.032265
v 1.861235 -0.162842 2.894950
v 1.902470 -0.016606 2.863055
v 1.853085 0.129631 2.879745
v 1.882925 0.107208 3.022080
v 1.916010 0.009233 3.010900
v 1.916010 0.009233 3.010900
v 1.902470 -0.016606 2.863055
v 1.853085 0.129631 2.879745
v 1.742015 0.190204 2.935245
v 1.808510 0.147791 3.059265
v 1.882925 0.107208 3.022080
v 1.882925 0.107208 3.022080
v 1.853085 0.129631 2.879745
v 1.742015 0.190204 2.935245
v 1.863755 -0.035568 3.162310
v 1.903700 -0.013103 3.139390
v 1.940170 -0.029094 3.246975
v 1.940170 -0.029094 3.246975
v 1.916450 -0.042435 3.260585
v 1.863755 -0.035568 3.162310
v 1.903700 -0.013103 3.139390
v 1.918990 0.041132 3.127565
v 1.949250 0.003112 3.239950
v 1.949250 0.003112 3.239950
v 1.940170 -0.029094 3.246975
v 1.903700 -0.013103 3.139390
v 1.918990 0.041132 3.127565
v 1.900675 0.095366 3.133755
v 1.938370 0.035319 3.243630
v 1.938370 0.035319 3.243630
v 1.949250 0.003112 3.239950
v 1.918990 0.041132 3.127565
v 1.900675 0.095366 3.133755
v 1.859485 0.117831 3.154335
v 1.913910 0.048659 3.255850
v 1.913910 0.048659 3.255850
v 1.938370 0.035319 3.243630
v 1.900675 0.095366 3.133755
v 1.651335 -0.074284 2.662265
v 1.608755 -0.098234 2.686695
v 1.598790 -0.017423 2.668115
v 1.667640 -0.016464 2.649655
v 1.651335 -0.074284 2.662265
v 1.598790 -0.017423 2.668115
v 1.648115 0.041357 2.656255
v 1.667640 -0.016464 2.649655
v 1.598790 -0.017423 2.668115
v 1.604195 0.065307 2.678195
v 1.648115 0.041357 2.656255
v 1.598790 -0.017423 2.668115
v 1.948085 -0.079574 3.319590
v 1.962065 -0.071712 3.311570
v 1.949940 -0.052407 3.323050
v 1.962065 -0.071712 3.311570
v 1.967415 -0.052732 3.307430
v 1.949940 -0.052407 3.323050
v 1.967415 -0.052732 3.307430
v 1.961005 -0.033751 3.309595
v 1.949940 -0.052407 3.323050
v 1.961005 -0.033751 3.309595
v 1.946590 -0.025889 3.316800
v 1.949940 -0.052407 3.323050
v 1.808510 0.147791 3.059265
v 1.859485 0.117831 3.154335
v 1.900675 0.095366 3.133755
v 1.900675 0.095366 3.133755
v 1.882925 0.107208 3.022080
v 1.808510 0.147791 3.059265
v 1.882925 0.107208 3.022080
v 1.900675 0.095366 3.133755
v 1.918990 0.041132 3.127565
v 1.918990 0.041132 3.127565
v 1.916010 0.009233 3.010900
v 1.882925 0.107208 3.022080
v 1.916010 0.009233 3.010900
v 1.918990 0.041132 3.127565
v 1.903700 -0.013103 3.139390
v 1.903700 -0.013103 3.139390
v 1.888385 -0.088742 3.032265
v 1.916010 0.009233 3.010900
v 1.888385 -0.088742 3.032265
v 1.903700 -0.013103 3.139390
v 1.863755 -0.035568 3.162310
v 1.863755 -0.035568 3.162310
v 1.816230 -0.129324 3.073665
v 1.888385 -0.088742 3.032265
v 1.916450 -0.042435 3.260585
v 1.948085 -0.079574 3.319590
v 1.933670 -0.071712 3.326795
v 1.933670 -0.071712 3.326795
v 1.891985 -0.029094 3.272810
v 1.916450 -0.042435 3.260585
v 1.962065 -0.071712 3.311570
v 1.948085 -0.079574 3.319590
v 1.916450 -0.042435 3.260585
v 1.916450 -0.042435 3.260585
v 1.940170 -0.029094 3.246975
v 1.962065 -0.071712 3.311570
v 1.967415 -0.052732 3.307430
v 1.962065 -0.071712 3.311570
v 1.940170 -0.029094 3.246975
v 1.940170 -0.029094 3.246975
v 1.949250 0.003112 3.239950
v 1.967415 -0.052732 3.307430
v 1.961005 -0.033751 3.309595
v 1.967415 -0.052732 3.307430
v 1.949250 0.003112 3.239950
v 1.949250 0.003112 3.239950
v 1.938370 0.035319 3.243630
v 1.961005 -0.033751 3.309595
v 1.946590 -0.025889 3.316800
v 1.961005 -0.033751 3.309595
v 1.938370 0.035319 3.243630
v 1.938370 0.035319 3.243630
v 1.913910 0.048659 3.255850
v 1.946590 -0.025889 3.316800
v 1.890190 0.035319 3.269460
v 1.932610 -0.033751 3.324820
v 1.946590 -0.025889 3.316800
v 1.946590 -0.025889 3.316800
v 1.913910 0.048659 3.255850
v 1.890190 0.035319 3.269460
v 1.881110 0.003112 3.276485
v 1.927260 -0.052732 3.328960
v 1.932610 -0.033751 3.324820
v 1.932610 -0.033751 3.324820
v 1.890190 0.035319 3.269460
v 1.881110 0.003112 3.276485
v 1.891985 -0.029094 3.272810
v 1.933670 -0.071712 3.326795
v 1.927260 -0.052732 3.328960
v 1.927260 -0.052732 3.328960
v 1.881110 0.003112 3.276485
v 1.891985 -0.029094 3.272810
v 1.716520 -0.069745 2.621905
v 1.605925 0.002705 2.681200
v 1.669775 -0.122782 2.646965
v 1.669775 -0.122782 2.646965
v 1.605925 0.002705 2.681200
v 1.605925 -0.142195 2.681200
v 1.605925 -0.142195 2.681200
v 1.605925 0.002705 2.681200
v 1.542075 -0.122782 2.715435
v 1.542075 -0.122782 2.715435
v 1.605925 0.002705 2.681200
v 1.495330 -0.069745 2.740495
v 1.495330 -0.069745 2.740495
v 1.605925 0.002705 2.681200
v 1.478220 0.002705 2.749670
v 1.478220 0.002705 2.749670
v 1.605925 0.002705 2.681200
v 1.495330 0.075155 2.740495
v 1.495330 0.075155 2.740495
v 1.605925 0.002705 2.681200
v 1.542075 0.128192 2.715435
v 1.542075 0.128192 2.715435
v 1.605925 0.002705 2.681200
v 1.605925 0.147605 2.681200
v 1.605925 0.147605 2.681200
v 1.605925 0.002705 2.681200
v 1.669775 0.128192 2.646965
v 1.669775 0.128192 2.646965
v 1.605925 0.002705 2.681200
v 1.716520 0.075155 2.621905
v 1.716520 0.075155 2.621905
v 1.605925 0.002705 2.681200
v 1.733625 0.002705 2.612730
v 1.733625 0.002705 2.612730
v 1.605925 0.002705 2.681200
v 1.716520 -0.069745 2.621905
v 1.733625 0.002705 2.612730
v 1.716520 -0.069745 2.621905
v 1.732085 -0.085666 2.592575
v 1.732085 -0.085666 2.592575
v 1.752950 0.002705 2.581390
v 1.733625 0.002705 2.612730
v 1.716520 0.075155 2.621905
v 1.733625 0.002705 2.612730
v 1.752950 0.002705 2.581390
v 1.752950 0.002705 2.581390
v 1.732085 0.091077 2.592575
v 1.716520 0.075155 2.621905
v 1.669775 0.128192 2.646965
v 1.716520 0.075155 2.621905
v 1.732085 0.091077 2.592575
v 1.732085 0.091077 2.592575
v 1.675070 0.155769 2.623145
v 1.669775 0.128192 2.646965
v 1.605925 0.147605 2.681200
v 1.669775 0.128192 2.646965
v 1.675070 0.155769 2.623145
v 1.675070 0.155769 2.623145
v 1.597185 0.179448 2.664900
v 1.605925 0.147605 2.681200
v 1.542075 0.128192 2.715435
v 1.605925 0.147605 2.681200
v 1.597185 0.179448 2.664900
v 1.597185 0.179448 2.664900
v 1.519305 0.155769 2.706660
v 1.542075 0.128192 2.715435
v 1.495330 0.075155 2.740495
v 1.542075 0.128192 2.715435
v 1.519305 0.155769 2.706660
v 1.519305 0.155769 2.706660
v 1.462290 0.091077 2.737230
v 1.495330 0.075155 2.740495
v 1.478220 0.002705 2.749670
v 1.495330 0.075155 2.740495
v 1.462290 0.091077 2.737230
v 1.462290 0.091077 2.737230
v 1.441420 0.002705 2.748420
v 1.478220 0.002705 2.749670
v 1.495330 -0.069745 2.740495
v 1.478220 0.002705 2.749670
v 1.441420 0.002705 2.748420
v 1.441420 0.002705 2.748420
v 1.462290 -0.085666 2.737230
v 1.495330 -0.069745 2.740495
v 1.542075 -0.122782 2.715435
v 1.495330 -0.069745 2.740495
v 1.462290 -0.085666 2.737230
v 1.462290 -0.085666 2.737230
v 1.519305 -0.150358 2.706660
v 1.542075 -0.122782 2.715435
v 1.605925 -0.142195 2.681200
v 1.542075 -0.122782 2.715435
v 1.519305 -0.150358 2.706660
v 1.519305 -0.150358 2.706660
v 1.597185 -0.174037 2.664900
v 1.605925 -0.142195 2.681200
v 1.669775 -0.122782 2.646965
v 1.605925 -0.142195 2.681200
v 1.597185 -0.174037 2.664900
v 1.597185 -0.174037 2.664900
v 1.675070 -0.150358 2.623145
v 1.669775 -0.122782 2.646965
v 1.716520 -0.069745 2.621905
v 1.669775 -0.122782 2.646965
v 1.675070 -0.150358 2.623145
v 1.675070 -0.150358 2.623145
v 1.732085 -0.085666 2.592575
v 1.716520 -0.069745 2.621905
v 1.752950 0.002705 2.581390
v 1.732085 -0.085666 2.592575
v 1.692020 -0.085666 2.517855
v 1.692020 -0.085666 2.517855
v 1.712890 0.002705 2.506665
v 1.752950 0.002705 2.581390
v 1.732085 0.091077 2.592575
v 1.752950 0.002705 2.581390
v 1.712890 0.002705 2.506665
v 1.712890 0.002705 2.506665
v 1.692020 0.091077 2.517855
v 1.732085 0.091077 2.592575
v 1.675070 0.155769 2.623145
v 1.732085 0.091077 2.592575
v 1.692020 0.091077 2.517855
v 1.692020 0.091077 2.517855
v 1.635005 0.155769 2.548420
v 1.675070 0.155769 2.623145
v 1.597185 0.179448 2.664900
v 1.675070 0.155769 2.623145
v 1.635005 0.155769 2.548420
v 1.635005 0.155769 2.548420
v 1.557125 0.179448 2.590180
v 1.597185 0.179448 2.664900
v 1.519305 0.155769 2.706660
v 1.597185 0.179448 2.664900
v 1.557125 0.179448 2.590180
v 1.557125 0.179448 2.590180
v 1.479240 0.155769 2.631935
v 1.519305 0.155769 2.706660
v 1.462290 0.091077 2.737230
v 1.519305 0.155769 2.706660
v 1.479240 0.155769 2.631935
v 1.479240 0.155769 2.631935
v 1.422225 0.091077 2.662505
v 1.462290 0.091077 2.737230
v 1.441420 0.002705 2.748420
v 1.462290 0.091077 2.737230
v 1.422225 0.091077 2.662505
v 1.422225 0.091077 2.662505
v 1.401355 0.002705 2.673695
v 1.441420 0.002705 2.748420
v 1.462290 -0.085666 2.737230
v 1.441420 0.002705 2.748420
v 1.401355 0.002705 2.673695
v 1.401355 0.002705 2.673695
v 1.422225 -0.085666 2.662505
v 1.462290 -0.085666 2.737230
v 1.519305 -0.150358 2.706660
v 1.462290 -0.085666 2.737230
v 1.422225 -0.085666 2.662505
v 1.422225 -0.085666 2.662505
v 1.479240 -0.150358 2.631935
v 1.519305 -0.150358 2.706660
v 1.597185 -0.174037 2.664900
v 1.519305 -0.150358 2.706660
v 1.479240 -0.150358 2.631935
v 1.479240 -0.150358 2.631935
v 1.557125 -0.174037 2.590180
v 1.597185 -0.174037 2.664900
v 1.675070 -0.150358 2.623145
v 1.597185 -0.174037 2.664900
v 1.557125 -0.174037 2.590180
v 1.557125 -0.174037 2.590180
v 1.635005 -0.150358 2.548420
v 1.675070 -0.150358 2.623145
v 1.732085 -0.085666 2.592575
v 1.675070 -0.150358 2.623145
v 1.635005 -0.150358 2.548420
v 1.635005 -0.150358 2.548420
v 1.692020 -0.085666 2.517855
v 1.732085 -0.085666 2.592575
v 1.618915 -0.069745 2.439860
v 1.572170 -0.122782 2.464925
v 1.508320 0.002705 2.499160
v 1.572170 -0.122782 2.464925
v 1.508320 -0.142195 2.499160
v 1.508320 0.002705 2.499160
v 1.508320 -0.142195 2.499160
v 1.444470 -0.122782 2.533390
v 1.508320 0.002705 2.499160
v 1.444470 -0.122782 2.533390
v 1.397725 -0.069745 2.558455
v 1.508320 0.002705 2.499160
v 1.397725 -0.069745 2.558455
v 1.380620 0.002705 2.567625
v 1.508320 0.002705 2.499160
v 1.380620 0.002705 2.567625
v 1.397725 0.075155 2.558455
v 1.508320 0.002705 2.499160
v 1.397725 0.075155 2.558455
v 1.444470 0.128192 2.533390
v 1.508320 0.002705 2.499160
v 1.444470 0.128192 2.533390
v 1.508320 0.147605 2.499160
v 1.508320 0.002705 2.499160
v 1.508320 0.147605 2.499160
v 1.572170 0.128192 2.464925
v 1.508320 0.002705 2.499160
v 1.572170 0.128192 2.464925
v 1.618915 0.075155 2.439860
v 1.508320 0.002705 2.499160
v 1.618915 0.075155 2.439860
v 1.636025 0.002705 2.430690
v 1.508320 0.002705 2.499160
v 1.636025 0.002705 2.430690
v 1.618915 -0.069745 2.439860
v 1.508320 0.002705 2.499160
v 1.651955 -0.085666 2.443130
v 1.618915 -0.069745 2.439860
v 1.636025 0.002705 2.430690
v 1.636025 0.002705 2.430690
v 1.672825 0.002705 2.431940
v 1.651955 -0.085666 2.443130
v 1.672825 0.002705 2.431940
v 1.636025 0.002705 2.430690
v 1.618915 0.075155 2.439860
v 1.618915 0.075155 2.439860
v 1.651955 0.091077 2.443130
v 1.672825 0.002705 2.431940
v 1.651955 0.091077 2.443130
v 1.618915 0.075155 2.439860
v 1.572170 0.128192 2.464925
v 1.572170 0.128192 2.464925
v 1.594940 0.155769 2.473695
v 1.651955 0.091077 2.443130
v 1.594940 0.155769 2.473695
v 1.572170 0.128192 2.464925
v 1.508320 0.147605 2.499160
v 1.508320 0.147605 2.499160
v 1.517060 0.179448 2.515455
v 1.594940 0.155769 2.473695
v 1.517060 0.179448 2.515455
v 1.508320 0.147605 2.499160
v 1.444470 0.128192 2.533390
v 1.444470 0.128192 2.533390
v 1.439175 0.155769 2.557215
v 1.517060 0.179448 2.515455
v 1.439175 0.155769 2.557215
v 1.444470 0.128192 2.533390
v 1.397725 0.075155 2.558455
v 1.397725 0.075155 2.558455
v 1.382160 0.091077 2.587780
v 1.439175 0.155769 2.557215
v 1.382160 0.091077 2.587780
v 1.397725 0.075155 2.558455
v 1.380620 0.002705 2.567625
v 1.380620 0.002705 2.567625
v 1.361295 0.002705 2.598970
v 1.382160 0.091077 2.587780
v 1.361295 0.002705 2.598970
v 1.380620 0.002705 2.567625
v 1.397725 -0.069745 2.558455
v 1.397725 -0.069745 2.558455
v 1.382160 -0.085666 2.587780
v 1.361295 0.002705 2.598970
v 1.382160 -0.085666 2.587780
v 1.397725 -0.069745 2.558455
v 1.444470 -0.122782 2.533390
v 1.444470 -0.122782 2.533390
v 1.439175 -0.150358 2.557215
v 1.382160 -0.085666 2.587780
v 1.439175 -0.150358 2.557215
v 1.444470 -0.122782 2.533390
v 1.508320 -0.142195 2.499160
v 1.508320 -0.142195 2.499160
v 1.517060 -0.174037 2.515455
v 1.439175 -0.150358 2.557215
v 1.517060 -0.174037 2.515455
v 1.508320 -0.142195 2.499160
v 1.572170 -0.122782 2.464925
v 1.572170 -0.122782 2.464925
v 1.594940 -0.150358 2.473695
v 1.517060 -0.174037 2.515455
v 1.594940 -0.150358 2.473695
v 1.572170 -0.122782 2.464925
v 1.618915 -0.069745 2.439860
v 1.618915 -0.069745 2.439860
v 1.651955 -0.085666 2.443130
v 1.594940 -0.150358 2.473695
v 1.692020 -0.085666 2.517855
v 1.651955 -0.085666 2.443130
v 1.672825 0.002705 2.431940
v 1.672825 0.002705 2.431940
v 1.712890 0.002705 2.506665
v 1.692020 -0.085666 2.517855
v 1.712890 0.002705 2.506665
v 1.672825 0.002705 2.431940
v 1.651955 0.091077 2.443130
v 1.651955 0.091077 2.443130
v 1.692020 0.091077 2.517855
v 1.712890 0.002705 2.506665
v 1.692020 0.091077 2.517855
v 1.651955 0.091077 2.443130
v 1.594940 0.155769 2.473695
v 1.594940 0.155769 2.473695
v 1.635005 0.155769 2.548420
v 1.692020 0.091077 2.517855
v 1.635005 0.155769 2.548420
v 1.594940 0.155769 2.473695
v 1.517060 0.179448 2.515455
v 1.517060 0.179448 2.515455
v 1.557125 0.179448 2.590180
v 1.635005 0.155769 2.548420
v 1.557125 0.179448 2.590180
v 1.517060 0.179448 2.515455
v 1.439175 0.155769 2.557215
v 1.439175 0.155769 2.557215
v 1.479240 0.155769 2.631935
v 1.557125 0.179448 2.590180
v 1.479240 0.155769 2.631935
v 1.439175 0.155769 2.557215
v 1.382160 0.091077 2.587780
v 1.382160 0.091077 2.587780
v 1.422225 0.091077 2.662505
v 1.479240 0.155769 2.631935
v 1.422225 0.091077 2.662505
v 1.382160 0.091077 2.587780
v 1.361295 0.002705 2.598970
v 1.361295 0.002705 2.598970
v 1.401355 0.002705 2.673695
v 1.422225 0.091077 2.662505
v 1.401355 0.002705 2.673695
v 1.361295 0.002705 2.598970
v 1.382160 -0.085666 2.587780
v 1.382160 -0.085666 2.587780
v 1.422225 -0.085666 2.662505
v 1.401355 0.002705 2.673695
v 1.422225 -0.085666 2.662505
v 1.382160 -0.085666 2.587780
v 1.439175 -0.150358 2.557215
v 1.439175 -0.150358 2.557215
v 1.479240 -0.150358 2.631935
v 1.422225 -0.085666 2.662505
v 1.479240 -0.150358 2.631935
v 1.439175 -0.150358 2.557215
v 1.517060 -0.174037 2.515455
v 1.517060 -0.174037 2.515455
v 1.557125 -0.174037 2.590180
v 1.479240 -0.150358 2.631935
v 1.557125 -0.174037 2.590180
v 1.517060 -0.174037 2.515455
v 1.594940 -0.150358 2.473695
v 1.594940 -0.150358 2.473695
v 1.635005 -0.150358 2.548420
v 1.557125 -0.174037 2.590180
v 1.635005 -0.150358 2.548420
v 1.594940 -0.150358 2.473695
v 1.651955 -0.085666 2.443130
v 1.651955 -0.085666 2.443130
v 1.692020 -0.085666 2.517855
v 1.635005 -0.150358 2.548420
v -1.608755 -0.098234 2.686695
v -1.564840 -0.074284 2.708640
v -1.551425 -0.120570 2.771670
v -1.551425 -0.120570 2.771670
v -1.632575 -0.164824 2.731120
v -1.608755 -0.098234 2.686695
v -1.564840 -0.074284 2.708640
v -1.545315 -0.016464 2.715240
v -1.515350 -0.013732 2.783865
v -1.515350 -0.013732 2.783865
v -1.551425 -0.120570 2.771670
v -1.564840 -0.074284 2.708640
v -1.561615 0.041357 2.702630
v -1.545470 0.093106 2.760565
v -1.515350 -0.013732 2.783865
v -1.515350 -0.013732 2.783865
v -1.545315 -0.016464 2.715240
v -1.561615 0.041357 2.702630
v -1.604195 0.065307 2.678195
v -1.624150 0.137360 2.715415
v -1.545470 0.093106 2.760565
v -1.545470 0.093106 2.760565
v -1.561615 0.041357 2.702630
v -1.604195 0.065307 2.678195
v -1.632575 -0.164824 2.731120
v -1.551425 -0.120570 2.771670
v -1.565605 -0.136598 2.833240
v -1.565605 -0.136598 2.833240
v -1.661605 -0.188951 2.785270
v -1.632575 -0.164824 2.731120
v -1.551425 -0.120570 2.771670
v -1.515350 -0.013732 2.783865
v -1.522925 -0.010205 2.847665
v -1.522925 -0.010205 2.847665
v -1.565605 -0.136598 2.833240
v -1.551425 -0.120570 2.771670
v -1.545470 0.093106 2.760565
v -1.558560 0.116188 2.820100
v -1.522925 -0.010205 2.847665
v -1.522925 -0.010205 2.847665
v -1.515350 -0.013732 2.783865
v -1.545470 0.093106 2.760565
v -1.624150 0.137360 2.715415
v -1.651645 0.168542 2.766690
v -1.558560 0.116188 2.820100
v -1.558560 0.116188 2.820100
v -1.545470 0.093106 2.760565
v -1.624150 0.137360 2.715415
v -1.661605 -0.188951 2.785270
v -1.565605 -0.136598 2.833240
v -1.593315 -0.162165 2.942205
v -1.593315 -0.162165 2.942205
v -1.713540 -0.227729 2.882135
v -1.661605 -0.188951 2.785270
v -1.565605 -0.136598 2.833240
v -1.522925 -0.010205 2.847665
v -1.539865 -0.003880 2.960270
v -1.539865 -0.003880 2.960270
v -1.593315 -0.162165 2.942205
v -1.565605 -0.136598 2.833240
v -1.558560 0.116188 2.820100
v -1.584495 0.154405 2.925750
v -1.539865 -0.003880 2.960270
v -1.539865 -0.003880 2.960270
v -1.522925 -0.010205 2.847665
v -1.558560 0.116188 2.820100
v -1.651645 0.168542 2.766690
v -1.701060 0.219969 2.858865
v -1.584495 0.154405 2.925750
v -1.584495 0.154405 2.925750
v -1.558560 0.116188 2.820100
v -1.651645 0.168542 2.766690
v -1.713540 -0.227729 2.882135
v -1.593315 -0.162165 2.942205
v -1.642470 -0.162842 3.012245
v -1.642470 -0.162842 3.012245
v -1.753540 -0.223415 2.956745
v -1.713540 -0.227729 2.882135
v -1.593315 -0.162165 2.942205
v -1.539865 -0.003880 2.960270
v -1.593090 -0.016606 3.028935
v -1.593090 -0.016606 3.028935
v -1.642470 -0.162842 3.012245
v -1.593315 -0.162165 2.942205
v -1.539865 -0.003880 2.960270
v -1.584495 0.154405 2.925750
v -1.634320 0.129631 2.997040
v -1.634320 0.129631 2.997040
v -1.593090 -0.016606 3.028935
v -1.539865 -0.003880 2.960270
v -1.584495 0.154405 2.925750
v -1.701060 0.219969 2.858865
v -1.742015 0.190204 2.935245
v -1.742015 0.190204 2.935245
v -1.634320 0.129631 2.997040
v -1.584495 0.154405 2.925750
v -1.642470 -0.162842 3.012245
v -1.741815 -0.088742 3.110850
v -1.816230 -0.129324 3.073665
v -1.816230 -0.129324 3.073665
v -1.753540 -0.223415 2.956745
v -1.642470 -0.162842 3.012245
v -1.593090 -0.016606 3.028935
v -1.708730 0.009233 3.122030
v -1.741815 -0.088742 3.110850
v -1.741815 -0.088742 3.110850
v -1.642470 -0.162842 3.012245
v -1.593090 -0.016606 3.028935
v -1.634320 0.129631 2.997040
v -1.736355 0.107208 3.100665
v -1.708730 0.009233 3.122030
v -1.708730 0.009233 3.122030
v -1.593090 -0.016606 3.028935
v -1.634320 0.129631 2.997040
v -1.742015 0.190204 2.935245
v -1.808510 0.147791 3.059265
v -1.736355 0.107208 3.100665
v -1.736355 0.107208 3.100665
v -1.634320 0.129631 2.997040
v -1.742015 0.190204 2.935245
v -1.863755 -0.035568 3.162310
v -1.822565 -0.013103 3.182890
v -1.891990 -0.029094 3.272810
v -1.891990 -0.029094 3.272810
v -1.916450 -0.042435 3.260585
v -1.863755 -0.035568 3.162310
v -1.822565 -0.013103 3.182890
v -1.804250 0.041132 3.189080
v -1.881110 0.003112 3.276485
v -1.881110 0.003112 3.276485
v -1.891990 -0.029094 3.272810
v -1.822565 -0.013103 3.182890
v -1.804250 0.041132 3.189080
v -1.819540 0.095366 3.177255
v -1.890190 0.035319 3.269460
v -1.890190 0.035319 3.269460
v -1.881110 0.003112 3.276485
v -1.804250 0.041132 3.189080
v -1.819540 0.095366 3.177255
v -1.859485 0.117831 3.154335
v -1.913910 0.048659 3.255850
v -1.913910 0.048659 3.255850
v -1.890190 0.035319 3.269460
v -1.819540 0.095366 3.177255
v -1.564840 -0.074284 2.708640
v -1.608755 -0.098234 2.686695
v -1.598790 -0.017423 2.668115
v -1.545315 -0.016464 2.715240
v -1.564840 -0.074284 2.708640
v -1.598790 -0.017423 2.668115
v -1.561615 0.041357 2.702630
v -1.545315 -0.016464 2.715240
v -1.598790 -0.017423 2.668115
v -1.604195 0.065307 2.678195
v -1.561615 0.041357 2.702630
v -1.598790 -0.017423 2.668115
v -1.948085 -0.079574 3.319590
v -1.933670 -0.071712 3.326795
v -1.949940 -0.052407 3.323050
v -1.933670 -0.071712 3.326795
v -1.927260 -0.052732 3.328960
v -1.949940 -0.052407 3.323050
v -1.927260 -0.052732 3.328960
v -1.932610 -0.033751 3.324820
v -1.949940 -0.052407 3.323050
v -1.932610 -0.033751 3.324820
v -1.946590 -0.025889 3.316800
v -1.949940 -0.052407 3.323050
v -1.808510 0.147791 3.059265
v -1.859485 0.117831 3.154335
v -1.819540 0.095366 3.177255
v -1.819540 0.095366 3.177255
v -1.736355 0.107208 3.100665
v -1.808510 0.147791 3.059265
v -1.736355 0.107208 3.100665
v -1.819540 0.095366 3.177255
v -1.804250 0.041132 3.189080
v -1.804250 0.041132 3.189080
v -1.708730 0.009233 3.122030
v -1.736355 0.107208 3.100665
v -1.708730 0.009233 3.122030
v -1.804250 0.041132 3.189080
v -1.822565 -0.013103 3.182890
v -1.822565 -0.013103 3.182890
v -1.741815 -0.088742 3.110850
v -1.708730 0.009233 3.122030
v -1.741815 -0.088742 3.110850
v -1.822565 -0.013103 3.182890
v -1.863755 -0.035568 3.162310
v -1.863755 -0.035568 3.162310
v -1.816230 -0.129324 3.073665
v -1.741815 -0.088742 3.110850
v -1.608755 -0.098234 2.686695
v -1.632575 -0.164824 2.731120
v -1.711255 -0.120570 2.685975
v -1.711255 -0.120570 2.685975
v -1.651335 -0.074284 2.662265
v -1.608755 -0.098234 2.686695
v -1.651335 -0.074284 2.662265
v -1.711255 -0.120570 2.685975
v -1.741375 -0.013732 2.662675
v -1.741375 -0.013732 2.662675
v -1.667640 -0.016464 2.649655
v -1.651335 -0.074284 2.662265
v -1.741375 -0.013732 2.662675
v -1.705300 0.093106 2.674870
v -1.648115 0.041357 2.656255
v -1.648115 0.041357 2.656255
v -1.667640 -0.016464 2.649655
v -1.741375 -0.013732 2.662675
v -1.705300 0.093106 2.674870
v -1.624150 0.137360 2.715415
v -1.604195 0.065307 2.678195
v -1.604195 0.065307 2.678195
v -1.648115 0.041357 2.656255
v -1.705300 0.093106 2.674870
v -1.632575 -0.164824 2.731120
v -1.661605 -0.188951 2.785270
v -1.754685 -0.136598 2.731860
v -1.754685 -0.136598 2.731860
v -1.711255 -0.120570 2.685975
v -1.632575 -0.164824 2.731120
v -1.711255 -0.120570 2.685975
v -1.754685 -0.136598 2.731860
v -1.790325 -0.010205 2.704295
v -1.790325 -0.010205 2.704295
v -1.741375 -0.013732 2.662675
v -1.711255 -0.120570 2.685975
v -1.790325 -0.010205 2.704295
v -1.747640 0.116188 2.718725
v -1.705300 0.093106 2.674870
v -1.705300 0.093106 2.674870
v -1.741375 -0.013732 2.662675
v -1.790325 -0.010205 2.704295
v -1.747640 0.116188 2.718725
v -1.651645 0.168542 2.766690
v -1.624150 0.137360 2.715415
v -1.624150 0.137360 2.715415
v -1.705300 0.093106 2.674870
v -1.747640 0.116188 2.718725
v -1.661605 -0.188951 2.785270
v -1.713540 -0.227729 2.882135
v -1.830105 -0.162165 2.815245
v -1.830105 -0.162165 2.815245
v -1.754685 -0.136598 2.731860
v -1.661605 -0.188951 2.785270
v -1.754685 -0.136598 2.731860
v -1.830105 -0.162165 2.815245
v -1.874735 -0.003880 2.780725
v -1.874735 -0.003880 2.780725
v -1.790325 -0.010205 2.704295
v -1.754685 -0.136598 2.731860
v -1.874735 -0.003880 2.780725
v -1.821285 0.154405 2.798795
v -1.747640 0.116188 2.718725
v -1.747640 0.116188 2.718725
v -1.790325 -0.010205 2.704295
v -1.874735 -0.003880 2.780725
v -1.821285 0.154405 2.798795
v -1.701060 0.219969 2.858865
v -1.651645 0.168542 2.766690
v -1.651645 0.168542 2.766690
v -1.747640 0.116188 2.718725
v -1.821285 0.154405 2.798795
v -1.713540 -0.227729 2.882135
v -1.753540 -0.223415 2.956745
v -1.861235 -0.162842 2.894950
v -1.861235 -0.162842 2.894950
v -1.830105 -0.162165 2.815245
v -1.713540 -0.227729 2.882135
v -1.830105 -0.162165 2.815245
v -1.861235 -0.162842 2.894950
v -1.902470 -0.016606 2.863055
v -1.902470 -0.016606 2.863055
v -1.874735 -0.003880 2.780725
v -1.830105 -0.162165 2.815245
v -1.874735 -0.003880 2.780725
v -1.902470 -0.016606 2.863055
v -1.853085 0.129631 2.879745
v -1.853085 0.129631 2.879745
v -1.821285 0.154405 2.798795
v -1.874735 -0.003880 2.780725
v -1.821285 0.154405 2.798795
v -1.853085 0.129631 2.879745
v -1.742015 0.190204 2.935245
v -1.742015 0.190204 2.935245
v -1.701060 0.219969 2.858865
v -1.821285 0.154405 2.798795
v -1.816230 -0.129324 3.073665
v -1.888385 -0.088742 3.032265
v -1.861235 -0.162842 2.894950
v -1.861235 -0.162842 2.894950
v -1.753540 -0.223415 2.956745
v -1.816230 -0.129324 3.073665
v -1.888385 -0.088742 3.032265
v -1.916010 0.009233 3.010900
v -1.902470 -0.016606 2.863055
v -1.902470 -0.016606 2.863055
v -1.861235 -0.162842 2.894950
v -1.888385 -0.088742 3.032265
v -1.916010 0.009233 3.010900
v -1.882925 0.107208 3.022080
v -1.853085 0.129631 2.879745
v -1.853085 0.129631 2.879745
v -1.902470 -0.016606 2.863055
v -1.916010 0.009233 3.010900
v -1.882925 0.107208 3.022080
v -1.808510 0.147791 3.059265
v -1.742015 0.190204 2.935245
v -1.742015 0.190204 2.935245
v -1.853085 0.129631 2.879745
v -1.882925 0.107208 3.022080
v -1.863755 -0.035568 3.162310
v -1.916450 -0.042435 3.260585
v -1.940170 -0.029094 3.246975
v -1.940170 -0.029094 3.246975
v -1.903700 -0.013103 3.139390
v -1.863755 -0.035568 3.162310
v -1.903700 -0.013103 3.139390
v -1.940170 -0.029094 3.246975
v -1.949250 0.003112 3.239950
v -1.949250 0.003112 3.239950
v -1.918990 0.041132 3.127565
v -1.903700 -0.013103 3.139390
v -1.918990 0.041132 3.127565
v -1.949250 0.003112 3.239950
v -1.938375 0.035319 3.243630
v -1.938375 0.035319 3.243630
v -1.900675 0.095366 3.133755
v -1.918990 0.041132 3.127565
v -1.900675 0.095366 3.133755
v -1.938375 0.035319 3.243630
v -1.913910 0.048659 3.255850
v -1.913910 0.048659 3.255850
v -1.859485 0.117831 3.154335
v -1.900675 0.095366 3.133755
v -1.651335 -0.074284 2.662265
v -1.598790 -0.017423 2.668115
v -1.608755 -0.098234 2.686695
v -1.667640 -0.016464 2.649655
v -1.598790 -0.017423 2.668115
v -1.651335 -0.074284 2.662265
v -1.648115 0.041357 2.656255
v -1.598790 -0.017423 2.668115
v -1.667640 -0.016464 2.649655
v -1.604195 0.065307 2.678195
v -1.598790 -0.017423 2.668115
v -1.648115 0.041357 2.656255
v -1.948085 -0.079574 3.319590
v -1.949940 -0.052407 3.323050
v -1.962065 -0.071712 3.311570
v -1.962065 -0.071712 3.311570
v -1.949940 -0.052407 3.323050
v -1.967415 -0.052732 3.307430
v -1.967415 -0.052732 3.307430
v -1.949940 -0.052407 3.323050
v -1.961005 -0.033751 3.309595
v -1.961005 -0.033751 3.309595
v -1.949940 -0.052407 3.323050
v -1.946590 -0.025889 3.316800
v -1.900675 0.095366 3.133755
v -1.859485 0.117831 3.154335
v -1.808510 0.147791 3.059265
v -1.808510 0.147791 3.059265
v -1.882925 0.107208 3.022080
v -1.900675 0.095366 3.133755
v -1.918990 0.041132 3.127565
v -1.900675 0.095366 3.133755
v -1.882925 0.107208 3.022080
v -1.882925 0.107208 3.022080
v -1.916010 0.009233 3.010900
v -1.918990 0.041132 3.127565
v -1.903700 -0.013103 3.139390
v -1.918990 0.041132 3.127565
v -1.916010 0.009233 3.010900
v -1.916010 0.009233 3.010900
v -1.888385 -0.088742 3.032265
v -1.903700 -0.013103 3.139390
v -1.863755 -0.035568 3.162310
v -1.903700 -0.013103 3.139390
v -1.888385 -0.088742 3.032265
v -1.888385 -0.088742 3.032265
v -1.816230 -0.129324 3.073665
v -1.863755 -0.035568 3.162310
v -1.916450 -0.042435 3.260585
v -1.891990 -0.029094 3.272810
v -1.933670 -0.071712 3.326795
v -1.933670 -0.071712 3.326795
v -1.948085 -0.079574 3.319590
v -1.916450 -0.042435 3.260585
v -1.916450 -0.042435 3.260585
v -1.948085 -0.079574 3.319590
v -1.962065 -0.071712 3.311570
v -1.962065 -0.071712 3.311570
v -1.940170 -0.029094 3.246975
v -1.916450 -0.042435 3.260585
v -1.940170 -0.029094 3.246975
v -1.962065 -0.071712 3.311570
v -1.967415 -0.052732 3.307430
v -1.967415 -0.052732 3.307430
v -1.949250 0.003112 3.239950
v -1.940170 -0.029094 3.246975
v -1.949250 0.003112 3.239950
v -1.967415 -0.052732 3.307430
v -1.961005 -0.033751 3.309595
v -1.961005 -0.033751 3.309595
v -1.938375 0.035319 3.243630
v -1.949250 0.003112 3.239950
v -1.938375 0.035319 3.243630
v -1.961005 -0.033751 3.309595
v -1.946590 -0.025889 3.316800
v -1.946590 -0.025889 3.316800
v -1.913910 0.048659 3.255850
v -1.938375 0.035319 3.243630
v -1.890190 0.035319 3.269460
v -1.913910 0.048659 3.255850
v -1.946590 -0.025889 3.316800
v -1.946590 -0.025889 3.316800
v -1.932610 -0.033751 3.324820
v -1.890190 0.035319 3.269460
v -1.881110 0.003112 3.276485
v -1.890190 0.035319 3.269460
v -1.932610 -0.033751 3.324820
v -1.932610 -0.033751 3.324820
v -1.927260 -0.052732 3.328960
v -1.881110 0.003112 3.276485
v -1.891990 -0.029094 3.272810
v -1.881110 0.003112 3.276485
v -1.927260 -0.052732 3.328960
v -1.927260 -0.052732 3.328960
v -1.933670 -0.071712 3.326795
v -1.891990 -0.029094 3.272810
v -1.716520 -0.069745 2.621905
v -1.669775 -0.122782 2.646965
v -1.605925 0.002705 2.681200
v -1.669775 -0.122782 2.646965
v -1.605925 -0.142195 2.681200
v -1.605925 0.002705 2.681200
v -1.605925 -0.142195 2.681200
v -1.542075 -0.122782 2.715435
v -1.605925 0.002705 2.681200
v -1.542075 -0.122782 2.715435
v -1.495330 -0.069745 2.740495
v -1.605925 0.002705 2.681200
v -1.495330 -0.069745 2.740495
v -1.478220 0.002705 2.749670
v -1.605925 0.002705 2.681200
v -1.478220 0.002705 2.749670
v -1.495330 0.075155 2.740495
v -1.605925 0.002705 2.681200
v -1.495330 0.075155 2.740495
v -1.542075 0.128192 2.715435
v -1.605925 0.002705 2.681200
v -1.542075 0.128192 2.715435
v -1.605925 0.147605 2.681200
v -1.605925 0.002705 2.681200
v -1.605925 0.147605 2.681200
v -1.669775 0.128192 2.646965
v -1.605925 0.002705 2.681200
v -1.669775 0.128192 2.646965
v -1.716520 0.075155 2.621905
v -1.605925 0.002705 2.681200
v -1.716520 0.075155 2.621905
v -1.733630 0.002705 2.612730
v -1.605925 0.002705 2.681200
v -1.733630 0.002705 2.612730
v -1.716520 -0.069745 2.621905
v -1.605925 0.002705 2.681200
v -1.732085 -0.085666 2.592575
v -1.716520 -0.069745 2.621905
v -1.733630 0.002705 2.612730
v -1.733630 0.002705 2.612730
v -1.752955 0.002705 2.581390
v -1.732085 -0.085666 2.592575
v -1.752955 0.002705 2.581390
v -1.733630 0.002705 2.612730
v -1.716520 0.075155 2.621905
v -1.716520 0.075155 2.621905
v -1.732085 0.091077 2.592575
v -1.752955 0.002705 2.581390
v -1.732085 0.091077 2.592575
v -1.716520 0.075155 2.621905
v -1.669775 0.128192 2.646965
v -1.669775 0.128192 2.646965
v -1.675070 0.155769 2.623145
v -1.732085 0.091077 2.592575
v -1.675070 0.155769 2.623145
v -1.669775 0.128192 2.646965
v -1.605925 0.147605 2.681200
v -1.605925 0.147605 2.681200
v -1.597185 0.179448 2.664900
v -1.675070 0.155769 2.623145
v -1.597185 0.179448 2.664900
v -1.605925 0.147605 2.681200
v -1.542075 0.128192 2.715435
v -1.542075 0.128192 2.715435
v -1.519305 0.155769 2.706660
v -1.597185 0.179448 2.664900
v -1.519305 0.155769 2.706660
v -1.542075 0.128192 2.715435
v -1.495330 0.075155 2.740495
v -1.495330 0.075155 2.740495
v -1.462290 0.091077 2.737230
v -1.519305 0.155769 2.706660
v -1.462290 0.091077 2.737230
v -1.495330 0.075155 2.740495
v -1.478220 0.002705 2.749670
v -1.478220 0.002705 2.749670
v -1.441420 0.002705 2.748420
v -1.462290 0.091077 2.737230
v -1.441420 0.002705 2.748420
v -1.478220 0.002705 2.749670
v -1.495330 -0.069745 2.740495
v -1.495330 -0.069745 2.740495
v -1.462290 -0.085666 2.737230
v -1.441420 0.002705 2.748420
v -1.462290 -0.085666 2.737230
v -1.495330 -0.069745 2.740495
v -1.542075 -0.122782 2.715435
v -1.542075 -0.122782 2.715435
v -1.519305 -0.150358 2.706660
v -1.462290 -0.085666 2.737230
v -1.519305 -0.150358 2.706660
v -1.542075 -0.122782 2.715435
v -1.605925 -0.142195 2.681200
v -1.605925 -0.142195 2.681200
v -1.597185 -0.174037 2.664900
v -1.519305 -0.150358 2.706660
v -1.597185 -0.174037 2.664900
v -1.605925 -0.142195 2.681200
v -1.669775 -0.122782 2.646965
v -1.669775 -0.122782 2.646965
v -1.675070 -0.150358 2.623145
v -1.597185 -0.174037 2.664900
v -1.675070 -0.150358 2.623145
v -1.669775 -0.122782 2.646965
v -1.716520 -0.069745 2.621905
v -1.716520 -0.069745 2.621905
v -1.732085 -0.085666 2.592575
v -1.675070 -0.150358 2.623145
v -1.692020 -0.085666 2.517855
v -1.732085 -0.085666 2.592575
v -1.752955 0.002705 2.581390
v -1.752955 0.002705 2.581390
v -1.712890 0.002705 2.506665
v -1.692020 -0.085666 2.517855
v -1.712890 0.002705 2.506665
v -1.752955 0.002705 2.581390
v -1.732085 0.091077 2.592575
v -1.732085 0.091077 2.592575
v -1.692020 0.091077 2.517855
v -1.712890 0.002705 2.506665
v -1.692020 0.091077 2.517855
v -1.732085 0.091077 2.592575
v -1.675070 0.155769 2.623145
v -1.675070 0.155769 2.623145
v -1.635005 0.155769 2.548420
v -1.692020 0.091077 2.517855
v -1.635005 0.155769 2.548420
v -1.675070 0.155769 2.623145
v -1.597185 0.179448 2.664900
v -1.597185 0.179448 2.664900
v -1.557125 0.179448 2.590180
v -1.635005 0.155769 2.548420
v -1.557125 0.179448 2.590180
v -1.597185 0.179448 2.664900
v -1.519305 0.155769 2.706660
v -1.519305 0.155769 2.706660
v -1.479240 0.155769 2.631935
v -1.557125 0.179448 2.590180
v -1.479240 0.155769 2.631935
v -1.519305 0.155769 2.706660
v -1.462290 0.091077 2.737230
v -1.462290 0.091077 2.737230
v -1.422225 0.091077 2.662505
v -1.479240 0.155769 2.631935
v -1.422225 0.091077 2.662505
v -1.462290 0.091077 2.737230
v -1.441420 0.002705 2.748420
v -1.441420 0.002705 2.748420
v -1.401355 0.002705 2.673695
v -1.422225 0.091077 2.662505
v -1.401355 0.002705 2.673695
v -1.441420 0.002705 2.748420
v -1.462290 -0.085666 2.737230
v -1.462290 -0.085666 2.737230
v -1.422225 -0.085666 2.662505
v -1.401355 0.002705 2.673695
v -1.422225 -0.085666 2.662505
v -1.462290 -0.085666 2.737230
v -1.519305 -0.150358 2.706660
v -1.519305 -0.150358 2.706660
v -1.479240 -0.150358 2.631935
v -1.422225 -0.085666 2.662505
v -1.479240 -0.150358 2.631935
v -1.519305 -0.150358 2.706660
v -1.597185 -0.174037 2.664900
v -1.597185 -0.174037 2.664900
v -1.557125 -0.174037 2.590180
v -1.479240 -0.150358 2.631935
v -1.557125 -0.174037 2.590180
v -1.597185 -0.174037 2.664900
v -1.675070 -0.150358 2.623145
v -1.675070 -0.150358 2.623145
v -1.635005 -0.150358 2.548420
v -1.557125 -0.174037 2.590180
v -1.635005 -0.150358 2.548420
v -1.675070 -0.150358 2.623145
v -1.732085 -0.085666 2.592575
v -1.732085 -0.085666 2.592575
v -1.692020 -0.085666 2.517855
v -1.635005 -0.150358 2.548420
v -1.618915 -0.069745 2.439860
v -1.508320 0.002705 2.499160
v -1.572175 -0.122782 2.464925
v -1.572175 -0.122782 2.464925
v -1.508320 0.002705 2.499160
v -1.508320 -0.142195 2.499160
v -1.508320 -0.142195 2.499160
v -1.508320 0.002705 2.499160
v -1.444470 -0.122782 2.533390
v -1.444470 -0.122782 2.533390
v -1.508320 0.002705 2.499160
v -1.397725 -0.069745 2.558455
v -1.397725 -0.069745 2.558455
v -1.508320 0.002705 2.499160
v -1.380620 0.002705 2.567625
v -1.380620 0.002705 2.567625
v -1.508320 0.002705 2.499160
v -1.397725 0.075155 2.558455
v -1.397725 0.075155 2.558455
v -1.508320 0.002705 2.499160
v -1.444470 0.128192 2.533390
v -1.444470 0.128192 2.533390
v -1.508320 0.002705 2.499160
v -1.508320 0.147605 2.499160
v -1.508320 0.147605 2.499160
v -1.508320 0.002705 2.499160
v -1.572175 0.128192 2.464925
v -1.572175 0.128192 2.464925
v -1.508320 0.002705 2.499160
v -1.618915 0.075155 2.439860
v -1.618915 0.075155 2.439860
v -1.508320 0.002705 2.499160
v -1.636025 0.002705 2.430690
v -1.636025 0.002705 2.430690
v -1.508320 0.002705 2.499160
v -1.618915 -0.069745 2.439860
v -1.636025 0.002705 2.430690
v -1.618915 -0.069745 2.439860
v -1.651955 -0.085666 2.443130
v -1.651955 -0.085666 2.443130
v -1.672825 0.002705 2.431940
v -1.636025 0.002705 2.430690
v -1.618915 0.075155 2.439860
v -1.636025 0.002705 2.430690
v -1.672825 0.002705 2.431940
v -1.672825 0.002705 2.431940
v -1.651955 0.091077 2.443130
v -1.618915 0.075155 2.439860
v -1.572175 0.128192 2.464925
v -1.618915 0.075155 2.439860
v -1.651955 0.091077 2.443130
v -1.651955 0.091077 2.443130
v -1.594945 0.155769 2.473695
v -1.572175 0.128192 2.464925
v -1.508320 0.147605 2.499160
v -1.572175 0.128192 2.464925
v -1.594945 0.155769 2.473695
v -1.594945 0.155769 2.473695
v -1.517060 0.179448 2.515455
v -1.508320 0.147605 2.499160
v -1.444470 0.128192 2.533390
v -1.508320 0.147605 2.499160
v -1.517060 0.179448 2.515455
v -1.517060 0.179448 2.515455
v -1.439175 0.155769 2.557215
v -1.444470 0.128192 2.533390
v -1.397725 0.075155 2.558455
v -1.444470 0.128192 2.533390
v -1.439175 0.155769 2.557215
v -1.439175 0.155769 2.557215
v -1.382160 0.091077 2.587780
v -1.397725 0.075155 2.558455
v -1.380620 0.002705 2.567625
v -1.397725 0.075155 2.558455
v -1.382160 0.091077 2.587780
v -1.382160 0.091077 2.587780
v -1.361295 0.002705 2.598970
v -1.380620 0.002705 2.567625
v -1.397725 -0.069745 2.558455
v -1.380620 0.002705 2.567625
v -1.361295 0.002705 2.598970
v -1.361295 0.002705 2.598970
v -1.382160 -0.085666 2.587780
v -1.397725 -0.069745 2.558455
v -1.444470 -0.122782 2.533390
v -1.397725 -0.069745 2.558455
v -1.382160 -0.085666 2.587780
v -1.382160 -0.085666 2.587780
v -1.439175 -0.150358 2.557215
v -1.444470 -0.122782 2.533390
v -1.508320 -0.142195 2.499160
v -1.444470 -0.122782 2.533390
v -1.439175 -0.150358 2.557215
v -1.439175 -0.150358 2.557215
v -1.517060 -0.174037 2.515455
v -1.508320 -0.142195 2.499160
v -1.572175 -0.122782 2.464925
v -1.508320 -0.142195 2.499160
v -1.517060 -0.174037 2.515455
v -1.517060 -0.174037 2.515455
v -1.594945 -0.150358 2.473695
v -1.572175 -0.122782 2.464925
v -1.618915 -0.069745 2.439860
v -1.572175 -0.122782 2.464925
v -1.594945 -0.150358 2.473695
v -1.594945 -0.150358 2.473695
v -1.651955 -0.085666 2.443130
v -1.618915 -0.069745 2.439860
v -1.672825 0.002705 2.431940
v -1.651955 -0.085666 2.443130
v -1.692020 -0.085666 2.517855
v -1.692020 -0.085666 2.517855
v -1.712890 0.002705 2.506665
v -1.672825 0.002705 2.431940
v -1.651955 0.091077 2.443130
v -1.672825 0.002705 2.431940
v -1.712890 0.002705 2.506665
v -1.712890 0.002705 2.506665
v -1.692020 0.091077 2.517855
v -1.651955 0.091077 2.443130
v -1.594945 0.155769 2.473695
v -1.651955 0.091077 2.443130
v -1.692020 0.091077 2.517855
v -1.692020 0.091077 2.517855
v -1.635005 0.155769 2.548420
v -1.594945 0.155769 2.473695
v -1.517060 0.179448 2.515455
v -1.594945 0.155769 2.473695
v -1.635005 0.155769 2.548420
v -1.635005 0.155769 2.548420
v -1.557125 0.179448 2.590180
v -1.517060 0.179448 2.515455
v -1.439175 0.155769 2.557215
v -1.517060 0.179448 2.515455
v -1.557125 0.179448 2.590180
v -1.557125 0.179448 2.590180
v -1.479240 0.155769 2.631935
v -1.439175 0.155769 2.557215
v -1.382160 0.091077 2.587780
v -1.439175 0.155769 2.557215
v -1.479240 0.155769 2.631935
v -1.479240 0.155769 2.631935
v -1.422225 0.091077 2.662505
v -1.382160 0.091077 2.587780
v -1.361295 0.002705 2.598970
v -1.382160 0.091077 2.587780
v -1.422225 0.091077 2.662505
v -1.422225 0.091077 2.662505
v -1.401355 0.002705 2.673695
v -1.361295 0.002705 2.598970
v -1.382160 -0.085666 2.587780
v -1.361295 0.002705 2.598970
v -1.401355 0.002705 2.673695
v -1.401355 0.002705 2.673695
v -1.422225 -0.085666 2.662505
v -1.382160 -0.085666 2.587780
v -1.439175 -0.150358 2.557215
v -1.382160 -0.085666 2.587780
v -1.422225 -0.085666 2.662505
v -1.422225 -0.085666 2.662505
v -1.479240 -0.150358 2.631935
v -1.439175 -0.150358 2.557215
v -1.517060 -0.174037 2.515455
v -1.439175 -0.150358 2.557215
v -1.479240 -0.150358 2.631935
v -1.479240 -0.150358 2.631935
v -1.557125 -0.174037 2.590180
v -1.517060 -0.174037 2.515455
v -1.594945 -0.150358 2.473695
v -1.517060 -0.174037 2.515455
v -1.557125 -0.174037 2.590180
v -1.557125 -0.174037 2.590180
v -1.635005 -0.150358 2.548420
v -1.594945 -0.150358 2.473695
v -1.651955 -0.085666 2.443130
v -1.594945 -0.150358 2.473695
v -1.635005 -0.150358 2.548420
v -1.635005 -0.150358 2.548420
v -1.692020 -0.085666 2.517855
v -1.651955 -0.085666 2.443130
v 1.608755 -0.098236 -2.686695
v 1.564840 -0.074286 -2.708640
v 1.551425 -0.120572 -2.771670
v 1.551425 -0.120572 -2.771670
v 1.632575 -0.164825 -2.731120
v 1.608755 -0.098236 -2.686695
v 1.564840 -0.074286 -2.708640
v 1.545310 -0.016465 -2.715240
v 1.515350 -0.013734 -2.783865
v 1.515350 -0.013734 -2.783865
v 1.551425 -0.120572 -2.771670
v 1.564840 -0.074286 -2.708640
v 1.561615 0.041355 -2.702630
v 1.545470 0.093105 -2.760565
v 1.515350 -0.013734 -2.783865
v 1.515350 -0.013734 -2.783865
v 1.545310 -0.016465 -2.715240
v 1.561615 0.041355 -2.702630
v 1.604195 0.065305 -2.678195
v 1.624150 0.137358 -2.715415
v 1.545470 0.093105 -2.760565
v 1.545470 0.093105 -2.760565
v 1.561615 0.041355 -2.702630
v 1.604195 0.065305 -2.678195
v 1.632575 -0.164825 -2.731120
v 1.551425 -0.120572 -2.771670
v 1.565605 -0.136599 -2.833240
v 1.565605 -0.136599 -2.833240
v 1.661605 -0.188953 -2.785270
v 1.632575 -0.164825 -2.731120
v 1.551425 -0.120572 -2.771670
v 1.515350 -0.013734 -2.783865
v 1.522925 -0.010206 -2.847665
v 1.522925 -0.010206 -2.847665
v 1.565605 -0.136599 -2.833240
v 1.551425 -0.120572 -2.771670
v 1.545470 0.093105 -2.760565
v 1.558560 0.116187 -2.820100
v 1.522925 -0.010206 -2.847665
v 1.522925 -0.010206 -2.847665
v 1.515350 -0.013734 -2.783865
v 1.545470 0.093105 -2.760565
v 1.624150 0.137358 -2.715415
v 1.651645 0.168540 -2.766690
v 1.558560 0.116187 -2.820100
v 1.558560 0.116187 -2.820100
v 1.545470 0.093105 -2.760565
v 1.624150 0.137358 -2.715415
v 1.661605 -0.188953 -2.785270
v 1.565605 -0.136599 -2.833240
v 1.593315 -0.162167 -2.942205
v 1.593315 -0.162167 -2.942205
v 1.713540 -0.227731 -2.882135
v 1.661605 -0.188953 -2.785270
v 1.565605 -0.136599 -2.833240
v 1.522925 -0.010206 -2.847665
v 1.539865 -0.003881 -2.960270
v 1.539865 -0.003881 -2.960270
v 1.593315 -0.162167 -2.942205
v 1.565605 -0.136599 -2.833240
v 1.558560 0.116187 -2.820100
v 1.584495 0.154404 -2.925750
v 1.539865 -0.003881 -2.960270
v 1.539865 -0.003881 -2.960270
v 1.522925 -0.010206 -2.847665
v 1.558560 0.116187 -2.820100
v 1.651645 0.168540 -2.766690
v 1.701060 0.219968 -2.858865
v 1.584495 0.154404 -2.925750
v 1.584495 0.154404 -2.925750
v 1.558560 0.116187 -2.820100
v 1.651645 0.168540 -2.766690
v 1.713540 -0.227731 -2.882135
v 1.593315 -0.162167 -2.942205
v 1.642470 -0.162844 -3.012245
v 1.642470 -0.162844 -3.012245
v 1.753540 -0.223417 -2.956745
v 1.713540 -0.227731 -2.882135
v 1.593315 -0.162167 -2.942205
v 1.539865 -0.003881 -2.960270
v 1.593090 -0.016607 -3.028935
v 1.593090 -0.016607 -3.028935
v 1.642470 -0.162844 -3.012245
v 1.593315 -0.162167 -2.942205
v 1.539865 -0.003881 -2.960270
v 1.584495 0.154404 -2.925750
v 1.634320 0.129629 -2.997040
v 1.634320 0.129629 -2.997040
v 1.593090 -0.016607 -3.028935
v 1.539865 -0.003881 -2.960270
v 1.584495 0.154404 -2.925750
v 1.701060 0.219968 -2.858865
v 1.742015 0.190203 -2.935245
v 1.742015 0.190203 -2.935245
v 1.634320 0.129629 -2.997040
v 1.584495 0.154404 -2.925750
v 1.642470 -0.162844 -3.012245
v 1.741815 -0.088743 -3.110850
v 1.816230 -0.129325 -3.073665
v 1.816230 -0.129325 -3.073665
v 1.753540 -0.223417 -2.956745
v 1.642470 -0.162844 -3.012245
v 1.593090 -0.016607 -3.028935
v 1.708730 0.009232 -3.122030
v 1.741815 -0.088743 -3.110850
v 1.741815 -0.088743 -3.110850
v 1.642470 -0.162844 -3.012245
v 1.593090 -0.016607 -3.028935
v 1.634320 0.129629 -2.997040
v 1.736355 0.107207 -3.100665
v 1.708730 0.009232 -3.122030
v 1.708730 0.009232 -3.122030
v 1.593090 -0.016607 -3.028935
v 1.634320 0.129629 -2.997040
v 1.742015 0.190203 -2.935245
v 1.808510 0.147789 -3.059265
v 1.736355 0.107207 -3.100665
v 1.736355 0.107207 -3.100665
v 1.634320 0.129629 -2.997040
v 1.742015 0.190203 -2.935245
v 1.863755 -0.035569 -3.162310
v 1.822565 -0.013104 -3.182890
v 1.891985 -0.029096 -3.272810
v 1.891985 -0.029096 -3.272810
v 1.916450 -0.042436 -3.260585
v 1.863755 -0.035569 -3.162310
v 1.822565 -0.013104 -3.182890
v 1.804250 0.041130 -3.189080
v 1.881110 0.003111 -3.276485
v 1.881110 0.003111 -3.276485
v 1.891985 -0.029096 -3.272810
v 1.822565 -0.013104 -3.182890
v 1.804250 0.041130 -3.189080
v 1.819540 0.095365 -3.177255
v 1.890190 0.035317 -3.269460
v 1.890190 0.035317 -3.269460
v 1.881110 0.003111 -3.276485
v 1.804250 0.041130 -3.189080
v 1.819540 0.095365 -3.177255
v 1.859485 0.117830 -3.154335
v 1.913910 0.048658 -3.255850
v 1.913910 0.048658 -3.255850
v 1.890190 0.035317 -3.269460
v 1.819540 0.095365 -3.177255
v 1.564840 -0.074286 -2.708640
v 1.608755 -0.098236 -2.686695
v 1.598790 -0.017424 -2.668115
v 1.545310 -0.016465 -2.715240
v 1.564840 -0.074286 -2.708640
v 1.598790 -0.017424 -2.668115
v 1.561615 0.041355 -2.702630
v 1.545310 -0.016465 -2.715240
v 1.598790 -0.017424 -2.668115
v 1.604195 0.065305 -2.678195
v 1.561615 0.041355 -2.702630
v 1.598790 -0.017424 -2.668115
v 1.948085 -0.079576 -3.319590
v 1.933670 -0.071714 -3.326795
v 1.949940 -0.052408 -3.323050
v 1.933670 -0.071714 -3.326795
v 1.927260 -0.052733 -3.328960
v 1.949940 -0.052408 -3.323050
v 1.927260 -0.052733 -3.328960
v 1.932610 -0.033752 -3.324820
v 1.949940 -0.052408 -3.323050
v 1.932610 -0.033752 -3.324820
v 1.946590 -0.025891 -3.316800
v 1.949940 -0.052408 -3.323050
v 1.808510 0.147789 -3.059265
v 1.859485 0.117830 -3.154335
v 1.819540 0.095365 -3.177255
v 1.819540 0.095365 -3.177255
v 1.736355 0.107207 -3.100665
v 1.808510 0.147789 -3.059265
v 1.736355 0.107207 -3.100665
v 1.819540 0.095365 -3.177255
v 1.804250 0.041130 -3.189080
v 1.804250 0.041130 -3.189080
v 1.708730 0.009232 -3.122030
v 1.736355 0.107207 -3.100665
v 1.708730 0.009232 -3.122030
v 1.804250 0.041130 -3.189080
v 1.822565 -0.013104 -3.182890
v 1.822565 -0.013104 -3.182890
v 1.741815 -0.088743 -3.110850
v 1.708730 0.009232 -3.122030
v 1.741815 -0.088743 -3.110850
v 1.822565 -0.013104 -3.182890
v 1.863755 -0.035569 -3.162310
v 1.863755 -0.035569 -3.162310
v 1.816230 -0.129325 -3.073665
v 1.741815 -0.088743 -3.110850
v 1.608755 -0.098236 -2.686695
v 1.632575 -0.164825 -2.731120
v 1.711255 -0.120572 -2.685975
v 1.711255 -0.120572 -2.685975
v 1.651335 -0.074286 -2.662265
v 1.608755 -0.098236 -2.686695
v 1.651335 -0.074286 -2.662265
v 1.711255 -0.120572 -2.685975
v 1.741375 -0.013734 -2.662675
v 1.741375 -0.013734 -2.662675
v 1.667640 -0.016465 -2.649655
v 1.651335 -0.074286 -2.662265
v 1.741375 -0.013734 -2.662675
v 1.705300 0.093105 -2.674870
v 1.648115 0.041355 -2.656255
v 1.648115 0.041355 -2.656255
v 1.667640 -0.016465 -2.649655
v 1.741375 -0.013734 -2.662675
v 1.705300 0.093105 -2.674870
v 1.624150 0.137358 -2.715415
v 1.604195 0.065305 -2.678195
v 1.604195 0.065305 -2.678195
v 1.648115 0.041355 -2.656255
v 1.705300 0.093105 -2.674870
v 1.632575 -0.164825 -2.731120
v 1.661605 -0.188953 -2.785270
v 1.754685 -0.136599 -2.731860
v 1.754685 -0.136599 -2.731860
v 1.711255 -0.120572 -2.685975
v 1.632575 -0.164825 -2.731120
v 1.711255 -0.120572 -2.685975
v 1.754685 -0.136599 -2.731860
v 1.790325 -0.010206 -2.704295
v 1.790325 -0.010206 -2.704295
v 1.741375 -0.013734 -2.662675
v 1.711255 -0.120572 -2.685975
v 1.790325 -0.010206 -2.704295
v 1.747640 0.116187 -2.718725
v 1.705300 0.093105 -2.674870
v 1.705300 0.093105 -2.674870
v 1.741375 -0.013734 -2.662675
v 1.790325 -0.010206 -2.704295
v 1.747640 0.116187 -2.718725
v 1.651645 0.168540 -2.766690
v 1.624150 0.137358 -2.715415
v 1.624150 0.137358 -2.715415
v 1.705300 0.093105 -2.674870
v 1.747640 0.116187 -2.718725
v 1.661605 -0.188953 -2.785270
v 1.713540 -0.227731 -2.882135
v 1.830105 -0.162167 -2.815245
v 1.830105 -0.162167 -2.815245
v 1.754685 -0.136599 -2.731860
v 1.661605 -0.188953 -2.785270
v 1.754685 -0.136599 -2.731860
v 1.830105 -0.162167 -2.815245
v 1.874735 -0.003881 -2.780725
v 1.874735 -0.003881 -2.780725
v 1.790325 -0.010206 -2.704295
v 1.754685 -0.136599 -2.731860
v 1.874735 -0.003881 -2.780725
v 1.821285 0.154404 -2.798795
v 1.747640 0.116187 -2.718725
v 1.747640 0.116187 -2.718725
v 1.790325 -0.010206 -2.704295
v 1.874735 -0.003881 -2.780725
v 1.821285 0.154404 -2.798795
v 1.701060 0.219968 -2.858865
v 1.651645 0.168540 -2.766690
v 1.651645 0.168540 -2.766690
v 1.747640 0.116187 -2.718725
v 1.821285 0.154404 -2.798795
v 1.713540 -0.227731 -2.882135
v 1.753540 -0.223417 -2.956745
v 1.861235 -0.162844 -2.894950
v 1.861235 -0.162844 -2.894950
v 1.830105 -0.162167 -2.815245
v 1.713540 -0.227731 -2.882135
v 1.830105 -0.162167 -2.815245
v 1.861235 -0.162844 -2.894950
v 1.902470 -0.016607 -2.863055
v 1.902470 -0.016607 -2.863055
v 1.874735 -0.003881 -2.780725
v 1.830105 -0.162167 -2.815245
v 1.874735 -0.003881 -2.780725
v 1.902470 -0.016607 -2.863055
v 1.853085 0.129629 -2.879745
v 1.853085 0.129629 -2.879745
v 1.821285 0.154404 -2.798795
v 1.874735 -0.003881 -2.780725
v 1.821285 0.154404 -2.798795
v 1.853085 0.129629 -2.879745
v 1.742015 0.190203 -2.935245
v 1.742015 0.190203 -2.935245
v 1.701060 0.219968 -2.858865
v 1.821285 0.154404 -2.798795
v 1.816230 -0.129325 -3.073665
v 1.888385 -0.088743 -3.032265
v 1.861235 -0.162844 -2.894950
v 1.861235 -0.162844 -2.894950
v 1.753540 -0.223417 -2.956745
v 1.816230 -0.129325 -3.073665
v 1.888385 -0.088743 -3.032265
v 1.916010 0.009232 -3.010900
v 1.902470 -0.016607 -2.863055
v 1.902470 -0.016607 -2.863055
v 1.861235 -0.162844 -2.894950
v 1.888385 -0.088743 -3.032265
v 1.916010 0.009232 -3.010900
v 1.882925 0.107207 -3.022080
v 1.853085 0.129629 -2.879745
v 1.853085 0.129629 -2.879745
v 1.902470 -0.016607 -2.863055
v 1.916010 0.009232 -3.010900
v 1.882925 0.107207 -3.022080
v 1.808510 0.147789 -3.059265
v 1.742015 0.190203 -2.935245
v 1.742015 0.190203 -2.935245
v 1.853085 0.129629 -2.879745
v 1.882925 0.107207 -3.022080
v 1.863755 -0.035569 -3.162310
v 1.916450 -0.042436 -3.260585
v 1.940170 -0.029096 -3.246975
v 1.940170 -0.029096 -3.246975
v 1.903700 -0.013104 -3.139390
v 1.863755 -0.035569 -3.162310
v 1.903700 -0.013104 -3.139390
v 1.940170 -0.029096 -3.246975
v 1.949250 0.003111 -3.239950
v 1.949250 0.003111 -3.239950
v 1.918990 0.041130 -3.127565
v 1.903700 -0.013104 -3.139390
v 1.918990 0.041130 -3.127565
v 1.949250 0.003111 -3.239950
v 1.938370 0.035317 -3.243630
v 1.938370 0.035317 -3.243630
v 1.900675 0.095365 -3.133755
v 1.918990 0.041130 -3.127565
v 1.900675 0.095365 -3.133755
v 1.938370 0.035317 -3.243630
v 1.913910 0.048658 -3.255850
v 1.913910 0.048658 -3.255850
v 1.859485 0.117830 -3.154335
v 1.900675 0.095365 -3.133755
v 1.651335 -0.074286 -2.662265
v 1.598790 -0.017424 -2.668115
v 1.608755 -0.098236 -2.686695
v 1.667640 -0.016465 -2.649655
v 1.598790 -0.017424 -2.668115
v 1.651335 -0.074286 -2.662265
v 1.648115 0.041355 -2.656255
v 1.598790 -0.017424 -2.668115
v 1.667640 -0.016465 -2.649655
v 1.604195 0.065305 -2.678195
v 1.598790 -0.017424 -2.668115
v 1.648115 0.041355 -2.656255
v 1.948085 -0.079576 -3.319590
v 1.949940 -0.052408 -3.323050
v 1.962065 -0.071714 -3.311570
v 1.962065 -0.071714 -3.311570
v 1.949940 -0.052408 -3.323050
v 1.967415 -0.052733 -3.307430
v 1.967415 -0.052733 -3.307430
v 1.949940 -0.052408 -3.323050
v 1.961005 -0.033752 -3.309595
v 1.961005 -0.033752 -3.309595
v 1.949940 -0.052408 -3.323050
v 1.946590 -0.025891 -3.316800
v 1.900675 0.095365 -3.133755
v 1.859485 0.117830 -3.154335
v 1.808510 0.147789 -3.059265
v 1.808510 0.147789 -3.059265
v 1.882925 0.107207 -3.022080
v 1.900675 0.095365 -3.133755
v 1.918990 0.041130 -3.127565
v 1.900675 0.095365 -3.133755
v 1.882925 0.107207 -3.022080
v 1.882925 0.107207 -3.022080
v 1.916010 0.009232 -3.010900
v 1.918990 0.041130 -3.127565
v 1.903700 -0.013104 -3.139390
v 1.918990 0.041130 -3.127565
v 1.916010 0.009232 -3.010900
v 1.916010 0.009232 -3.010900
v 1.888385 -0.088743 -3.032265
v 1.903700 -0.013104 -3.139390
v 1.863755 -0.035569 -3.162310
v 1.903700 -0.013104 -3.139390
v 1.888385 -0.088743 -3.032265
v 1.888385 -0.088743 -3.032265
v 1.816230 -0.129325 -3.073665
v 1.863755 -0.035569 -3.162310
v 1.916450 -0.042436 -3.260585
v 1.891985 -0.029096 -3.272810
v 1.933670 -0.071714 -3.326795
v 1.933670 -0.071714 -3.326795
v 1.948085 -0.079576 -3.319590
v 1.916450 -0.042436 -3.260585
v 1.916450 -0.042436 -3.260585
v 1.948085 -0.079576 -3.319590
v 1.962065 -0.071714 -3.311570
v 1.962065 -0.071714 -3.311570
v 1.940170 -0.029096 -3.246975
v 1.916450 -0.042436 -3.260585
v 1.940170 -0.029096 -3.246975
v 1.962065 -0.071714 -3.311570
v 1.967415 -0.052733 -3.307430
v 1.967415 -0.052733 -3.307430
v 1.949250 0.003111 -3.239950
v 1.940170 -0.029096 -3.246975
v 1.949250 0.003111 -3.239950
v 1.967415 -0.052733 -3.307430
v 1.961005 -0.033752 -3.309595
v 1.961005 -0.033752 -3.309595
v 1.938370 0.035317 -3.243630
v 1.949250 0.003111 -3.239950
v 1.938370 0.035317 -3.243630
v 1.961005 -0.033752 -3.309595
v 1.946590 -0.025891 -3.316800
v 1.946590 -0.025891 -3.316800
v 1.913910 0.048658 -3.255850
v 1.938370 0.035317 -3.243630
v 1.890190 0.035317 -3.269460
v 1.913910 0.048658 -3.255850
v 1.946590 -0.025891 -3.316800
v 1.946590 -0.025891 -3.316800
v 1.932610 -0.033752 -3.324820
v 1.890190 0.035317 -3.269460
v 1.881110 0.003111 -3.276485
v 1.890190 0.035317 -3.269460
v 1.932610 -0.033752 -3.324820
v 1.932610 -0.033752 -3.324820
v 1.927260 -0.052733 -3.328960
v 1.881110 0.003111 -3.276485
v 1.891985 -0.029096 -3.272810
v 1.881110 0.003111 -3.276485
v 1.927260 -0.052733 -3.328960
v 1.927260 -0.052733 -3.328960
v 1.933670 -0.071714 -3.326795
v 1.891985 -0.029096 -3.272810
v 1.716520 -0.069746 -2.621905
v 1.669775 -0.122783 -2.646965
v 1.605925 0.002704 -2.681200
v 1.669775 -0.122783 -2.646965
v 1.605925 -0.142196 -2.681200
v 1.605925 0.002704 -2.681200
v 1.605925 -0.142196 -2.681200
v 1.542075 -0.122783 -2.715435
v 1.605925 0.002704 -2.681200
v 1.542075 -0.122783 -2.715435
v 1.495330 -0.069746 -2.740495
v 1.605925 0.002704 -2.681200
v 1.495330 -0.069746 -2.740495
v 1.478220 0.002704 -2.749670
v 1.605925 0.002704 -2.681200
v 1.478220 0.002704 -2.749670
v 1.495330 0.075154 -2.740495
v 1.605925 0.002704 -2.681200
v 1.495330 0.075154 -2.740495
v 1.542075 0.128191 -2.715435
v 1.605925 0.002704 -2.681200
v 1.542075 0.128191 -2.715435
v 1.605925 0.147604 -2.681200
v 1.605925 0.002704 -2.681200
v 1.605925 0.147604 -2.681200
v 1.669775 0.128191 -2.646965
v 1.605925 0.002704 -2.681200
v 1.669775 0.128191 -2.646965
v 1.716520 0.075154 -2.621905
v 1.605925 0.002704 -2.681200
v 1.716520 0.075154 -2.621905
v 1.733625 0.002704 -2.612730
v 1.605925 0.002704 -2.681200
v 1.733625 0.002704 -2.612730
v 1.716520 -0.069746 -2.621905
v 1.605925 0.002704 -2.681200
v 1.732085 -0.085667 -2.592575
v 1.716520 -0.069746 -2.621905
v 1.733625 0.002704 -2.612730
v 1.733625 0.002704 -2.612730
v 1.752950 0.002704 -2.581390
v 1.732085 -0.085667 -2.592575
v 1.752950 0.002704 -2.581390
v 1.733625 0.002704 -2.612730
v 1.716520 0.075154 -2.621905
v 1.716520 0.075154 -2.621905
v 1.732085 0.091075 -2.592575
v 1.752950 0.002704 -2.581390
v 1.732085 0.091075 -2.592575
v 1.716520 0.075154 -2.621905
v 1.669775 0.128191 -2.646965
v 1.669775 0.128191 -2.646965
v 1.675070 0.155768 -2.623145
v 1.732085 0.091075 -2.592575
v 1.675070 0.155768 -2.623145
v 1.669775 0.128191 -2.646965
v 1.605925 0.147604 -2.681200
v 1.605925 0.147604 -2.681200
v 1.597185 0.179447 -2.664900
v 1.675070 0.155768 -2.623145
v 1.597185 0.179447 -2.664900
v 1.605925 0.147604 -2.681200
v 1.542075 0.128191 -2.715435
v 1.542075 0.128191 -2.715435
v 1.519305 0.155768 -2.706660
v 1.597185 0.179447 -2.664900
v 1.519305 0.155768 -2.706660
v 1.542075 0.128191 -2.715435
v 1.495330 0.075154 -2.740495
v 1.495330 0.075154 -2.740495
v 1.462290 0.091075 -2.737230
v 1.519305 0.155768 -2.706660
v 1.462290 0.091075 -2.737230
v 1.495330 0.075154 -2.740495
v 1.478220 0.002704 -2.749670
v 1.478220 0.002704 -2.749670
v 1.441420 0.002704 -2.748420
v 1.462290 0.091075 -2.737230
v 1.441420 0.002704 -2.748420
v 1.478220 0.002704 -2.749670
v 1.495330 -0.069746 -2.740495
v 1.495330 -0.069746 -2.740495
v 1.462290 -0.085667 -2.737230
v 1.441420 0.002704 -2.748420
v 1.462290 -0.085667 -2.737230
v 1.495330 -0.069746 -2.740495
v 1.542075 -0.122783 -2.715435
v 1.542075 -0.122783 -2.715435
v 1.519305 -0.150360 -2.706660
v 1.462290 -0.085667 -2.737230
v 1.519305 -0.150360 -2.706660
v 1.542075 -0.122783 -2.715435
v 1.605925 -0.142196 -2.681200
v 1.605925 -0.142196 -2.681200
v 1.597185 -0.174039 -2.664900
v 1.519305 -0.150360 -2.706660
v 1.597185 -0.174039 -2.664900
v 1.605925 -0.142196 -2.681200
v 1.669775 -0.122783 -2.646965
v 1.669775 -0.122783 -2.646965
v 1.675070 -0.150360 -2.623145
v 1.597185 -0.174039 -2.664900
v 1.675070 -0.150360 -2.623145
v 1.669775 -0.122783 -2.646965
v 1.716520 -0.069746 -2.621905
v 1.716520 -0.069746 -2.621905
v 1.732085 -0.085667 -2.592575
v 1.675070 -0.150360 -2.623145
v 1.692020 -0.085667 -2.517855
v 1.732085 -0.085667 -2.592575
v 1.752950 0.002704 -2.581390
v 1.752950 0.002704 -2.581390
v 1.712890 0.002704 -2.506665
v 1.692020 -0.085667 -2.517855
v 1.712890 0.002704 -2.506665
v 1.752950 0.002704 -2.581390
v 1.732085 0.091075 -2.592575
v 1.732085 0.091075 -2.592575
v 1.692020 0.091075 -2.517855
v 1.712890 0.002704 -2.506665
v 1.692020 0.091075 -2.517855
v 1.732085 0.091075 -2.592575
v 1.675070 0.155768 -2.623145
v 1.675070 0.155768 -2.623145
v 1.635005 0.155768 -2.548420
v 1.692020 0.091075 -2.517855
v 1.635005 0.155768 -2.548420
v 1.675070 0.155768 -2.623145
v 1.597185 0.179447 -2.664900
v 1.597185 0.179447 -2.664900
v 1.557125 0.179447 -2.590180
v 1.635005 0.155768 -2.548420
v 1.557125 0.179447 -2.590180
v 1.597185 0.179447 -2.664900
v 1.519305 0.155768 -2.706660
v 1.519305 0.155768 -2.706660
v 1.479240 0.155768 -2.631935
v 1.557125 0.179447 -2.590180
v 1.479240 0.155768 -2.631935
v 1.519305 0.155768 -2.706660
v 1.462290 0.091075 -2.737230
v 1.462290 0.091075 -2.737230
v 1.422225 0.091075 -2.662505
v 1.479240 0.155768 -2.631935
v 1.422225 0.091075 -2.662505
v 1.462290 0.091075 -2.737230
v 1.441420 0.002704 -2.748420
v 1.441420 0.002704 -2.748420
v 1.401355 0.002704 -2.673695
v 1.422225 0.091075 -2.662505
v 1.401355 0.002704 -2.673695
v 1.441420 0.002704 -2.748420
v 1.462290 -0.085667 -2.737230
v 1.462290 -0.085667 -2.737230
v 1.422225 -0.085667 -2.662505
v 1.401355 0.002704 -2.673695
v 1.422225 -0.085667 -2.662505
v 1.462290 -0.085667 -2.737230
v 1.519305 -0.150360 -2.706660
v 1.519305 -0.150360 -2.706660
v 1.479240 -0.150360 -2.631935
v 1.422225 -0.085667 -2.662505
v 1.479240 -0.150360 -2.631935
v 1.519305 -0.150360 -2.706660
v 1.597185 -0.174039 -2.664900
v 1.597185 -0.174039 -2.664900
v 1.557125 -0.174039 -2.590180
v 1.479240 -0.150360 -2.631935
v 1.557125 -0.174039 -2.590180
v 1.597185 -0.174039 -2.664900
v 1.675070 -0.150360 -2.623145
v 1.675070 -0.150360 -2.623145
v 1.635005 -0.150360 -2.548420
v 1.557125 -0.174039 -2.590180
v 1.635005 -0.150360 -2.548420
v 1.675070 -0.150360 -2.623145
v 1.732085 -0.085667 -2.592575
v 1.732085 -0.085667 -2.592575
v 1.692020 -0.085667 -2.517855
v 1.635005 -0.150360 -2.548420
v 1.618915 -0.069746 -2.439860
v 1.508320 0.002704 -2.499160
v 1.572170 -0.122783 -2.464925
v 1.572170 -0.122783 -2.464925
v 1.508320 0.002704 -2.499160
v 1.508320 -0.142196 -2.499160
v 1.508320 -0.142196 -2.499160
v 1.508320 0.002704 -2.499160
v 1.444470 -0.122783 -2.533390
v 1.444470 -0.122783 -2.533390
v 1.508320 0.002704 -2.499160
v 1.397725 -0.069746 -2.558455
v 1.397725 -0.069746 -2.558455
v 1.508320 0.002704 -2.499160
v 1.380620 0.002704 -2.567625
v 1.380620 0.002704 -2.567625
v 1.508320 0.002704 -2.499160
v 1.397725 0.075154 -2.558455
v 1.397725 0.075154 -2.558455
v 1.508320 0.002704 -2.499160
v 1.444470 0.128191 -2.533390
v 1.444470 0.128191 -2.533390
v 1.508320 0.002704 -2.499160
v 1.508320 0.147604 -2.499160
v 1.508320 0.147604 -2.499160
v 1.508320 0.002704 -2.499160
v 1.572170 0.128191 -2.464925
v 1.572170 0.128191 -2.464925
v 1.508320 0.002704 -2.499160
v 1.618915 0.075154 -2.439860
v 1.618915 0.075154 -2.439860
v 1.508320 0.002704 -2.499160
v 1.636025 0.002704 -2.430690
v 1.636025 0.002704 -2.430690
v 1.508320 0.002704 -2.499160
v 1.618915 -0.069746 -2.439860
v 1.636025 0.002704 -2.430690
v 1.618915 -0.069746 -2.439860
v 1.651955 -0.085667 -2.443130
v 1.651955 -0.085667 -2.443130
v 1.672825 0.002704 -2.431940
v 1.636025 0.002704 -2.430690
v 1.618915 0.075154 -2.439860
v 1.636025 0.002704 -2.430690
v 1.672825 0.002704 -2.431940
v 1.672825 0.002704 -2.431940
v 1.651955 0.091075 -2.443130
v 1.618915 0.075154 -2.439860
v 1.572170 0.128191 -2.464925
v 1.618915 0.075154 -2.439860
v 1.651955 0.091075 -2.443130
v 1.651955 0.091075 -2.443130
v 1.594940 0.155768 -2.473695
v 1.572170 0.128191 -2.464925
v 1.508320 0.147604 -2.499160
v 1.572170 0.128191 -2.464925
v 1.594940 0.155768 -2.473695
v 1.594940 0.155768 -2.473695
v 1.517060 0.179447 -2.515455
v 1.508320 0.147604 -2.499160
v 1.444470 0.128191 -2.533390
v 1.508320 0.147604 -2.499160
v 1.517060 0.179447 -2.515455
v 1.517060 0.179447 -2.515455
v 1.439175 0.155768 -2.557215
v 1.444470 0.128191 -2.533390
v 1.397725 0.075154 -2.558455
v 1.444470 0.128191 -2.533390
v 1.439175 0.155768 -2.557215
v 1.439175 0.155768 -2.557215
v 1.382160 0.091075 -2.587780
v 1.397725 0.075154 -2.558455
v 1.380620 0.002704 -2.567625
v 1.397725 0.075154 -2.558455
v 1.382160 0.091075 -2.587780
v 1.382160 0.091075 -2.587780
v 1.361295 0.002704 -2.598970
v 1.380620 0.002704 -2.567625
v 1.397725 -0.069746 -2.558455
v 1.380620 0.002704 -2.567625
v 1.361295 0.002704 -2.598970
v 1.361295 0.002704 -2.598970
v 1.382160 -0.085667 -2.587780
v 1.397725 -0.069746 -2.558455
v 1.444470 -0.122783 -2.533390
v 1.397725 -0.069746 -2.558455
v 1.382160 -0.085667 -2.587780
v 1.382160 -0.085667 -2.587780
v 1.439175 -0.150360 -2.557215
v 1.444470 -0.122783 -2.533390
v 1.508320 -0.142196 -2.499160
v 1.444470 -0.122783 -2.533390
v 1.439175 -0.150360 -2.557215
v 1.439175 -0.150360 -2.557215
v 1.517060 -0.174039 -2.515455
v 1.508320 -0.142196 -2.499160
v 1.572170 -0.122783 -2.464925
v 1.508320 -0.142196 -2.499160
v 1.517060 -0.174039 -2.515455
v 1.517060 -0.174039 -2.515455
v 1.594940 -0.150360 -2.473695
v 1.572170 -0.122783 -2.464925
v 1.618915 -0.069746 -2.439860
v 1.572170 -0.122783 -2.464925
v 1.594940 -0.150360 -2.473695
v 1.594940 -0.150360 -2.473695
v 1.651955 -0.085667 -2.443130
v 1.618915 -0.069746 -2.439860
v 1.672825 0.002704 -2.431940
v 1.651955 -0.085667 -2.443130
v 1.692020 -0.085667 -2.517855
v 1.692020 -0.085667 -2.517855
v 1.712890 0.002704 -2.506665
v 1.672825 0.002704 -2.431940
v 1.651955 0.091075 -2.443130
v 1.672825 0.002704 -2.431940
v 1.712890 0.002704 -2.506665
v 1.712890 0.002704 -2.506665
v 1.692020 0.091075 -2.517855
v 1.651955 0.091075 -2.443130
v 1.594940 0.155768 -2.473695
v 1.651955 0.091075 -2.443130
v 1.692020 0.091075 -2.517855
v 1.692020 0.091075 -2.517855
v 1.635005 0.155768 -2.548420
v 1.594940 0.155768 -2.473695
v 1.517060 0.179447 -2.515455
v 1.594940 0.155768 -2.473695
v 1.635005 0.155768 -2.548420
v 1.635005 0.155768 -2.548420
v 1.557125 0.179447 -2.590180
v 1.517060 0.179447 -2.515455
v 1.439175 0.155768 -2.557215
v 1.517060 0.179447 -2.515455
v 1.557125 0.179447 -2.590180
v 1.557125 0.179447 -2.590180
v 1.479240 0.155768 -2.631935
v 1.439175 0.155768 -2.557215
v 1.382160 0.091075 -2.587780
v 1.439175 0.155768 -2.557215
v 1.479240 0.155768 -2.631935
v 1.479240 0.155768 -2.631935
v 1.422225 0.091075 -2.662505
v 1.382160 0.091075 -2.587780
v 1.361295 0.002704 -2.598970
v 1.382160 0.091075 -2.587780
v 1.422225 0.091075 -2.662505
v 1.422225 0.091075 -2.662505
v 1.401355 0.002704 -2.673695
v 1.361295 0.002704 -2.598970
v 1.382160 -0.085667 -2.587780
v 1.361295 0.002704 -2.598970
v 1.401355 0.002704 -2.673695
v 1.401355 0.002704 -2.673695
v 1.422225 -0.085667 -2.662505
v 1.382160 -0.085667 -2.587780
v 1.439175 -0.150360 -2.557215
v 1.382160 -0.085667 -2.587780
v 1.422225 -0.085667 -2.662505
v 1.422225 -0.085667 -2.662505
v 1.479240 -0.150360 -2.631935
v 1.439175 -0.150360 -2.557215
v 1.517060 -0.174039 -2.515455
v 1.439175 -0.150360 -2.557215
v 1.479240 -0.150360 -2.631935
v 1.479240 -0.150360 -2.631935
v 1.557125 -0.174039 -2.590180
v 1.517060 -0.174039 -2.515455
v 1.594940 -0.150360 -2.473695
v 1.517060 -0.174039 -2.515455
v 1.557125 -0.174039 -2.590180
v 1.557125 -0.174039 -2.590180
v 1.635005 -0.150360 -2.548420
v 1.594940 -0.150360 -2.473695
v 1.651955 -0.085667 -2.443130
v 1.594940 -0.150360 -2.473695
v 1.635005 -0.150360 -2.548420
v 1.635005 -0.150360 -2.548420
v 1.692020 -0.085667 -2.517855
v 1.651955 -0.085667 -2.443130
v -1.608755 -0.098236 -2.686695
v -1.632575 -0.164825 -2.731120
v -1.551425 -0.120572 -2.771670
v -1.551425 -0.120572 -2.771670
v -1.564840 -0.074286 -2.708640
v -1.608755 -0.098236 -2.686695
v -1.564840 -0.074286 -2.708640
v -1.551425 -0.120572 -2.771670
v -1.515350 -0.013734 -2.783865
v -1.515350 -0.013734 -2.783865
v -1.545315 -0.016465 -2.715240
v -1.564840 -0.074286 -2.708640
v -1.515350 -0.013734 -2.783865
v -1.545470 0.093105 -2.760565
v -1.561615 0.041355 -2.702630
v -1.561615 0.041355 -2.702630
v -1.545315 -0.016465 -2.715240
v -1.515350 -0.013734 -2.783865
v -1.545470 0.093105 -2.760565
v -1.624150 0.137358 -2.715415
v -1.604195 0.065305 -2.678195
v -1.604195 0.065305 -2.678195
v -1.561615 0.041355 -2.702630
v -1.545470 0.093105 -2.760565
v -1.632575 -0.164825 -2.731120
v -1.661605 -0.188953 -2.785270
v -1.565605 -0.136599 -2.833240
v -1.565605 -0.136599 -2.833240
v -1.551425 -0.120572 -2.771670
v -1.632575 -0.164825 -2.731120
v -1.551425 -0.120572 -2.771670
v -1.565605 -0.136599 -2.833240
v -1.522925 -0.010206 -2.847665
v -1.522925 -0.010206 -2.847665
v -1.515350 -0.013734 -2.783865
v -1.551425 -0.120572 -2.771670
v -1.522925 -0.010206 -2.847665
v -1.558560 0.116187 -2.820100
v -1.545470 0.093105 -2.760565
v -1.545470 0.093105 -2.760565
v -1.515350 -0.013734 -2.783865
v -1.522925 -0.010206 -2.847665
v -1.558560 0.116187 -2.820100
v -1.651645 0.168540 -2.766690
v -1.624150 0.137358 -2.715415
v -1.624150 0.137358 -2.715415
v -1.545470 0.093105 -2.760565
v -1.558560 0.116187 -2.820100
v -1.661605 -0.188953 -2.785270
v -1.713540 -0.227731 -2.882135
v -1.593315 -0.162167 -2.942205
v -1.593315 -0.162167 -2.942205
v -1.565605 -0.136599 -2.833240
v -1.661605 -0.188953 -2.785270
v -1.565605 -0.136599 -2.833240
v -1.593315 -0.162167 -2.942205
v -1.539865 -0.003881 -2.960270
v -1.539865 -0.003881 -2.960270
v -1.522925 -0.010206 -2.847665
v -1.565605 -0.136599 -2.833240
v -1.539865 -0.003881 -2.960270
v -1.584495 0.154404 -2.925750
v -1.558560 0.116187 -2.820100
v -1.558560 0.116187 -2.820100
v -1.522925 -0.010206 -2.847665
v -1.539865 -0.003881 -2.960270
v -1.584495 0.154404 -2.925750
v -1.701060 0.219968 -2.858865
v -1.651645 0.168540 -2.766690
v -1.651645 0.168540 -2.766690
v -1.558560 0.116187 -2.820100
v -1.584495 0.154404 -2.925750
v -1.713540 -0.227731 -2.882135
v -1.753540 -0.223417 -2.956745
v -1.642470 -0.162844 -3.012245
v -1.642470 -0.162844 -3.012245
v -1.593315 -0.162167 -2.942205
v -1.713540 -0.227731 -2.882135
v -1.593315 -0.162167 -2.942205
v -1.642470 -0.162844 -3.012245
v -1.593090 -0.016607 -3.028935
v -1.593090 -0.016607 -3.028935
v -1.539865 -0.003881 -2.960270
v -1.593315 -0.162167 -2.942205
v -1.539865 -0.003881 -2.960270
v -1.593090 -0.016607 -3.028935
v -1.634320 0.129629 -2.997040
v -1.634320 0.129629 -2.997040
v -1.584495 0.154404 -2.925750
v -1.539865 -0.003881 -2.960270
v -1.584495 0.154404 -2.925750
v -1.634320 0.129629 -2.997040
v -1.742015 0.190203 -2.935245
v -1.742015 0.190203 -2.935245
v -1.701060 0.219968 -2.858865
v -1.584495 0.154404 -2.925750
v -1.816230 -0.129325 -3.073665
v -1.741815 -0.088743 -3.110850
v -1.642470 -0.162844 -3.012245
v -1.642470 -0.162844 -3.012245
v -1.753540 -0.223417 -2.956745
v -1.816230 -0.129325 -3.073665
v -1.741815 -0.088743 -3.110850
v -1.708730 0.009232 -3.122030
v -1.593090 -0.016607 -3.028935
v -1.593090 -0.016607 -3.028935
v -1.642470 -0.162844 -3.012245
v -1.741815 -0.088743 -3.110850
v -1.708730 0.009232 -3.122030
v -1.736355 0.107207 -3.100665
v -1.634320 0.129629 -2.997040
v -1.634320 0.129629 -2.997040
v -1.593090 -0.016607 -3.028935
v -1.708730 0.009232 -3.122030
v -1.736355 0.107207 -3.100665
v -1.808510 0.147789 -3.059265
v -1.742015 0.190203 -2.935245
v -1.742015 0.190203 -2.935245
v -1.634320 0.129629 -2.997040
v -1.736355 0.107207 -3.100665
v -1.863755 -0.035569 -3.162310
v -1.916450 -0.042436 -3.260585
v -1.891990 -0.029096 -3.272810
v -1.891990 -0.029096 -3.272810
v -1.822565 -0.013104 -3.182890
v -1.863755 -0.035569 -3.162310
v -1.822565 -0.013104 -3.182890
v -1.891990 -0.029096 -3.272810
v -1.881110 0.003111 -3.276485
v -1.881110 0.003111 -3.276485
v -1.804250 0.041130 -3.189080
v -1.822565 -0.013104 -3.182890
v -1.804250 0.041130 -3.189080
v -1.881110 0.003111 -3.276485
v -1.890190 0.035317 -3.269460
v -1.890190 0.035317 -3.269460
v -1.819540 0.095365 -3.177255
v -1.804250 0.041130 -3.189080
v -1.819540 0.095365 -3.177255
v -1.890190 0.035317 -3.269460
v -1.913910 0.048658 -3.255850
v -1.913910 0.048658 -3.255850
v -1.859485 0.117830 -3.154335
v -1.819540 0.095365 -3.177255
v -1.564840 -0.074286 -2.708640
v -1.598790 -0.017424 -2.668115
v -1.608755 -0.098236 -2.686695
v -1.545315 -0.016465 -2.715240
v -1.598790 -0.017424 -2.668115
v -1.564840 -0.074286 -2.708640
v -1.561615 0.041355 -2.702630
v -1.598790 -0.017424 -2.668115
v -1.545315 -0.016465 -2.715240
v -1.604195 0.065305 -2.678195
v -1.598790 -0.017424 -2.668115
v -1.561615 0.041355 -2.702630
v -1.948085 -0.079576 -3.319590
v -1.949940 -0.052408 -3.323050
v -1.933670 -0.071714 -3.326795
v -1.933670 -0.071714 -3.326795
v -1.949940 -0.052408 -3.323050
v -1.927260 -0.052733 -3.328960
v -1.927260 -0.052733 -3.328960
v -1.949940 -0.052408 -3.323050
v -1.932610 -0.033752 -3.324820
v -1.932610 -0.033752 -3.324820
v -1.949940 -0.052408 -3.323050
v -1.946590 -0.025891 -3.316800
v -1.819540 0.095365 -3.177255
v -1.859485 0.117830 -3.154335
v -1.808510 0.147789 -3.059265
v -1.808510 0.147789 -3.059265
v -1.736355 0.107207 -3.100665
v -1.819540 0.095365 -3.177255
v -1.804250 0.041130 -3.189080
v -1.819540 0.095365 -3.177255
v -1.736355 0.107207 -3.100665
v -1.736355 0.107207 -3.100665
v -1.708730 0.009232 -3.122030
v -1.804250 0.041130 -3.189080
v -1.822565 -0.013104 -3.182890
v -1.804250 0.041130 -3.189080
v -1.708730 0.009232 -3.122030
v -1.708730 0.009232 -3.122030
v -1.741815 -0.088743 -3.110850
v -1.822565 -0.013104 -3.182890
v -1.863755 -0.035569 -3.162310
v -1.822565 -0.013104 -3.182890
v -1.741815 -0.088743 -3.110850
v -1.741815 -0.088743 -3.110850
v -1.816230 -0.129325 -3.073665
v -1.863755 -0.035569 -3.162310
v -1.608755 -0.098236 -2.686695
v -1.651335 -0.074286 -2.662265
v -1.711255 -0.120572 -2.685975
v -1.711255 -0.120572 -2.685975
v -1.632575 -0.164825 -2.731120
v -1.608755 -0.098236 -2.686695
v -1.651335 -0.074286 -2.662265
v -1.667640 -0.016465 -2.649655
v -1.741375 -0.013734 -2.662675
v -1.741375 -0.013734 -2.662675
v -1.711255 -0.120572 -2.685975
v -1.651335 -0.074286 -2.662265
v -1.648115 0.041355 -2.656255
v -1.705300 0.093105 -2.674870
v -1.741375 -0.013734 -2.662675
v -1.741375 -0.013734 -2.662675
v -1.667640 -0.016465 -2.649655
v -1.648115 0.041355 -2.656255
v -1.604195 0.065305 -2.678195
v -1.624150 0.137358 -2.715415
v -1.705300 0.093105 -2.674870
v -1.705300 0.093105 -2.674870
v -1.648115 0.041355 -2.656255
v -1.604195 0.065305 -2.678195
v -1.632575 -0.164825 -2.731120
v -1.711255 -0.120572 -2.685975
v -1.754685 -0.136599 -2.731860
v -1.754685 -0.136599 -2.731860
v -1.661605 -0.188953 -2.785270
v -1.632575 -0.164825 -2.731120
v -1.711255 -0.120572 -2.685975
v -1.741375 -0.013734 -2.662675
v -1.790325 -0.010206 -2.704295
v -1.790325 -0.010206 -2.704295
v -1.754685 -0.136599 -2.731860
v -1.711255 -0.120572 -2.685975
v -1.705300 0.093105 -2.674870
v -1.747640 0.116187 -2.718725
v -1.790325 -0.010206 -2.704295
v -1.790325 -0.010206 -2.704295
v -1.741375 -0.013734 -2.662675
v -1.705300 0.093105 -2.674870
v -1.624150 0.137358 -2.715415
v -1.651645 0.168540 -2.766690
v -1.747640 0.116187 -2.718725
v -1.747640 0.116187 -2.718725
v -1.705300 0.093105 -2.674870
v -1.624150 0.137358 -2.715415
v -1.661605 -0.188953 -2.785270
v -1.754685 -0.136599 -2.731860
v -1.830105 -0.162167 -2.815245
v -1.830105 -0.162167 -2.815245
v -1.713540 -0.227731 -2.882135
v -1.661605 -0.188953 -2.785270
v -1.754685 -0.136599 -2.731860
v -1.790325 -0.010206 -2.704295
v -1.874735 -0.003881 -2.780725
v -1.874735 -0.003881 -2.780725
v -1.830105 -0.162167 -2.815245
v -1.754685 -0.136599 -2.731860
v -1.747640 0.116187 -2.718725
v -1.821285 0.154404 -2.798795
v -1.874735 -0.003881 -2.780725
v -1.874735 -0.003881 -2.780725
v -1.790325 -0.010206 -2.704295
v -1.747640 0.116187 -2.718725
v -1.651645 0.168540 -2.766690
v -1.701060 0.219968 -2.858865
v -1.821285 0.154404 -2.798795
v -1.821285 0.154404 -2.798795
v -1.747640 0.116187 -2.718725
v -1.651645 0.168540 -2.766690
v -1.713540 -0.227731 -2.882135
v -1.830105 -0.162167 -2.815245
v -1.861235 -0.162844 -2.894950
v -1.861235 -0.162844 -2.894950
v -1.753540 -0.223417 -2.956745
v -1.713540 -0.227731 -2.882135
v -1.830105 -0.162167 -2.815245
v -1.874735 -0.003881 -2.780725
v -1.902470 -0.016607 -2.863055
v -1.902470 -0.016607 -2.863055
v -1.861235 -0.162844 -2.894950
v -1.830105 -0.162167 -2.815245
v -1.874735 -0.003881 -2.780725
v -1.821285 0.154404 -2.798795
v -1.853085 0.129629 -2.879745
v -1.853085 0.129629 -2.879745
v -1.902470 -0.016607 -2.863055
v -1.874735 -0.003881 -2.780725
v -1.821285 0.154404 -2.798795
v -1.701060 0.219968 -2.858865
v -1.742015 0.190203 -2.935245
v -1.742015 0.190203 -2.935245
v -1.853085 0.129629 -2.879745
v -1.821285 0.154404 -2.798795
v -1.861235 -0.162844 -2.894950
v -1.888385 -0.088743 -3.032265
v -1.816230 -0.129325 -3.073665
v -1.816230 -0.129325 -3.073665
v -1.753540 -0.223417 -2.956745
v -1.861235 -0.162844 -2.894950
v -1.902470 -0.016607 -2.863055
v -1.916010 0.009232 -3.010900
v -1.888385 -0.088743 -3.032265
v -1.888385 -0.088743 -3.032265
v -1.861235 -0.162844 -2.894950
v -1.902470 -0.016607 -2.863055
v -1.853085 0.129629 -2.879745
v -1.882925 0.107207 -3.022080
v -1.916010 0.009232 -3.010900
v -1.916010 0.009232 -3.010900
v -1.902470 -0.016607 -2.863055
v -1.853085 0.129629 -2.879745
v -1.742015 0.190203 -2.935245
v -1.808510 0.147789 -3.059265
v -1.882925 0.107207 -3.022080
v -1.882925 0.107207 -3.022080
v -1.853085 0.129629 -2.879745
v -1.742015 0.190203 -2.935245
v -1.863755 -0.035569 -3.162310
v -1.903700 -0.013104 -3.139390
v -1.940170 -0.029096 -3.246975
v -1.940170 -0.029096 -3.246975
v -1.916450 -0.042436 -3.260585
v -1.863755 -0.035569 -3.162310
v -1.903700 -0.013104 -3.139390
v -1.918990 0.041130 -3.127565
v -1.949250 0.003111 -3.239950
v -1.949250 0.003111 -3.239950
v -1.940170 -0.029096 -3.246975
v -1.903700 -0.013104 -3.139390
v -1.918990 0.041130 -3.127565
v -1.900675 0.095365 -3.133755
v -1.938375 0.035317 -3.243630
v -1.938375 0.035317 -3.243630
v -1.949250 0.003111 -3.239950
v -1.918990 0.041130 -3.127565
v -1.900675 0.095365 -3.133755
v -1.859485 0.117830 -3.154335
v -1.913910 0.048658 -3.255850
v -1.913910 0.048658 -3.255850
v -1.938375 0.035317 -3.243630
v -1.900675 0.095365 -3.133755
v -1.651335 -0.074286 -2.662265
v -1.608755 -0.098236 -2.686695
v -1.598790 -0.017424 -2.668115
v -1.667640 -0.016465 -2.649655
v -1.651335 -0.074286 -2.662265
v -1.598790 -0.017424 -2.668115
v -1.648115 0.041355 -2.656255
v -1.667640 -0.016465 -2.649655
v -1.598790 -0.017424 -2.668115
v -1.604195 0.065305 -2.678195
v -1.648115 0.041355 -2.656255
v -1.598790 -0.017424 -2.668115
v -1.948085 -0.079576 -3.319590
v -1.962065 -0.071714 -3.311570
v -1.949940 -0.052408 -3.323050
v -1.962065 -0.071714 -3.311570
v -1.967415 -0.052733 -3.307430
v -1.949940 -0.052408 -3.323050
v -1.967415 -0.052733 -3.307430
v -1.961005 -0.033752 -3.309595
v -1.949940 -0.052408 -3.323050
v -1.961005 -0.033752 -3.309595
v -1.946590 -0.025891 -3.316800
v -1.949940 -0.052408 -3.323050
v -1.808510 0.147789 -3.059265
v -1.859485 0.117830 -3.154335
v -1.900675 0.095365 -3.133755
v -1.900675 0.095365 -3.133755
v -1.882925 0.107207 -3.022080
v -1.808510 0.147789 -3.059265
v -1.882925 0.107207 -3.022080
v -1.900675 0.095365 -3.133755
v -1.918990 0.041130 -3.127565
v -1.918990 0.041130 -3.127565
v -1.916010 0.009232 -3.010900
v -1.882925 0.107207 -3.022080
v -1.916010 0.009232 -3.010900
v -1.918990 0.041130 -3.127565
v -1.903700 -0.013104 -3.139390
v -1.903700 -0.013104 -3.139390
v -1.888385 -0.088743 -3.032265
v -1.916010 0.009232 -3.010900
v -1.888385 -0.088743 -3.032265
v -1.903700 -0.013104 -3.139390
v -1.863755 -0.035569 -3.162310
v -1.863755 -0.035569 -3.162310
v -1.816230 -0.129325 -3.073665
v -1.888385 -0.088743 -3.032265
v -1.916450 -0.042436 -3.260585
v -1.948085 -0.079576 -3.319590
v -1.933670 -0.071714 -3.326795
v -1.933670 -0.071714 -3.326795
v -1.891990 -0.029096 -3.272810
v -1.916450 -0.042436 -3.260585
v -1.962065 -0.071714 -3.311570
v -1.948085 -0.079576 -3.319590
v -1.916450 -0.042436 -3.260585
v -1.916450 -0.042436 -3.260585
v -1.940170 -0.029096 -3.246975
v -1.962065 -0.071714 -3.311570
v -1.967415 -0.052733 -3.307430
v -1.962065 -0.071714 -3.311570
v -1.940170 -0.029096 -3.246975
v -1.940170 -0.029096 -3.246975
v -1.949250 0.003111 -3.239950
v -1.967415 -0.052733 -3.307430
v -1.961005 -0.033752 -3.309595
v -1.967415 -0.052733 -3.307430
v -1.949250 0.003111 -3.239950
v -1.949250 0.003111 -3.239950
v -1.938375 0.035317 -3.243630
v -1.961005 -0.033752 -3.309595
v -1.946590 -0.025891 -3.316800
v -1.961005 -0.033752 -3.309595
v -1.938375 0.035317 -3.243630
v -1.938375 0.035317 -3.243630
v -1.913910 0.048658 -3.255850
v -1.946590 -0.025891 -3.316800
v -1.890190 0.035317 -3.269460
v -1.932610 -0.033752 -3.324820
v -1.946590 -0.025891 -3.316800
v -1.946590 -0.025891 -3.316800
v -1.913910 0.048658 -3.255850
v -1.890190 0.035317 -3.269460
v -1.881110 0.003111 -3.276485
v -1.927260 -0.052733 -3.328960
v -1.932610 -0.033752 -3.324820
v -1.932610 -0.033752 -3.324820
v -1.890190 0.035317 -3.269460
v -1.881110 0.003111 -3.276485
v -1.891990 -0.029096 -3.272810
v -1.933670 -0.071714 -3.326795
v -1.927260 -0.052733 -3.328960
v -1.927260 -0.052733 -3.328960
v -1.881110 0.003111 -3.276485
v -1.891990 -0.029096 -3.272810
v -1.716520 -0.069746 -2.621905
v -1.605925 0.002704 -2.681200
v -1.669775 -0.122783 -2.646965
v -1.669775 -0.122783 -2.646965
v -1.605925 0.002704 -2.681200
v -1.605925 -0.142196 -2.681200
v -1.605925 -0.142196 -2.681200
v -1.605925 0.002704 -2.681200
v -1.542075 -0.122783 -2.715435
v -1.542075 -0.122783 -2.715435
v -1.605925 0.002704 -2.681200
v -1.495330 -0.069746 -2.740495
v -1.495330 -0.069746 -2.740495
v -1.605925 0.002704 -2.681200
v -1.478220 0.002704 -2.749670
v -1.478220 0.002704 -2.749670
v -1.605925 0.002704 -2.681200
v -1.495330 0.075154 -2.740495
v -1.495330 0.075154 -2.740495
v -1.605925 0.002704 -2.681200
v -1.542075 0.128191 -2.715435
v -1.542075 0.128191 -2.715435
v -1.605925 0.002704 -2.681200
v -1.605925 0.147604 -2.681200
v -1.605925 0.147604 -2.681200
v -1.605925 0.002704 -2.681200
v -1.669775 0.128191 -2.646965
v -1.669775 0.128191 -2.646965
v -1.605925 0.002704 -2.681200
v -1.716520 0.075154 -2.621905
v -1.716520 0.075154 -2.621905
v -1.605925 0.002704 -2.681200
v -1.733630 0.002704 -2.612730
v -1.733630 0.002704 -2.612730
v -1.605925 0.002704 -2.681200
v -1.716520 -0.069746 -2.621905
v -1.733630 0.002704 -2.612730
v -1.716520 -0.069746 -2.621905
v -1.732085 -0.085667 -2.592575
v -1.732085 -0.085667 -2.592575
v -1.752955 0.002704 -2.581390
v -1.733630 0.002704 -2.612730
v -1.716520 0.075154 -2.621905
v -1.733630 0.002704 -2.612730
v -1.752955 0.002704 -2.581390
v -1.752955 0.002704 -2.581390
v -1.732085 0.091075 -2.592575
v -1.716520 0.075154 -2.621905
v -1.669775 0.128191 -2.646965
v -1.716520 0.075154 -2.621905
v -1.732085 0.091075 -2.592575
v -1.732085 0.091075 -2.592575
v -1.675070 0.155768 -2.623145
v -1.669775 0.128191 -2.646965
v -1.605925 0.147604 -2.681200
v -1.669775 0.128191 -2.646965
v -1.675070 0.155768 -2.623145
v -1.675070 0.155768 -2.623145
v -1.597185 0.179447 -2.664900
v -1.605925 0.147604 -2.681200
v -1.542075 0.128191 -2.715435
v -1.605925 0.147604 -2.681200
v -1.597185 0.179447 -2.664900
v -1.597185 0.179447 -2.664900
v -1.519305 0.155768 -2.706660
v -1.542075 0.128191 -2.715435
v -1.495330 0.075154 -2.740495
v -1.542075 0.128191 -2.715435
v -1.519305 0.155768 -2.706660
v -1.519305 0.155768 -2.706660
v -1.462290 0.091075 -2.737230
v -1.495330 0.075154 -2.740495
v -1.478220 0.002704 -2.749670
v -1.495330 0.075154 -2.740495
v -1.462290 0.091075 -2.737230
v -1.462290 0.091075 -2.737230
v -1.441420 0.002704 -2.748420
v -1.478220 0.002704 -2.749670
v -1.495330 -0.069746 -2.740495
v -1.478220 0.002704 -2.749670
v -1.441420 0.002704 -2.748420
v -1.441420 0.002704 -2.748420
v -1.462290 -0.085667 -2.737230
v -1.495330 -0.069746 -2.740495
v -1.542075 -0.122783 -2.715435
v -1.495330 -0.069746 -2.740495
v -1.462290 -0.085667 -2.737230
v -1.462290 -0.085667 -2.737230
v -1.519305 -0.150360 -2.706660
v -1.542075 -0.122783 -2.715435
v -1.605925 -0.142196 -2.681200
v -1.542075 -0.122783 -2.715435
v -1.519305 -0.150360 -2.706660
v -1.519305 -0.150360 -2.706660
v -1.597185 -0.174039 -2.664900
v -1.605925 -0.142196 -2.681200
v -1.669775 -0.122783 -2.646965
v -1.605925 -0.142196 -2.681200
v -1.597185 -0.174039 -2.664900
v -1.597185 -0.174039 -2.664900
v -1.675070 -0.150360 -2.623145
v -1.669775 -0.122783 -2.646965
v -1.716520 -0.069746 -2.621905
v -1.669775 -0.122783 -2.646965
v -1.675070 -0.150360 -2.623145
v -1.675070 -0.150360 -2.623145
v -1.732085 -0.085667 -2.592575
v -1.716520 -0.069746 -2.621905
v -1.752955 0.002704 -2.581390
v -1.732085 -0.085667 -2.592575
v -1.692020 -0.085667 -2.517855
v -1.692020 -0.085667 -2.517855
v -1.712890 0.002704 -2.506665
v -1.752955 0.002704 -2.581390
v -1.732085 0.091075 -2.592575
v -1.752955 0.002704 -2.581390
v -1.712890 0.002704 -2.506665
v -1.712890 0.002704 -2.506665
v -1.692020 0.091075 -2.517855
v -1.732085 0.091075 -2.592575
v -1.675070 0.155768 -2.623145
v -1.732085 0.091075 -2.592575
v -1.692020 0.091075 -2.517855
v -1.692020 0.091075 -2.517855
v -1.635005 0.155768 -2.548420
v -1.675070 0.155768 -2.623145
v -1.597185 0.179447 -2.664900
v -1.675070 0.155768 -2.623145
v -1.635005 0.155768 -2.548420
v -1.635005 0.155768 -2.548420
v -1.557125 0.179447 -2.590180
v -1.597185 0.179447 -2.664900
v -1.519305 0.155768 -2.706660
v -1.597185 0.179447 -2.664900
v -1.557125 0.179447 -2.590180
v -1.557125 0.179447 -2.590180
v -1.479240 0.155768 -2.631935
v -1.519305 0.155768 -2.706660
v -1.462290 0.091075 -2.737230
v -1.519305 0.155768 -2.706660
v -1.479240 0.155768 -2.631935
v -1.479240 0.155768 -2.631935
v -1.422225 0.091075 -2.662505
v -1.462290 0.091075 -2.737230
v -1.441420 0.002704 -2.748420
v -1.462290 0.091075 -2.737230
v -1.422225 0.091075 -2.662505
v -1.422225 0.091075 -2.662505
v -1.401355 0.002704 -2.673695
v -1.441420 0.002704 -2.748420
v -1.462290 -0.085667 -2.737230
v -1.441420 0.002704 -2.748420
v -1.401355 0.002704 -2.673695
v -1.401355 0.002704 -2.673695
v -1.422225 -0.085667 -2.662505
v -1.462290 -0.085667 -2.737230
v -1.519305 -0.150360 -2.706660
v -1.462290 -0.085667 -2.737230
v -1.422225 -0.085667 -2.662505
v -1.422225 -0.085667 -2.662505
v -1.479240 -0.150360 -2.631935
v -1.519305 -0.150360 -2.706660
v -1.597185 -0.174039 -2.664900
v -1.519305 -0.150360 -2.706660
v -1.479240 -0.150360 -2.631935
v -1.479240 -0.150360 -2.631935
v -1.557125 -0.174039 -2.590180
v -1.597185 -0.174039 -2.664900
v -1.675070 -0.150360 -2.623145
v -1.597185 -0.174039 -2.664900
v -1.557125 -0.174039 -2.590180
v -1.557125 -0.174039 -2.590180
v -1.635005 -0.150360 -2.548420
v -1.675070 -0.150360 -2.623145
v -1.732085 -0.085667 -2.592575
v -1.675070 -0.150360 -2.623145
v -1.635005 -0.150360 -2.548420
v -1.635005 -0.150360 -2.548420
v -1.692020 -0.085667 -2.517855
v -1.732085 -0.085667 -2.592575
v -1.618915 -0.069746 -2.439860
v -1.572175 -0.122783 -2.464925
v -1.508320 0.002704 -2.499160
v -1.572175 -0.122783 -2.464925
v -1.508320 -0.142196 -2.499160
v -1.508320 0.002704 -2.499160
v -1.508320 -0.142196 -2.499160
v -1.444470 -0.122783 -2.533390
v -1.508320 0.002704 -2.499160
v -1.444470 -0.122783 -2.533390
v -1.397725 -0.069746 -2.558455
v -1.508320 0.002704 -2.499160
v -1.397725 -0.069746 -2.558455
v -1.380620 0.002704 -2.567625
v -1.508320 0.002704 -2.499160
v -1.380620 0.002704 -2.567625
v -1.397725 0.075154 -2.558455
v -1.508320 0.002704 -2.499160
v -1.397725 0.075154 -2.558455
v -1.444470 0.128191 -2.533390
v -1.508320 0.002704 -2.499160
v -1.444470 0.128191 -2.533390
v -1.508320 0.147604 -2.499160
v -1.508320 0.002704 -2.499160
v -1.508320 0.147604 -2.499160
v -1.572175 0.128191 -2.464925
v -1.508320 0.002704 -2.499160
v -1.572175 0.128191 -2.464925
v -1.618915 0.075154 -2.439860
v -1.508320 0.002704 -2.499160
v -1.618915 0.075154 -2.439860
v -1.636025 0.002704 -2.430690
v -1.508320 0.002704 -2.499160
v -1.636025 0.002704 -2.430690
v -1.618915 -0.069746 -2.439860
v -1.508320 0.002704 -2.499160
v -1.651955 -0.085667 -2.443130
v -1.618915 -0.069746 -2.439860
v -1.636025 0.002704 -2.430690
v -1.636025 0.002704 -2.430690
v -1.672825 0.002704 -2.431940
v -1.651955 -0.085667 -2.443130
v -1.672825 0.002704 -2.431940
v -1.636025 0.002704 -2.430690
v -1.618915 0.075154 -2.439860
v -1.618915 0.075154 -2.439860
v -1.651955 0.091075 -2.443130
v -1.672825 0.002704 -2.431940
v -1.651955 0.091075 -2.443130
v -1.618915 0.075154 -2.439860
v -1.572175 0.128191 -2.464925
v -1.572175 0.128191 -2.464925
v -1.594945 0.155768 -2.473695
v -1.651955 0.091075 -2.443130
v -1.594945 0.155768 -2.473695
v -1.572175 0.128191 -2.464925
v -1.508320 0.147604 -2.499160
v -1.508320 0.147604 -2.499160
v -1.517060 0.179447 -2.515455
v -1.594945 0.155768 -2.473695
v -1.517060 0.179447 -2.515455
v -1.508320 0.147604 -2.499160
v -1.444470 0.128191 -2.533390
v -1.444470 0.128191 -2.533390
v -1.439175 0.155768 -2.557215
v -1.517060 0.179447 -2.515455
v -1.439175 0.155768 -2.557215
v -1.444470 0.128191 -2.533390
v -1.397725 0.075154 -2.558455
v -1.397725 0.075154 -2.558455
v -1.382160 0.091075 -2.587780
v -1.439175 0.155768 -2.557215
v -1.382160 0.091075 -2.587780
v -1.397725 0.075154 -2.558455
v -1.380620 0.002704 -2.567625
v -1.380620 0.002704 -2.567625
v -1.361295 0.002704 -2.598970
v -1.382160 0.091075 -2.587780
v -1.361295 0.002704 -2.598970
v -1.380620 0.002704 -2.567625
v -1.397725 -0.069746 -2.558455
v -1.397725 -0.069746 -2.558455
v -1.382160 -0.085667 -2.587780
v -1.361295 0.002704 -2.598970
v -1.382160 -0.085667 -2.587780
v -1.397725 -0.069746 -2.558455
v -1.444470 -0.122783 -2.533390
v -1.444470 -0.122783 -2.533390
v -1.439175 -0.150360 -2.557215
v -1.382160 -0.085667 -2.587780
v -1.439175 -0.150360 -2.557215
v -1.444470 -0.122783 -2.533390
v -1.508320 -0.142196 -2.499160
v -1.508320 -0.142196 -2.499160
v -1.517060 -0.174039 -2.515455
v -1.439175 -0.150360 -2.557215
v -1.517060 -0.174039 -2.515455
v -1.508320 -0.142196 -2.499160
v -1.572175 -0.122783 -2.464925
v -1.572175 -0.122783 -2.464925
v -1.594945 -0.150360 -2.473695
v -1.517060 -0.174039 -2.515455
v -1.594945 -0.150360 -2.473695
v -1.572175 -0.122783 -2.464925
v -1.618915 -0.069746 -2.439860
v -1.618915 -0.069746 -2.439860
v -1.651955 -0.085667 -2.443130
v -1.594945 -0.150360 -2.473695
v -1.692020 -0.085667 -2.517855
v -1.651955 -0.085667 -2.443130
v -1.672825 0.002704 -2.431940
v -1.672825 0.002704 -2.431940
v -1.712890 0.002704 -2.506665
v -1.692020 -0.085667 -2.517855
v -1.712890 0.002704 -2.506665
v -1.672825 0.002704 -2.431940
v -1.651955 0.091075 -2.443130
v -1.651955 0.091075 -2.443130
v -1.692020 0.091075 -2.517855
v -1.712890 0.002704 -2.506665
v -1.692020 0.091075 -2.517855
v -1.651955 0.091075 -2.443130
v -1.594945 0.155768 -2.473695
v -1.594945 0.155768 -2.473695
v -1.635005 0.155768 -2.548420
v -1.692020 0.091075 -2.517855
v -1.635005 0.155768 -2.548420
v -1.594945 0.155768 -2.473695
v -1.517060 0.179447 -2.515455
v -1.517060 0.179447 -2.515455
v -1.557125 0.179447 -2.590180
v -1.635005 0.155768 -2.548420
v -1.557125 0.179447 -2.590180
v -1.517060 0.179447 -2.515455
v -1.439175 0.155768 -2.557215
v -1.439175 0.155768 -2.557215
v -1.479240 0.155768 -2.631935
v -1.557125 0.179447 -2.590180
v -1.479240 0.155768 -2.631935
v -1.439175 0.155768 -2.557215
v -1.382160 0.091075 -2.587780
v -1.382160 0.091075 -2.587780
v -1.422225 0.091075 -2.662505
v -1.479240 0.155768 -2.631935
v -1.422225 0.091075 -2.662505
v -1.382160 0.091075 -2.587780
v -1.361295 0.002704 -2.598970
v -1.361295 0.002704 -2.598970
v -1.401355 0.002704 -2.673695
v -1.422225 0.091075 -2.662505
v -1.401355 0.002704 -2.673695
v -1.361295 0.002704 -2.598970
v -1.382160 -0.085667 -2.587780
v -1.382160 -0.085667 -2.587780
v -1.422225 -0.085667 -2.662505
v -1.401355 0.002704 -2.673695
v -1.422225 -0.085667 -2.662505
v -1.382160 -0.085667 -2.587780
v -1.439175 -0.150360 -2.557215
v -1.439175 -0.150360 -2.557215
v -1.479240 -0.150360 -2.631935
v -1.422225 -0.085667 -2.662505
v -1.479240 -0.150360 -2.631935
v -1.439175 -0.150360 -2.557215
v -1.517060 -0.174039 -2.515455
v -1.517060 -0.174039 -2.515455
v -1.557125 -0.174039 -2.590180
v -1.479240 -0.150360 -2.631935
v -1.557125 -0.174039 -2.590180
v -1.517060 -0.174039 -2.515455
v -1.594945 -0.150360 -2.473695
v -1.594945 -0.150360 -2.473695
v -1.635005 -0.150360 -2.548420
v -1.557125 -0.174039 -2.590180
v -1.635005 -0.150360 -2.548420
v -1.594945 -0.150360 -2.473695
v -1.651955 -0.085667 -2.443130
v -1.651955 -0.085667 -2.443130
v -1.692020 -0.085667 -2.517855
v -1.635005 -0.150360 -2.548420
vn -0.0000 -0.9475 0.3196
vn -0.0000 -0.9790 0.2041
vn -0.0000 -1.0000 -0.0000
vn -0.0000 -0.9790 -0.2041
vn -0.0000 -0.9475 -0.3196
vn -0.0000 0.9475 -0.3196
vn -0.0000 0.9790 -0.2041
vn -0.0000 1.0000 -0.0000
vn -0.0000 0.9790 0.2041
vn -0.0000 0.9475 0.3196
vn -0.0000 0.5737 -0.8191
vn -0.8606 0.4826 -0.1628
vn 0.8606 0.4826 -0.1628
vn -0.8860 0.4539 -0.0946
vn 0.8860 0.4540 -0.0946
vn 0.8860 0.4539 -0.0946
vn -0.9072 0.4207 -0.0000
vn 0.9072 0.4207 -0.0000
vn -0.9134 0.3984 0.0831
vn 0.9134 0.3984 0.0831
vn -0.9112 0.3903 0.1317
vn 0.9112 0.3903 0.1317
vn -0.9188 0.3865 0.0806
vn 0.9188 0.3865 0.0806
vn -0.9292 0.3697 -0.0000
vn 0.9292 0.3697 -0.0000
vn -0.9361 0.3444 -0.0718
vn 0.9361 0.3444 -0.0718
vn -0.0000 0.5737 0.8191
vn -0.9392 0.3254 -0.1098
vn 0.9392 0.3254 -0.1098
vn -0.5946 -0.5825 -0.5543
vn -0.5946 -0.5824 -0.5543
vn -0.8893 -0.2571 -0.3781
vn -0.8893 -0.2572 -0.3780
vn -0.9012 0.1668 -0.4001
vn -0.9012 0.1669 -0.4001
vn -0.6244 0.4880 -0.6099
vn -0.6245 0.4880 -0.6099
vn -0.5154 -0.8508 -0.1028
vn -0.5153 -0.8508 -0.1028
vn -0.9349 -0.3305 0.1293
vn -0.9349 -0.3304 0.1293
vn -0.9522 0.2896 0.0971
vn -0.9522 0.2896 0.0970
vn -0.5615 0.8056 -0.1889
vn -0.5054 -0.8598 -0.0732
vn -0.9298 -0.3321 0.1585
vn -0.9473 0.2946 0.1260
vn -0.5522 0.8181 -0.1604
vn -0.3655 -0.8972 0.2478
vn -0.7759 -0.3238 0.5414
vn -0.7135 0.3353 0.6152
vn -0.2233 0.8618 0.4555
vn -0.2233 0.8617 0.4556
vn -0.0851 -0.7535 0.6520
vn -0.0851 -0.7534 0.6520
vn -0.5636 -0.2790 0.7775
vn -0.6355 0.3313 0.6974
vn -0.2437 0.8702 0.4283
vn -0.4109 -0.8980 0.1576
vn -0.4110 -0.8979 0.1576
vn -0.6325 0.3311 0.7002
vn -0.6325 0.3310 0.7002
vn -0.1042 0.7950 0.5976
vn -0.5388 -0.2513 -0.8040
vn -0.6563 -0.1370 -0.7420
vn -0.6607 0.0227 -0.7503
vn -0.5497 0.1363 -0.8242
vn 0.3793 -0.1423 0.9142
vn 0.2524 -0.0251 0.9673
vn 0.2478 0.1393 0.9587
vn 0.3680 0.2571 0.8936
vn -0.2552 0.8745 0.4124
vn -0.6137 0.3295 0.7175
vn -0.4945 -0.2616 0.8289
vn -0.0091 -0.6845 0.7289
vn -0.0091 -0.6846 0.7289
vn -0.1325 -0.5824 -0.8020
vn -0.1326 -0.5825 -0.8020
vn 0.1773 -0.2572 -0.9500
vn 0.1655 0.1668 -0.9720
vn -0.1624 0.4880 -0.8576
vn -0.1624 0.4879 -0.8577
vn 0.1996 -0.8508 -0.4861
vn 0.6251 -0.3304 -0.7072
vn 0.6251 -0.3305 -0.7071
vn 0.6079 0.2897 -0.7393
vn 0.6078 0.2896 -0.7394
vn 0.1535 0.8056 -0.5722
vn 0.2188 -0.8598 -0.4615
vn 0.6467 -0.3321 -0.6867
vn 0.6466 -0.3321 -0.6867
vn 0.6292 0.2946 -0.7193
vn 0.1720 0.8181 -0.5487
vn 0.4087 -0.8972 -0.1672
vn 0.8803 -0.3238 -0.3466
vn 0.9073 0.3353 -0.2538
vn 0.9073 0.3354 -0.2538
vn 0.5030 0.8618 0.0661
vn 0.5030 0.8617 0.0661
vn 0.5901 -0.7535 0.2899
vn 0.5901 -0.7534 0.2899
vn 0.9595 -0.2791 -0.0391
vn 0.9326 0.3313 -0.1433
vn 0.4916 0.8702 0.0340
vn 0.3587 -0.8979 -0.2551
vn 0.8804 -0.3238 -0.3466
vn 0.9333 0.3311 -0.1393
vn 0.9332 0.3312 -0.1392
vn 0.5554 0.7950 0.2439
vn -0.3715 -0.2513 -0.8938
vn -0.2548 -0.1369 -0.9573
vn -0.2592 0.0227 -0.9656
vn -0.3822 0.1363 -0.9140
vn 0.5516 -0.1423 0.8219
vn 0.6660 -0.0251 0.7456
vn 0.6614 0.1393 0.7370
vn 0.5406 0.2571 0.8010
vn 0.4848 0.8745 0.0157
vn 0.9372 0.3295 -0.1140
vn 0.9640 -0.2616 0.0469
vn 0.6121 -0.6846 0.3958
vn 0.6121 -0.6845 0.3958
vn -0.5482 -0.8083 -0.2148
vn -0.5481 -0.8083 -0.2149
vn 0.1244 -0.8083 -0.5755
vn 0.8036 -0.3340 -0.4927
vn 0.8035 -0.3340 -0.4927
vn 0.9477 0.3190 0.0089
vn 0.9477 0.3191 0.0090
vn 0.5924 0.6494 0.4767
vn 0.5924 0.6495 0.4767
vn 0.0692 0.6494 0.7573
vn 0.0692 0.6495 0.7572
vn -0.5171 0.3190 0.7943
vn -0.5171 0.3190 0.7942
vn -0.8551 -0.3340 0.3966
vn 0.4725 -0.0000 0.8813
vn 0.8437 -0.1333 0.5201
vn 0.8436 -0.1333 0.5202
vn 0.8436 0.1333 0.5202
vn 0.8436 0.1334 0.5201
vn 0.7261 0.3644 0.5831
vn 0.7261 0.3643 0.5832
vn 0.5225 0.4977 0.6923
vn 0.5225 0.4978 0.6923
vn 0.2874 0.4978 0.8183
vn 0.2875 0.4977 0.8183
vn 0.0838 0.3643 0.9275
vn 0.0839 0.3643 0.9275
vn -0.0336 0.1334 0.9905
vn -0.0336 -0.1334 0.9905
vn 0.0839 -0.3643 0.9275
vn 0.0838 -0.3644 0.9275
vn 0.2874 -0.4977 0.8183
vn 0.2874 -0.4978 0.8183
vn 0.5225 -0.4978 0.6922
vn 0.5225 -0.4977 0.6923
vn 0.7260 -0.3643 0.5832
vn 0.7261 -0.3644 0.5831
vn 0.8513 -0.2588 -0.4565
vn 0.8513 -0.2588 -0.4564
vn 0.8513 0.2588 -0.4564
vn 0.6232 0.7071 -0.3341
vn 0.2281 0.9659 -0.1223
vn -0.2281 0.9659 0.1223
vn -0.6232 0.7071 0.3341
vn -0.8513 0.2588 0.4564
vn -0.8513 -0.2588 0.4564
vn -0.6232 -0.7071 0.3341
vn -0.2281 -0.9659 0.1223
vn 0.2281 -0.9659 -0.1223
vn 0.6232 -0.7071 -0.3341
vn -0.4726 -0.0000 -0.8813
vn -0.4725 -0.0000 -0.8813
vn 0.0338 -0.1333 -0.9905
vn 0.0336 -0.1334 -0.9905
vn 0.0336 0.1333 -0.9905
vn 0.0337 0.1334 -0.9905
vn -0.0838 0.3644 -0.9275
vn -0.0839 0.3643 -0.9275
vn -0.2875 0.4976 -0.8184
vn -0.2875 0.4977 -0.8183
vn -0.5225 0.4977 -0.6923
vn -0.5225 0.4978 -0.6923
vn -0.7261 0.3644 -0.5831
vn -0.7260 0.3644 -0.5832
vn -0.8436 0.1333 -0.5202
vn -0.8436 0.1333 -0.5201
vn -0.8436 -0.1333 -0.5201
vn -0.7261 -0.3643 -0.5832
vn -0.7261 -0.3644 -0.5831
vn -0.5225 -0.4978 -0.6923
vn -0.5225 -0.4977 -0.6923
vn -0.2875 -0.4977 -0.8183
vn -0.2875 -0.4976 -0.8183
vn -0.0840 -0.3643 -0.9275
vn -0.0838 -0.3644 -0.9275
vn 0.5946 -0.5824 -0.5543
vn 0.5946 -0.5825 -0.5543
vn 0.8893 -0.2572 -0.3781
vn 0.8893 -0.2571 -0.3781
vn 0.9012 0.1668 -0.4001
vn 0.6244 0.4880 -0.6099
vn 0.6245 0.4880 -0.6099
vn 0.5153 -0.8508 -0.1028
vn 0.5154 -0.8508 -0.1028
vn 0.9349 -0.3304 0.1293
vn 0.9349 -0.3305 0.1293
vn 0.9522 0.2896 0.0971
vn 0.9522 0.2896 0.0970
vn 0.5615 0.8056 -0.1889
vn 0.5054 -0.8598 -0.0732
vn 0.9298 -0.3321 0.1585
vn 0.9473 0.2946 0.1260
vn 0.5522 0.8181 -0.1604
vn 0.3655 -0.8972 0.2478
vn 0.7759 -0.3238 0.5414
vn 0.7135 0.3353 0.6152
vn 0.2233 0.8617 0.4556
vn 0.2233 0.8618 0.4555
vn 0.0851 -0.7535 0.6520
vn 0.0851 -0.7534 0.6520
vn 0.5636 -0.2790 0.7775
vn 0.6355 0.3313 0.6974
vn 0.2437 0.8702 0.4283
vn 0.4110 -0.8979 0.1576
vn 0.7759 -0.3239 0.5414
vn 0.6325 0.3310 0.7002
vn 0.6325 0.3311 0.7002
vn 0.1042 0.7950 0.5976
vn 0.5388 -0.2513 -0.8040
vn 0.6563 -0.1369 -0.7420
vn 0.6608 0.0226 -0.7503
vn 0.5497 0.1363 -0.8242
vn -0.3793 -0.1423 0.9142
vn -0.2524 -0.0251 0.9673
vn -0.2478 0.1393 0.9587
vn -0.3680 0.2571 0.8936
vn 0.2552 0.8745 0.4124
vn 0.6137 0.3295 0.7175
vn 0.4945 -0.2616 0.8289
vn 0.0091 -0.6845 0.7289
vn 0.0091 -0.6846 0.7289
vn 0.1326 -0.5825 -0.8020
vn 0.1326 -0.5824 -0.8020
vn -0.1773 -0.2572 -0.9500
vn -0.1655 0.1668 -0.9720
vn 0.1624 0.4880 -0.8576
vn 0.1624 0.4879 -0.8577
vn -0.1996 -0.8508 -0.4861
vn -0.6251 -0.3305 -0.7071
vn -0.6251 -0.3304 -0.7072
vn -0.6079 0.2897 -0.7393
vn -0.6078 0.2896 -0.7394
vn -0.1535 0.8056 -0.5722
vn -0.2188 -0.8598 -0.4615
vn -0.6467 -0.3321 -0.6867
vn -0.6292 0.2946 -0.7193
vn -0.1720 0.8181 -0.5487
vn -0.4087 -0.8972 -0.1672
vn -0.8803 -0.3238 -0.3466
vn -0.9073 0.3354 -0.2538
vn -0.9073 0.3353 -0.2538
vn -0.5030 0.8617 0.0661
vn -0.5030 0.8618 0.0661
vn -0.5901 -0.7535 0.2899
vn -0.5901 -0.7534 0.2899
vn -0.9595 -0.2791 -0.0391
vn -0.9326 0.3313 -0.1433
vn -0.4916 0.8702 0.0340
vn -0.3587 -0.8979 -0.2551
vn -0.8804 -0.3238 -0.3466
vn -0.9333 0.3310 -0.1393
vn -0.9333 0.3311 -0.1393
vn -0.5554 0.7950 0.2439
vn 0.3715 -0.2513 -0.8938
vn 0.2548 -0.1369 -0.9573
vn 0.2592 0.0227 -0.9656
vn 0.3822 0.1363 -0.9140
vn -0.5516 -0.1423 0.8219
vn -0.6660 -0.0251 0.7456
vn -0.6614 0.1393 0.7370
vn -0.5406 0.2571 0.8010
vn -0.4848 0.8745 0.0157
vn -0.9372 0.3295 -0.1140
vn -0.9640 -0.2616 0.0469
vn -0.6121 -0.6846 0.3958
vn -0.6121 -0.6845 0.3958
vn 0.5482 -0.8083 -0.2148
vn -0.1244 -0.8083 -0.5755
vn -0.8036 -0.3340 -0.4927
vn -0.8035 -0.3340 -0.4927
vn -0.9477 0.3190 0.0089
vn -0.5924 0.6494 0.4767
vn -0.5923 0.6495 0.4768
vn -0.0692 0.6495 0.7572
vn -0.0692 0.6494 0.7573
vn 0.5171 0.3190 0.7942
vn 0.5171 0.3190 0.7943
vn 0.8551 -0.3341 0.3965
vn 0.8551 -0.3340 0.3965
vn -0.4725 -0.0000 0.8813
vn -0.8436 -0.1334 0.5201
vn -0.8436 -0.1334 0.5202
vn -0.8436 0.1334 0.5202
vn -0.8436 0.1334 0.5201
vn -0.7261 0.3644 0.5831
vn -0.7261 0.3643 0.5832
vn -0.5225 0.4977 0.6923
vn -0.5225 0.4978 0.6923
vn -0.2874 0.4978 0.8183
vn -0.2875 0.4977 0.8183
vn -0.0838 0.3643 0.9275
vn -0.0839 0.3643 0.9275
vn 0.0336 0.1334 0.9905
vn 0.0336 -0.1334 0.9905
vn -0.0839 -0.3643 0.9275
vn -0.0838 -0.3644 0.9275
vn -0.2874 -0.4977 0.8183
vn -0.2874 -0.4978 0.8183
vn -0.5225 -0.4978 0.6922
vn -0.5225 -0.4977 0.6923
vn -0.7260 -0.3643 0.5832
vn -0.7261 -0.3644 0.5831
vn -0.8513 -0.2588 -0.4565
vn -0.8513 -0.2588 -0.4564
vn -0.8513 0.2588 -0.4564
vn -0.6232 0.7071 -0.3341
vn -0.2281 0.9659 -0.1223
vn 0.2281 0.9659 0.1223
vn 0.6232 0.7071 0.3341
vn 0.8513 0.2588 0.4564
vn 0.8513 -0.2588 0.4564
vn 0.6232 -0.7071 0.3341
vn 0.2281 -0.9659 0.1223
vn -0.2281 -0.9659 -0.1223
vn -0.6232 -0.7071 -0.3341
vn 0.4726 -0.0000 -0.8813
vn 0.4725 -0.0000 -0.8813
vn -0.0338 -0.1333 -0.9905
vn -0.0336 -0.1334 -0.9905
vn -0.0336 0.1333 -0.9905
vn -0.0337 0.1334 -0.9905
vn 0.0838 0.3644 -0.9275
vn 0.0839 0.3643 -0.9275
vn 0.2875 0.4976 -0.8184
vn 0.2875 0.4977 -0.8183
vn 0.5225 0.4977 -0.6923
vn 0.7261 0.3644 -0.5831
vn 0.7260 0.3644 -0.5832
vn 0.8436 0.1333 -0.5202
vn 0.8436 0.1333 -0.5201
vn 0.8436 -0.1333 -0.5201
vn 0.7261 -0.3643 -0.5832
vn 0.7261 -0.3644 -0.5831
vn 0.5225 -0.4978 -0.6923
vn 0.5225 -0.4977 -0.6923
vn 0.2874 -0.4977 -0.8183
vn 0.2875 -0.4976 -0.8184
vn 0.0840 -0.3643 -0.9275
vn 0.0838 -0.3644 -0.9275
vn -0.5946 -0.5824 0.5543
vn -0.5946 -0.5825 0.5543
vn -0.8893 -0.2572 0.3780
vn -0.8893 -0.2571 0.3781
vn -0.9012 0.1668 0.4001
vn -0.9012 0.1669 0.4001
vn -0.6244 0.4880 0.6099
vn -0.5153 -0.8508 0.1028
vn -0.5154 -0.8508 0.1028
vn -0.9349 -0.3304 -0.1293
vn -0.9349 -0.3305 -0.1293
vn -0.9522 0.2896 -0.0971
vn -0.9522 0.2896 -0.0970
vn -0.5615 0.8056 0.1889
vn -0.5054 -0.8598 0.0732
vn -0.9298 -0.3321 -0.1585
vn -0.9473 0.2946 -0.1260
vn -0.5522 0.8181 0.1604
vn -0.3655 -0.8972 -0.2478
vn -0.7759 -0.3238 -0.5414
vn -0.7135 0.3353 -0.6152
vn -0.2233 0.8617 -0.4556
vn -0.2233 0.8618 -0.4555
vn -0.0851 -0.7535 -0.6520
vn -0.0851 -0.7534 -0.6520
vn -0.5636 -0.2790 -0.7775
vn -0.6355 0.3313 -0.6974
vn -0.2437 0.8702 -0.4283
vn -0.4110 -0.8979 -0.1576
vn -0.4109 -0.8980 -0.1576
vn -0.6325 0.3310 -0.7002
vn -0.6325 0.3311 -0.7002
vn -0.1042 0.7950 -0.5976
vn -0.5389 -0.2513 0.8040
vn -0.6563 -0.1370 0.7420
vn -0.6607 0.0227 0.7503
vn -0.5497 0.1363 0.8242
vn 0.3793 -0.1423 -0.9142
vn 0.2524 -0.0251 -0.9673
vn 0.2478 0.1393 -0.9587
vn 0.3680 0.2571 -0.8936
vn -0.2552 0.8745 -0.4124
vn -0.6137 0.3295 -0.7175
vn -0.4945 -0.2616 -0.8289
vn -0.0091 -0.6845 -0.7289
vn -0.0091 -0.6846 -0.7289
vn -0.1326 -0.5825 0.8020
vn -0.1326 -0.5824 0.8020
vn 0.1773 -0.2572 0.9500
vn 0.1655 0.1668 0.9720
vn -0.1624 0.4880 0.8576
vn -0.1624 0.4879 0.8577
vn 0.1996 -0.8508 0.4861
vn 0.6251 -0.3305 0.7071
vn 0.6251 -0.3304 0.7072
vn 0.6079 0.2897 0.7393
vn 0.6078 0.2896 0.7394
vn 0.1535 0.8056 0.5722
vn 0.2188 -0.8598 0.4615
vn 0.6467 -0.3321 0.6867
vn 0.6292 0.2946 0.7193
vn 0.1720 0.8181 0.5487
vn 0.4087 -0.8972 0.1672
vn 0.8804 -0.3238 0.3466
vn 0.8803 -0.3238 0.3466
vn 0.9073 0.3354 0.2538
vn 0.9073 0.3353 0.2538
vn 0.5030 0.8617 -0.0661
vn 0.5030 0.8618 -0.0661
vn 0.5901 -0.7535 -0.2899
vn 0.5901 -0.7534 -0.2899
vn 0.9595 -0.2791 0.0391
vn 0.9326 0.3313 0.1433
vn 0.4916 0.8702 -0.0340
vn 0.3587 -0.8979 0.2551
vn 0.9332 0.3312 0.1392
vn 0.9333 0.3311 0.1393
vn 0.5554 0.7950 -0.2439
vn -0.3715 -0.2513 0.8938
vn -0.2548 -0.1369 0.9573
vn -0.2592 0.0227 0.9656
vn -0.3822 0.1363 0.9140
vn 0.5516 -0.1423 -0.8219
vn 0.6659 -0.0251 -0.7456
vn 0.6614 0.1393 -0.7370
vn 0.5406 0.2571 -0.8010
vn 0.4848 0.8745 -0.0157
vn 0.9372 0.3295 0.1140
vn 0.9640 -0.2616 -0.0469
vn 0.6121 -0.6846 -0.3958
vn 0.6121 -0.6845 -0.3958
vn -0.5481 -0.8083 0.2149
vn -0.5482 -0.8083 0.2148
vn 0.1244 -0.8083 0.5755
vn 0.8036 -0.3340 0.4927
vn 0.8035 -0.3340 0.4927
vn 0.9477 0.3190 -0.0089
vn 0.9477 0.3191 -0.0090
vn 0.5924 0.6494 -0.4767
vn 0.5924 0.6495 -0.4767
vn 0.0692 0.6495 -0.7572
vn 0.0692 0.6494 -0.7573
vn -0.5171 0.3190 -0.7942
vn -0.5171 0.3190 -0.7943
vn -0.8551 -0.3340 -0.3966
vn 0.8437 -0.1333 -0.5201
vn 0.8436 -0.1333 -0.5202
vn 0.8436 0.1334 -0.5201
vn 0.7261 0.3643 -0.5832
vn 0.5225 0.4978 -0.6923
vn 0.2874 0.4978 -0.8183
vn 0.0838 0.3643 -0.9275
vn -0.0336 0.1334 -0.9905
vn 0.0839 -0.3643 -0.9275
vn 0.2874 -0.4978 -0.8183
vn 0.5225 -0.4978 -0.6922
vn 0.7260 -0.3643 -0.5832
vn 0.8513 -0.2588 0.4565
vn 0.0338 -0.1333 0.9905
vn 0.0337 0.1333 0.9905
vn 0.0337 0.1334 0.9905
vn -0.0838 0.3644 0.9275
vn -0.2875 0.4976 0.8184
vn -0.7260 0.3644 0.5832
vn -0.8436 0.1333 0.5202
vn -0.8436 0.1333 0.5201
vn -0.8436 -0.1333 0.5201
vn -0.7261 -0.3643 0.5832
vn -0.5225 -0.4978 0.6923
vn -0.2875 -0.4977 0.8183
vn -0.2875 -0.4976 0.8183
vn -0.0840 -0.3643 0.9275
vn 0.5946 -0.5825 0.5543
vn 0.5946 -0.5824 0.5543
vn 0.8893 -0.2571 0.3781
vn 0.8893 -0.2572 0.3781
vn 0.9012 0.1668 0.4001
vn 0.6244 0.4880 0.6099
vn 0.6245 0.4880 0.6099
vn 0.5154 -0.8508 0.1028
vn 0.5153 -0.8508 0.1028
vn 0.9349 -0.3305 -0.1293
vn 0.9349 -0.3304 -0.1293
vn 0.9522 0.2896 -0.0971
vn 0.9522 0.2896 -0.0970
vn 0.5615 0.8056 0.1889
vn 0.5054 -0.8598 0.0732
vn 0.9298 -0.3321 -0.1585
vn 0.9473 0.2946 -0.1260
vn 0.5522 0.8181 0.1604
vn 0.3655 -0.8972 -0.2478
vn 0.7759 -0.3238 -0.5414
vn 0.7135 0.3353 -0.6152
vn 0.2233 0.8618 -0.4555
vn 0.2233 0.8617 -0.4556
vn 0.0851 -0.7535 -0.6520
vn 0.0851 -0.7534 -0.6520
vn 0.5636 -0.2790 -0.7775
vn 0.6355 0.3313 -0.6974
vn 0.2437 0.8702 -0.4283
vn 0.4110 -0.8979 -0.1576
vn 0.7759 -0.3239 -0.5414
vn 0.6325 0.3311 -0.7002
vn 0.6325 0.3310 -0.7002
vn 0.1042 0.7950 -0.5976
vn 0.5389 -0.2513 0.8040
vn 0.6563 -0.1369 0.7420
vn 0.6608 0.0227 0.7503
vn 0.5497 0.1363 0.8242
vn -0.3793 -0.1423 -0.9142
vn -0.2524 -0.0251 -0.9673
vn -0.2478 0.1393 -0.9587
vn -0.3680 0.2571 -0.8936
vn 0.2552 0.8745 -0.4124
vn 0.6137 0.3295 -0.7175
vn 0.4945 -0.2616 -0.8289
vn 0.0091 -0.6845 -0.7289
vn 0.0091 -0.6846 -0.7289
vn 0.1326 -0.5824 0.8020
vn 0.1326 -0.5825 0.8020
vn -0.1773 -0.2572 0.9500
vn -0.1654 0.1668 0.9720
vn -0.1655 0.1668 0.9720
vn 0.1624 0.4880 0.8576
vn 0.1624 0.4879 0.8577
vn -0.1996 -0.8508 0.4861
vn -0.6251 -0.3304 0.7072
vn -0.6251 -0.3305 0.7071
vn -0.6079 0.2897 0.7393
vn -0.6078 0.2896 0.7394
vn -0.1535 0.8056 0.5722
vn -0.2188 -0.8598 0.4615
vn -0.6467 -0.3321 0.6867
vn -0.6292 0.2946 0.7193
vn -0.1720 0.8181 0.5487
vn -0.4087 -0.8972 0.1672
vn -0.8803 -0.3238 0.3466
vn -0.8804 -0.3238 0.3466
vn -0.9073 0.3353 0.2538
vn -0.9073 0.3354 0.2538
vn -0.5030 0.8618 -0.0661
vn -0.5030 0.8617 -0.0661
vn -0.5901 -0.7535 -0.2899
vn -0.5901 -0.7534 -0.2899
vn -0.9595 -0.2791 0.0391
vn -0.9326 0.3313 0.1433
vn -0.4916 0.8702 -0.0340
vn -0.3587 -0.8979 0.2551
vn -0.9333 0.3311 0.1393
vn -0.9333 0.3310 0.1393
vn -0.5554 0.7950 -0.2439
vn 0.3715 -0.2513 0.8938
vn 0.2548 -0.1369 0.9573
vn 0.2592 0.0227 0.9656
vn 0.3822 0.1363 0.9140
vn -0.5516 -0.1423 -0.8219
vn -0.6659 -0.0251 -0.7456
vn -0.6614 0.1393 -0.7370
vn -0.5406 0.2571 -0.8010
vn -0.4848 0.8745 -0.0157
vn -0.9372 0.3295 0.1140
vn -0.9640 -0.2616 -0.0469
vn -0.6121 -0.6846 -0.3958
vn -0.6121 -0.6845 -0.3958
vn 0.5482 -0.8083 0.2148
vn -0.1244 -0.8083 0.5755
vn -0.8036 -0.3340 0.4927
vn -0.8035 -0.3340 0.4927
vn -0.9477 0.3190 -0.0089
vn -0.5925 0.6494 -0.4767
vn -0.5923 0.6495 -0.4768
vn -0.0692 0.6494 -0.7573
vn -0.0692 0.6495 -0.7572
vn 0.5171 0.3190 -0.7943
vn 0.5171 0.3190 -0.7942
vn 0.8551 -0.3340 -0.3965
vn 0.8551 -0.3341 -0.3965
vn -0.8436 -0.1334 -0.5201
vn -0.8436 -0.1334 -0.5202
vn -0.8436 0.1334 -0.5202
vn -0.8436 0.1334 -0.5201
vn -0.7261 0.3643 -0.5832
vn -0.2874 0.4978 -0.8183
vn -0.0838 0.3643 -0.9275
vn 0.0336 0.1334 -0.9905
vn -0.0839 -0.3643 -0.9275
vn -0.2874 -0.4977 -0.8183
vn -0.2874 -0.4978 -0.8183
vn -0.5225 -0.4978 -0.6922
vn -0.7260 -0.3643 -0.5832
vn -0.8513 -0.2588 0.4565
vn 0.4726 -0.0000 0.8813
vn -0.0338 -0.1333 0.9905
vn -0.0337 0.1333 0.9905
vn -0.0337 0.1334 0.9905
vn 0.0838 0.3644 0.9275
vn 0.2875 0.4976 0.8184
vn 0.7260 0.3644 0.5832
vn 0.8436 0.1333 0.5201
vn 0.8436 -0.1333 0.5201
vn 0.7261 -0.3643 0.5832
vn 0.5225 -0.4978 0.6923
vn 0.2875 -0.4976 0.8184
vn 0.0840 -0.3643 0.9275
vt 0.101719 0.042669
vt 0.101719 0.134685
vt 0.034476 0.134685
vt 0.034476 0.042669
vt 0.168962 0.042669
vt 0.168962 0.134685
vt 0.236206 0.042669
vt 0.236206 0.134685
vt 0.303449 0.042669
vt 0.303449 0.134685
vt 0.370692 0.042669
vt 0.370692 0.134685
vt 0.437936 0.042669
vt 0.437936 0.134685
vt 0.505179 0.042669
vt 0.505179 0.134685
vt 0.572423 0.042669
vt 0.572423 0.134685
vt 0.639666 0.042669
vt 0.639666 0.134685
vt 0.706909 0.042669
vt 0.706909 0.134685
vt 0.101719 0.226700
vt 0.034476 0.226700
vt 0.168962 0.226700
vt 0.236206 0.226700
vt 0.303449 0.226700
vt 0.370692 0.226700
vt 0.437936 0.226700
vt 0.505179 0.226700
vt 0.572423 0.226700
vt 0.639666 0.226700
vt 0.706909 0.226700
vt 0.101719 0.318716
vt 0.034476 0.318716
vt 0.168962 0.318716
vt 0.236206 0.318716
vt 0.303449 0.318716
vt 0.370692 0.318716
vt 0.437936 0.318716
vt 0.505179 0.318716
vt 0.572423 0.318716
vt 0.639666 0.318716
vt 0.706909 0.318716
vt 0.101719 0.410731
vt 0.034476 0.410731
vt 0.168962 0.410731
vt 0.236206 0.410731
vt 0.303449 0.410731
vt 0.370692 0.410731
vt 0.437936 0.410731
vt 0.505179 0.410731
vt 0.572423 0.410731
vt 0.639666 0.410731
vt 0.706909 0.410731
vt 0.101719 0.502746
vt 0.034476 0.502746
vt 0.168962 0.502746
vt 0.236206 0.502746
vt 0.303449 0.502746
vt 0.370692 0.502746
vt 0.437936 0.502746
vt 0.505179 0.502746
vt 0.572423 0.502746
vt 0.639666 0.502746
vt 0.706909 0.502746
vt 0.101719 0.594762
vt 0.034476 0.594762
vt 0.168962 0.594762
vt 0.236206 0.594762
vt 0.303449 0.594762
vt 0.370692 0.594762
vt 0.437936 0.594762
vt 0.505179 0.594762
vt 0.572423 0.594762
vt 0.639666 0.594762
vt 0.706909 0.594762
vt 0.101719 0.686777
vt 0.034476 0.686777
vt 0.168962 0.686777
vt 0.236206 0.686777
vt 0.303449 0.686777
vt 0.370692 0.686777
vt 0.437936 0.686777
vt 0.505179 0.686777
vt 0.572423 0.686777
vt 0.639666 0.686777
vt 0.706909 0.686777
vt 0.101719 0.778793
vt 0.034476 0.778793
vt 0.168962 0.778793
vt 0.236206 0.778793
vt 0.303449 0.778793
vt 0.370692 0.778793
vt 0.437936 0.778793
vt 0.505179 0.778793
vt 0.572423 0.778793
vt 0.639666 0.778793
vt 0.706909 0.778793
vt 0.101719 0.870808
vt 0.034476 0.870808
vt 0.168962 0.870808
vt 0.236206 0.870808
vt 0.303449 0.870808
vt 0.370692 0.870808
vt 0.437936 0.870808
vt 0.505179 0.870808
vt 0.572423 0.870808
vt 0.639666 0.870808
vt 0.706909 0.870808
vt 0.101719 0.962823
vt 0.034476 0.962823
vt 0.168962 0.962823
vt 0.236206 0.962823
vt 0.303449 0.962823
vt 0.370692 0.962823
vt 0.437936 0.962823
vt 0.505179 0.962823
vt 0.572423 0.962823
vt 0.639666 0.962823
vt 0.706909 0.962823
vt 0.417769 0.022407
vt 0.476182 0.022407
vt 0.476182 0.054835
vt 0.417769 0.054835
vt 0.814295 0.052252
vt 0.792623 0.086829
vt 0.823904 0.107275
vt 0.833503 0.066390
vt 0.852873 0.112081
vt 0.856379 0.070591
vt 0.879816 0.111921
vt 0.880516 0.070985
vt 0.905772 0.111154
vt 0.905160 0.069525
vt 0.781590 0.124174
vt 0.819614 0.138236
vt 0.851520 0.140540
vt 0.879715 0.139205
vt 0.906163 0.137969
vt 0.772671 0.194031
vt 0.818241 0.188120
vt 0.851795 0.181878
vt 0.880280 0.177094
vt 0.906694 0.174585
vt 0.779998 0.247302
vt 0.821391 0.223790
vt 0.853664 0.211420
vt 0.881343 0.204360
vt 0.907086 0.201277
vt 0.811766 0.321775
vt 0.837174 0.288220
vt 0.861796 0.268421
vt 0.885169 0.257565
vt 0.907854 0.253679
vt 0.848162 0.364708
vt 0.872713 0.384083
vt 0.879566 0.368691
vt 0.860261 0.339329
vt 0.888631 0.357958
vt 0.875364 0.321933
vt 0.898751 0.351528
vt 0.891752 0.311709
vt 0.909230 0.348484
vt 0.908654 0.307906
vt 0.832731 0.019673
vt 0.846708 0.024999
vt 0.868527 0.026636
vt 0.892002 0.026477
vt 0.887454 0.395716
vt 0.895769 0.398161
vt 0.891155 0.386321
vt 0.898418 0.393885
vt 0.896596 0.379587
vt 0.902636 0.389947
vt 0.902954 0.375435
vt 0.909777 0.386184
vt 0.909575 0.372848
vt 0.947983 0.051390
vt 0.926956 0.037855
vt 0.939095 0.060565
vt 0.926956 0.063922
vt 0.914817 0.060565
vt 0.905930 0.051390
vt 0.902678 0.038857
vt 0.905930 0.026325
vt 0.914817 0.017150
vt 0.926956 0.013792
vt 0.939095 0.017150
vt 0.947983 0.026325
vt 0.951235 0.038857
vt 0.927558 0.478851
vt 0.927558 0.433517
vt 0.891570 0.433517
vt 0.891570 0.478851
vt 0.927558 0.524185
vt 0.891570 0.524185
vt 0.927558 0.569518
vt 0.891570 0.569518
vt 0.927558 0.614852
vt 0.891570 0.614852
vt 0.927558 0.660186
vt 0.891570 0.660186
vt 0.927558 0.705519
vt 0.891570 0.705519
vt 0.927558 0.750853
vt 0.891570 0.750853
vt 0.927558 0.796187
vt 0.891570 0.796187
vt 0.927558 0.841521
vt 0.891570 0.841521
vt 0.927558 0.886854
vt 0.891570 0.886854
vt 0.927558 0.932188
vt 0.891570 0.932188
vt 0.927558 0.977522
vt 0.891570 0.977522
vt 0.772563 0.433517
vt 0.772563 0.478851
vt 0.772563 0.524185
vt 0.772563 0.569518
vt 0.772563 0.614852
vt 0.772563 0.660186
vt 0.772563 0.705519
vt 0.772563 0.750853
vt 0.772563 0.796187
vt 0.772563 0.841521
vt 0.772563 0.886854
vt 0.772563 0.932188
vt 0.772563 0.977522
s 0
usemtl Mesh
f 1/1/1 2/2/1 3/3/1
f 4/3/1 5/4/1 6/1/1
f 7/5/1 8/6/1 9/2/1
f 10/2/1 11/1/1 12/5/1
f 13/7/1 14/8/1 15/6/1
f 16/6/1 17/5/1 18/7/1
f 19/9/1 20/10/1 21/8/1
f 22/8/1 23/7/1 24/9/1
f 25/11/1 26/12/1 27/10/1
f 28/10/1 29/9/1 30/11/1
f 31/13/1 32/14/1 33/12/1
f 34/12/1 35/11/1 36/13/1
f 37/15/1 38/16/1 39/14/1
f 40/14/1 41/13/1 42/15/1
f 43/17/1 44/18/1 45/16/1
f 46/16/1 47/15/1 48/17/1
f 49/19/1 50/20/1 51/18/1
f 52/18/1 53/17/1 54/19/1
f 55/21/1 56/22/1 57/20/1
f 58/20/1 59/19/1 60/21/1
f 61/2/2 62/23/2 63/24/2
f 64/24/2 65/3/2 66/2/2
f 67/6/2 68/25/2 69/23/2
f 70/23/2 71/2/2 72/6/2
f 73/8/2 74/26/2 75/25/2
f 76/25/2 77/6/2 78/8/2
f 79/10/2 80/27/2 81/26/2
f 82/26/2 83/8/2 84/10/2
f 85/12/2 86/28/2 87/27/2
f 88/27/2 89/10/2 90/12/2
f 91/14/2 92/29/2 93/28/2
f 94/28/2 95/12/2 96/14/2
f 97/16/2 98/30/2 99/29/2
f 100/29/2 101/14/2 102/16/2
f 103/18/2 104/31/2 105/30/2
f 106/30/2 107/16/2 108/18/2
f 109/20/2 110/32/2 111/31/2
f 112/31/2 113/18/2 114/20/2
f 115/22/2 116/33/2 117/32/2
f 118/32/2 119/20/2 120/22/2
f 121/23/3 122/34/3 123/35/3
f 124/35/3 125/24/3 126/23/3
f 127/25/3 128/36/3 129/34/3
f 130/34/3 131/23/3 132/25/3
f 133/26/3 134/37/3 135/36/3
f 136/36/3 137/25/3 138/26/3
f 139/27/3 140/38/3 141/37/3
f 142/37/3 143/26/3 144/27/3
f 145/28/3 146/39/3 147/38/3
f 148/38/3 149/27/3 150/28/3
f 151/29/3 152/40/3 153/39/3
f 154/39/3 155/28/3 156/29/3
f 157/30/3 158/41/3 159/40/3
f 160/40/3 161/29/3 162/30/3
f 163/31/3 164/42/3 165/41/3
f 166/41/3 167/30/3 168/31/3
f 169/32/3 170/43/3 171/42/3
f 172/42/3 173/31/3 174/32/3
f 175/33/3 176/44/3 177/43/3
f 178/43/3 179/32/3 180/33/3
f 181/34/4 182/45/4 183/46/4
f 184/46/4 185/35/4 186/34/4
f 187/36/4 188/47/4 189/45/4
f 190/45/4 191/34/4 192/36/4
f 193/37/4 194/48/4 195/47/4
f 196/47/4 197/36/4 198/37/4
f 199/38/4 200/49/4 201/48/4
f 202/48/4 203/37/4 204/38/4
f 205/39/4 206/50/4 207/49/4
f 208/49/4 209/38/4 210/39/4
f 211/40/4 212/51/4 213/50/4
f 214/50/4 215/39/4 216/40/4
f 217/41/4 218/52/4 219/51/4
f 220/51/4 221/40/4 222/41/4
f 223/42/4 224/53/4 225/52/4
f 226/52/4 227/41/4 228/42/4
f 229/43/4 230/54/4 231/53/4
f 232/53/4 233/42/4 234/43/4
f 235/44/4 236/55/4 237/54/4
f 238/54/4 239/43/4 240/44/4
f 241/45/5 242/56/5 243/57/5
f 244/57/5 245/46/5 246/45/5
f 247/47/5 248/58/5 249/56/5
f 250/56/5 251/45/5 252/47/5
f 253/48/5 254/59/5 255/58/5
f 256/58/5 257/47/5 258/48/5
f 259/49/5 260/60/5 261/59/5
f 262/59/5 263/48/5 264/49/5
f 265/50/5 266/61/5 267/60/5
f 268/60/5 269/49/5 270/50/5
f 271/51/5 272/62/5 273/61/5
f 274/61/5 275/50/5 276/51/5
f 277/52/5 278/63/5 279/62/5
f 280/62/5 281/51/5 282/52/5
f 283/53/5 284/64/5 285/63/5
f 286/63/5 287/52/5 288/53/5
f 289/54/5 290/65/5 291/64/5
f 292/64/5 293/53/5 294/54/5
f 295/55/5 296/66/5 297/65/5
f 298/65/5 299/54/5 300/55/5
f 301/56/5 302/67/5 303/68/5
f 304/68/5 305/57/5 306/56/5
f 307/58/5 308/69/5 309/67/5
f 310/67/5 311/56/5 312/58/5
f 313/59/5 314/70/5 315/69/5
f 316/69/5 317/58/5 318/59/5
f 319/60/5 320/71/5 321/70/5
f 322/70/5 323/59/5 324/60/5
f 325/61/5 326/72/5 327/71/5
f 328/71/5 329/60/5 330/61/5
f 331/62/5 332/73/5 333/72/5
f 334/72/5 335/61/5 336/62/5
f 337/63/5 338/74/5 339/73/5
f 340/73/5 341/62/5 342/63/5
f 343/64/5 344/75/5 345/74/5
f 346/74/5 347/63/5 348/64/5
f 349/65/5 350/76/5 351/75/5
f 352/75/5 353/64/5 354/65/5
f 355/66/5 356/77/5 357/76/5
f 358/76/5 359/65/5 360/66/5
f 361/67/4 362/78/4 363/79/4
f 364/79/4 365/68/4 366/67/4
f 367/69/4 368/80/4 369/78/4
f 370/78/4 371/67/4 372/69/4
f 373/70/4 374/81/4 375/80/4
f 376/80/4 377/69/4 378/70/4
f 379/71/4 380/82/4 381/81/4
f 382/81/4 383/70/4 384/71/4
f 385/72/4 386/83/4 387/82/4
f 388/82/4 389/71/4 390/72/4
f 391/73/4 392/84/4 393/83/4
f 394/83/4 395/72/4 396/73/4
f 397/74/4 398/85/4 399/84/4
f 400/84/4 401/73/4 402/74/4
f 403/75/4 404/86/4 405/85/4
f 406/85/4 407/74/4 408/75/4
f 409/76/4 410/87/4 411/86/4
f 412/86/4 413/75/4 414/76/4
f 415/77/4 416/88/4 417/87/4
f 418/87/4 419/76/4 420/77/4
f 421/78/3 422/89/3 423/90/3
f 424/90/3 425/79/3 426/78/3
f 427/80/3 428/91/3 429/89/3
f 430/89/3 431/78/3 432/80/3
f 433/81/3 434/92/3 435/91/3
f 436/91/3 437/80/3 438/81/3
f 439/82/3 440/93/3 441/92/3
f 442/92/3 443/81/3 444/82/3
f 445/83/3 446/94/3 447/93/3
f 448/93/3 449/82/3 450/83/3
f 451/84/3 452/95/3 453/94/3
f 454/94/3 455/83/3 456/84/3
f 457/85/3 458/96/3 459/95/3
f 460/95/3 461/84/3 462/85/3
f 463/86/3 464/97/3 465/96/3
f 466/96/3 467/85/3 468/86/3
f 469/87/3 470/98/3 471/97/3
f 472/97/3 473/86/3 474/87/3
f 475/88/3 476/99/3 477/98/3
f 478/98/3 479/87/3 480/88/3
f 481/89/2 482/100/2 483/101/2
f 484/101/2 485/90/2 486/89/2
f 487/91/2 488/102/2 489/100/2
f 490/100/2 491/89/2 492/91/2
f 493/92/2 494/103/2 495/102/2
f 496/102/2 497/91/2 498/92/2
f 499/93/2 500/104/2 501/103/2
f 502/103/2 503/92/2 504/93/2
f 505/94/2 506/105/2 507/104/2
f 508/104/2 509/93/2 510/94/2
f 511/95/2 512/106/2 513/105/2
f 514/105/2 515/94/2 516/95/2
f 517/96/2 518/107/2 519/106/2
f 520/106/2 521/95/2 522/96/2
f 523/97/2 524/108/2 525/107/2
f 526/107/2 527/96/2 528/97/2
f 529/98/2 530/109/2 531/108/2
f 532/108/2 533/97/2 534/98/2
f 535/99/2 536/110/2 537/109/2
f 538/109/2 539/98/2 540/99/2
f 541/100/1 542/111/1 543/112/1
f 544/112/1 545/101/1 546/100/1
f 547/102/1 548/113/1 549/111/1
f 550/111/1 551/100/1 552/102/1
f 553/103/1 554/114/1 555/113/1
f 556/113/1 557/102/1 558/103/1
f 559/104/1 560/115/1 561/114/1
f 562/114/1 563/103/1 564/104/1
f 565/105/1 566/116/1 567/115/1
f 568/115/1 569/104/1 570/105/1
f 571/106/1 572/117/1 573/116/1
f 574/116/1 575/105/1 576/106/1
f 577/107/1 578/118/1 579/117/1
f 580/117/1 581/106/1 582/107/1
f 583/108/1 584/119/1 585/118/1
f 586/118/1 587/107/1 588/108/1
f 589/109/1 590/120/1 591/119/1
f 592/119/1 593/108/1 594/109/1
f 595/110/1 596/121/1 597/120/1
f 598/120/1 599/109/1 600/110/1
f 601/3/6 602/2/6 603/1/6
f 604/1/6 605/4/6 606/3/6
f 607/2/6 608/6/6 609/5/6
f 610/5/6 611/1/6 612/2/6
f 613/6/6 614/8/6 615/7/6
f 616/7/6 617/5/6 618/6/6
f 619/8/6 620/10/6 621/9/6
f 622/9/6 623/7/6 624/8/6
f 625/10/6 626/12/6 627/11/6
f 628/11/6 629/9/6 630/10/6
f 631/12/6 632/14/6 633/13/6
f 634/13/6 635/11/6 636/12/6
f 637/14/6 638/16/6 639/15/6
f 640/15/6 641/13/6 642/14/6
f 643/16/6 644/18/6 645/17/6
f 646/17/6 647/15/6 648/16/6
f 649/18/6 650/20/6 651/19/6
f 652/19/6 653/17/6 654/18/6
f 655/20/6 656/22/6 657/21/6
f 658/21/6 659/19/6 660/20/6
f 661/24/7 662/23/7 663/2/7
f 664/2/7 665/3/7 666/24/7
f 667/23/7 668/25/7 669/6/7
f 670/6/7 671/2/7 672/23/7
f 673/25/7 674/26/7 675/8/7
f 676/8/7 677/6/7 678/25/7
f 679/26/7 680/27/7 681/10/7
f 682/10/7 683/8/7 684/26/7
f 685/27/7 686/28/7 687/12/7
f 688/12/7 689/10/7 690/27/7
f 691/28/7 692/29/7 693/14/7
f 694/14/7 695/12/7 696/28/7
f 697/29/7 698/30/7 699/16/7
f 700/16/7 701/14/7 702/29/7
f 703/30/7 704/31/7 705/18/7
f 706/18/7 707/16/7 708/30/7
f 709/31/7 710/32/7 711/20/7
f 712/20/7 713/18/7 714/31/7
f 715/32/7 716/33/7 717/22/7
f 718/22/7 719/20/7 720/32/7
f 721/35/8 722/34/8 723/23/8
f 724/23/8 725/24/8 726/35/8
f 727/34/8 728/36/8 729/25/8
f 730/25/8 731/23/8 732/34/8
f 733/36/8 734/37/8 735/26/8
f 736/26/8 737/25/8 738/36/8
f 739/37/8 740/38/8 741/27/8
f 742/27/8 743/26/8 744/37/8
f 745/38/8 746/39/8 747/28/8
f 748/28/8 749/27/8 750/38/8
f 751/39/8 752/40/8 753/29/8
f 754/29/8 755/28/8 756/39/8
f 757/40/8 758/41/8 759/30/8
f 760/30/8 761/29/8 762/40/8
f 763/41/8 764/42/8 765/31/8
f 766/31/8 767/30/8 768/41/8
f 769/42/8 770/43/8 771/32/8
f 772/32/8 773/31/8 774/42/8
f 775/43/8 776/44/8 777/33/8
f 778/33/8 779/32/8 780/43/8
f 781/46/9 782/45/9 783/34/9
f 784/34/9 785/35/9 786/46/9
f 787/45/9 788/47/9 789/36/9
f 790/36/9 791/34/9 792/45/9
f 793/47/9 794/48/9 795/37/9
f 796/37/9 797/36/9 798/47/9
f 799/48/9 800/49/9 801/38/9
f 802/38/9 803/37/9 804/48/9
f 805/49/9 806/50/9 807/39/9
f 808/39/9 809/38/9 810/49/9
f 811/50/9 812/51/9 813/40/9
f 814/40/9 815/39/9 816/50/9
f 817/51/9 818/52/9 819/41/9
f 820/41/9 821/40/9 822/51/9
f 823/52/9 824/53/9 825/42/9
f 826/42/9 827/41/9 828/52/9
f 829/53/9 830/54/9 831/43/9
f 832/43/9 833/42/9 834/53/9
f 835/54/9 836/55/9 837/44/9
f 838/44/9 839/43/9 840/54/9
f 841/57/10 842/56/10 843/45/10
f 844/45/10 845/46/10 846/57/10
f 847/56/10 848/58/10 849/47/10
f 850/47/10 851/45/10 852/56/10
f 853/58/10 854/59/10 855/48/10
f 856/48/10 857/47/10 858/58/10
f 859/59/10 860/60/10 861/49/10
f 862/49/10 863/48/10 864/59/10
f 865/60/10 866/61/10 867/50/10
f 868/50/10 869/49/10 870/60/10
f 871/61/10 872/62/10 873/51/10
f 874/51/10 875/50/10 876/61/10
f 877/62/10 878/63/10 879/52/10
f 880/52/10 881/51/10 882/62/10
f 883/63/10 884/64/10 885/53/10
f 886/53/10 887/52/10 888/63/10
f 889/64/10 890/65/10 891/54/10
f 892/54/10 893/53/10 894/64/10
f 895/65/10 896/66/10 897/55/10
f 898/55/10 899/54/10 900/65/10
f 901/68/10 902/67/10 903/56/10
f 904/56/10 905/57/10 906/68/10
f 907/67/10 908/69/10 909/58/10
f 910/58/10 911/56/10 912/67/10
f 913/69/10 914/70/10 915/59/10
f 916/59/10 917/58/10 918/69/10
f 919/70/10 920/71/10 921/60/10
f 922/60/10 923/59/10 924/70/10
f 925/71/10 926/72/10 927/61/10
f 928/61/10 929/60/10 930/71/10
f 931/72/10 932/73/10 933/62/10
f 934/62/10 935/61/10 936/72/10
f 937/73/10 938/74/10 939/63/10
f 940/63/10 941/62/10 942/73/10
f 943/74/10 944/75/10 945/64/10
f 946/64/10 947/63/10 948/74/10
f 949/75/10 950/76/10 951/65/10
f 952/65/10 953/64/10 954/75/10
f 955/76/10 956/77/10 957/66/10
f 958/66/10 959/65/10 960/76/10
f 961/79/9 962/78/9 963/67/9
f 964/67/9 965/68/9 966/79/9
f 967/78/9 968/80/9 969/69/9
f 970/69/9 971/67/9 972/78/9
f 973/80/9 974/81/9 975/70/9
f 976/70/9 977/69/9 978/80/9
f 979/81/9 980/82/9 981/71/9
f 982/71/9 983/70/9 984/81/9
f 985/82/9 986/83/9 987/72/9
f 988/72/9 989/71/9 990/82/9
f 991/83/9 992/84/9 993/73/9
f 994/73/9 995/72/9 996/83/9
f 997/84/9 998/85/9 999/74/9
f 1000/74/9 1001/73/9 1002/84/9
f 1003/85/9 1004/86/9 1005/75/9
f 1006/75/9 1007/74/9 1008/85/9
f 1009/86/9 1010/87/9 1011/76/9
f 1012/76/9 1013/75/9 1014/86/9
f 1015/87/9 1016/88/9 1017/77/9
f 1018/77/9 1019/76/9 1020/87/9
f 1021/90/8 1022/89/8 1023/78/8
f 1024/78/8 1025/79/8 1026/90/8
f 1027/89/8 1028/91/8 1029/80/8
f 1030/80/8 1031/78/8 1032/89/8
f 1033/91/8 1034/92/8 1035/81/8
f 1036/81/8 1037/80/8 1038/91/8
f 1039/92/8 1040/93/8 1041/82/8
f 1042/82/8 1043/81/8 1044/92/8
f 1045/93/8 1046/94/8 1047/83/8
f 1048/83/8 1049/82/8 1050/93/8
f 1051/94/8 1052/95/8 1053/84/8
f 1054/84/8 1055/83/8 1056/94/8
f 1057/95/8 1058/96/8 1059/85/8
f 1060/85/8 1061/84/8 1062/95/8
f 1063/96/8 1064/97/8 1065/86/8
f 1066/86/8 1067/85/8 1068/96/8
f 1069/97/8 1070/98/8 1071/87/8
f 1072/87/8 1073/86/8 1074/97/8
f 1075/98/8 1076/99/8 1077/88/8
f 1078/88/8 1079/87/8 1080/98/8
f 1081/101/7 1082/100/7 1083/89/7
f 1084/89/7 1085/90/7 1086/101/7
f 1087/100/7 1088/102/7 1089/91/7
f 1090/91/7 1091/89/7 1092/100/7
f 1093/102/7 1094/103/7 1095/92/7
f 1096/92/7 1097/91/7 1098/102/7
f 1099/103/7 1100/104/7 1101/93/7
f 1102/93/7 1103/92/7 1104/103/7
f 1105/104/7 1106/105/7 1107/94/7
f 1108/94/7 1109/93/7 1110/104/7
f 1111/105/7 1112/106/7 1113/95/7
f 1114/95/7 1115/94/7 1116/105/7
f 1117/106/7 1118/107/7 1119/96/7
f 1120/96/7 1121/95/7 1122/106/7
f 1123/107/7 1124/108/7 1125/97/7
f 1126/97/7 1127/96/7 1128/107/7
f 1129/108/7 1130/109/7 1131/98/7
f 1132/98/7 1133/97/7 1134/108/7
f 1135/109/7 1136/110/7 1137/99/7
f 1138/99/7 1139/98/7 1140/109/7
f 1141/112/6 1142/111/6 1143/100/6
f 1144/100/6 1145/101/6 1146/112/6
f 1147/111/6 1148/113/6 1149/102/6
f 1150/102/6 1151/100/6 1152/111/6
f 1153/113/6 1154/114/6 1155/103/6
f 1156/103/6 1157/102/6 1158/113/6
f 1159/114/6 1160/115/6 1161/104/6
f 1162/104/6 1163/103/6 1164/114/6
f 1165/115/6 1166/116/6 1167/105/6
f 1168/105/6 1169/104/6 1170/115/6
f 1171/116/6 1172/117/6 1173/106/6
f 1174/106/6 1175/105/6 1176/116/6
f 1177/117/6 1178/118/6 1179/107/6
f 1180/107/6 1181/106/6 1182/117/6
f 1183/118/6 1184/119/6 1185/108/6
f 1186/108/6 1187/107/6 1188/118/6
f 1189/119/6 1190/120/6 1191/109/6
f 1192/109/6 1193/108/6 1194/119/6
f 1195/120/6 1196/121/6 1197/110/6
f 1198/110/6 1199/109/6 1200/120/6
f 1201/122/11 1202/123/11 1203/124/11
f 1204/124/11 1205/125/11 1206/122/11
f 1207/123/12 1208/124/12 1209/125/12
f 1210/125/12 1211/122/12 1212/123/12
f 1213/122/11 1214/123/11 1215/124/11
f 1216/124/11 1217/125/11 1218/122/11
f 1219/122/11 1220/123/11 1221/124/11
f 1222/124/11 1223/125/11 1224/122/11
f 1225/122/11 1226/123/11 1227/124/11
f 1228/124/11 1229/125/11 1230/122/11
f 1231/122/11 1232/123/11 1233/124/11
f 1234/124/11 1235/125/11 1236/122/11
f 1237/123/11 1238/124/11 1239/125/11
f 1240/125/11 1241/122/11 1242/123/11
f 1243/123/11 1244/124/11 1245/125/11
f 1246/125/11 1247/122/11 1248/123/11
f 1249/123/11 1250/124/11 1251/125/11
f 1252/125/11 1253/122/11 1254/123/11
f 1255/123/11 1256/124/11 1257/125/11
f 1258/125/11 1259/122/11 1260/123/11
f 1261/123/11 1262/124/11 1263/125/11
f 1264/125/11 1265/122/11 1266/123/11
f 1267/122/13 1268/123/13 1269/124/13
f 1270/124/13 1271/125/13 1272/122/13
f 1273/123/14 1274/124/14 1275/125/14
f 1276/125/14 1277/122/14 1278/123/14
f 1279/122/15 1280/123/15 1281/124/15
f 1282/124/16 1283/125/16 1284/122/16
f 1285/123/17 1286/124/17 1287/125/17
f 1288/125/17 1289/122/17 1290/123/17
f 1291/122/18 1292/123/18 1293/124/18
f 1294/124/18 1295/125/18 1296/122/18
f 1297/123/19 1298/124/19 1299/125/19
f 1300/125/19 1301/122/19 1302/123/19
f 1303/123/20 1304/124/20 1305/125/20
f 1306/125/20 1307/122/20 1308/123/20
f 1309/122/21 1310/123/21 1311/124/21
f 1312/124/21 1313/125/21 1314/122/21
f 1315/123/22 1316/124/22 1317/125/22
f 1318/125/22 1319/122/22 1320/123/22
f 1321/122/21 1322/123/21 1323/124/21
f 1324/124/21 1325/125/21 1326/122/21
f 1327/123/22 1328/124/22 1329/125/22
f 1330/125/22 1331/122/22 1332/123/22
f 1333/122/23 1334/123/23 1335/124/23
f 1336/124/23 1337/125/23 1338/122/23
f 1339/123/24 1340/124/24 1341/125/24
f 1342/125/24 1343/122/24 1344/123/24
f 1345/122/25 1346/123/25 1347/124/25
f 1348/124/25 1349/125/25 1350/122/25
f 1351/123/26 1352/124/26 1353/125/26
f 1354/125/26 1355/122/26 1356/123/26
f 1357/122/27 1358/123/27 1359/124/27
f 1360/124/27 1361/125/27 1362/122/27
f 1363/123/28 1364/124/28 1365/125/28
f 1366/125/28 1367/122/28 1368/123/28
f 1369/123/29 1370/124/29 1371/125/29
f 1372/125/29 1373/122/29 1374/123/29
f 1375/122/30 1376/123/30 1377/124/30
f 1378/124/30 1379/125/30 1380/122/30
f 1381/123/29 1382/124/29 1383/125/29
f 1384/125/29 1385/122/29 1386/123/29
f 1387/123/29 1388/124/29 1389/125/29
f 1390/125/29 1391/122/29 1392/123/29
f 1393/123/29 1394/124/29 1395/125/29
f 1396/125/29 1397/122/29 1398/123/29
f 1399/123/29 1400/124/29 1401/125/29
f 1402/125/29 1403/122/29 1404/123/29
f 1405/122/29 1406/123/29 1407/124/29
f 1408/124/29 1409/125/29 1410/122/29
f 1411/122/29 1412/123/29 1413/124/29
f 1414/124/29 1415/125/29 1416/122/29
f 1417/122/29 1418/123/29 1419/124/29
f 1420/124/29 1421/125/29 1422/122/29
f 1423/122/29 1424/123/29 1425/124/29
f 1426/124/29 1427/125/29 1428/122/29
f 1429/123/31 1430/124/31 1431/125/31
f 1432/125/31 1433/122/31 1434/123/31
f 1435/122/29 1436/123/29 1437/124/29
f 1438/124/29 1439/125/29 1440/122/29
f 1441/126/32 1442/127/32 1443/128/32
f 1444/128/33 1445/129/33 1446/126/33
f 1447/129/34 1448/128/34 1449/130/34
f 1450/130/35 1451/131/35 1452/129/35
f 1453/130/36 1454/132/36 1455/133/36
f 1456/133/37 1457/131/37 1458/130/37
f 1459/132/38 1460/134/38 1461/135/38
f 1462/135/39 1463/133/39 1464/132/39
f 1465/127/40 1466/136/40 1467/137/40
f 1468/137/41 1469/128/41 1470/127/41
f 1471/128/42 1472/137/42 1473/138/42
f 1474/138/43 1475/130/43 1476/128/43
f 1477/138/44 1478/139/44 1479/132/44
f 1480/132/45 1481/130/45 1482/138/45
f 1483/139/46 1484/140/46 1485/134/46
f 1486/134/46 1487/132/46 1488/139/46
f 1489/136/47 1490/141/47 1491/142/47
f 1492/142/47 1493/137/47 1494/136/47
f 1495/137/48 1496/142/48 1497/143/48
f 1498/143/48 1499/138/48 1500/137/48
f 1501/143/49 1502/144/49 1503/139/49
f 1504/139/49 1505/138/49 1506/143/49
f 1507/144/50 1508/145/50 1509/140/50
f 1510/140/50 1511/139/50 1512/144/50
f 1513/141/51 1514/146/51 1515/147/51
f 1516/147/51 1517/142/51 1518/141/51
f 1519/142/52 1520/147/52 1521/148/52
f 1522/148/52 1523/143/52 1524/142/52
f 1525/143/53 1526/148/53 1527/149/53
f 1528/149/53 1529/144/53 1530/143/53
f 1531/144/54 1532/149/54 1533/150/54
f 1534/150/55 1535/145/55 1536/144/55
f 1537/151/56 1538/152/56 1539/147/56
f 1540/147/57 1541/146/57 1542/151/57
f 1543/152/58 1544/153/58 1545/148/58
f 1546/148/58 1547/147/58 1548/152/58
f 1549/153/59 1550/154/59 1551/149/59
f 1552/149/59 1553/148/59 1554/153/59
f 1555/154/60 1556/155/60 1557/150/60
f 1558/150/60 1559/149/60 1560/154/60
f 1561/156/61 1562/157/61 1563/158/61
f 1564/158/62 1565/159/62 1566/156/62
f 1567/159/52 1568/158/52 1569/160/52
f 1570/160/52 1571/161/52 1572/159/52
f 1573/161/63 1574/160/63 1575/162/63
f 1576/162/64 1577/163/64 1578/161/64
f 1579/163/65 1580/162/65 1581/164/65
f 1582/164/65 1583/165/65 1584/163/65
f 1585/129/66 1586/166/66 1587/126/66
f 1588/131/67 1589/167/67 1590/129/67
f 1591/133/68 1592/168/68 1593/131/68
f 1594/135/69 1595/169/69 1596/133/69
f 1597/170/70 1598/171/70 1599/172/70
f 1600/172/71 1601/173/71 1602/174/71
f 1603/174/72 1604/175/72 1605/176/72
f 1606/176/73 1607/177/73 1608/178/73
f 1609/163/74 1610/165/74 1611/155/74
f 1612/155/74 1613/154/74 1614/163/74
f 1615/161/75 1616/163/75 1617/154/75
f 1618/154/75 1619/153/75 1620/161/75
f 1621/159/76 1622/161/76 1623/153/76
f 1624/153/76 1625/152/76 1626/159/76
f 1627/156/77 1628/159/77 1629/152/77
f 1630/152/78 1631/151/78 1632/156/78
f 1633/126/79 1634/129/79 1635/128/79
f 1636/128/80 1637/127/80 1638/126/80
f 1639/129/81 1640/131/81 1641/130/81
f 1642/130/81 1643/128/81 1644/129/81
f 1645/133/82 1646/132/82 1647/130/82
f 1648/130/82 1649/131/82 1650/133/82
f 1651/135/83 1652/134/83 1653/132/83
f 1654/132/84 1655/133/84 1656/135/84
f 1657/127/85 1658/128/85 1659/137/85
f 1660/137/85 1661/136/85 1662/127/85
f 1663/128/86 1664/130/86 1665/138/86
f 1666/138/87 1667/137/87 1668/128/87
f 1669/132/88 1670/139/88 1671/138/88
f 1672/138/89 1673/130/89 1674/132/89
f 1675/134/90 1676/140/90 1677/139/90
f 1678/139/90 1679/132/90 1680/134/90
f 1681/136/91 1682/137/91 1683/142/91
f 1684/142/91 1685/141/91 1686/136/91
f 1687/137/92 1688/138/92 1689/143/92
f 1690/143/93 1691/142/93 1692/137/93
f 1693/139/94 1694/144/94 1695/143/94
f 1696/143/94 1697/138/94 1698/139/94
f 1699/140/95 1700/145/95 1701/144/95
f 1702/144/95 1703/139/95 1704/140/95
f 1705/141/96 1706/142/96 1707/147/96
f 1708/147/96 1709/146/96 1710/141/96
f 1711/142/97 1712/143/97 1713/148/97
f 1714/148/97 1715/147/97 1716/142/97
f 1717/143/98 1718/144/98 1719/149/98
f 1720/149/99 1721/148/99 1722/143/99
f 1723/144/100 1724/145/100 1725/150/100
f 1726/150/101 1727/149/101 1728/144/101
f 1729/147/102 1730/152/102 1731/151/102
f 1732/151/103 1733/146/103 1734/147/103
f 1735/148/104 1736/153/104 1737/152/104
f 1738/152/104 1739/147/104 1740/148/104
f 1741/149/105 1742/154/105 1743/153/105
f 1744/153/105 1745/148/105 1746/149/105
f 1747/150/106 1748/155/106 1749/154/106
f 1750/154/106 1751/149/106 1752/150/106
f 1753/156/107 1754/159/107 1755/158/107
f 1756/158/107 1757/157/107 1758/156/107
f 1759/159/108 1760/161/108 1761/160/108
f 1762/160/108 1763/158/108 1764/159/108
f 1765/161/109 1766/163/109 1767/162/109
f 1768/162/110 1769/160/110 1770/161/110
f 1771/163/111 1772/165/111 1773/164/111
f 1774/164/111 1775/162/111 1776/163/111
f 1777/129/112 1778/126/112 1779/166/112
f 1780/131/113 1781/129/113 1782/167/113
f 1783/133/114 1784/131/114 1785/168/114
f 1786/135/115 1787/133/115 1788/169/115
f 1789/170/116 1790/172/116 1791/171/116
f 1792/172/117 1793/174/117 1794/173/117
f 1795/174/118 1796/176/118 1797/175/118
f 1798/176/119 1799/178/119 1800/177/119
f 1801/155/120 1802/165/120 1803/163/120
f 1804/163/120 1805/154/120 1806/155/120
f 1807/154/121 1808/163/121 1809/161/121
f 1810/161/121 1811/153/121 1812/154/121
f 1813/153/122 1814/161/122 1815/159/122
f 1816/159/122 1817/152/122 1818/153/122
f 1819/152/123 1820/159/123 1821/156/123
f 1822/156/124 1823/151/124 1824/152/124
f 1825/157/125 1826/170/125 1827/172/125
f 1828/172/126 1829/158/126 1830/157/126
f 1831/172/127 1832/170/127 1833/157/127
f 1834/157/127 1835/158/127 1836/172/127
f 1837/174/128 1838/172/128 1839/158/128
f 1840/158/129 1841/160/129 1842/174/129
f 1843/176/130 1844/174/130 1845/160/130
f 1846/160/131 1847/162/131 1848/176/131
f 1849/178/132 1850/176/132 1851/162/132
f 1852/162/133 1853/164/133 1854/178/133
f 1855/162/134 1856/176/134 1857/178/134
f 1858/178/135 1859/164/135 1860/162/135
f 1861/160/136 1862/174/136 1863/176/136
f 1864/176/137 1865/162/137 1866/160/137
f 1867/158/138 1868/172/138 1869/174/138
f 1870/174/138 1871/160/138 1872/158/138
f 1873/179/139 1874/180/139 1875/181/139
f 1876/181/139 1877/180/139 1878/182/139
f 1879/182/139 1880/180/139 1881/183/139
f 1882/183/139 1883/180/139 1884/184/139
f 1885/184/139 1886/180/139 1887/185/139
f 1888/185/139 1889/180/139 1890/186/139
f 1891/186/139 1892/180/139 1893/187/139
f 1894/187/139 1895/180/139 1896/188/139
f 1897/188/139 1898/180/139 1899/189/139
f 1900/189/139 1901/180/139 1902/190/139
f 1903/190/139 1904/180/139 1905/191/139
f 1906/191/139 1907/180/139 1908/179/139
f 1909/192/140 1910/193/140 1911/194/140
f 1912/194/141 1913/195/141 1914/192/141
f 1915/196/142 1916/192/142 1917/195/142
f 1918/195/143 1919/197/143 1920/196/143
f 1921/198/144 1922/196/144 1923/197/144
f 1924/197/145 1925/199/145 1926/198/145
f 1927/200/146 1928/198/146 1929/199/146
f 1930/199/147 1931/201/147 1932/200/147
f 1933/202/148 1934/200/148 1935/201/148
f 1936/201/149 1937/203/149 1938/202/149
f 1939/204/150 1940/202/150 1941/203/150
f 1942/203/151 1943/205/151 1944/204/151
f 1945/206/152 1946/204/152 1947/205/152
f 1948/205/152 1949/207/152 1950/206/152
f 1951/208/153 1952/206/153 1953/207/153
f 1954/207/153 1955/209/153 1956/208/153
f 1957/210/154 1958/208/154 1959/209/154
f 1960/209/155 1961/211/155 1962/210/155
f 1963/212/156 1964/210/156 1965/211/156
f 1966/211/157 1967/213/157 1968/212/157
f 1969/214/158 1970/212/158 1971/213/158
f 1972/213/159 1973/215/159 1974/214/159
f 1975/216/160 1976/214/160 1977/215/160
f 1978/215/161 1979/217/161 1980/216/161
f 1981/195/162 1982/194/162 1983/218/162
f 1984/218/163 1985/219/163 1986/195/163
f 1987/197/164 1988/195/164 1989/219/164
f 1990/219/164 1991/220/164 1992/197/164
f 1993/199/165 1994/197/165 1995/220/165
f 1996/220/165 1997/221/165 1998/199/165
f 1999/201/166 2000/199/166 2001/221/166
f 2002/221/166 2003/222/166 2004/201/166
f 2005/203/167 2006/201/167 2007/222/167
f 2008/222/167 2009/223/167 2010/203/167
f 2011/205/168 2012/203/168 2013/223/168
f 2014/223/168 2015/224/168 2016/205/168
f 2017/207/169 2018/205/169 2019/224/169
f 2020/224/169 2021/225/169 2022/207/169
f 2023/209/170 2024/207/170 2025/225/170
f 2026/225/170 2027/226/170 2028/209/170
f 2029/211/171 2030/209/171 2031/226/171
f 2032/226/171 2033/227/171 2034/211/171
f 2035/213/172 2036/211/172 2037/227/172
f 2038/227/172 2039/228/172 2040/213/172
f 2041/215/173 2042/213/173 2043/228/173
f 2044/228/173 2045/229/173 2046/215/173
f 2047/217/174 2048/215/174 2049/229/174
f 2050/229/174 2051/230/174 2052/217/174
f 2053/179/175 2054/181/175 2055/180/175
f 2056/181/176 2057/182/176 2058/180/176
f 2059/182/176 2060/183/176 2061/180/176
f 2062/183/176 2063/184/176 2064/180/176
f 2065/184/176 2066/185/176 2067/180/176
f 2068/185/176 2069/186/176 2070/180/176
f 2071/186/176 2072/187/176 2073/180/176
f 2074/187/176 2075/188/176 2076/180/176
f 2077/188/176 2078/189/176 2079/180/176
f 2080/189/175 2081/190/175 2082/180/175
f 2083/190/176 2084/191/176 2085/180/176
f 2086/191/176 2087/179/176 2088/180/176
f 2089/194/177 2090/193/177 2091/192/177
f 2092/192/178 2093/195/178 2094/194/178
f 2095/195/179 2096/192/179 2097/196/179
f 2098/196/180 2099/197/180 2100/195/180
f 2101/197/181 2102/196/181 2103/198/181
f 2104/198/182 2105/199/182 2106/197/182
f 2107/199/183 2108/198/183 2109/200/183
f 2110/200/184 2111/201/184 2112/199/184
f 2113/201/185 2114/200/185 2115/202/185
f 2116/202/186 2117/203/186 2118/201/186
f 2119/203/187 2120/202/187 2121/204/187
f 2122/204/188 2123/205/188 2124/203/188
f 2125/205/189 2126/204/189 2127/206/189
f 2128/206/190 2129/207/190 2130/205/190
f 2131/207/191 2132/206/191 2133/208/191
f 2134/208/191 2135/209/191 2136/207/191
f 2137/209/192 2138/208/192 2139/210/192
f 2140/210/193 2141/211/193 2142/209/193
f 2143/211/194 2144/210/194 2145/212/194
f 2146/212/195 2147/213/195 2148/211/195
f 2149/213/196 2150/212/196 2151/214/196
f 2152/214/197 2153/215/197 2154/213/197
f 2155/215/198 2156/214/198 2157/216/198
f 2158/216/199 2159/217/199 2160/215/199
f 2161/218/163 2162/194/163 2163/195/163
f 2164/195/163 2165/219/163 2166/218/163
f 2167/219/164 2168/195/164 2169/197/164
f 2170/197/164 2171/220/164 2172/219/164
f 2173/220/165 2174/197/165 2175/199/165
f 2176/199/165 2177/221/165 2178/220/165
f 2179/221/166 2180/199/166 2181/201/166
f 2182/201/166 2183/222/166 2184/221/166
f 2185/222/167 2186/201/167 2187/203/167
f 2188/203/167 2189/223/167 2190/222/167
f 2191/223/168 2192/203/168 2193/205/168
f 2194/205/168 2195/224/168 2196/223/168
f 2197/224/169 2198/205/169 2199/207/169
f 2200/207/169 2201/225/169 2202/224/169
f 2203/225/170 2204/207/170 2205/209/170
f 2206/209/170 2207/226/170 2208/225/170
f 2209/226/171 2210/209/171 2211/211/171
f 2212/211/171 2213/227/171 2214/226/171
f 2215/227/172 2216/211/172 2217/213/172
f 2218/213/172 2219/228/172 2220/227/172
f 2221/228/173 2222/213/173 2223/215/173
f 2224/215/173 2225/229/173 2226/228/173
f 2227/229/174 2228/215/174 2229/217/174
f 2230/217/174 2231/230/174 2232/229/174
f 2233/126/200 2234/129/200 2235/128/200
f 2236/128/201 2237/127/201 2238/126/201
f 2239/129/202 2240/131/202 2241/130/202
f 2242/130/203 2243/128/203 2244/129/203
f 2245/133/204 2246/132/204 2247/130/204
f 2248/130/204 2249/131/204 2250/133/204
f 2251/135/205 2252/134/205 2253/132/205
f 2254/132/206 2255/133/206 2256/135/206
f 2257/127/207 2258/128/207 2259/137/207
f 2260/137/208 2261/136/208 2262/127/208
f 2263/128/209 2264/130/209 2265/138/209
f 2266/138/210 2267/137/210 2268/128/210
f 2269/132/211 2270/139/211 2271/138/211
f 2272/138/212 2273/130/212 2274/132/212
f 2275/134/213 2276/140/213 2277/139/213
f 2278/139/213 2279/132/213 2280/134/213
f 2281/136/214 2282/137/214 2283/142/214
f 2284/142/214 2285/141/214 2286/136/214
f 2287/137/215 2288/138/215 2289/143/215
f 2290/143/215 2291/142/215 2292/137/215
f 2293/139/216 2294/144/216 2295/143/216
f 2296/143/216 2297/138/216 2298/139/216
f 2299/140/217 2300/145/217 2301/144/217
f 2302/144/217 2303/139/217 2304/140/217
f 2305/141/218 2306/142/218 2307/147/218
f 2308/147/218 2309/146/218 2310/141/218
f 2311/142/219 2312/143/219 2313/148/219
f 2314/148/219 2315/147/219 2316/142/219
f 2317/143/220 2318/144/220 2319/149/220
f 2320/149/220 2321/148/220 2322/143/220
f 2323/144/221 2324/145/221 2325/150/221
f 2326/150/222 2327/149/222 2328/144/222
f 2329/147/223 2330/152/223 2331/151/223
f 2332/151/224 2333/146/224 2334/147/224
f 2335/148/225 2336/153/225 2337/152/225
f 2338/152/225 2339/147/225 2340/148/225
f 2341/149/226 2342/154/226 2343/153/226
f 2344/153/226 2345/148/226 2346/149/226
f 2347/150/227 2348/155/227 2349/154/227
f 2350/154/227 2351/149/227 2352/150/227
f 2353/156/228 2354/159/228 2355/158/228
f 2356/158/228 2357/157/228 2358/156/228
f 2359/159/219 2360/161/219 2361/160/219
f 2362/160/229 2363/158/229 2364/159/229
f 2365/161/230 2366/163/230 2367/162/230
f 2368/162/231 2369/160/231 2370/161/231
f 2371/163/232 2372/165/232 2373/164/232
f 2374/164/232 2375/162/232 2376/163/232
f 2377/129/233 2378/126/233 2379/166/233
f 2380/131/234 2381/129/234 2382/167/234
f 2383/133/235 2384/131/235 2385/168/235
f 2386/135/236 2387/133/236 2388/169/236
f 2389/170/237 2390/172/237 2391/171/237
f 2392/172/238 2393/174/238 2394/173/238
f 2395/174/239 2396/176/239 2397/175/239
f 2398/176/240 2399/178/240 2400/177/240
f 2401/155/241 2402/165/241 2403/163/241
f 2404/163/241 2405/154/241 2406/155/241
f 2407/154/242 2408/163/242 2409/161/242
f 2410/161/242 2411/153/242 2412/154/242
f 2413/153/243 2414/161/243 2415/159/243
f 2416/159/243 2417/152/243 2418/153/243
f 2419/152/244 2420/159/244 2421/156/244
f 2422/156/245 2423/151/245 2424/152/245
f 2425/126/246 2426/127/246 2427/128/246
f 2428/128/247 2429/129/247 2430/126/247
f 2431/129/248 2432/128/248 2433/130/248
f 2434/130/248 2435/131/248 2436/129/248
f 2437/130/249 2438/132/249 2439/133/249
f 2440/133/249 2441/131/249 2442/130/249
f 2443/132/250 2444/134/250 2445/135/250
f 2446/135/251 2447/133/251 2448/132/251
f 2449/127/252 2450/136/252 2451/137/252
f 2452/137/252 2453/128/252 2454/127/252
f 2455/128/253 2456/137/253 2457/138/253
f 2458/138/254 2459/130/254 2460/128/254
f 2461/138/255 2462/139/255 2463/132/255
f 2464/132/256 2465/130/256 2466/138/256
f 2467/139/257 2468/140/257 2469/134/257
f 2470/134/257 2471/132/257 2472/139/257
f 2473/136/258 2474/141/258 2475/142/258
f 2476/142/258 2477/137/258 2478/136/258
f 2479/137/259 2480/142/259 2481/143/259
f 2482/143/259 2483/138/259 2484/137/259
f 2485/143/260 2486/144/260 2487/139/260
f 2488/139/260 2489/138/260 2490/143/260
f 2491/144/261 2492/145/261 2493/140/261
f 2494/140/261 2495/139/261 2496/144/261
f 2497/141/262 2498/146/262 2499/147/262
f 2500/147/262 2501/142/262 2502/141/262
f 2503/142/263 2504/147/263 2505/148/263
f 2506/148/263 2507/143/263 2508/142/263
f 2509/143/264 2510/148/264 2511/149/264
f 2512/149/265 2513/144/265 2514/143/265
f 2515/144/266 2516/149/266 2517/150/266
f 2518/150/267 2519/145/267 2520/144/267
f 2521/151/268 2522/152/268 2523/147/268
f 2524/147/269 2525/146/269 2526/151/269
f 2527/152/270 2528/153/270 2529/148/270
f 2530/148/270 2531/147/270 2532/152/270
f 2533/153/271 2534/154/271 2535/149/271
f 2536/149/271 2537/148/271 2538/153/271
f 2539/154/272 2540/155/272 2541/150/272
f 2542/150/272 2543/149/272 2544/154/272
f 2545/156/273 2546/157/273 2547/158/273
f 2548/158/273 2549/159/273 2550/156/273
f 2551/159/274 2552/158/274 2553/160/274
f 2554/160/274 2555/161/274 2556/159/274
f 2557/161/275 2558/160/275 2559/162/275
f 2560/162/276 2561/163/276 2562/161/276
f 2563/163/277 2564/162/277 2565/164/277
f 2566/164/277 2567/165/277 2568/163/277
f 2569/129/278 2570/166/278 2571/126/278
f 2572/131/279 2573/167/279 2574/129/279
f 2575/133/280 2576/168/280 2577/131/280
f 2578/135/281 2579/169/281 2580/133/281
f 2581/170/282 2582/171/282 2583/172/282
f 2584/172/283 2585/173/283 2586/174/283
f 2587/174/284 2588/175/284 2589/176/284
f 2590/176/285 2591/177/285 2592/178/285
f 2593/163/286 2594/165/286 2595/155/286
f 2596/155/286 2597/154/286 2598/163/286
f 2599/161/287 2600/163/287 2601/154/287
f 2602/154/287 2603/153/287 2604/161/287
f 2605/159/288 2606/161/288 2607/153/288
f 2608/153/288 2609/152/288 2610/159/288
f 2611/156/289 2612/159/289 2613/152/289
f 2614/152/290 2615/151/290 2616/156/290
f 2617/157/291 2618/158/291 2619/172/291
f 2620/172/291 2621/170/291 2622/157/291
f 2623/157/292 2624/170/292 2625/172/292
f 2626/172/292 2627/158/292 2628/157/292
f 2629/158/293 2630/172/293 2631/174/293
f 2632/174/294 2633/160/294 2634/158/294
f 2635/160/295 2636/174/295 2637/176/295
f 2638/176/295 2639/162/295 2640/160/295
f 2641/162/296 2642/176/296 2643/178/296
f 2644/178/297 2645/164/297 2646/162/297
f 2647/162/298 2648/164/298 2649/178/298
f 2650/178/299 2651/176/299 2652/162/299
f 2653/160/300 2654/162/300 2655/176/300
f 2656/176/301 2657/174/301 2658/160/301
f 2659/158/302 2660/160/302 2661/174/302
f 2662/174/303 2663/172/303 2664/158/303
f 2665/179/304 2666/181/304 2667/180/304
f 2668/181/304 2669/182/304 2670/180/304
f 2671/182/304 2672/183/304 2673/180/304
f 2674/183/304 2675/184/304 2676/180/304
f 2677/184/304 2678/185/304 2679/180/304
f 2680/185/304 2681/186/304 2682/180/304
f 2683/186/304 2684/187/304 2685/180/304
f 2686/187/304 2687/188/304 2688/180/304
f 2689/188/304 2690/189/304 2691/180/304
f 2692/189/304 2693/190/304 2694/180/304
f 2695/190/304 2696/191/304 2697/180/304
f 2698/191/304 2699/179/304 2700/180/304
f 2701/194/305 2702/193/305 2703/192/305
f 2704/192/306 2705/195/306 2706/194/306
f 2707/195/307 2708/192/307 2709/196/307
f 2710/196/308 2711/197/308 2712/195/308
f 2713/197/309 2714/196/309 2715/198/309
f 2716/198/310 2717/199/310 2718/197/310
f 2719/199/311 2720/198/311 2721/200/311
f 2722/200/312 2723/201/312 2724/199/312
f 2725/201/313 2726/200/313 2727/202/313
f 2728/202/314 2729/203/314 2730/201/314
f 2731/203/315 2732/202/315 2733/204/315
f 2734/204/316 2735/205/316 2736/203/316
f 2737/205/317 2738/204/317 2739/206/317
f 2740/206/317 2741/207/317 2742/205/317
f 2743/207/318 2744/206/318 2745/208/318
f 2746/208/318 2747/209/318 2748/207/318
f 2749/209/319 2750/208/319 2751/210/319
f 2752/210/320 2753/211/320 2754/209/320
f 2755/211/321 2756/210/321 2757/212/321
f 2758/212/322 2759/213/322 2760/211/322
f 2761/213/323 2762/212/323 2763/214/323
f 2764/214/324 2765/215/324 2766/213/324
f 2767/215/325 2768/214/325 2769/216/325
f 2770/216/326 2771/217/326 2772/215/326
f 2773/218/327 2774/194/327 2775/195/327
f 2776/195/328 2777/219/328 2778/218/328
f 2779/219/329 2780/195/329 2781/197/329
f 2782/197/329 2783/220/329 2784/219/329
f 2785/220/330 2786/197/330 2787/199/330
f 2788/199/330 2789/221/330 2790/220/330
f 2791/221/331 2792/199/331 2793/201/331
f 2794/201/331 2795/222/331 2796/221/331
f 2797/222/332 2798/201/332 2799/203/332
f 2800/203/332 2801/223/332 2802/222/332
f 2803/223/333 2804/203/333 2805/205/333
f 2806/205/333 2807/224/333 2808/223/333
f 2809/224/334 2810/205/334 2811/207/334
f 2812/207/334 2813/225/334 2814/224/334
f 2815/225/335 2816/207/335 2817/209/335
f 2818/209/335 2819/226/335 2820/225/335
f 2821/226/336 2822/209/336 2823/211/336
f 2824/211/336 2825/227/336 2826/226/336
f 2827/227/337 2828/211/337 2829/213/337
f 2830/213/337 2831/228/337 2832/227/337
f 2833/228/338 2834/213/338 2835/215/338
f 2836/215/338 2837/229/338 2838/228/338
f 2839/229/339 2840/215/339 2841/217/339
f 2842/217/339 2843/230/339 2844/229/339
f 2845/179/340 2846/180/340 2847/181/340
f 2848/181/341 2849/180/341 2850/182/341
f 2851/182/341 2852/180/341 2853/183/341
f 2854/183/341 2855/180/341 2856/184/341
f 2857/184/341 2858/180/341 2859/185/341
f 2860/185/341 2861/180/341 2862/186/341
f 2863/186/341 2864/180/341 2865/187/341
f 2866/187/341 2867/180/341 2868/188/341
f 2869/188/341 2870/180/341 2871/189/341
f 2872/189/340 2873/180/340 2874/190/340
f 2875/190/341 2876/180/341 2877/191/341
f 2878/191/341 2879/180/341 2880/179/341
f 2881/192/342 2882/193/342 2883/194/342
f 2884/194/343 2885/195/343 2886/192/343
f 2887/196/344 2888/192/344 2889/195/344
f 2890/195/345 2891/197/345 2892/196/345
f 2893/198/346 2894/196/346 2895/197/346
f 2896/197/347 2897/199/347 2898/198/347
f 2899/200/348 2900/198/348 2901/199/348
f 2902/199/349 2903/201/349 2904/200/349
f 2905/202/350 2906/200/350 2907/201/350
f 2908/201/350 2909/203/350 2910/202/350
f 2911/204/351 2912/202/351 2913/203/351
f 2914/203/352 2915/205/352 2916/204/352
f 2917/206/353 2918/204/353 2919/205/353
f 2920/205/354 2921/207/354 2922/206/354
f 2923/208/355 2924/206/355 2925/207/355
f 2926/207/355 2927/209/355 2928/208/355
f 2929/210/356 2930/208/356 2931/209/356
f 2932/209/357 2933/211/357 2934/210/357
f 2935/212/358 2936/210/358 2937/211/358
f 2938/211/359 2939/213/359 2940/212/359
f 2941/214/360 2942/212/360 2943/213/360
f 2944/213/361 2945/215/361 2946/214/361
f 2947/216/362 2948/214/362 2949/215/362
f 2950/215/363 2951/217/363 2952/216/363
f 2953/195/328 2954/194/328 2955/218/328
f 2956/218/328 2957/219/328 2958/195/328
f 2959/197/329 2960/195/329 2961/219/329
f 2962/219/329 2963/220/329 2964/197/329
f 2965/199/330 2966/197/330 2967/220/330
f 2968/220/330 2969/221/330 2970/199/330
f 2971/201/331 2972/199/331 2973/221/331
f 2974/221/331 2975/222/331 2976/201/331
f 2977/203/332 2978/201/332 2979/222/332
f 2980/222/332 2981/223/332 2982/203/332
f 2983/205/333 2984/203/333 2985/223/333
f 2986/223/333 2987/224/333 2988/205/333
f 2989/207/334 2990/205/334 2991/224/334
f 2992/224/334 2993/225/334 2994/207/334
f 2995/209/335 2996/207/335 2997/225/335
f 2998/225/335 2999/226/335 3000/209/335
f 3001/211/336 3002/209/336 3003/226/336
f 3004/226/336 3005/227/336 3006/211/336
f 3007/213/337 3008/211/337 3009/227/337
f 3010/227/337 3011/228/337 3012/213/337
f 3013/215/338 3014/213/338 3015/228/338
f 3016/228/338 3017/229/338 3018/215/338
f 3019/217/339 3020/215/339 3021/229/339
f 3022/229/339 3023/230/339 3024/217/339
f 3025/126/364 3026/129/364 3027/128/364
f 3028/128/365 3029/127/365 3030/126/365
f 3031/129/366 3032/131/366 3033/130/366
f 3034/130/367 3035/128/367 3036/129/367
f 3037/133/368 3038/132/368 3039/130/368
f 3040/130/369 3041/131/369 3042/133/369
f 3043/135/370 3044/134/370 3045/132/370
f 3046/132/370 3047/133/370 3048/135/370
f 3049/127/371 3050/128/371 3051/137/371
f 3052/137/372 3053/136/372 3054/127/372
f 3055/128/373 3056/130/373 3057/138/373
f 3058/138/374 3059/137/374 3060/128/374
f 3061/132/375 3062/139/375 3063/138/375
f 3064/138/376 3065/130/376 3066/132/376
f 3067/134/377 3068/140/377 3069/139/377
f 3070/139/377 3071/132/377 3072/134/377
f 3073/136/378 3074/137/378 3075/142/378
f 3076/142/378 3077/141/378 3078/136/378
f 3079/137/379 3080/138/379 3081/143/379
f 3082/143/379 3083/142/379 3084/137/379
f 3085/139/380 3086/144/380 3087/143/380
f 3088/143/380 3089/138/380 3090/139/380
f 3091/140/381 3092/145/381 3093/144/381
f 3094/144/381 3095/139/381 3096/140/381
f 3097/141/382 3098/142/382 3099/147/382
f 3100/147/382 3101/146/382 3102/141/382
f 3103/142/383 3104/143/383 3105/148/383
f 3106/148/383 3107/147/383 3108/142/383
f 3109/143/384 3110/144/384 3111/149/384
f 3112/149/384 3113/148/384 3114/143/384
f 3115/144/385 3116/145/385 3117/150/385
f 3118/150/386 3119/149/386 3120/144/386
f 3121/147/387 3122/152/387 3123/151/387
f 3124/151/388 3125/146/388 3126/147/388
f 3127/148/389 3128/153/389 3129/152/389
f 3130/152/389 3131/147/389 3132/148/389
f 3133/149/390 3134/154/390 3135/153/390
f 3136/153/390 3137/148/390 3138/149/390
f 3139/150/391 3140/155/391 3141/154/391
f 3142/154/391 3143/149/391 3144/150/391
f 3145/156/392 3146/159/392 3147/158/392
f 3148/158/393 3149/157/393 3150/156/393
f 3151/159/383 3152/161/383 3153/160/383
f 3154/160/383 3155/158/383 3156/159/383
f 3157/161/394 3158/163/394 3159/162/394
f 3160/162/395 3161/160/395 3162/161/395
f 3163/163/396 3164/165/396 3165/164/396
f 3166/164/396 3167/162/396 3168/163/396
f 3169/129/397 3170/126/397 3171/166/397
f 3172/131/398 3173/129/398 3174/167/398
f 3175/133/399 3176/131/399 3177/168/399
f 3178/135/400 3179/133/400 3180/169/400
f 3181/170/401 3182/172/401 3183/171/401
f 3184/172/402 3185/174/402 3186/173/402
f 3187/174/403 3188/176/403 3189/175/403
f 3190/176/404 3191/178/404 3192/177/404
f 3193/155/405 3194/165/405 3195/163/405
f 3196/163/405 3197/154/405 3198/155/405
f 3199/154/406 3200/163/406 3201/161/406
f 3202/161/406 3203/153/406 3204/154/406
f 3205/153/407 3206/161/407 3207/159/407
f 3208/159/407 3209/152/407 3210/153/407
f 3211/152/408 3212/159/408 3213/156/408
f 3214/156/409 3215/151/409 3216/152/409
f 3217/126/410 3218/127/410 3219/128/410
f 3220/128/411 3221/129/411 3222/126/411
f 3223/129/412 3224/128/412 3225/130/412
f 3226/130/412 3227/131/412 3228/129/412
f 3229/130/413 3230/132/413 3231/133/413
f 3232/133/413 3233/131/413 3234/130/413
f 3235/132/414 3236/134/414 3237/135/414
f 3238/135/415 3239/133/415 3240/132/415
f 3241/127/416 3242/136/416 3243/137/416
f 3244/137/416 3245/128/416 3246/127/416
f 3247/128/417 3248/137/417 3249/138/417
f 3250/138/418 3251/130/418 3252/128/418
f 3253/138/419 3254/139/419 3255/132/419
f 3256/132/420 3257/130/420 3258/138/420
f 3259/139/421 3260/140/421 3261/134/421
f 3262/134/421 3263/132/421 3264/139/421
f 3265/136/422 3266/141/422 3267/142/422
f 3268/142/422 3269/137/422 3270/136/422
f 3271/137/423 3272/142/423 3273/143/423
f 3274/143/423 3275/138/423 3276/137/423
f 3277/143/424 3278/144/424 3279/139/424
f 3280/139/424 3281/138/424 3282/143/424
f 3283/144/425 3284/145/425 3285/140/425
f 3286/140/425 3287/139/425 3288/144/425
f 3289/141/426 3290/146/426 3291/147/426
f 3292/147/426 3293/142/426 3294/141/426
f 3295/142/427 3296/147/427 3297/148/427
f 3298/148/428 3299/143/428 3300/142/428
f 3301/143/429 3302/148/429 3303/149/429
f 3304/149/430 3305/144/430 3306/143/430
f 3307/144/431 3308/149/431 3309/150/431
f 3310/150/432 3311/145/432 3312/144/432
f 3313/151/433 3314/152/433 3315/147/433
f 3316/147/434 3317/146/434 3318/151/434
f 3319/152/435 3320/153/435 3321/148/435
f 3322/148/435 3323/147/435 3324/152/435
f 3325/153/436 3326/154/436 3327/149/436
f 3328/149/436 3329/148/436 3330/153/436
f 3331/154/437 3332/155/437 3333/150/437
f 3334/150/437 3335/149/437 3336/154/437
f 3337/156/438 3338/157/438 3339/158/438
f 3340/158/438 3341/159/438 3342/156/438
f 3343/159/427 3344/158/427 3345/160/427
f 3346/160/427 3347/161/427 3348/159/427
f 3349/161/439 3350/160/439 3351/162/439
f 3352/162/440 3353/163/440 3354/161/440
f 3355/163/441 3356/162/441 3357/164/441
f 3358/164/441 3359/165/441 3360/163/441
f 3361/129/442 3362/166/442 3363/126/442
f 3364/131/443 3365/167/443 3366/129/443
f 3367/133/444 3368/168/444 3369/131/444
f 3370/135/445 3371/169/445 3372/133/445
f 3373/170/446 3374/171/446 3375/172/446
f 3376/172/447 3377/173/447 3378/174/447
f 3379/174/448 3380/175/448 3381/176/448
f 3382/176/449 3383/177/449 3384/178/449
f 3385/163/450 3386/165/450 3387/155/450
f 3388/155/450 3389/154/450 3390/163/450
f 3391/161/451 3392/163/451 3393/154/451
f 3394/154/451 3395/153/451 3396/161/451
f 3397/159/452 3398/161/452 3399/153/452
f 3400/153/452 3401/152/452 3402/159/452
f 3403/156/453 3404/159/453 3405/152/453
f 3406/152/454 3407/151/454 3408/156/454
f 3409/157/455 3410/158/455 3411/172/455
f 3412/172/456 3413/170/456 3414/157/456
f 3415/157/457 3416/170/457 3417/172/457
f 3418/172/457 3419/158/457 3420/157/457
f 3421/158/458 3422/172/458 3423/174/458
f 3424/174/459 3425/160/459 3426/158/459
f 3427/160/460 3428/174/460 3429/176/460
f 3430/176/461 3431/162/461 3432/160/461
f 3433/162/462 3434/176/462 3435/178/462
f 3436/178/463 3437/164/463 3438/162/463
f 3439/162/464 3440/164/464 3441/178/464
f 3442/178/465 3443/176/465 3444/162/465
f 3445/160/466 3446/162/466 3447/176/466
f 3448/176/467 3449/174/467 3450/160/467
f 3451/158/468 3452/160/468 3453/174/468
f 3454/174/468 3455/172/468 3456/158/468
f 3457/179/341 3458/181/341 3459/180/341
f 3460/181/341 3461/182/341 3462/180/341
f 3463/182/341 3464/183/341 3465/180/341
f 3466/183/341 3467/184/341 3468/180/341
f 3469/184/341 3470/185/341 3471/180/341
f 3472/185/341 3473/186/341 3474/180/341
f 3475/186/341 3476/187/341 3477/180/341
f 3478/187/341 3479/188/341 3480/180/341
f 3481/188/341 3482/189/341 3483/180/341
f 3484/189/341 3485/190/341 3486/180/341
f 3487/190/341 3488/191/341 3489/180/341
f 3490/191/341 3491/179/341 3492/180/341
f 3493/194/469 3494/193/469 3495/192/469
f 3496/192/470 3497/195/470 3498/194/470
f 3499/195/353 3500/192/353 3501/196/353
f 3502/196/471 3503/197/471 3504/195/471
f 3505/197/351 3506/196/351 3507/198/351
f 3508/198/472 3509/199/472 3510/197/472
f 3511/199/350 3512/198/350 3513/200/350
f 3514/200/473 3515/201/473 3516/199/473
f 3517/201/474 3518/200/474 3519/202/474
f 3520/202/349 3521/203/349 3522/201/349
f 3523/203/475 3524/202/475 3525/204/475
f 3526/204/347 3527/205/347 3528/203/347
f 3529/205/476 3530/204/476 3531/206/476
f 3532/206/476 3533/207/476 3534/205/476
f 3535/207/343 3536/206/343 3537/208/343
f 3538/208/343 3539/209/343 3540/207/343
f 3541/209/477 3542/208/477 3543/210/477
f 3544/210/363 3545/211/363 3546/209/363
f 3547/211/360 3548/210/360 3549/212/360
f 3550/212/478 3551/213/478 3552/211/478
f 3553/213/479 3554/212/479 3555/214/479
f 3556/214/359 3557/215/359 3558/213/359
f 3559/215/480 3560/214/480 3561/216/480
f 3562/216/357 3563/217/357 3564/215/357
f 3565/218/481 3566/194/481 3567/195/481
f 3568/195/335 3569/219/335 3570/218/335
f 3571/219/334 3572/195/334 3573/197/334
f 3574/197/334 3575/220/334 3576/219/334
f 3577/220/333 3578/197/333 3579/199/333
f 3580/199/333 3581/221/333 3582/220/333
f 3583/221/332 3584/199/332 3585/201/332
f 3586/201/332 3587/222/332 3588/221/332
f 3589/222/331 3590/201/331 3591/203/331
f 3592/203/331 3593/223/331 3594/222/331
f 3595/223/330 3596/203/330 3597/205/330
f 3598/205/330 3599/224/330 3600/223/330
f 3601/224/329 3602/205/329 3603/207/329
f 3604/207/329 3605/225/329 3606/224/329
f 3607/225/328 3608/207/328 3609/209/328
f 3610/209/328 3611/226/328 3612/225/328
f 3613/226/339 3614/209/339 3615/211/339
f 3616/211/339 3617/227/339 3618/226/339
f 3619/227/338 3620/211/338 3621/213/338
f 3622/213/338 3623/228/338 3624/227/338
f 3625/228/337 3626/213/337 3627/215/337
f 3628/215/337 3629/229/337 3630/228/337
f 3631/229/336 3632/215/336 3633/217/336
f 3634/217/336 3635/230/336 3636/229/336
f 3637/179/304 3638/180/304 3639/181/304
f 3640/181/304 3641/180/304 3642/182/304
f 3643/182/304 3644/180/304 3645/183/304
f 3646/183/304 3647/180/304 3648/184/304
f 3649/184/304 3650/180/304 3651/185/304
f 3652/185/304 3653/180/304 3654/186/304
f 3655/186/304 3656/180/304 3657/187/304
f 3658/187/304 3659/180/304 3660/188/304
f 3661/188/304 3662/180/304 3663/189/304
f 3664/189/304 3665/180/304 3666/190/304
f 3667/190/304 3668/180/304 3669/191/304
f 3670/191/304 3671/180/304 3672/179/304
f 3673/192/482 3674/193/482 3675/194/482
f 3676/194/318 3677/195/318 3678/192/318
f 3679/196/483 3680/192/483 3681/195/483
f 3682/195/484 3683/197/484 3684/196/484
f 3685/198/485 3686/196/485 3687/197/485
f 3688/197/316 3689/199/316 3690/198/316
f 3691/200/486 3692/198/486 3693/199/486
f 3694/199/314 3695/201/314 3696/200/314
f 3697/202/311 3698/200/311 3699/201/311
f 3700/201/311 3701/203/311 3702/202/311
f 3703/204/309 3704/202/309 3705/203/309
f 3706/203/487 3707/205/487 3708/204/487
f 3709/206/488 3710/204/488 3711/205/488
f 3712/205/489 3713/207/489 3714/206/489
f 3715/208/490 3716/206/490 3717/207/490
f 3718/207/490 3719/209/490 3720/208/490
f 3721/210/491 3722/208/491 3723/209/491
f 3724/209/326 3725/211/326 3726/210/326
f 3727/212/492 3728/210/492 3729/211/492
f 3730/211/324 3731/213/324 3732/212/324
f 3733/214/493 3734/212/493 3735/213/493
f 3736/213/494 3737/215/494 3738/214/494
f 3739/216/495 3740/214/495 3741/215/495
f 3742/215/320 3743/217/320 3744/216/320
f 3745/195/335 3746/194/335 3747/218/335
f 3748/218/335 3749/219/335 3750/195/335
f 3751/197/334 3752/195/334 3753/219/334
f 3754/219/334 3755/220/334 3756/197/334
f 3757/199/333 3758/197/333 3759/220/333
f 3760/220/333 3761/221/333 3762/199/333
f 3763/201/332 3764/199/332 3765/221/332
f 3766/221/332 3767/222/332 3768/201/332
f 3769/203/331 3770/201/331 3771/222/331
f 3772/222/331 3773/223/331 3774/203/331
f 3775/205/330 3776/203/330 3777/223/330
f 3778/223/330 3779/224/330 3780/205/330
f 3781/207/329 3782/205/329 3783/224/329
f 3784/224/329 3785/225/329 3786/207/329
f 3787/209/328 3788/207/328 3789/225/328
f 3790/225/328 3791/226/328 3792/209/328
f 3793/211/339 3794/209/339 3795/226/339
f 3796/226/339 3797/227/339 3798/211/339
f 3799/213/338 3800/211/338 3801/227/338
f 3802/227/338 3803/228/338 3804/213/338
f 3805/215/337 3806/213/337 3807/228/337
f 3808/228/337 3809/229/337 3810/215/337
f 3811/217/336 3812/215/336 3813/229/336
f 3814/229/336 3815/230/336 3816/217/336
f 3817/126/496 3818/127/496 3819/128/496
f 3820/128/497 3821/129/497 3822/126/497
f 3823/129/498 3824/128/498 3825/130/498
f 3826/130/499 3827/131/499 3828/129/499
f 3829/130/500 3830/132/500 3831/133/500
f 3832/133/500 3833/131/500 3834/130/500
f 3835/132/501 3836/134/501 3837/135/501
f 3838/135/502 3839/133/502 3840/132/502
f 3841/127/503 3842/136/503 3843/137/503
f 3844/137/504 3845/128/504 3846/127/504
f 3847/128/505 3848/137/505 3849/138/505
f 3850/138/506 3851/130/506 3852/128/506
f 3853/138/507 3854/139/507 3855/132/507
f 3856/132/508 3857/130/508 3858/138/508
f 3859/139/509 3860/140/509 3861/134/509
f 3862/134/509 3863/132/509 3864/139/509
f 3865/136/510 3866/141/510 3867/142/510
f 3868/142/510 3869/137/510 3870/136/510
f 3871/137/511 3872/142/511 3873/143/511
f 3874/143/511 3875/138/511 3876/137/511
f 3877/143/512 3878/144/512 3879/139/512
f 3880/139/512 3881/138/512 3882/143/512
f 3883/144/513 3884/145/513 3885/140/513
f 3886/140/513 3887/139/513 3888/144/513
f 3889/141/514 3890/146/514 3891/147/514
f 3892/147/514 3893/142/514 3894/141/514
f 3895/142/515 3896/147/515 3897/148/515
f 3898/148/515 3899/143/515 3900/142/515
f 3901/143/516 3902/148/516 3903/149/516
f 3904/149/516 3905/144/516 3906/143/516
f 3907/144/517 3908/149/517 3909/150/517
f 3910/150/518 3911/145/518 3912/144/518
f 3913/151/519 3914/152/519 3915/147/519
f 3916/147/520 3917/146/520 3918/151/520
f 3919/152/521 3920/153/521 3921/148/521
f 3922/148/521 3923/147/521 3924/152/521
f 3925/153/522 3926/154/522 3927/149/522
f 3928/149/522 3929/148/522 3930/153/522
f 3931/154/523 3932/155/523 3933/150/523
f 3934/150/523 3935/149/523 3936/154/523
f 3937/156/524 3938/157/524 3939/158/524
f 3940/158/524 3941/159/524 3942/156/524
f 3943/159/525 3944/158/525 3945/160/525
f 3946/160/515 3947/161/515 3948/159/515
f 3949/161/526 3950/160/526 3951/162/526
f 3952/162/527 3953/163/527 3954/161/527
f 3955/163/528 3956/162/528 3957/164/528
f 3958/164/528 3959/165/528 3960/163/528
f 3961/129/529 3962/166/529 3963/126/529
f 3964/131/530 3965/167/530 3966/129/530
f 3967/133/531 3968/168/531 3969/131/531
f 3970/135/532 3971/169/532 3972/133/532
f 3973/170/533 3974/171/533 3975/172/533
f 3976/172/534 3977/173/534 3978/174/534
f 3979/174/535 3980/175/535 3981/176/535
f 3982/176/536 3983/177/536 3984/178/536
f 3985/163/537 3986/165/537 3987/155/537
f 3988/155/537 3989/154/537 3990/163/537
f 3991/161/538 3992/163/538 3993/154/538
f 3994/154/538 3995/153/538 3996/161/538
f 3997/159/539 3998/161/539 3999/153/539
f 4000/153/539 4001/152/539 4002/159/539
f 4003/156/540 4004/159/540 4005/152/540
f 4006/152/541 4007/151/541 4008/156/541
f 4009/126/542 4010/129/542 4011/128/542
f 4012/128/543 4013/127/543 4014/126/543
f 4015/129/544 4016/131/544 4017/130/544
f 4018/130/544 4019/128/544 4020/129/544
f 4021/133/545 4022/132/545 4023/130/545
f 4024/130/546 4025/131/546 4026/133/546
f 4027/135/547 4028/134/547 4029/132/547
f 4030/132/548 4031/133/548 4032/135/548
f 4033/127/549 4034/128/549 4035/137/549
f 4036/137/549 4037/136/549 4038/127/549
f 4039/128/550 4040/130/550 4041/138/550
f 4042/138/551 4043/137/551 4044/128/551
f 4045/132/552 4046/139/552 4047/138/552
f 4048/138/553 4049/130/553 4050/132/553
f 4051/134/554 4052/140/554 4053/139/554
f 4054/139/554 4055/132/554 4056/134/554
f 4057/136/555 4058/137/555 4059/142/555
f 4060/142/555 4061/141/555 4062/136/555
f 4063/137/556 4064/138/556 4065/143/556
f 4066/143/556 4067/142/556 4068/137/556
f 4069/139/557 4070/144/557 4071/143/557
f 4072/143/557 4073/138/557 4074/139/557
f 4075/140/558 4076/145/558 4077/144/558
f 4078/144/558 4079/139/558 4080/140/558
f 4081/141/559 4082/142/559 4083/147/559
f 4084/147/559 4085/146/559 4086/141/559
f 4087/142/560 4088/143/560 4089/148/560
f 4090/148/561 4091/147/561 4092/142/561
f 4093/143/562 4094/144/562 4095/149/562
f 4096/149/563 4097/148/563 4098/143/563
f 4099/144/564 4100/145/564 4101/150/564
f 4102/150/565 4103/149/565 4104/144/565
f 4105/147/566 4106/152/566 4107/151/566
f 4108/151/567 4109/146/567 4110/147/567
f 4111/148/568 4112/153/568 4113/152/568
f 4114/152/568 4115/147/568 4116/148/568
f 4117/149/569 4118/154/569 4119/153/569
f 4120/153/569 4121/148/569 4122/149/569
f 4123/150/570 4124/155/570 4125/154/570
f 4126/154/570 4127/149/570 4128/150/570
f 4129/156/571 4130/159/571 4131/158/571
f 4132/158/571 4133/157/571 4134/156/571
f 4135/159/561 4136/161/561 4137/160/561
f 4138/160/561 4139/158/561 4140/159/561
f 4141/161/572 4142/163/572 4143/162/572
f 4144/162/573 4145/160/573 4146/161/573
f 4147/163/574 4148/165/574 4149/164/574
f 4150/164/574 4151/162/574 4152/163/574
f 4153/129/575 4154/126/575 4155/166/575
f 4156/131/576 4157/129/576 4158/167/576
f 4159/133/577 4160/131/577 4161/168/577
f 4162/135/578 4163/133/578 4164/169/578
f 4165/170/579 4166/172/579 4167/171/579
f 4168/172/580 4169/174/580 4170/173/580
f 4171/174/581 4172/176/581 4173/175/581
f 4174/176/582 4175/178/582 4176/177/582
f 4177/155/583 4178/165/583 4179/163/583
f 4180/163/583 4181/154/583 4182/155/583
f 4183/154/584 4184/163/584 4185/161/584
f 4186/161/584 4187/153/584 4188/154/584
f 4189/153/585 4190/161/585 4191/159/585
f 4192/159/585 4193/152/585 4194/153/585
f 4195/152/586 4196/159/586 4197/156/586
f 4198/156/587 4199/151/587 4200/152/587
f 4201/157/588 4202/170/588 4203/172/588
f 4204/172/588 4205/158/588 4206/157/588
f 4207/172/589 4208/170/589 4209/157/589
f 4210/157/589 4211/158/589 4212/172/589
f 4213/174/590 4214/172/590 4215/158/590
f 4216/158/591 4217/160/591 4218/174/591
f 4219/176/592 4220/174/592 4221/160/592
f 4222/160/592 4223/162/592 4224/176/592
f 4225/178/593 4226/176/593 4227/162/593
f 4228/162/594 4229/164/594 4230/178/594
f 4231/162/595 4232/176/595 4233/178/595
f 4234/178/596 4235/164/596 4236/162/596
f 4237/160/597 4238/174/597 4239/176/597
f 4240/176/598 4241/162/598 4242/160/598
f 4243/158/599 4244/172/599 4245/174/599
f 4246/174/600 4247/160/600 4248/158/600
f 4249/179/176 4250/180/176 4251/181/176
f 4252/181/176 4253/180/176 4254/182/176
f 4255/182/176 4256/180/176 4257/183/176
f 4258/183/176 4259/180/176 4260/184/176
f 4261/184/176 4262/180/176 4263/185/176
f 4264/185/176 4265/180/176 4266/186/176
f 4267/186/176 4268/180/176 4269/187/176
f 4270/187/176 4271/180/176 4272/188/176
f 4273/188/176 4274/180/176 4275/189/176
f 4276/189/176 4277/180/176 4278/190/176
f 4279/190/176 4280/180/176 4281/191/176
f 4282/191/176 4283/180/176 4284/179/176
f 4285/192/601 4286/193/601 4287/194/601
f 4288/194/602 4289/195/602 4290/192/602
f 4291/196/603 4292/192/603 4293/195/603
f 4294/195/604 4295/197/604 4296/196/604
f 4297/198/187 4298/196/187 4299/197/187
f 4300/197/605 4301/199/605 4302/198/605
f 4303/200/185 4304/198/185 4305/199/185
f 4306/199/186 4307/201/186 4308/200/186
f 4309/202/606 4310/200/606 4311/201/606
f 4312/201/184 4313/203/184 4314/202/184
f 4315/204/607 4316/202/607 4317/203/607
f 4318/203/182 4319/205/182 4320/204/182
f 4321/206/608 4322/204/608 4323/205/608
f 4324/205/608 4325/207/608 4326/206/608
f 4327/208/178 4328/206/178 4329/207/178
f 4330/207/178 4331/209/178 4332/208/178
f 4333/210/609 4334/208/609 4335/209/609
f 4336/209/199 4337/211/199 4338/210/199
f 4339/212/610 4340/210/610 4341/211/610
f 4342/211/611 4343/213/611 4344/212/611
f 4345/214/612 4346/212/612 4347/213/612
f 4348/213/195 4349/215/195 4350/214/195
f 4351/216/613 4352/214/613 4353/215/613
f 4354/215/193 4355/217/193 4356/216/193
f 4357/195/614 4358/194/614 4359/218/614
f 4360/218/170 4361/219/170 4362/195/170
f 4363/197/169 4364/195/169 4365/219/169
f 4366/219/169 4367/220/169 4368/197/169
f 4369/199/168 4370/197/168 4371/220/168
f 4372/220/168 4373/221/168 4374/199/168
f 4375/201/167 4376/199/167 4377/221/167
f 4378/221/167 4379/222/167 4380/201/167
f 4381/203/166 4382/201/166 4383/222/166
f 4384/222/166 4385/223/166 4386/203/166
f 4387/205/165 4388/203/165 4389/223/165
f 4390/223/165 4391/224/165 4392/205/165
f 4393/207/164 4394/205/164 4395/224/164
f 4396/224/164 4397/225/164 4398/207/164
f 4399/209/163 4400/207/163 4401/225/163
f 4402/225/163 4403/226/163 4404/209/163
f 4405/211/174 4406/209/174 4407/226/174
f 4408/226/174 4409/227/174 4410/211/174
f 4411/213/173 4412/211/173 4413/227/173
f 4414/227/173 4415/228/173 4416/213/173
f 4417/215/172 4418/213/172 4419/228/172
f 4420/228/172 4421/229/172 4422/215/172
f 4423/217/171 4424/215/171 4425/229/171
f 4426/229/171 4427/230/171 4428/217/171
f 4429/179/615 4430/181/615 4431/180/615
f 4432/181/139 4433/182/139 4434/180/139
f 4435/182/139 4436/183/139 4437/180/139
f 4438/183/139 4439/184/139 4440/180/139
f 4441/184/139 4442/185/139 4443/180/139
f 4444/185/139 4445/186/139 4446/180/139
f 4447/186/139 4448/187/139 4449/180/139
f 4450/187/139 4451/188/139 4452/180/139
f 4453/188/139 4454/189/139 4455/180/139
f 4456/189/615 4457/190/615 4458/180/615
f 4459/190/139 4460/191/139 4461/180/139
f 4462/191/139 4463/179/139 4464/180/139
f 4465/194/616 4466/193/616 4467/192/616
f 4468/192/153 4469/195/153 4470/194/153
f 4471/195/617 4472/192/617 4473/196/617
f 4474/196/618 4475/197/618 4476/195/618
f 4477/197/619 4478/196/619 4479/198/619
f 4480/198/151 4481/199/151 4482/197/151
f 4483/199/620 4484/198/620 4485/200/620
f 4486/200/149 4487/201/149 4488/199/149
f 4489/201/146 4490/200/146 4491/202/146
f 4492/202/147 4493/203/147 4494/201/147
f 4495/203/144 4496/202/144 4497/204/144
f 4498/204/621 4499/205/621 4500/203/621
f 4501/205/142 4502/204/142 4503/206/142
f 4504/206/622 4505/207/622 4506/205/622
f 4507/207/623 4508/206/623 4509/208/623
f 4510/208/623 4511/209/623 4512/207/623
f 4513/209/624 4514/208/624 4515/210/624
f 4516/210/161 4517/211/161 4518/209/161
f 4519/211/625 4520/210/625 4521/212/625
f 4522/212/159 4523/213/159 4524/211/159
f 4525/213/156 4526/212/156 4527/214/156
f 4528/214/626 4529/215/626 4530/213/626
f 4531/215/627 4532/214/627 4533/216/627
f 4534/216/155 4535/217/155 4536/215/155
f 4537/218/170 4538/194/170 4539/195/170
f 4540/195/170 4541/219/170 4542/218/170
f 4543/219/169 4544/195/169 4545/197/169
f 4546/197/169 4547/220/169 4548/219/169
f 4549/220/168 4550/197/168 4551/199/168
f 4552/199/168 4553/221/168 4554/220/168
f 4555/221/167 4556/199/167 4557/201/167
f 4558/201/167 4559/222/167 4560/221/167
f 4561/222/166 4562/201/166 4563/203/166
f 4564/203/166 4565/223/166 4566/222/166
f 4567/223/165 4568/203/165 4569/205/165
f 4570/205/165 4571/224/165 4572/223/165
f 4573/224/164 4574/205/164 4575/207/164
f 4576/207/164 4577/225/164 4578/224/164
f 4579/225/163 4580/207/163 4581/209/163
f 4582/209/163 4583/226/163 4584/225/163
f 4585/226/174 4586/209/174 4587/211/174
f 4588/211/174 4589/227/174 4590/226/174
f 4591/227/173 4592/211/173 4593/213/173
f 4594/213/173 4595/228/173 4596/227/173
f 4597/228/172 4598/213/172 4599/215/172
f 4600/215/172 4601/229/172 4602/228/172
f 4603/229/171 4604/215/171 4605/217/171
f 4606/217/171 4607/230/171 4608/229/171
