# Blender 4.3.2
# www.blender.org
mtllib head.mtl
o body.005
v -0.322260 0.001300 -1.359780
v -0.315980 -0.001460 -1.404600
v -0.297400 -0.004120 -1.447720
v -0.267200 -0.006560 -1.487460
v -0.226580 -0.008720 -1.522280
v -0.177080 -0.010480 -1.550860
v -0.120600 -0.011780 -1.572100
v -0.059300 -0.012600 -1.585180
v 0.004420 -0.012860 -1.589600
v 0.068160 -0.012600 -1.585180
v 0.129440 -0.011780 -1.572100
v 0.185920 -0.010480 -1.550860
v 0.235440 -0.008720 -1.522280
v 0.276060 -0.006560 -1.487460
v 0.306240 -0.004120 -1.447720
v 0.324840 -0.001460 -1.404600
v 0.331120 0.001300 -1.359780
v 0.324840 0.004060 -1.314940
v 0.306240 0.006720 -1.271820
v 0.276060 0.009180 -1.232100
v 0.235440 0.011320 -1.197260
v 0.185920 0.013080 -1.168680
v 0.129440 0.014400 -1.147440
v 0.068160 0.015200 -1.134360
v 0.004420 0.015480 -1.129960
v -0.059300 0.015200 -1.134360
v -0.120600 0.014400 -1.147440
v -0.177080 0.013080 -1.168680
v -0.226580 0.011320 -1.197260
v -0.267200 0.009180 -1.232100
v -0.297400 0.006720 -1.271820
v -0.315980 0.004060 -1.314940
v -0.322260 0.367280 -1.382340
v -0.315980 0.357540 -1.426200
v -0.297400 0.348200 -1.468360
v -0.267200 0.339580 -1.507240
v -0.226580 0.332020 -1.541300
v -0.177080 0.325820 -1.569260
v -0.120600 0.321220 -1.590020
v -0.059300 0.318380 -1.602820
v 0.004420 0.317420 -1.607140
v 0.068160 0.318380 -1.602820
v 0.129440 0.321220 -1.590020
v 0.185920 0.325820 -1.569260
v 0.235440 0.332020 -1.541300
v 0.276060 0.339580 -1.507240
v 0.306240 0.348200 -1.468360
v 0.324840 0.357540 -1.426200
v 0.331120 0.367280 -1.382340
v 0.324840 0.377000 -1.338480
v 0.306240 0.386340 -1.296320
v 0.276060 0.394960 -1.257460
v 0.235440 0.402520 -1.223380
v 0.185920 0.408720 -1.195420
v 0.129440 0.413320 -1.174660
v 0.068160 0.416160 -1.161860
v 0.004420 0.417120 -1.157540
v -0.059300 0.416160 -1.161860
v -0.120600 0.413320 -1.174660
v -0.177080 0.408720 -1.195420
v -0.226580 0.402520 -1.223380
v -0.267200 0.394960 -1.257460
v -0.297400 0.386340 -1.296320
v -0.315980 0.377000 -1.338480
v -0.322260 0.454500 -1.401680
v -0.315980 0.444780 -1.445540
v -0.297400 0.435440 -1.487700
v -0.267200 0.426820 -1.526580
v -0.226580 0.419260 -1.560640
v -0.177080 0.413060 -1.588600
v -0.120600 0.408460 -1.609360
v -0.059300 0.405620 -1.622160
v 0.004420 0.404660 -1.626480
v 0.068160 0.405620 -1.622160
v 0.129440 0.408460 -1.609360
v 0.185920 0.413060 -1.588600
v 0.235440 0.419260 -1.560640
v 0.276060 0.426820 -1.526580
v 0.306240 0.435440 -1.487700
v 0.324840 0.444780 -1.445540
v 0.331120 0.454500 -1.401680
v 0.324840 0.464220 -1.357820
v 0.306240 0.473580 -1.315660
v 0.276060 0.482200 -1.276800
v 0.235440 0.489740 -1.242720
v 0.185920 0.495940 -1.214780
v 0.129440 0.500560 -1.194000
v 0.068160 0.503380 -1.181200
v 0.004420 0.504340 -1.176880
v -0.059300 0.503380 -1.181200
v -0.120600 0.500560 -1.194000
v -0.177080 0.495940 -1.214780
v -0.226580 0.489740 -1.242720
v -0.267200 0.482200 -1.276800
v -0.297400 0.473580 -1.315660
v -0.315980 0.464220 -1.357820
v -0.322260 0.843600 -1.487960
v -0.315980 0.833880 -1.531800
v -0.297400 0.824520 -1.573980
v -0.267200 0.815900 -1.612840
v -0.226580 0.808360 -1.646900
v -0.177080 0.802160 -1.674860
v -0.120600 0.797540 -1.695640
v -0.059300 0.794720 -1.708440
v 0.004420 0.793760 -1.712740
v 0.068160 0.794720 -1.708440
v 0.129440 0.797540 -1.695640
v 0.185920 0.802160 -1.674860
v 0.235440 0.808360 -1.646900
v 0.276060 0.815900 -1.612840
v 0.306240 0.824520 -1.573980
v 0.324840 0.833880 -1.531800
v 0.331120 0.843600 -1.487960
v 0.324840 0.853320 -1.444100
v 0.306240 0.862660 -1.401920
v 0.276060 0.871280 -1.363060
v 0.235440 0.878840 -1.329000
v 0.185920 0.885040 -1.301040
v 0.129440 0.889640 -1.280260
v 0.068160 0.892480 -1.267480
v 0.004420 0.893440 -1.263160
v -0.059300 0.892480 -1.267480
v -0.120600 0.889640 -1.280260
v -0.177080 0.885040 -1.301040
v -0.226580 0.878840 -1.329000
v -0.267200 0.871280 -1.363060
v -0.297400 0.862660 -1.401920
v -0.315980 0.853320 -1.444100
v -0.322260 0.939380 -1.518400
v -0.315980 0.924840 -1.560900
v -0.297400 0.910860 -1.601760
v -0.267200 0.897980 -1.639420
v -0.226580 0.886680 -1.672440
v -0.177080 0.877400 -1.699540
v -0.120600 0.870520 -1.719660
v -0.059300 0.866280 -1.732060
v 0.004420 0.864840 -1.736240
v 0.068160 0.866280 -1.732060
v 0.129440 0.870520 -1.719660
v 0.185920 0.877400 -1.699540
v 0.235440 0.886680 -1.672440
v 0.276060 0.897980 -1.639420
v 0.306240 0.910860 -1.601760
v 0.324840 0.924840 -1.560900
v 0.331120 0.939380 -1.518400
v 0.324840 0.953920 -1.475880
v 0.306240 0.967900 -1.435020
v 0.276060 0.980800 -1.397360
v 0.235440 0.992080 -1.364340
v 0.185920 1.001360 -1.337240
v 0.129440 1.008240 -1.317120
v 0.068160 1.012480 -1.304720
v 0.004420 1.013920 -1.300540
v -0.059300 1.012480 -1.304720
v -0.120600 1.008240 -1.317120
v -0.177080 1.001360 -1.337240
v -0.226580 0.992080 -1.364340
v -0.267200 0.980800 -1.397360
v -0.297400 0.967900 -1.435020
v -0.315980 0.953920 -1.475880
v -0.322260 1.359120 -1.662000
v -0.315980 1.344580 -1.704500
v -0.297400 1.330600 -1.745380
v -0.267200 1.317720 -1.783040
v -0.226580 1.306420 -1.816060
v -0.177080 1.297140 -1.843140
v -0.120600 1.290260 -1.863280
v -0.059300 1.286020 -1.875680
v 0.004420 1.284580 -1.879860
v 0.068160 1.286020 -1.875680
v 0.129440 1.290260 -1.863280
v 0.185920 1.297140 -1.843140
v 0.235440 1.306420 -1.816060
v 0.276060 1.317720 -1.783040
v 0.306240 1.330600 -1.745380
v 0.324840 1.344580 -1.704500
v 0.331120 1.359120 -1.662000
v 0.324840 1.373660 -1.619500
v 0.306240 1.387660 -1.578640
v 0.276060 1.400540 -1.540960
v 0.235440 1.411840 -1.507960
v 0.185920 1.421100 -1.480860
v 0.129440 1.427980 -1.460720
v 0.068160 1.432240 -1.448320
v 0.004420 1.433660 -1.444140
v -0.059300 1.432240 -1.448320
v -0.120600 1.427980 -1.460720
v -0.177080 1.421100 -1.480860
v -0.226580 1.411840 -1.507960
v -0.267200 1.400540 -1.540960
v -0.297400 1.387640 -1.578640
v -0.315980 1.373660 -1.619500
v -0.322260 1.456580 -1.695340
v -0.315980 1.442040 -1.737840
v -0.297400 1.428040 -1.778720
v -0.267200 1.415160 -1.816380
v -0.226580 1.403860 -1.849400
v -0.177080 1.394600 -1.876480
v -0.120600 1.387700 -1.896620
v -0.059300 1.383480 -1.909020
v 0.004420 1.382040 -1.913200
v 0.068160 1.383480 -1.909020
v 0.129440 1.387700 -1.896620
v 0.185920 1.394600 -1.876480
v 0.235440 1.403860 -1.849400
v 0.276060 1.415160 -1.816380
v 0.306240 1.428040 -1.778720
v 0.324840 1.442040 -1.737840
v 0.331120 1.456580 -1.695340
v 0.324840 1.471120 -1.652840
v 0.306240 1.485100 -1.611980
v 0.276060 1.497980 -1.574300
v 0.235440 1.509280 -1.541300
v 0.185920 1.518540 -1.514200
v 0.129440 1.525440 -1.494060
v 0.068160 1.529680 -1.481680
v 0.004420 1.531120 -1.477480
v -0.059300 1.529680 -1.481680
v -0.120600 1.525440 -1.494080
v -0.177080 1.518540 -1.514200
v -0.226580 1.509280 -1.541300
v -0.267200 1.497980 -1.574300
v -0.297400 1.485100 -1.611980
v -0.315980 1.471120 -1.652840
v -0.322260 2.088440 -1.911520
v -0.315980 2.073900 -1.954040
v -0.297400 2.059900 -1.994900
v -0.267200 2.047020 -2.032560
v -0.226580 2.035720 -2.065580
v -0.177080 2.026460 -2.092680
v -0.120600 2.019560 -2.112800
v -0.059300 2.015320 -2.125200
v 0.004420 2.013900 -2.129380
v 0.068160 2.015320 -2.125200
v 0.129440 2.019560 -2.112800
v 0.185920 2.026460 -2.092680
v 0.235440 2.035720 -2.065580
v 0.276060 2.047020 -2.032560
v 0.306240 2.059900 -1.994900
v 0.324840 2.073900 -1.954040
v 0.331120 2.088440 -1.911520
v 0.324840 2.102980 -1.869020
v 0.306240 2.116960 -1.828160
v 0.276060 2.129840 -1.790500
v 0.235440 2.141140 -1.757480
v 0.185920 2.150400 -1.730380
v 0.129440 2.157300 -1.710260
v 0.068160 2.161540 -1.697860
v 0.004420 2.162980 -1.693680
v -0.059300 2.161540 -1.697860
v -0.120600 2.157300 -1.710260
v -0.177080 2.150400 -1.730380
v -0.226580 2.141140 -1.757480
v -0.267200 2.129840 -1.790500
v -0.297400 2.116960 -1.828160
v -0.315980 2.102980 -1.869020
v -0.315980 1.471120 -1.652840
v -0.297400 1.485100 -1.611980
v -0.267200 1.497980 -1.574300
v -0.226580 1.509280 -1.541300
v -0.177080 1.518540 -1.514200
v -0.120600 1.525440 -1.494080
v -0.059300 1.529680 -1.481680
v 0.004420 1.531120 -1.477480
v 0.068160 1.529680 -1.481680
v 0.129440 1.525440 -1.494060
v 0.185920 1.518540 -1.514200
v 0.235440 1.509280 -1.541300
v 0.276060 1.497980 -1.574300
v 0.306240 1.485100 -1.611980
v 0.324840 1.471120 -1.652840
v 0.331120 1.456580 -1.695340
v 0.324840 1.442040 -1.737840
v 0.306240 1.428040 -1.778720
v 0.276060 1.415160 -1.816380
v 0.235440 1.403860 -1.849400
v 0.185920 1.394600 -1.876480
v 0.129440 1.387700 -1.896620
v 0.068160 1.383480 -1.909020
v 0.004420 1.382040 -1.913200
v -0.059300 1.383480 -1.909020
v -0.120600 1.387700 -1.896620
v -0.177080 1.394600 -1.876480
v -0.226580 1.403860 -1.849400
v -0.267200 1.415160 -1.816380
v -0.297400 1.428040 -1.778720
v -0.315980 1.442040 -1.737840
v -0.322260 1.456580 -1.695340
v -0.226660 -0.083720 -1.346660
v -0.222220 -0.083680 -1.378440
v -0.209080 -0.083640 -1.408980
v -0.187720 -0.083600 -1.437140
v -0.158980 -0.083580 -1.461820
v -0.123960 -0.083540 -1.482080
v -0.084000 -0.083520 -1.497140
v -0.040660 -0.083520 -1.506400
v 0.004420 -0.083500 -1.509540
v 0.049500 -0.083520 -1.506400
v 0.092860 -0.083520 -1.497140
v 0.132800 -0.083540 -1.482080
v 0.167820 -0.083580 -1.461820
v 0.196560 -0.083600 -1.437140
v 0.217920 -0.083640 -1.408980
v 0.231080 -0.083680 -1.378440
v 0.235520 -0.083720 -1.346660
v 0.231080 -0.083760 -1.314880
v 0.217920 -0.083800 -1.284340
v 0.196560 -0.083840 -1.256180
v 0.167820 -0.083860 -1.231500
v 0.132800 -0.083880 -1.211240
v 0.092860 -0.083920 -1.196180
v 0.049500 -0.083920 -1.186920
v 0.004420 -0.083920 -1.183780
v -0.040660 -0.083920 -1.186920
v -0.084000 -0.083920 -1.196180
v -0.123960 -0.083880 -1.211240
v -0.158980 -0.083860 -1.231500
v -0.187720 -0.083840 -1.256180
v -0.209080 -0.083800 -1.284340
v -0.222220 -0.083760 -1.314880
v -0.226660 0.040260 -1.362180
v -0.222220 0.038300 -1.393900
v -0.209080 0.036420 -1.424380
v -0.187720 0.034700 -1.452500
v -0.158980 0.033180 -1.477120
v -0.123960 0.031920 -1.497340
v -0.084000 0.031000 -1.512360
v -0.040660 0.030420 -1.521620
v 0.004420 0.030240 -1.524740
v 0.049500 0.030420 -1.521620
v 0.092860 0.031000 -1.512360
v 0.132800 0.031920 -1.497340
v 0.167820 0.033180 -1.477120
v 0.196560 0.034700 -1.452500
v 0.217920 0.036420 -1.424380
v 0.231080 0.038300 -1.393900
v 0.235520 0.040260 -1.362180
v 0.231080 0.042220 -1.330460
v 0.217920 0.044100 -1.299960
v 0.196560 0.045820 -1.271860
v 0.167820 0.047340 -1.247220
v 0.132800 0.048600 -1.227000
v 0.092860 0.049520 -1.211980
v 0.049500 0.050100 -1.202740
v 0.004420 0.050280 -1.199620
v -0.040660 0.050100 -1.202740
v -0.084000 0.049520 -1.211980
v -0.123960 0.048600 -1.227000
v -0.158980 0.047340 -1.247220
v -0.187720 0.045820 -1.271860
v -0.209080 0.044100 -1.299960
v -0.222220 0.042220 -1.330460
v -0.216560 0.367260 -1.382340
v -0.212320 0.360700 -1.412000
v -0.199740 0.354360 -1.440540
v -0.179320 0.348540 -1.466820
v -0.151840 0.343440 -1.489860
v -0.118360 0.339240 -1.508780
v -0.080140 0.336120 -1.522820
v -0.038680 0.334200 -1.531480
v 0.004420 0.333560 -1.534400
v 0.047540 0.334200 -1.531480
v 0.089000 0.336120 -1.522820
v 0.127200 0.339240 -1.508780
v 0.160680 0.343440 -1.489860
v 0.188180 0.348540 -1.466820
v 0.208600 0.354360 -1.440540
v 0.221160 0.360700 -1.412000
v 0.225420 0.367260 -1.382340
v 0.221160 0.373840 -1.352680
v 0.208600 0.380180 -1.324140
v 0.188160 0.386000 -1.297860
v 0.160680 0.391100 -1.274820
v 0.127200 0.395300 -1.255900
v 0.089000 0.398420 -1.241860
v 0.047540 0.400340 -1.233200
v 0.004420 0.400980 -1.230280
v -0.038680 0.400340 -1.233200
v -0.080140 0.398420 -1.241860
v -0.118360 0.395300 -1.255900
v -0.151840 0.391100 -1.274820
v -0.179320 0.386000 -1.297860
v -0.199740 0.380180 -1.324140
v -0.212320 0.373840 -1.352680
v -0.216560 0.506980 -1.413320
v -0.212320 0.500420 -1.442980
v -0.199740 0.494080 -1.471520
v -0.179320 0.488260 -1.497800
v -0.151840 0.483160 -1.520840
v -0.118360 0.478960 -1.539760
v -0.080140 0.475840 -1.553800
v -0.038680 0.473920 -1.562460
v 0.004420 0.473280 -1.565380
v 0.047540 0.473920 -1.562460
v 0.089000 0.475840 -1.553800
v 0.127200 0.478960 -1.539760
v 0.160680 0.483160 -1.520840
v 0.188180 0.488260 -1.497800
v 0.208600 0.494080 -1.471520
v 0.221160 0.500420 -1.442980
v 0.225420 0.506980 -1.413320
v 0.221160 0.513580 -1.383660
v 0.208600 0.519900 -1.355120
v 0.188160 0.525720 -1.328840
v 0.160680 0.530840 -1.305800
v 0.127200 0.535020 -1.286880
v 0.089000 0.538140 -1.272840
v 0.047540 0.540060 -1.264180
v 0.004420 0.540700 -1.261260
v -0.038680 0.540060 -1.264180
v -0.080140 0.538140 -1.272840
v -0.118360 0.535020 -1.286880
v -0.151840 0.530840 -1.305800
v -0.179320 0.525720 -1.328840
v -0.199740 0.519900 -1.355120
v -0.212320 0.513580 -1.383660
v -0.226360 0.843600 -1.487960
v -0.221940 0.836720 -1.518940
v -0.208800 0.830120 -1.548720
v -0.187480 0.824040 -1.576180
v -0.158780 0.818700 -1.600240
v -0.123800 0.814320 -1.620000
v -0.083900 0.811060 -1.634680
v -0.040600 0.809060 -1.643720
v 0.004420 0.808380 -1.646760
v 0.049460 0.809060 -1.643720
v 0.092740 0.811060 -1.634680
v 0.132640 0.814320 -1.620000
v 0.167620 0.818700 -1.600240
v 0.196320 0.824040 -1.576180
v 0.217640 0.830120 -1.548720
v 0.230780 0.836720 -1.518940
v 0.235220 0.843600 -1.487960
v 0.230780 0.850460 -1.456960
v 0.217640 0.857060 -1.427180
v 0.196320 0.863160 -1.399720
v 0.167620 0.868500 -1.375660
v 0.132640 0.872880 -1.355900
v 0.092740 0.876120 -1.341240
v 0.049460 0.878120 -1.332200
v 0.004420 0.878800 -1.329140
v -0.040600 0.878120 -1.332200
v -0.083900 0.876120 -1.341240
v -0.123800 0.872880 -1.355900
v -0.158780 0.868500 -1.375660
v -0.187480 0.863160 -1.399720
v -0.208800 0.857060 -1.427180
v -0.221940 0.850460 -1.456960
v -0.226360 1.004200 -1.540560
v -0.221940 0.993920 -1.570600
v -0.208800 0.984040 -1.599460
v -0.187480 0.974940 -1.626080
v -0.158780 0.966960 -1.649400
v -0.123800 0.960420 -1.668540
v -0.083900 0.955540 -1.682760
v -0.040600 0.952560 -1.691520
v 0.004420 0.951540 -1.694480
v 0.049460 0.952560 -1.691520
v 0.092740 0.955540 -1.682760
v 0.132640 0.960420 -1.668540
v 0.167620 0.966960 -1.649400
v 0.196320 0.974940 -1.626080
v 0.217640 0.984040 -1.599460
v 0.230780 0.993920 -1.570600
v 0.235220 1.004200 -1.540560
v 0.230780 1.014480 -1.510540
v 0.217640 1.024340 -1.481660
v 0.196320 1.033460 -1.455060
v 0.167620 1.041440 -1.431740
v 0.132640 1.047980 -1.412600
v 0.092740 1.052840 -1.398380
v 0.049460 1.055840 -1.389620
v 0.004420 1.056860 -1.386660
v -0.040600 1.055840 -1.389620
v -0.083900 1.052840 -1.398380
v -0.123800 1.047980 -1.412600
v -0.158780 1.041440 -1.431740
v -0.187480 1.033460 -1.455060
v -0.208800 1.024340 -1.481660
v -0.221940 1.014480 -1.510540
v -0.226800 1.359120 -1.662000
v -0.222360 1.348840 -1.692080
v -0.209200 1.338940 -1.721020
v -0.187840 1.329820 -1.747660
v -0.159080 1.321820 -1.771040
v -0.124040 1.315260 -1.790220
v -0.084060 1.310380 -1.804460
v -0.040680 1.307380 -1.813240
v 0.004420 1.306360 -1.816200
v 0.049540 1.307380 -1.813240
v 0.092920 1.310380 -1.804460
v 0.132880 1.315260 -1.790220
v 0.167920 1.321820 -1.771040
v 0.196680 1.329820 -1.747660
v 0.218060 1.338940 -1.721020
v 0.231200 1.348840 -1.692080
v 0.235660 1.359120 -1.662000
v 0.231200 1.369420 -1.631920
v 0.218060 1.379320 -1.603000
v 0.196680 1.388440 -1.576340
v 0.167920 1.396440 -1.552960
v 0.132880 1.403000 -1.533800
v 0.092920 1.407860 -1.519540
v 0.049540 1.410860 -1.510760
v 0.004420 1.411880 -1.507800
v -0.040680 1.410860 -1.510760
v -0.084060 1.407860 -1.519540
v -0.124040 1.403000 -1.533800
v -0.159080 1.396440 -1.552960
v -0.187840 1.388440 -1.576340
v -0.209200 1.379320 -1.603000
v -0.222360 1.369420 -1.631920
v -0.227000 1.513720 -1.717280
v -0.222560 1.503440 -1.747360
v -0.209400 1.493540 -1.776280
v -0.188040 1.484420 -1.802940
v -0.159280 1.476420 -1.826300
v -0.124240 1.469860 -1.845480
v -0.084260 1.464980 -1.859740
v -0.040880 1.461980 -1.868500
v 0.004220 1.460980 -1.871460
v 0.049340 1.461980 -1.868500
v 0.092720 1.464980 -1.859740
v 0.132680 1.469860 -1.845480
v 0.167720 1.476420 -1.826300
v 0.196480 1.484420 -1.802940
v 0.217860 1.493540 -1.776280
v 0.231000 1.503440 -1.747360
v 0.235460 1.513720 -1.717280
v 0.231000 1.524020 -1.687200
v 0.217860 1.533920 -1.658260
v 0.196480 1.543040 -1.631600
v 0.167720 1.551020 -1.608240
v 0.132680 1.557600 -1.589060
v 0.092720 1.562460 -1.574820
v 0.049340 1.565460 -1.566040
v 0.004220 1.566480 -1.563080
v -0.040880 1.565460 -1.566040
v -0.084260 1.562460 -1.574820
v -0.124240 1.557600 -1.589060
v -0.159280 1.551020 -1.608240
v -0.188040 1.543040 -1.631600
v -0.209400 1.533920 -1.658260
v -0.222560 1.524020 -1.687200
v -0.006360 1.083080 -0.591440
v -0.006360 -0.262020 -0.849340
v -0.030280 1.085520 -0.593600
v -0.030280 -0.261300 -0.852320
v -0.053260 1.092720 -0.600000
v -0.053260 -0.259180 -0.861160
v -0.074460 1.104400 -0.610380
v -0.074460 -0.255720 -0.875500
v -0.093040 1.120120 -0.624360
v -0.093040 -0.251060 -0.894800
v -0.108280 1.139280 -0.641400
v -0.108280 -0.245380 -0.918320
v -0.119600 1.161120 -0.660840
v -0.119600 -0.238900 -0.945160
v -0.126580 1.184840 -0.681920
v -0.126580 -0.231880 -0.974280
v -0.128940 1.209500 -0.703860
v -0.128940 -0.224560 -1.004560
v -0.126580 1.234180 -0.725780
v -0.126580 -0.217260 -1.034840
v -0.119600 1.257900 -0.746880
v -0.119600 -0.210220 -1.063960
v -0.108280 1.279740 -0.766300
v -0.108280 -0.203760 -1.090800
v -0.093040 1.298900 -0.783340
v -0.093040 -0.198080 -1.114320
v -0.074460 1.314620 -0.797320
v -0.074460 -0.193420 -1.133620
v -0.053260 1.326320 -0.807720
v -0.053260 -0.189960 -1.147960
v -0.030280 1.333500 -0.814100
v -0.030280 -0.187820 -1.156800
v -0.006360 1.335940 -0.816260
v -0.006360 -0.187100 -1.159780
v 0.017560 1.333500 -0.814100
v 0.017560 -0.187820 -1.156800
v 0.040540 1.326320 -0.807720
v 0.040540 -0.189960 -1.147960
v 0.061740 1.314620 -0.797320
v 0.061740 -0.193420 -1.133620
v 0.080320 1.298900 -0.783340
v 0.080320 -0.198080 -1.114320
v 0.095560 1.279740 -0.766300
v 0.095560 -0.203760 -1.090800
v 0.106880 1.257900 -0.746880
v 0.106880 -0.210220 -1.063960
v 0.113860 1.234180 -0.725780
v 0.113860 -0.217260 -1.034840
v 0.116220 1.209500 -0.703860
v 0.116220 -0.224560 -1.004560
v 0.113860 1.184840 -0.681920
v 0.113860 -0.231880 -0.974280
v 0.106880 1.161120 -0.660840
v 0.106880 -0.238900 -0.945160
v 0.095560 1.139280 -0.641400
v 0.095560 -0.245380 -0.918320
v 0.080320 1.120120 -0.624360
v 0.080320 -0.251060 -0.894800
v 0.061740 1.104400 -0.610380
v 0.061740 -0.255720 -0.875500
v 0.040540 1.092720 -0.600000
v 0.040540 -0.259180 -0.861160
v 0.017560 1.085520 -0.593600
v 0.017560 -0.261300 -0.852320
v -0.006360 1.037740 -0.630320
v -0.030280 1.038460 -0.633300
v -0.053260 1.040580 -0.642120
v -0.074460 1.044040 -0.656480
v -0.093040 1.048700 -0.675780
v -0.108280 1.054380 -0.699300
v -0.119600 1.060860 -0.726140
v -0.126580 1.067880 -0.755260
v -0.128940 1.075200 -0.785540
v -0.126580 1.082500 -0.815820
v -0.119600 1.089540 -0.844940
v -0.108280 1.096020 -0.871760
v -0.093040 1.101680 -0.895300
v -0.074460 1.106360 -0.914600
v -0.053260 1.109820 -0.928940
v -0.030280 1.111940 -0.937780
v -0.006360 1.112660 -0.940760
v 0.017560 1.111940 -0.937780
v 0.040540 1.109820 -0.928940
v 0.061740 1.106360 -0.914600
v 0.080320 1.101680 -0.895300
v 0.095560 1.096020 -0.871760
v 0.106880 1.089540 -0.844940
v 0.113860 1.082500 -0.815820
v 0.116220 1.075200 -0.785540
v 0.113860 1.067880 -0.755240
v 0.106880 1.060860 -0.726140
v 0.095560 1.054380 -0.699300
v 0.080320 1.048700 -0.675780
v 0.061740 1.044040 -0.656480
v 0.040540 1.040580 -0.642120
v 0.017560 1.038460 -0.633300
v -0.006360 1.135660 -0.567240
v -0.030280 1.138940 -0.568280
v -0.053260 1.148700 -0.571380
v -0.074460 1.164520 -0.576420
v -0.093040 1.185820 -0.583200
v -0.108280 1.211780 -0.591460
v -0.119600 1.241400 -0.600900
v -0.126580 1.273520 -0.611120
v -0.128940 1.306940 -0.621760
v -0.126580 1.340360 -0.632400
v -0.119600 1.372500 -0.642620
v -0.108280 1.402100 -0.652060
v -0.093040 1.428060 -0.660320
v -0.074460 1.449360 -0.667100
v -0.053260 1.465200 -0.672140
v -0.030280 1.474940 -0.675240
v -0.006360 1.478240 -0.676280
v 0.017560 1.474940 -0.675240
v 0.040540 1.465200 -0.672140
v 0.061740 1.449360 -0.667100
v 0.080320 1.428060 -0.660320
v 0.095560 1.402100 -0.652060
v 0.106880 1.372500 -0.642620
v 0.113860 1.340360 -0.632400
v 0.116220 1.306940 -0.621760
v 0.113860 1.273520 -0.611120
v 0.106880 1.241400 -0.600900
v 0.095560 1.211780 -0.591460
v 0.080320 1.185820 -0.583200
v 0.061740 1.164520 -0.576420
v 0.040540 1.148700 -0.571380
v 0.017560 1.138940 -0.568280
v -0.006360 1.143300 -0.519260
v -0.030280 1.146840 -0.518920
v -0.053260 1.157340 -0.517900
v -0.074460 1.174380 -0.516280
v -0.093040 1.197320 -0.514060
v -0.108280 1.225260 -0.511380
v -0.119600 1.257160 -0.508320
v -0.126580 1.291740 -0.505000
v -0.128940 1.327720 -0.501540
v -0.126580 1.363700 -0.498080
v -0.119600 1.398300 -0.494760
v -0.108280 1.430180 -0.491700
v -0.093040 1.458140 -0.489020
v -0.074460 1.481080 -0.486820
v -0.053260 1.498120 -0.485180
v -0.030280 1.508600 -0.484180
v -0.006360 1.512160 -0.483840
v 0.017560 1.508600 -0.484180
v 0.040540 1.498120 -0.485180
v 0.061740 1.481080 -0.486820
v 0.080320 1.458140 -0.489020
v 0.095560 1.430180 -0.491700
v 0.106880 1.398300 -0.494760
v 0.113860 1.363700 -0.498080
v 0.116220 1.327720 -0.501540
v 0.113860 1.291740 -0.505000
v 0.106880 1.257160 -0.508320
v 0.095560 1.225260 -0.511380
v 0.080320 1.197320 -0.514060
v 0.061740 1.174380 -0.516280
v 0.040540 1.157340 -0.517900
v 0.017560 1.146840 -0.518920
v -0.006360 1.115600 -0.430840
v -0.051720 1.116660 -0.429020
v -0.095360 1.119740 -0.423620
v -0.135560 1.124760 -0.414860
v -0.170800 1.131520 -0.403080
v -0.199720 1.139760 -0.388700
v -0.221220 1.149160 -0.372300
v -0.234460 1.159360 -0.354520
v -0.238920 1.169960 -0.336020
v -0.234460 1.180560 -0.317520
v -0.221220 1.190760 -0.299720
v -0.199720 1.200160 -0.283340
v -0.170800 1.208400 -0.268960
v -0.135560 1.215160 -0.257180
v -0.095360 1.220180 -0.248400
v -0.051720 1.223280 -0.243020
v -0.006360 1.224320 -0.241180
v 0.039020 1.223280 -0.243020
v 0.082640 1.220180 -0.248400
v 0.122840 1.215160 -0.257180
v 0.158080 1.208400 -0.268960
v 0.187000 1.200160 -0.283340
v 0.208500 1.190760 -0.299720
v 0.221740 1.180560 -0.317520
v 0.226200 1.169960 -0.336020
v 0.221740 1.159360 -0.354520
v 0.208500 1.149160 -0.372300
v 0.187000 1.139760 -0.388700
v 0.158080 1.131520 -0.403080
v 0.122840 1.124760 -0.414860
v 0.082640 1.119740 -0.423620
v 0.039020 1.116660 -0.429020
v -0.006360 1.004760 -0.239860
v -0.044700 1.006380 -0.238680
v -0.081560 1.011180 -0.235180
v -0.115520 1.018980 -0.229500
v -0.145300 1.029460 -0.221840
v -0.169740 1.042240 -0.212520
v -0.187900 1.056820 -0.201880
v -0.199080 1.072640 -0.190320
v -0.202840 1.089100 -0.178320
v -0.199080 1.105560 -0.166320
v -0.187900 1.121380 -0.154760
v -0.169740 1.135960 -0.144120
v -0.145300 1.148740 -0.134800
v -0.115520 1.159240 -0.127140
v -0.081560 1.167040 -0.121460
v -0.044700 1.171820 -0.117960
v -0.006360 1.173440 -0.116780
v 0.031980 1.171820 -0.117960
v 0.068840 1.167040 -0.121460
v 0.102800 1.159240 -0.127140
v 0.132580 1.148740 -0.134800
v 0.157020 1.135960 -0.144120
v 0.175180 1.121380 -0.154760
v 0.186360 1.105560 -0.166320
v 0.190140 1.089100 -0.178320
v 0.186360 1.072640 -0.190320
v 0.175180 1.056820 -0.201880
v 0.157020 1.042240 -0.212520
v 0.132580 1.029460 -0.221840
v 0.102800 1.018980 -0.229500
v 0.068840 1.011180 -0.235180
v 0.031980 1.006380 -0.238680
v 0.205380 2.443220 0.649340
v 0.181800 2.464420 0.699020
v 0.149960 2.412760 0.680820
v 0.172920 2.400800 0.637280
v 0.345140 2.496300 0.635240
v 0.417380 2.582820 0.741260
v 0.320780 2.556420 0.748780
v 0.335660 2.516660 0.680180
v 0.275700 2.464380 0.632060
v 0.238740 2.516660 0.739680
v 0.262660 2.482080 0.673680
v 0.219360 2.431940 0.620680
v 0.186920 2.394280 0.612480
v 0.175880 2.354820 0.610800
v 0.161100 2.357080 0.634500
v 0.800540 2.465840 0.455800
v 0.816560 2.476920 0.461180
v 0.882860 2.450140 0.412140
v 0.846320 2.499480 0.468500
v 0.928100 2.333400 0.352680
v 0.908800 2.395060 0.373200
v 0.767680 2.512320 0.518440
v 0.793160 2.543800 0.538780
v 0.881780 2.290380 0.408780
v 0.521700 2.596580 0.715780
v 0.423740 2.541760 0.676620
v 0.519900 2.555260 0.659620
v 0.520060 2.533380 0.619740
v 0.428900 2.520420 0.632500
v 0.615260 2.555460 0.624760
v 0.625380 2.596320 0.669740
v 0.609780 2.533240 0.592520
v 0.718200 2.577960 0.609340
v 0.699800 2.540140 0.576520
v 0.689200 2.519860 0.552660
v 0.753200 2.496340 0.503740
v 0.862180 2.678840 0.495380
v 0.927220 2.594980 0.385640
v 0.976980 2.665040 0.258940
v 0.916640 2.746540 0.385880
v 1.025420 2.756000 0.102460
v 0.964540 2.863220 0.245000
v 0.835800 2.781580 0.505600
v 0.923980 2.475480 0.378160
v 0.883560 2.536880 0.454040
v 0.969160 2.513940 0.289480
v 0.951920 2.406740 0.318600
v 1.048240 2.444600 0.064420
v 1.018120 2.562940 0.147160
v 0.282960 3.022680 0.808680
v 0.393860 3.021800 0.770380
v 0.107300 3.026120 0.842180
v 0.118640 3.259480 0.786880
v 0.094560 2.831260 0.862540
v 0.190080 3.024760 0.829520
v 0.213240 3.258880 0.768460
v 1.020640 3.001160 0.061260
v 0.768740 2.990940 0.506220
v 0.879380 2.938280 0.380040
v 1.066960 2.621260 -0.024120
v 0.418460 2.642220 0.782740
v 0.310060 2.616100 0.799520
v 0.321740 2.707900 0.831380
v 0.248540 2.833240 0.843340
v 0.165680 2.831140 0.855380
v 0.756360 2.133120 0.546820
v 0.817140 2.160260 0.503240
v 0.841440 2.131560 0.498100
v 0.886100 2.074520 0.482360
v 0.882380 2.175800 0.449420
v 0.856900 2.198500 0.461780
v 0.900700 2.227680 0.412720
v 0.876920 2.243040 0.429060
v 0.775720 2.101240 0.550380
v 0.902620 2.282320 0.391780
v 0.941100 2.266620 0.352580
v 0.516680 3.021460 0.707160
v 0.570380 3.242780 0.611860
v 0.439400 3.251180 0.689460
v 0.704160 3.223380 0.503940
v 0.351740 2.840560 0.818700
v 0.470100 2.849320 0.771780
v 0.832620 3.180960 0.366660
v 1.155860 2.668000 -0.446660
v 1.149500 2.782480 -0.424960
v 1.112520 2.691400 -0.225240
v 1.127300 2.522040 -0.437140
v 1.156220 3.095280 -0.743120
v 1.167980 3.113860 -0.962660
v 1.122660 3.339260 -0.935780
v 1.173520 3.090360 -1.152900
v 1.175180 2.747900 -0.639360
v 1.187400 2.787900 -0.810840
v 1.140980 3.043500 -0.520740
v 1.095560 3.236980 -0.406460
v 1.096160 2.466140 -0.111980
v 1.191260 2.899780 -0.972920
v 1.181620 2.889800 -0.794360
v 1.168840 2.849400 -0.610020
v 1.113040 2.300420 -0.141420
v 1.120280 2.135100 -0.135600
v 1.126520 2.338200 -0.609700
v 0.938520 1.732660 -1.802660
v 0.865400 1.480020 -1.613900
v 0.800720 1.438880 -1.724740
v 0.954340 1.595620 -1.427240
v 1.021360 1.700880 -1.528600
v 0.714940 1.398680 -1.830520
v 0.606380 1.355260 -1.915040
v 0.478520 1.314380 -1.973980
v 0.173460 1.257000 -2.031000
v 0.362660 1.769040 -2.381460
v 0.335480 1.281120 -2.010560
v 0.986400 1.708800 -1.655700
v 0.914460 1.529380 -1.512260
v 0.164940 1.866240 0.851560
v 0.162160 2.142920 0.762020
v 0.165100 1.941620 0.834280
v 0.123720 2.038640 0.838940
v 0.129080 2.230540 0.743520
v 0.107240 2.137140 0.809820
v 0.091940 2.225160 0.786080
v 0.243740 1.806180 0.804420
v 0.218060 1.783100 0.826560
v 0.234880 1.733440 0.819760
v 0.308240 1.706640 0.774820
v 0.180340 1.787100 0.851320
v 0.173920 1.822680 0.852920
v 0.175560 1.743760 0.855680
v 0.198780 1.615960 0.826820
v 0.130180 1.682960 0.864260
v 0.119680 1.636240 0.847200
v 0.220820 1.666680 0.817340
v 0.997680 3.275400 -0.001100
v 1.069620 3.133800 -0.161260
v 1.028480 3.411020 -0.267200
v 0.897100 3.384120 0.171460
v 0.934320 3.560380 -0.104080
v 0.949760 3.686720 -0.446740
v 0.940380 3.107940 0.214140
v 0.229340 3.527060 0.648140
v 0.124100 3.526800 0.670360
v 0.502600 3.781700 0.312440
v 0.479820 3.516820 0.553380
v 0.623880 3.499360 0.461660
v 0.656940 3.749000 0.206460
v 0.119440 3.802380 0.457060
v 0.112620 4.035640 0.095460
v 0.227700 4.031440 0.061220
v 0.232360 3.801680 0.429580
v 0.359040 3.796060 0.384700
v 0.767880 3.459340 0.333100
v 1.076200 2.860700 -0.092460
v 1.118700 2.964440 -0.306260
v 0.317980 3.256020 0.739480
v 0.345940 3.524300 0.613140
v 0.807780 3.679220 0.063160
v 0.822340 3.840500 -0.306960
v 0.112440 2.367140 0.719800
v 0.123020 2.426100 0.724900
v 0.141700 2.305860 0.681760
v 0.113720 2.303740 0.727420
v 0.085420 2.303320 0.766120
v 0.086100 2.372500 0.756460
v 0.051420 2.377080 0.783100
v 0.054740 2.442560 0.785440
v 0.092500 2.435720 0.760720
v 0.074920 2.574700 0.843480
v 0.061380 2.505720 0.803160
v 0.107120 2.499940 0.781500
v 1.046600 1.766380 -0.081880
v 1.105360 1.971320 -0.551960
v 1.114160 1.963080 -0.096140
v 1.086780 2.181640 0.020460
v 1.123520 2.149100 -0.648420
v 0.556520 1.609480 0.641080
v 0.487600 1.513800 0.654000
v 0.464720 1.693840 0.703760
v 0.409420 1.601740 0.718420
v 0.335620 1.439700 0.766200
v 0.388440 1.356300 0.700020
v 0.432960 1.437780 0.666780
v 0.366980 1.516720 0.733940
v 0.480440 1.396800 0.570620
v 0.572740 1.874240 0.665820
v 0.408760 1.873540 0.728360
v 0.274320 1.503400 0.783260
v 0.364600 1.789240 0.748260
v 0.283740 1.594700 0.782100
v 0.308800 1.951800 0.754880
v 0.269080 2.082760 0.728660
v 0.212140 2.029400 0.780360
v 0.279900 1.869980 0.779840
v 0.211480 1.921920 0.808500
v 0.201800 1.846200 0.828940
v 0.688820 1.634140 0.524520
v 0.568460 1.339420 0.095640
v 0.566740 1.389320 0.156620
v 0.445620 1.321600 0.583740
v 0.486180 1.330280 0.508620
v 0.522860 1.384700 0.439660
v 0.602340 1.563400 0.549580
v 0.634520 1.532400 0.412980
v 0.719840 1.592440 0.389640
v 0.528340 1.471460 0.569060
v 0.564060 1.448940 0.435940
v 0.594920 1.444600 0.160740
v 0.656100 1.516560 0.170800
v 0.818560 1.635260 0.343900
v 0.924380 1.651680 0.311080
v 0.737060 1.575080 0.167920
v 0.829700 1.619740 0.153280
v 0.924920 1.644480 0.128760
v 1.007560 1.681100 0.116800
v 1.008020 1.721580 0.184360
v 0.997560 1.784460 0.302280
v 1.023880 1.747540 -1.346860
v 1.068120 1.828300 -1.349560
v 0.990040 1.690320 -1.368640
v 1.075160 1.810300 -1.378520
v 0.955700 3.677020 -1.452600
v 0.949760 3.755580 -1.146420
v 1.053500 3.546180 -1.171420
v 0.951640 3.754160 -0.809780
v 0.819480 3.927620 -0.716500
v 0.663420 4.042580 -0.617500
v 0.667220 3.937980 -0.175320
v 0.815560 3.938540 -1.100920
v 0.826340 3.860800 -1.462420
v 0.110740 4.181100 -0.371000
v 0.225840 4.171940 -0.406580
v 0.358500 4.018280 0.007800
v 0.356020 4.150580 -0.458900
v 0.507080 3.990660 -0.069840
v 0.503820 4.110860 -0.529120
v 0.662900 4.062580 -1.040940
v 0.507280 4.140280 -0.979840
v 0.361440 4.188860 -0.927340
v 0.231480 4.217440 -0.885600
v 0.114460 4.231760 -0.856120
v 0.679540 3.989520 -1.449500
v 0.526520 4.074580 -1.423760
v 0.378820 4.131480 -1.395220
v 0.245020 4.167420 -1.368660
v 0.122560 4.187140 -1.348700
v 0.973320 3.509020 -1.712720
v 0.407680 3.955720 -1.838260
v 0.265560 3.996740 -1.831060
v 0.133880 4.021920 -1.823580
v 0.562460 3.895700 -1.837300
v 0.715980 3.808540 -1.821460
v 1.063540 3.315660 -1.625940
v 1.044160 3.506080 -0.571700
v 1.111700 3.307460 -0.670560
v 1.051500 3.554520 -0.884840
v 1.127440 3.322120 -1.172540
v 0.761620 3.520840 -2.117340
v 0.443560 3.653460 -2.210540
v 0.148360 3.718960 -2.227640
v 0.340200 2.193660 0.627600
v 0.184460 2.312460 0.613680
v 0.216040 2.267280 0.620400
v 0.407920 2.145220 0.643460
v 0.324620 2.142620 0.673120
v 0.394980 2.111080 0.670740
v 0.273880 2.226420 0.629860
v 0.259060 2.200800 0.661100
v 0.168060 2.309680 0.638200
v 0.198360 2.256720 0.646060
v 0.373320 2.071100 0.698420
v 0.469160 2.023560 0.692380
v 0.484680 2.077280 0.665720
v 0.166480 2.241740 0.692780
v 0.347760 2.016320 0.723480
v 0.448360 1.949160 0.705840
v 0.858620 1.939300 0.531580
v 0.942760 1.988600 0.441460
v 0.987160 2.069040 0.359060
v 0.929000 2.131640 0.419380
v 0.998080 1.862820 0.362500
v 1.043080 1.985620 0.257980
v 1.078560 1.892320 0.129760
v 1.050840 2.104440 0.193060
v 1.092740 2.037980 0.053300
v 1.039720 2.218520 0.165460
v 0.997680 2.157340 0.304700
v 0.944100 2.197980 0.375020
v 0.137560 2.361460 0.676480
v 0.589080 1.971860 0.672460
v 0.727880 1.928020 0.618520
v 0.707180 2.027000 0.612300
v 0.730600 1.794400 0.574380
v 0.918720 1.802820 0.459160
v 0.630580 1.697580 0.618760
v 0.520980 1.784840 0.687880
v 0.792860 1.691220 0.472560
v 0.924100 1.719780 0.396200
v 0.301980 2.114300 0.700140
v 0.279540 2.165580 0.675940
v 0.331760 2.173580 0.647760
v 0.262500 2.150000 0.696680
v 0.222780 2.164280 0.708120
v 1.088960 1.790380 -0.013040
v 0.989440 2.245600 0.280020
v 0.973000 2.329880 0.284760
v 1.021240 2.325780 0.171760
v 0.998600 2.424340 0.213760
v 1.070720 2.316940 0.023100
v 0.204520 2.571680 0.800120
v 0.150260 2.489360 0.747340
v 0.083420 2.679960 0.864400
v 0.145660 2.681240 0.856300
v 0.222320 2.687540 0.845020
v 0.130040 2.573540 0.827420
v 0.318720 3.266240 -2.491740
v 0.163000 3.285260 -2.507480
v 0.291880 3.692920 -2.223040
v 1.021100 2.287760 -1.967020
v 1.072360 2.226060 -1.799700
v 1.034420 1.939960 -1.725320
v 0.986680 1.982440 -1.885320
v 1.078260 2.818880 -1.839420
v 1.014660 2.946620 -2.002540
v 0.995580 3.259060 -1.901960
v 1.072000 3.093140 -1.767840
v 1.194880 2.794460 -0.967220
v 1.080940 2.522260 -1.845120
v 1.025860 2.611640 -2.016580
v 1.158880 2.728860 -1.498980
v 1.146320 2.528560 -1.540460
v 1.122060 2.677760 -1.682300
v 1.126580 2.914460 -1.630000
v 1.132240 2.152220 -1.382840
v 1.152460 2.321180 -1.374660
v 0.189700 2.015060 -2.536420
v 0.187260 1.756720 -2.415080
v 0.941040 2.338060 -2.149760
v 0.913080 2.022740 -2.061000
v 0.809960 2.044520 -2.225160
v 0.829840 2.365320 -2.316180
v 1.132800 2.310200 -1.548560
v 1.135200 2.201780 -1.436100
v 1.112580 2.004280 -1.416220
v 1.114320 2.082480 -1.521820
v 0.892840 3.407660 -2.025440
v 0.855720 3.681720 -1.781880
v 1.184100 2.698100 -1.331060
v 1.184100 2.603200 -1.287900
v 1.170040 2.474000 -1.343000
v 1.170600 2.555760 -1.391660
v 0.943240 2.684500 -2.196000
v 0.924820 3.057100 -2.163960
v 1.193420 2.702180 -1.208080
v 1.197100 2.766400 -1.101440
v 1.153420 2.387220 -1.426540
v 1.192580 2.805600 -1.242760
v 1.195220 2.873000 -1.124460
v 1.064180 1.900720 -1.584820
v 1.077000 1.859560 -1.469340
v 1.043040 1.712200 -1.442100
v 0.367620 2.024020 -2.503860
v 0.678780 2.044940 -2.357340
v 0.656860 1.790800 -2.238680
v 0.516120 1.782060 -2.326380
v 0.527200 2.035600 -2.448860
v 0.827420 2.733560 -2.352340
v 0.801940 3.140240 -2.296560
v 1.128400 3.109060 -1.525580
v 1.056400 3.468740 -1.422040
v 1.128520 3.246700 -1.370760
v 0.478480 3.236440 -2.459440
v 0.184820 2.359380 -2.625440
v 0.361080 2.363480 -2.596780
v 1.102480 2.158260 -1.650480
v 1.106320 1.978440 -1.369440
v 1.115940 2.420720 -1.687240
v 1.167940 2.896040 -1.421240
v 1.172960 3.018280 -1.305600
v 0.343960 2.786720 -2.609000
v 0.175700 2.791560 -2.633260
v 0.510060 2.776940 -2.561180
v 0.607120 3.599440 -2.177640
v 0.648260 3.196900 -2.395500
v 0.689420 2.371720 -2.449840
v 0.679380 2.761040 -2.475760
v 0.870660 1.764320 -1.962240
v 0.777040 1.787380 -2.114560
v 0.527200 2.368980 -2.542880
v 0.677660 2.120940 0.584460
v 0.588560 2.124620 0.609760
v 0.415340 2.165180 0.626080
v 0.498860 2.140960 0.622040
v 0.494240 2.118340 0.638480
v 0.591660 2.045940 0.650180
v 0.590300 2.097620 0.625000
v 0.688580 2.089740 0.595560
v 0.811340 2.037180 0.551600
v 0.719200 2.837100 0.610880
v 0.779960 2.701900 0.591600
v 0.741660 2.628520 0.622100
v 0.823760 2.592280 0.540020
v 0.531220 2.654260 0.747220
v 0.555540 2.735680 0.748340
v 0.435280 2.726140 0.800540
v 0.595480 2.853040 0.700560
v 0.644040 3.015440 0.617800
v 0.641580 2.650540 0.692580
v 0.673000 2.728500 0.678080
v 0.208060 1.811160 0.830660
v 0.964400 1.795720 0.381740
v 0.245280 1.577720 0.801780
v -0.196540 2.443220 0.649340
v -0.172960 2.464420 0.699020
v -0.141120 2.412760 0.680820
v -0.164060 2.400800 0.637280
v -0.336280 2.496300 0.635240
v -0.408540 2.582820 0.741260
v -0.311940 2.556420 0.748780
v -0.326800 2.516660 0.680180
v -0.266840 2.464380 0.632060
v -0.229880 2.516660 0.739680
v -0.253820 2.482080 0.673680
v -0.210520 2.431940 0.620680
v -0.178060 2.394280 0.612480
v -0.167020 2.354820 0.610800
v -0.152240 2.357080 0.634500
v -0.791620 2.466200 0.455800
v -0.807700 2.477100 0.461180
v -0.874100 2.450140 0.412140
v -0.837460 2.499520 0.468500
v -0.919280 2.333220 0.352680
v -0.900080 2.394920 0.373200
v -0.758760 2.512460 0.518440
v -0.784280 2.543820 0.538780
v -0.872940 2.289920 0.408780
v -0.512860 2.596580 0.715780
v -0.414900 2.541760 0.676620
v -0.511060 2.555260 0.659620
v -0.511200 2.533380 0.619740
v -0.420060 2.520420 0.632500
v -0.606400 2.555460 0.624760
v -0.616520 2.596320 0.669740
v -0.600920 2.533280 0.592520
v -0.709340 2.577960 0.609340
v -0.690920 2.540180 0.576520
v -0.680280 2.519960 0.552660
v -0.744220 2.496600 0.503740
v -0.853320 2.678840 0.495380
v -0.918360 2.594980 0.385640
v -0.968120 2.665040 0.258940
v -0.907800 2.746540 0.385880
v -1.016560 2.756000 0.102460
v -0.955680 2.863220 0.245000
v -0.826940 2.781580 0.505600
v -0.915140 2.475480 0.378160
v -0.874720 2.536900 0.454040
v -0.960320 2.513940 0.289480
v -0.943100 2.406720 0.318600
v -1.039380 2.444600 0.064420
v -1.009260 2.562940 0.147160
v -0.274100 3.022680 0.808680
v -0.385020 3.021800 0.770380
v -0.098460 3.026120 0.842180
v -0.109800 3.259480 0.786880
v -0.085720 2.831260 0.862540
v -0.181220 3.024760 0.829520
v -0.204400 3.258880 0.768460
v -1.011800 3.001160 0.061260
v -0.759880 2.990940 0.506220
v -0.870540 2.938280 0.380040
v -1.058120 2.621260 -0.024120
v -0.409600 2.642220 0.782740
v -0.301200 2.616100 0.799520
v -0.312900 2.707900 0.831380
v -0.239700 2.833240 0.843340
v -0.156840 2.831140 0.855380
v -0.747520 2.133120 0.546820
v -0.808300 2.160260 0.503240
v -0.832580 2.131560 0.498100
v -0.877260 2.074520 0.482360
v -0.873520 2.175760 0.449420
v -0.848040 2.198440 0.461780
v -0.891820 2.227560 0.412720
v -0.868060 2.242860 0.429060
v -0.766880 2.101240 0.550380
v -0.893760 2.281980 0.391780
v -0.932240 2.266500 0.352580
v -0.507820 3.021460 0.707160
v -0.561540 3.242780 0.611860
v -0.430560 3.251180 0.689460
v -0.695320 3.223380 0.503940
v -0.342900 2.840560 0.818700
v -0.461240 2.849320 0.771780
v -0.823780 3.180960 0.366660
v -1.147020 2.668000 -0.446660
v -1.140640 2.782480 -0.424960
v -1.103660 2.691400 -0.225240
v -1.118460 2.522040 -0.437140
v -1.147360 3.095280 -0.743120
v -1.159140 3.113860 -0.962660
v -1.113800 3.339260 -0.935780
v -1.164660 3.090360 -1.152900
v -1.166340 2.747900 -0.639360
v -1.178560 2.787900 -0.810840
v -1.132140 3.043500 -0.520740
v -1.086720 3.236980 -0.406460
v -1.087320 2.466140 -0.111980
v -1.182420 2.899780 -0.972920
v -1.172760 2.889800 -0.794360
v -1.159980 2.849400 -0.610020
v -1.104200 2.300420 -0.141420
v -1.111420 2.135100 -0.135600
v -1.117680 2.338200 -0.609700
v -0.929680 1.732660 -1.802660
v -0.856540 1.480020 -1.613900
v -0.791880 1.438880 -1.724740
v -0.945480 1.595620 -1.427240
v -1.012520 1.700880 -1.528600
v -0.706100 1.398680 -1.830520
v -0.597540 1.355260 -1.915040
v -0.469660 1.314380 -1.973980
v -0.164600 1.257000 -2.031000
v -0.353800 1.769040 -2.381460
v -0.326620 1.281120 -2.010560
v -0.977540 1.708800 -1.655700
v -0.905600 1.529380 -1.512260
v -0.155980 1.866280 0.851560
v -0.153180 2.143080 0.761900
v -0.156060 1.941720 0.834200
v -0.114500 2.038920 0.838740
v -0.120140 2.230660 0.743400
v -0.098000 2.137500 0.809520
v -0.082820 2.225460 0.785840
v -0.234880 1.806200 0.804420
v -0.209220 1.783100 0.826560
v -0.226040 1.733440 0.819760
v -0.299100 1.706700 0.774820
v -0.171460 1.787100 0.851320
v -0.165020 1.822700 0.852920
v -0.166720 1.743760 0.855680
v -0.188560 1.616360 0.826840
v -0.121140 1.683020 0.864260
v -0.109540 1.636560 0.847220
v -0.211800 1.666740 0.817340
v -0.988820 3.275400 -0.001100
v -1.060780 3.133800 -0.161260
v -1.019640 3.411020 -0.267200
v -0.888260 3.384120 0.171460
v -0.925460 3.560380 -0.104080
v -0.940900 3.686720 -0.446740
v -0.931520 3.107940 0.214140
v -0.220500 3.527060 0.648140
v -0.115240 3.526800 0.670360
v -0.493740 3.781700 0.312440
v -0.470960 3.516820 0.553380
v -0.615020 3.499360 0.461660
v -0.648080 3.749000 0.206460
v -0.110600 3.802380 0.457060
v -0.103780 4.035640 0.095460
v -0.218860 4.031440 0.061220
v -0.223520 3.801680 0.429580
v -0.350180 3.796060 0.384700
v -0.759040 3.459340 0.333100
v -1.067360 2.860700 -0.092460
v -1.109840 2.964440 -0.306260
v -0.309120 3.256020 0.739480
v -0.337100 3.524300 0.613140
v -0.798940 3.679220 0.063160
v -0.813500 3.840500 -0.306960
v -0.103580 2.367160 0.719800
v -0.114160 2.426100 0.724900
v -0.132840 2.305860 0.681760
v -0.104820 2.303820 0.727380
v -0.076420 2.303500 0.766060
v -0.077200 2.372560 0.756460
v -0.042460 2.377160 0.783100
v -0.045860 2.442560 0.785440
v -0.083640 2.435720 0.760720
v -0.066060 2.574700 0.843480
v -0.052540 2.505720 0.803160
v -0.098260 2.499940 0.781500
v -1.037740 1.766420 -0.081880
v -1.096520 1.971320 -0.551960
v -1.105320 1.963080 -0.096140
v -1.077940 2.181640 0.020460
v -1.114680 2.149100 -0.648420
v -0.547260 1.614880 0.640920
v -0.478680 1.516100 0.653540
v -0.455700 1.695520 0.703740
v -0.400220 1.601980 0.718360
v -0.324620 1.440000 0.766180
v -0.377460 1.356540 0.700000
v -0.423160 1.437940 0.666580
v -0.356980 1.516900 0.733900
v -0.471560 1.397120 0.569700
v -0.563840 1.875180 0.665900
v -0.399860 1.873960 0.728360
v -0.262280 1.503900 0.783280
v -0.355660 1.789560 0.748260
v -0.273620 1.594940 0.782120
v -0.299920 1.951880 0.754860
v -0.260180 2.082780 0.728640
v -0.203180 2.029500 0.780300
v -0.271020 1.870020 0.779820
v -0.202540 1.921960 0.808480
v -0.192920 1.846200 0.828940
v -0.678940 1.642060 0.525540
v -0.563040 1.337560 0.095480
v -0.560340 1.388900 0.155860
v -0.435220 1.321740 0.583660
v -0.476220 1.330360 0.508520
v -0.514240 1.385840 0.438600
v -0.592240 1.566580 0.549180
v -0.624180 1.534780 0.412400
v -0.709740 1.599420 0.390600
v -0.519620 1.472760 0.567720
v -0.555360 1.450940 0.434320
v -0.587240 1.445560 0.159460
v -0.646260 1.518300 0.170080
v -0.809340 1.642640 0.345360
v -0.915540 1.651680 0.311080
v -0.727220 1.576860 0.167820
v -0.820440 1.623040 0.153820
v -0.915640 1.646380 0.128760
v -0.998720 1.681100 0.116800
v -0.999180 1.721580 0.184360
v -0.988700 1.784460 0.302280
v -1.015040 1.747540 -1.346860
v -1.059280 1.828300 -1.349560
v -0.981180 1.690320 -1.368640
v -1.066320 1.810300 -1.378520
v -0.946840 3.677020 -1.452600
v -0.940920 3.755580 -1.146420
v -1.044660 3.546180 -1.171420
v -0.942800 3.754160 -0.809780
v -0.810640 3.927620 -0.716500
v -0.654580 4.042580 -0.617500
v -0.658380 3.937980 -0.175320
v -0.806700 3.938540 -1.100920
v -0.817480 3.860800 -1.462420
v -0.101900 4.181100 -0.371000
v -0.217000 4.171940 -0.406580
v -0.349640 4.018280 0.007800
v -0.347180 4.150580 -0.458900
v -0.498240 3.990660 -0.069840
v -0.494980 4.110860 -0.529120
v -0.654040 4.062580 -1.040940
v -0.498420 4.140280 -0.979840
v -0.352580 4.188860 -0.927340
v -0.222620 4.217440 -0.885600
v -0.105620 4.231760 -0.856120
v -0.670700 3.989520 -1.449500
v -0.517680 4.074580 -1.423760
v -0.369980 4.131480 -1.395220
v -0.236180 4.167420 -1.368660
v -0.113700 4.187140 -1.348700
v -0.964480 3.509020 -1.712720
v -0.398840 3.955720 -1.838260
v -0.256720 3.996740 -1.831060
v -0.125020 4.021920 -1.823580
v -0.553600 3.895700 -1.837300
v -0.707120 3.808540 -1.821460
v -1.054680 3.315660 -1.625940
v -1.035320 3.506080 -0.571700
v -1.102840 3.307460 -0.670560
v -1.042640 3.554520 -0.884840
v -1.118600 3.322120 -1.172540
v -0.752780 3.520840 -2.117340
v -0.434720 3.653460 -2.210540
v -0.139500 3.718960 -2.227640
v -0.331340 2.193660 0.627600
v -0.175620 2.312460 0.613680
v -0.207180 2.267280 0.620400
v -0.399080 2.145220 0.643460
v -0.315760 2.142620 0.673120
v -0.386140 2.111080 0.670740
v -0.265040 2.226420 0.629860
v -0.250200 2.200800 0.661100
v -0.159200 2.309680 0.638200
v -0.189500 2.256720 0.646060
v -0.364460 2.071100 0.698420
v -0.460300 2.023560 0.692380
v -0.475820 2.077280 0.665720
v -0.157620 2.241760 0.692760
v -0.338900 2.016360 0.723480
v -0.439500 1.949360 0.705840
v -0.849780 1.939300 0.531580
v -0.933920 1.988600 0.441460
v -0.978320 2.069040 0.359060
v -0.920140 2.131640 0.419380
v -0.989240 1.862820 0.362500
v -1.034240 1.985620 0.257980
v -1.069720 1.892320 0.129760
v -1.042000 2.104440 0.193060
v -1.083900 2.037980 0.053300
v -1.030860 2.218520 0.165460
v -0.988840 2.157340 0.304700
v -0.935260 2.197940 0.375020
v -0.128720 2.361460 0.676480
v -0.580240 1.971860 0.672460
v -0.719040 1.928020 0.618520
v -0.698340 2.027000 0.612300
v -0.721640 1.797420 0.574880
v -0.909880 1.802820 0.459160
v -0.621320 1.701840 0.618860
v -0.512020 1.786620 0.687860
v -0.783720 1.698740 0.474020
v -0.915260 1.719780 0.396200
v -0.293140 2.114300 0.700140
v -0.270680 2.165580 0.675940
v -0.322900 2.173580 0.647760
v -0.253660 2.150000 0.696680
v -0.213900 2.164320 0.708100
v -1.080120 1.790380 -0.013040
v -0.980600 2.245580 0.280020
v -0.964160 2.329860 0.284760
v -1.012380 2.325780 0.171760
v -0.989740 2.424340 0.213760
v -1.061860 2.316940 0.023100
v -0.195680 2.571680 0.800120
v -0.141400 2.489360 0.747340
v -0.074580 2.679960 0.864400
v -0.136800 2.681240 0.856300
v -0.213480 2.687540 0.845020
v -0.121200 2.573540 0.827420
v -0.309880 3.266240 -2.491740
v -0.154140 3.285260 -2.507480
v -0.283040 3.692920 -2.223040
v -1.012260 2.287760 -1.967020
v -1.063500 2.226060 -1.799700
v -1.025560 1.939960 -1.725320
v -0.977840 1.982440 -1.885320
v -1.069400 2.818880 -1.839420
v -1.005820 2.946620 -2.002540
v -0.986740 3.259060 -1.901960
v -1.063140 3.093140 -1.767840
v -1.186040 2.794460 -0.967220
v -1.072100 2.522260 -1.845120
v -1.017000 2.611640 -2.016580
v -1.150020 2.728860 -1.498980
v -1.137480 2.528560 -1.540460
v -1.113200 2.677760 -1.682300
v -1.117720 2.914460 -1.630000
v -1.123400 2.152220 -1.382840
v -1.143620 2.321180 -1.374660
v -0.180840 2.015060 -2.536420
v -0.178400 1.756720 -2.415080
v -0.932200 2.338060 -2.149760
v -0.904220 2.022740 -2.061000
v -0.801120 2.044520 -2.225160
v -0.820980 2.365320 -2.316180
v -1.123960 2.310200 -1.548560
v -1.126360 2.201780 -1.436100
v -1.103720 2.004280 -1.416220
v -1.105460 2.082480 -1.521820
v -0.884000 3.407660 -2.025440
v -0.846880 3.681720 -1.781880
v -1.175260 2.698100 -1.331060
v -1.175260 2.603200 -1.287900
v -1.161180 2.474000 -1.343000
v -1.161760 2.555760 -1.391660
v -0.934400 2.684500 -2.196000
v -0.915980 3.057100 -2.163960
v -1.184560 2.702180 -1.208080
v -1.188260 2.766400 -1.101440
v -1.144580 2.387220 -1.426540
v -1.183720 2.805600 -1.242760
v -1.186380 2.873000 -1.124460
v -1.055340 1.900720 -1.584820
v -1.068160 1.859560 -1.469340
v -1.034180 1.712200 -1.442100
v -0.358760 2.024020 -2.503860
v -0.669940 2.044940 -2.357340
v -0.648020 1.790800 -2.238680
v -0.507280 1.782060 -2.326380
v -0.518360 2.035600 -2.448860
v -0.818580 2.733560 -2.352340
v -0.793100 3.140240 -2.296560
v -1.119560 3.109060 -1.525580
v -1.047560 3.468740 -1.422040
v -1.119680 3.246700 -1.370760
v -0.469640 3.236440 -2.459440
v -0.175960 2.359380 -2.625440
v -0.352240 2.363480 -2.596780
v -1.093620 2.158260 -1.650480
v -1.097460 1.978440 -1.369440
v -1.107080 2.420720 -1.687240
v -1.159100 2.896040 -1.421240
v -1.164120 3.018280 -1.305600
v -0.335100 2.786720 -2.609000
v -0.166860 2.791560 -2.633260
v -0.501220 2.776940 -2.561180
v -0.598260 3.599440 -2.177640
v -0.639400 3.196900 -2.395500
v -0.680560 2.371720 -2.449840
v -0.670540 2.761040 -2.475760
v -0.861800 1.764320 -1.962240
v -0.768180 1.787380 -2.114560
v -0.518340 2.368980 -2.542880
v -0.668820 2.120940 0.584460
v -0.579720 2.124620 0.609760
v -0.406500 2.165180 0.626080
v -0.490020 2.140960 0.622040
v -0.485380 2.118340 0.638480
v -0.582820 2.045940 0.650180
v -0.581460 2.097620 0.625000
v -0.679740 2.089740 0.595560
v -0.802500 2.037180 0.551600
v -0.710340 2.837100 0.610880
v -0.771100 2.701900 0.591600
v -0.732820 2.628520 0.622100
v -0.814900 2.592300 0.540020
v -0.522360 2.654260 0.747220
v -0.546680 2.735680 0.748340
v -0.426440 2.726140 0.800540
v -0.586620 2.853040 0.700560
v -0.635180 3.015440 0.617800
v -0.632740 2.650540 0.692580
v -0.664160 2.728500 0.678080
v -0.199200 1.811160 0.830660
v -0.955560 1.795720 0.381740
v -0.234800 1.578140 0.801800
v 0.004420 3.026940 0.846580
v 0.004420 3.259680 0.793580
v 0.004420 1.248480 -2.037960
v 0.004420 1.753180 -2.426880
v 0.004420 3.802460 0.466980
v 0.004420 3.526580 0.678680
v 0.004500 2.379120 0.793640
v 0.004440 2.445280 0.794820
v 0.004420 2.507880 0.810980
v 0.004420 4.031600 -1.821340
v 0.004420 4.194340 -1.341380
v 0.004420 4.236820 -0.844900
v 0.004420 4.184120 -0.357500
v 0.004420 4.036820 0.108000
v 0.004420 2.575540 0.849200
v 0.004420 2.680240 0.867400
v 0.004420 2.831960 0.864980
v 0.004420 2.014280 -2.547340
v 0.004420 2.360840 -2.633900
v 0.004420 3.729340 -2.229940
v 0.004420 3.293260 -2.513080
v 0.004420 2.795140 -2.640640
v 0.875520 2.338720 0.401320
v 0.893800 2.336980 0.386980
v 0.859620 2.386100 0.405060
v 0.876500 2.389200 0.395940
v 0.834920 2.429200 0.421800
v 0.851360 2.436160 0.419340
v -0.885060 2.336460 0.386980
v -0.866820 2.338100 0.401320
v -0.867960 2.388840 0.395940
v -0.851100 2.385740 0.405060
v -0.842720 2.436180 0.419340
v -0.826240 2.429320 0.421800
v 0.004620 2.305480 0.805180
v 0.004740 2.226300 0.825900
v 0.004840 2.147960 0.849880
v 0.004860 2.088220 0.875700
v -0.040840 2.304700 0.794080
v -0.041980 2.225680 0.814800
v -0.046440 2.144940 0.839100
v -0.049080 2.078660 0.865640
v 0.050000 2.304500 0.794140
v 0.051360 2.225380 0.815020
v 0.055980 2.144560 0.839400
v 0.058680 2.078320 0.865900
v -0.181120 1.568860 0.831920
v 0.194520 1.567900 0.831840
v -0.186580 1.489060 0.825540
v 0.203780 1.487820 0.825460
v -0.188420 1.397480 0.822800
v 0.207120 1.396180 0.822780
v -0.195200 1.239720 0.805560
v 0.213640 1.238580 0.780920
v 0.007360 1.576020 0.869560
v 0.005000 1.652840 0.875240
v 0.010020 1.486700 0.867220
v 0.011020 1.398340 0.863600
v 0.011120 1.227620 0.858340
v -0.106540 1.571660 0.851400
v -0.105380 1.487200 0.847040
v -0.103900 1.398860 0.843520
v -0.101160 1.233660 0.844480
v 0.120960 1.570820 0.851340
v 0.124880 1.486120 0.846980
v 0.125340 1.397740 0.843500
v 0.122700 1.232660 0.844200
v 0.290420 1.401200 0.780960
v -0.278180 1.401660 0.780960
v 0.328020 1.242760 0.669140
v -0.330360 1.248480 0.681680
v -0.539120 1.296040 0.090480
v -0.424340 1.263220 0.547420
v -0.453340 1.268220 0.399380
v 0.547480 1.293700 0.090160
v 0.413820 1.258620 0.507220
v 0.463620 1.268100 0.399540
v 0.562680 1.377060 -0.015600
v 0.583260 1.413620 0.019280
v 0.615620 1.456620 0.039120
v 0.671600 1.513680 0.049280
v 0.746720 1.572160 0.046880
v 0.835420 1.626300 0.020740
v 0.937140 1.680300 -0.030260
v -0.556420 1.376380 -0.015600
v -0.576980 1.413020 0.019020
v -0.608300 1.456800 0.038520
v -0.662840 1.514360 0.048740
v -0.737440 1.572900 0.046680
v -0.826260 1.627360 0.020840
v -0.928120 1.680940 -0.030240
v -0.507680 1.334560 0.004920
v 0.515780 1.333260 0.004880
v -0.129200 1.201720 0.720360
v 0.146060 1.200960 0.720140
v 0.009720 1.193580 0.796860
v -0.065880 1.197640 0.762940
v 0.084840 1.196980 0.762740
v 0.223080 1.203780 0.644880
v -0.209800 1.204120 0.644980
v -0.360740 1.239640 0.226300
v -0.268860 1.214620 0.506820
v -0.303000 1.220920 0.434280
v 0.370840 1.238080 0.226080
v 0.280840 1.214460 0.506880
v 0.314380 1.220840 0.434380
v -0.421200 1.291880 0.091000
v 0.430600 1.290220 0.091000
v -0.663060 1.480380 0.064400
v -0.666760 1.480660 0.064820
v -0.667160 1.496820 0.064540
v -0.620580 1.504680 0.385140
v -0.660300 1.496300 0.063760
v -0.613740 1.504140 0.384340
v -0.653680 1.494420 0.063000
v -0.607120 1.502280 0.383600
v -0.647560 1.491300 0.062340
v -0.601000 1.499160 0.382940
v -0.642140 1.487040 0.061780
v -0.595580 1.494880 0.382380
v -0.637660 1.481780 0.061360
v -0.591100 1.489640 0.381960
v -0.634280 1.475760 0.061080
v -0.587720 1.483600 0.381680
v -0.632140 1.469180 0.060960
v -0.585580 1.477040 0.381560
v -0.631300 1.462320 0.061000
v -0.584740 1.470180 0.381600
v -0.631820 1.455440 0.061200
v -0.585240 1.463280 0.381780
v -0.633640 1.448780 0.061540
v -0.587080 1.456620 0.382140
v -0.636740 1.442600 0.062040
v -0.590180 1.450460 0.382620
v -0.640960 1.437180 0.062640
v -0.594400 1.445020 0.383240
v -0.646180 1.432680 0.063340
v -0.599600 1.440520 0.383940
v -0.652140 1.429280 0.064120
v -0.605580 1.437140 0.384720
v -0.658660 1.427140 0.064940
v -0.612100 1.434980 0.385520
v -0.665480 1.426320 0.065760
v -0.618920 1.434160 0.386340
v -0.672340 1.426840 0.066560
v -0.625780 1.434700 0.387140
v -0.678940 1.428700 0.067300
v -0.632380 1.436560 0.387900
v -0.685080 1.431840 0.067960
v -0.638520 1.439680 0.388560
v -0.690480 1.436100 0.068520
v -0.643920 1.443960 0.389120
v -0.694980 1.441360 0.068940
v -0.648400 1.449200 0.389540
v -0.698360 1.447380 0.069220
v -0.651780 1.455220 0.389820
v -0.700500 1.453940 0.069340
v -0.653940 1.461800 0.389940
v -0.701340 1.460800 0.069300
v -0.654780 1.468660 0.389900
v -0.700820 1.467700 0.069100
v -0.654260 1.475560 0.389700
v -0.698980 1.474360 0.068760
v -0.652420 1.482220 0.389360
v -0.695900 1.480520 0.068280
v -0.649340 1.488380 0.388860
v -0.691660 1.485960 0.067660
v -0.645100 1.493820 0.388260
v -0.686460 1.490460 0.066960
v -0.639900 1.498320 0.387560
v -0.680480 1.493840 0.066180
v -0.633920 1.501700 0.386780
v -0.673960 1.496000 0.065380
v -0.627400 1.503860 0.385960
v -0.659480 1.479380 0.063980
v -0.656160 1.477680 0.063640
v -0.653220 1.475360 0.063340
v -0.650800 1.472520 0.063100
v -0.648960 1.469260 0.062940
v -0.647800 1.465700 0.062880
v -0.647340 1.461980 0.062900
v -0.647620 1.458240 0.063000
v -0.648620 1.454640 0.063200
v -0.650300 1.451300 0.063460
v -0.652580 1.448360 0.063800
v -0.655400 1.445920 0.064180
v -0.658640 1.444080 0.064600
v -0.662180 1.442920 0.065040
v -0.665860 1.442460 0.065480
v -0.669580 1.442760 0.065920
v -0.673160 1.443760 0.066320
v -0.676480 1.445460 0.066680
v -0.679420 1.447780 0.066980
v -0.681840 1.450620 0.067200
v -0.683680 1.453880 0.067360
v -0.684840 1.457440 0.067420
v -0.685300 1.461160 0.067400
v -0.685020 1.464900 0.067300
v -0.684020 1.468500 0.067100
v -0.682340 1.471840 0.066840
v -0.680060 1.474780 0.066520
v -0.677240 1.477220 0.066140
v -0.674000 1.479060 0.065720
v -0.670460 1.480220 0.065280
v -0.691060 1.475660 -0.245780
v -0.694760 1.475960 -0.245340
v -0.687460 1.474660 -0.246180
v -0.684140 1.472960 -0.246540
v -0.681220 1.470640 -0.246840
v -0.678780 1.467800 -0.247080
v -0.676960 1.464540 -0.247220
v -0.675800 1.460980 -0.247300
v -0.675340 1.457260 -0.247280
v -0.675620 1.453520 -0.247160
v -0.676620 1.449920 -0.246980
v -0.678280 1.446580 -0.246720
v -0.680580 1.443640 -0.246380
v -0.683400 1.441200 -0.246000
v -0.686640 1.439360 -0.245580
v -0.690160 1.438200 -0.245140
v -0.693860 1.437740 -0.244700
v -0.697580 1.438040 -0.244260
v -0.701160 1.439040 -0.243860
v -0.704480 1.440740 -0.243500
v -0.707400 1.443060 -0.243200
v -0.709840 1.445900 -0.242960
v -0.711660 1.449160 -0.242820
v -0.712840 1.452720 -0.242740
v -0.713280 1.456440 -0.242780
v -0.713000 1.460180 -0.242880
v -0.712020 1.463780 -0.243060
v -0.710340 1.467120 -0.243340
v -0.708040 1.470060 -0.243660
v -0.705220 1.472500 -0.244040
v -0.702000 1.474340 -0.244460
v -0.698460 1.475500 -0.244900
v 0.678080 1.480380 0.064400
v 0.681780 1.480660 0.064820
v 0.682160 1.496820 0.064540
v 0.635600 1.504680 0.385140
v 0.675320 1.496300 0.063760
v 0.628760 1.504140 0.384340
v 0.668700 1.494420 0.063000
v 0.622140 1.502280 0.383600
v 0.662560 1.491300 0.062340
v 0.616000 1.499160 0.382940
v 0.657160 1.487040 0.061780
v 0.610600 1.494880 0.382380
v 0.652680 1.481780 0.061360
v 0.606120 1.489640 0.381960
v 0.649300 1.475760 0.061080
v 0.602740 1.483600 0.381680
v 0.647140 1.469180 0.060960
v 0.600580 1.477040 0.381560
v 0.646320 1.462320 0.061000
v 0.599760 1.470180 0.381600
v 0.646820 1.455440 0.061200
v 0.600260 1.463280 0.381780
v 0.648660 1.448780 0.061540
v 0.602100 1.456620 0.382140
v 0.651760 1.442600 0.062040
v 0.605180 1.450460 0.382620
v 0.655980 1.437180 0.062640
v 0.609420 1.445020 0.383240
v 0.661180 1.432680 0.063340
v 0.614620 1.440520 0.383940
v 0.667160 1.429280 0.064120
v 0.620600 1.437140 0.384720
v 0.673680 1.427140 0.064940
v 0.627120 1.434980 0.385520
v 0.680500 1.426320 0.065760
v 0.633940 1.434160 0.386340
v 0.687340 1.426840 0.066560
v 0.640780 1.434700 0.387140
v 0.693960 1.428700 0.067300
v 0.647400 1.436560 0.387900
v 0.700100 1.431840 0.067960
v 0.653520 1.439680 0.388560
v 0.705500 1.436100 0.068520
v 0.658940 1.443960 0.389120
v 0.709980 1.441360 0.068940
v 0.663420 1.449200 0.389540
v 0.713360 1.447380 0.069220
v 0.666800 1.455220 0.389820
v 0.715500 1.453940 0.069340
v 0.668940 1.461800 0.389940
v 0.716340 1.460800 0.069300
v 0.669780 1.468660 0.389900
v 0.715840 1.467700 0.069100
v 0.669280 1.475560 0.389700
v 0.714000 1.474360 0.068760
v 0.667440 1.482220 0.389360
v 0.710900 1.480520 0.068280
v 0.664340 1.488380 0.388860
v 0.706680 1.485960 0.067660
v 0.660120 1.493820 0.388260
v 0.701480 1.490460 0.066960
v 0.654920 1.498320 0.387560
v 0.695500 1.493840 0.066180
v 0.648940 1.501700 0.386780
v 0.688980 1.496000 0.065380
v 0.642420 1.503860 0.385960
v 0.674480 1.479380 0.063980
v 0.671160 1.477680 0.063640
v 0.668240 1.475360 0.063340
v 0.665800 1.472520 0.063100
v 0.663980 1.469260 0.062940
v 0.662800 1.465700 0.062880
v 0.662360 1.461980 0.062900
v 0.662640 1.458240 0.063000
v 0.663620 1.454640 0.063200
v 0.665300 1.451300 0.063460
v 0.667600 1.448360 0.063800
v 0.670420 1.445920 0.064180
v 0.673660 1.444080 0.064600
v 0.677180 1.442920 0.065040
v 0.680880 1.442460 0.065480
v 0.684580 1.442760 0.065920
v 0.688180 1.443760 0.066320
v 0.691500 1.445460 0.066680
v 0.694420 1.447780 0.066980
v 0.696860 1.450620 0.067200
v 0.698680 1.453880 0.067360
v 0.699840 1.457440 0.067420
v 0.700300 1.461160 0.067400
v 0.700020 1.464900 0.067300
v 0.699040 1.468500 0.067100
v 0.697360 1.471840 0.066840
v 0.695060 1.474780 0.066520
v 0.692240 1.477220 0.066140
v 0.689000 1.479060 0.065720
v 0.685480 1.480220 0.065280
v 0.706060 1.475660 -0.245780
v 0.709780 1.475960 -0.245340
v 0.702480 1.474660 -0.246180
v 0.699160 1.472960 -0.246540
v 0.696220 1.470640 -0.246840
v 0.693800 1.467800 -0.247080
v 0.691960 1.464540 -0.247220
v 0.690800 1.460980 -0.247300
v 0.690360 1.457260 -0.247280
v 0.690620 1.453520 -0.247160
v 0.691620 1.449920 -0.246980
v 0.693300 1.446580 -0.246720
v 0.695580 1.443640 -0.246380
v 0.698400 1.441200 -0.246000
v 0.701640 1.439360 -0.245580
v 0.705180 1.438200 -0.245140
v 0.708880 1.437740 -0.244700
v 0.712580 1.438040 -0.244260
v 0.716160 1.439040 -0.243860
v 0.719480 1.440740 -0.243500
v 0.722420 1.443060 -0.243200
v 0.724840 1.445900 -0.242960
v 0.726680 1.449160 -0.242820
v 0.727840 1.452720 -0.242740
v 0.728300 1.456440 -0.242780
v 0.728020 1.460180 -0.242880
v 0.727020 1.463780 -0.243060
v 0.725360 1.467120 -0.243340
v 0.723060 1.470060 -0.243660
v 0.720240 1.472500 -0.244040
v 0.717000 1.474340 -0.244460
v 0.713460 1.475500 -0.244900
v 0.910880 2.663920 -0.458800
v 0.882320 2.517960 -0.449500
v 0.930200 2.743820 -0.647220
v 0.942420 2.783820 -0.814880
v 0.881540 2.334120 -0.618240
v 0.801620 1.762300 -0.081880
v 0.860380 1.967240 -0.561780
v 0.878540 2.145020 -0.656080
v 0.778900 1.743460 -1.338960
v 0.823140 1.824220 -1.341620
v 0.949900 2.790380 -0.967780
v 0.887260 2.148140 -1.374160
v 0.907480 2.317100 -1.366160
v 0.939120 2.599120 -1.281340
v 0.925040 2.469920 -1.335200
v 0.948420 2.698100 -1.203280
v 0.952120 2.762300 -1.099020
v 0.861320 1.974360 -1.361040
v 0.317700 1.372960 -0.015600
v 0.338260 1.409540 0.019280
v 0.370640 1.452540 0.039120
v 0.426620 1.509600 0.049280
v 0.501720 1.568080 0.046880
v 0.590420 1.622220 0.020740
v 0.692160 1.676220 -0.030260
v 0.270800 1.329180 0.004880
v 0.185600 1.286140 0.091000
v -0.906100 2.668000 -0.451420
v -0.877560 2.522040 -0.441980
v -0.925420 2.747900 -0.642440
v -0.937660 2.787900 -0.812420
v -0.876780 2.338200 -0.613060
v -0.796840 1.766420 -0.081880
v -0.855600 1.971320 -0.555820
v -0.873780 2.149100 -0.651420
v -0.774140 1.747540 -1.343760
v -0.818360 1.828300 -1.346440
v -0.945140 2.794460 -0.967440
v -0.882500 2.152220 -1.379420
v -0.902720 2.321180 -1.371320
v -0.934340 2.603200 -1.285320
v -0.920280 2.474000 -1.339940
v -0.943660 2.702180 -1.206200
v -0.947360 2.766400 -1.100500
v -0.856560 1.978440 -1.366140
v -0.315520 1.376380 -0.015600
v -0.336060 1.413020 0.019020
v -0.367400 1.456800 0.038520
v -0.421940 1.514360 0.048740
v -0.496540 1.572900 0.046680
v -0.585340 1.627360 0.020840
v -0.687220 1.680940 -0.030240
v -0.266780 1.334560 0.004920
v -0.180280 1.291880 0.091000
v 0.164940 1.866240 0.715700
v 0.165100 1.941620 0.698420
v 0.123720 2.038640 0.703080
v 0.180340 1.787100 0.715460
v 0.173920 1.822680 0.717060
v 0.175560 1.743760 0.719820
v 0.130180 1.682960 0.728400
v -0.155980 1.866280 0.715700
v -0.156060 1.941720 0.698340
v -0.114500 2.038920 0.702880
v -0.171460 1.787100 0.715460
v -0.165020 1.822700 0.717060
v -0.166720 1.743760 0.719820
v -0.121140 1.683020 0.728400
v 0.004860 2.088220 0.739840
v -0.049080 2.078660 0.729780
v 0.058680 2.078320 0.730040
v 0.005000 1.652840 0.739380
v 0.345140 2.604260 0.153400
v 0.275700 2.551480 0.150240
v 0.219360 2.497820 0.138840
v 0.186920 2.435560 0.130640
v 0.175880 2.370280 0.128980
v 0.800540 2.553900 -0.026020
v 0.881780 2.263700 -0.073060
v 0.520060 2.665580 0.137900
v 0.428900 2.644160 0.150660
v 0.609780 2.665360 0.110680
v 0.689200 2.643240 0.070820
v 0.753200 2.604320 0.021920
v 0.756360 2.003640 0.065000
v 0.817140 2.048540 0.021420
v 0.856900 2.111760 -0.020040
v 0.876920 2.185440 -0.052760
v 0.340200 2.103760 0.145760
v 0.184460 2.300220 0.131860
v 0.216040 2.225500 0.138580
v 0.273880 2.157960 0.148020
v 0.677660 1.983500 0.102620
v 0.588560 1.989600 0.127920
v 0.415340 2.056680 0.144240
v 0.498860 2.016620 0.140200
v -0.336280 2.604260 0.153400
v -0.266840 2.551480 0.150240
v -0.210520 2.497820 0.138840
v -0.178060 2.435560 0.130640
v -0.167020 2.370280 0.128980
v -0.791620 2.554480 -0.026020
v -0.872940 2.262960 -0.073060
v -0.511200 2.665580 0.137900
v -0.420060 2.644160 0.150660
v -0.600920 2.665400 0.110680
v -0.680280 2.643400 0.070820
v -0.744220 2.604740 0.021920
v -0.747520 2.003640 0.065000
v -0.808300 2.048540 0.021420
v -0.848040 2.111680 -0.020040
v -0.868060 2.185140 -0.052760
v -0.331340 2.103760 0.145760
v -0.175620 2.300220 0.131860
v -0.207180 2.225500 0.138580
v -0.265040 2.157960 0.148020
v -0.668820 1.983500 0.102620
v -0.579720 1.989600 0.127920
v -0.406500 2.056680 0.144240
v -0.490020 2.016620 0.140200
v 0.875520 2.343680 -0.080520
v 0.859620 2.422020 -0.076760
v 0.834920 2.493300 -0.060020
v -0.866820 2.342660 -0.080520
v -0.851100 2.421440 -0.076760
v -0.826240 2.493500 -0.060020
v 1.026560 1.854360 -0.502560
v 0.244480 0.575960 0.123240
v 0.478700 0.715820 -0.117360
v 0.361880 0.632960 0.020220
v 0.756260 1.028440 -0.554900
v 0.592180 0.821840 -0.278300
v 0.144160 0.690320 0.738940
v 0.283700 0.719600 0.684240
v 0.143180 0.478320 0.450740
v 0.164820 0.481680 0.592860
v 0.165180 0.579700 0.704800
v 0.156780 0.630100 0.733360
v 0.322920 0.628760 0.613820
v 0.319040 0.529020 0.507740
v 0.124520 0.545000 0.181080
v 0.129080 0.517740 0.275460
v 0.254240 0.543540 0.217760
v 0.485960 0.682240 -0.046720
v 0.376760 0.773060 0.590860
v 0.416900 0.750460 0.535140
v 0.452160 0.867780 0.539820
v 0.281160 0.500340 0.385980
v 0.387760 0.557260 0.235960
v 0.430840 0.608260 0.332580
v 0.309180 0.671680 0.657700
v 0.451200 0.731640 0.429340
v 0.872580 1.650260 -0.325360
v 0.930500 1.830900 -0.366020
v 0.992640 1.722600 -0.477700
v 0.399920 0.867120 0.607440
v 0.509240 0.871800 0.442900
v 0.649800 0.942080 0.091520
v 0.927720 1.394880 -0.419480
v 0.810280 1.097980 -0.615160
v 0.886080 1.195120 -0.551820
v 0.918240 1.288620 -0.462060
v 0.861280 1.231600 -0.303900
v 0.866200 1.081240 -0.414960
v 0.954660 1.549400 -0.440280
v 0.786280 1.076480 -0.612920
v 0.264160 0.837700 0.757400
v 0.353860 0.859840 0.657300
v 0.146600 0.820840 0.770320
v 0.715280 0.921520 -0.395380
v 0.689500 0.934360 -0.435260
v 0.785300 1.035440 -0.532280
v 0.608140 0.796180 -0.221740
v 0.765520 0.905160 -0.312880
v 0.837380 1.046100 -0.477060
v 0.504500 0.639980 0.073260
v 0.639060 0.762320 -0.119400
v 0.368540 0.599640 0.099680
v 0.546320 0.694040 0.158260
v 0.565540 0.799380 0.229500
v 0.792820 0.944780 -0.235300
v 0.670680 0.808760 -0.035240
v 0.672740 0.881880 0.036680
v 0.777760 0.987240 -0.170380
v 0.565780 0.898940 0.266520
v 0.729160 1.019680 -0.120880
v 0.877540 1.134040 -0.340900
v 0.851840 1.134400 -0.599980
v -1.017440 1.854580 -0.504160
v -0.235640 0.575960 0.123240
v -0.469860 0.715820 -0.117360
v -0.353040 0.632960 0.020220
v -0.660400 0.999260 -0.512120
v -0.583340 0.821840 -0.278300
v -0.135320 0.690320 0.738940
v -0.274860 0.719600 0.684240
v -0.134320 0.478320 0.450740
v -0.155960 0.481680 0.592860
v -0.156340 0.579700 0.704800
v -0.147940 0.630100 0.733360
v -0.314060 0.628760 0.613820
v -0.310180 0.529020 0.507740
v -0.101780 0.571780 0.138680
v -0.120240 0.517740 0.275460
v -0.245400 0.543540 0.217760
v -0.477120 0.682240 -0.046720
v -0.367920 0.773060 0.590860
v -0.408040 0.750460 0.535140
v -0.443320 0.867780 0.539820
v -0.272320 0.500340 0.385980
v -0.378920 0.557260 0.235960
v -0.421980 0.608260 0.332580
v -0.300320 0.671680 0.657700
v -0.442360 0.731640 0.429340
v -0.863680 1.650440 -0.326480
v -0.921460 1.831040 -0.367060
v -0.983700 1.722880 -0.479380
v -0.391080 0.867120 0.607440
v -0.500380 0.871800 0.442900
v -0.640940 0.942080 0.091520
v -0.918960 1.395140 -0.420300
v -0.801440 1.097980 -0.615160
v -0.877240 1.195140 -0.551860
v -0.909440 1.288740 -0.462400
v -0.852520 1.232020 -0.304560
v -0.857360 1.081260 -0.414980
v -0.945860 1.549660 -0.441700
v -0.777420 1.076480 -0.612920
v -0.255300 0.837700 0.757400
v -0.345020 0.859840 0.657300
v -0.137760 0.820840 0.770320
v -0.706440 0.921520 -0.395380
v -0.680660 0.934360 -0.435260
v -0.776440 1.035440 -0.532280
v -0.599280 0.796180 -0.221740
v -0.756680 0.905160 -0.312880
v -0.828540 1.046100 -0.477060
v -0.495660 0.639980 0.073260
v -0.630200 0.762320 -0.119400
v -0.359700 0.599640 0.099680
v -0.537480 0.694040 0.158260
v -0.556700 0.799380 0.229500
v -0.783980 0.944780 -0.235300
v -0.661840 0.808760 -0.035240
v -0.663880 0.881880 0.036680
v -0.768920 0.987260 -0.170400
v -0.556920 0.898940 0.266520
v -0.720340 1.019760 -0.120960
v -0.868740 1.134260 -0.341120
v -0.842980 1.134400 -0.599980
v 0.004420 0.683300 0.755700
v 0.004420 0.476380 0.469440
v 0.004420 0.472500 0.615740
v 0.004420 0.620260 0.755840
v 0.004420 0.569400 0.727820
v 0.004420 0.510760 0.294620
v 0.004420 0.535500 0.199760
v 0.004420 0.816200 0.790280
v 0.434920 0.949920 0.555220
v 0.384440 0.946820 0.633980
v 0.493200 0.952580 0.448660
v 0.567820 0.989960 0.111700
v 0.788820 1.332200 -0.265820
v 0.252100 0.936980 0.788120
v 0.348480 0.943700 0.693360
v 0.141480 0.933360 0.817800
v 0.526940 0.966260 0.278100
v 0.607880 1.056200 -0.097940
v -0.426060 0.949920 0.555220
v -0.375600 0.946820 0.633980
v -0.484340 0.952580 0.448660
v -0.558980 0.989960 0.111700
v -0.780020 1.332420 -0.266660
v -0.243240 0.936980 0.788120
v -0.339620 0.943700 0.693360
v -0.132620 0.933360 0.817800
v -0.518100 0.966260 0.278100
v -0.599040 1.056220 -0.098060
v 0.004420 0.932780 0.839700
v 1.039700 1.918120 -0.505660
v 0.961460 1.909960 -0.388460
v -1.030460 1.918280 -0.507100
v -0.952340 1.910060 -0.389380
v 0.948320 1.692380 -0.412940
v 0.899600 1.444180 -0.358600
v 0.991340 1.852500 -0.449160
v 1.012320 1.924160 -0.461320
v -0.982220 1.852720 -0.450740
v -1.003100 1.924320 -0.462680
v -0.890820 1.444520 -0.360020
v -0.939380 1.692660 -0.414660
v 0.714600 1.508340 -0.169440
v 0.704740 1.599080 -0.202540
v -0.709640 1.513000 -0.169900
v -0.695800 1.599120 -0.202980
v 0.275160 0.956920 0.432780
v 0.241460 0.954160 0.487240
v 0.314440 0.958320 0.358960
v 0.376880 0.980120 0.139460
v 0.632680 1.141680 -0.125860
v 0.160160 0.955620 0.599920
v 0.217760 0.952640 0.529780
v 0.085020 0.955800 0.632780
v 0.354040 0.965600 0.264060
v 0.411000 1.030280 -0.021700
v -0.266320 0.956920 0.432780
v -0.232600 0.954160 0.487240
v -0.305600 0.958320 0.358960
v -0.368040 0.980120 0.139460
v -0.618640 1.146280 -0.126220
v -0.151320 0.955620 0.599920
v -0.208920 0.952640 0.529780
v -0.076180 0.955800 0.632780
v -0.345200 0.965600 0.264060
v -0.402140 1.030300 -0.021760
v 0.004420 0.955520 0.641380
v 0.734160 1.662520 -0.224360
v -0.725160 1.662580 -0.224820
v 0.251360 0.706260 0.164660
v 0.458480 0.829940 -0.048100
v 0.355180 0.756660 0.073560
v 0.703920 1.106380 -0.435000
v 0.558820 0.923680 -0.190420
v 0.145300 0.678880 0.215780
v 0.730460 1.148840 -0.486300
v 0.644880 1.023180 -0.329200
v -0.242520 0.706260 0.164660
v -0.449640 0.829940 -0.048100
v -0.346340 0.756660 0.073560
v -0.695060 1.106380 -0.435000
v -0.549980 0.923680 -0.190420
v -0.136440 0.678880 0.215780
v -0.721600 1.148840 -0.486300
v -0.636040 1.023180 -0.329200
v 0.004420 0.670480 0.232320
v 0.578860 2.406100 0.064940
v 0.578860 2.458860 0.080960
v 0.578860 2.507500 0.106940
v 0.578860 2.550120 0.141920
v 0.578860 2.585120 0.184560
v 0.578860 2.611100 0.233180
v 0.578860 2.627120 0.285960
v 0.578860 2.632520 0.340840
v 0.578860 2.627120 0.395720
v 0.578860 2.611100 0.448480
v 0.578860 2.585120 0.497120
v 0.578860 2.550120 0.539740
v 0.578860 2.507500 0.574720
v 0.578860 2.468180 0.598260
v 0.578860 2.456540 0.601760
v 0.568160 2.405040 0.064940
v 0.557860 2.456800 0.080960
v 0.548380 2.504500 0.106940
v 0.540060 2.546300 0.141920
v 0.533240 2.580620 0.184560
v 0.528160 2.606100 0.233180
v 0.525040 2.621800 0.285960
v 0.523980 2.627120 0.340840
v 0.525040 2.621800 0.395720
v 0.528160 2.606100 0.448480
v 0.533240 2.580620 0.497120
v 0.540060 2.546300 0.539740
v 0.548380 2.504500 0.574720
v 0.556040 2.465940 0.598260
v 0.558320 2.454520 0.601760
v 0.557860 2.401920 0.064940
v 0.537660 2.450680 0.080960
v 0.519060 2.495600 0.106940
v 0.502740 2.534980 0.141920
v 0.489360 2.567300 0.184560
v 0.479400 2.591320 0.233180
v 0.473280 2.606100 0.285960
v 0.471220 2.611100 0.340840
v 0.473280 2.606100 0.395720
v 0.479400 2.591320 0.448480
v 0.489360 2.567300 0.497120
v 0.502740 2.534980 0.539740
v 0.519060 2.495600 0.574720
v 0.534100 2.459280 0.598260
v 0.538560 2.448520 0.601760
v 0.548380 2.396840 0.064940
v 0.519060 2.440720 0.080960
v 0.492040 2.481160 0.106940
v 0.468360 2.516600 0.141920
v 0.448920 2.545700 0.184560
v 0.434480 2.567300 0.233180
v 0.425580 2.580620 0.285960
v 0.422580 2.585120 0.340840
v 0.425580 2.580620 0.395720
v 0.434480 2.567300 0.448480
v 0.448920 2.545700 0.497120
v 0.468360 2.516600 0.539740
v 0.492040 2.481160 0.574720
v 0.513880 2.448460 0.598260
v 0.520340 2.438780 0.601760
v 0.540060 2.390020 0.064940
v 0.502740 2.427340 0.080960
v 0.468360 2.461720 0.106940
v 0.438220 2.491860 0.141920
v 0.413480 2.516600 0.184560
v 0.395100 2.534980 0.233180
v 0.383780 2.546300 0.285960
v 0.379960 2.550120 0.340840
v 0.383780 2.546300 0.395720
v 0.395100 2.534980 0.448480
v 0.413480 2.516600 0.497120
v 0.438220 2.491860 0.539740
v 0.468360 2.461720 0.574720
v 0.496160 2.433920 0.598260
v 0.504380 2.425680 0.601760
v 0.533240 2.381700 0.064940
v 0.489360 2.411020 0.080960
v 0.448920 2.438040 0.106940
v 0.413480 2.461720 0.141920
v 0.384380 2.481160 0.184560
v 0.362780 2.495600 0.233180
v 0.349460 2.504500 0.285960
v 0.344960 2.507500 0.340840
v 0.349460 2.504500 0.395720
v 0.362780 2.495600 0.448480
v 0.384380 2.481160 0.497120
v 0.413480 2.461720 0.539740
v 0.448920 2.438040 0.574720
v 0.481600 2.416200 0.598260
v 0.528160 2.372220 0.064940
v 0.479400 2.392420 0.080960
v 0.434480 2.411020 0.106940
v 0.395100 2.427340 0.141920
v 0.362780 2.440720 0.184560
v 0.338760 2.450680 0.233180
v 0.323960 2.456800 0.285960
v 0.318980 2.458860 0.340840
v 0.323960 2.456800 0.395720
v 0.338760 2.450680 0.448480
v 0.362780 2.440720 0.497120
v 0.395100 2.427340 0.539740
v 0.434480 2.411020 0.574720
v 0.470800 2.395980 0.598260
v 0.525040 2.361920 0.064940
v 0.473280 2.372220 0.080960
v 0.425580 2.381700 0.106940
v 0.383780 2.390020 0.141920
v 0.349460 2.396840 0.184560
v 0.323960 2.401920 0.233180
v 0.308260 2.405040 0.285960
v 0.302960 2.406100 0.340840
v 0.308260 2.405040 0.395720
v 0.323960 2.401920 0.448480
v 0.349460 2.396840 0.497120
v 0.383780 2.390020 0.539740
v 0.425580 2.381700 0.574720
v 0.464140 2.374040 0.598260
v 0.523980 2.351220 0.064940
v 0.471220 2.351220 0.080960
v 0.422580 2.351220 0.106940
v 0.379960 2.351220 0.141920
v 0.344960 2.351220 0.184560
v 0.318980 2.351220 0.233180
v 0.302960 2.351220 0.285960
v 0.297560 2.351220 0.340840
v 0.302960 2.351220 0.395720
v 0.318980 2.351220 0.448480
v 0.344960 2.351220 0.497120
v 0.379960 2.351220 0.539740
v 0.422580 2.351220 0.574720
v 0.461900 2.351220 0.598260
v 0.525040 2.340500 0.064940
v 0.473280 2.330220 0.080960
v 0.425580 2.320720 0.106940
v 0.383780 2.312400 0.141920
v 0.349460 2.305580 0.184560
v 0.323960 2.300520 0.233180
v 0.308260 2.297400 0.285960
v 0.302960 2.296340 0.340840
v 0.308260 2.297400 0.395720
v 0.323960 2.300520 0.448480
v 0.349460 2.305580 0.497120
v 0.383780 2.312400 0.539740
v 0.425580 2.320720 0.574720
v 0.464140 2.328400 0.598260
v 0.475540 2.330660 0.601760
v 0.528160 2.330220 0.064940
v 0.479400 2.310020 0.080960
v 0.434480 2.291400 0.106940
v 0.395100 2.275100 0.141920
v 0.362780 2.261720 0.184560
v 0.338760 2.251760 0.233180
v 0.323960 2.245640 0.285960
v 0.318980 2.243560 0.340840
v 0.323960 2.245640 0.395720
v 0.338760 2.251760 0.448480
v 0.362780 2.261720 0.497120
v 0.395100 2.275100 0.539740
v 0.434480 2.291400 0.574720
v 0.470800 2.306460 0.598260
v 0.533240 2.320720 0.064940
v 0.489360 2.291400 0.080960
v 0.448920 2.264380 0.106940
v 0.413480 2.240720 0.141920
v 0.384380 2.221280 0.184560
v 0.362780 2.206820 0.233180
v 0.349460 2.197940 0.285960
v 0.344960 2.194940 0.340840
v 0.349460 2.197940 0.395720
v 0.362780 2.206820 0.448480
v 0.384380 2.221280 0.497120
v 0.413480 2.240720 0.539740
v 0.448920 2.264380 0.574720
v 0.481600 2.286240 0.598260
v 0.491280 2.292680 0.601760
v 0.540060 2.312400 0.064940
v 0.502740 2.275100 0.080960
v 0.468360 2.240720 0.106940
v 0.438220 2.210560 0.141920
v 0.413480 2.185840 0.184560
v 0.395100 2.167440 0.233180
v 0.383780 2.156140 0.285960
v 0.379960 2.152300 0.340840
v 0.383780 2.156140 0.395720
v 0.395100 2.167440 0.448480
v 0.413480 2.185840 0.497120
v 0.438220 2.210560 0.539740
v 0.468360 2.240720 0.574720
v 0.496160 2.268500 0.598260
v 0.504380 2.276720 0.601760
v 0.548380 2.305580 0.064940
v 0.519060 2.261720 0.080960
v 0.492040 2.221280 0.106940
v 0.468360 2.185840 0.141920
v 0.448920 2.156740 0.184560
v 0.434480 2.135120 0.233180
v 0.425580 2.121820 0.285960
v 0.422580 2.117320 0.340840
v 0.425580 2.121820 0.395720
v 0.434480 2.135120 0.448480
v 0.448920 2.156740 0.497120
v 0.468360 2.185840 0.539740
v 0.492040 2.221280 0.574720
v 0.513880 2.253960 0.598260
v 0.557860 2.300520 0.064940
v 0.537660 2.251760 0.080960
v 0.519060 2.206820 0.106940
v 0.502740 2.167440 0.141920
v 0.489360 2.135120 0.184560
v 0.479400 2.111120 0.233180
v 0.473280 2.096320 0.285960
v 0.471220 2.091340 0.340840
v 0.473280 2.096320 0.395720
v 0.479400 2.111120 0.448480
v 0.489360 2.135120 0.497120
v 0.502740 2.167440 0.539740
v 0.519060 2.206820 0.574720
v 0.534100 2.243160 0.598260
v 0.538560 2.253880 0.601760
v 0.568160 2.297400 0.064940
v 0.557860 2.245640 0.080960
v 0.548380 2.197940 0.106940
v 0.540060 2.156140 0.141920
v 0.533240 2.121820 0.184560
v 0.528160 2.096320 0.233180
v 0.525040 2.080620 0.285960
v 0.523980 2.075320 0.340840
v 0.525040 2.080620 0.395720
v 0.528160 2.096320 0.448480
v 0.533240 2.121820 0.497120
v 0.540060 2.156140 0.539740
v 0.548380 2.197940 0.574720
v 0.556040 2.236500 0.598260
v 0.558320 2.247900 0.601760
v 0.578860 2.296340 0.064940
v 0.578860 2.243560 0.080960
v 0.578860 2.194940 0.106940
v 0.578860 2.152300 0.141920
v 0.578860 2.117320 0.184560
v 0.578860 2.091340 0.233180
v 0.578860 2.075320 0.285960
v 0.578860 2.069920 0.340840
v 0.578860 2.075320 0.395720
v 0.578860 2.091340 0.448480
v 0.578860 2.117320 0.497120
v 0.578860 2.152300 0.539740
v 0.578860 2.194940 0.574720
v 0.578860 2.234240 0.598260
v 0.589560 2.297400 0.064940
v 0.599860 2.245640 0.080960
v 0.609340 2.197940 0.106940
v 0.617660 2.156140 0.141920
v 0.624480 2.121820 0.184560
v 0.629560 2.096320 0.233180
v 0.632680 2.080620 0.285960
v 0.633740 2.075320 0.340840
v 0.632680 2.080620 0.395720
v 0.629560 2.096320 0.448480
v 0.624480 2.121820 0.497120
v 0.617660 2.156140 0.539740
v 0.609340 2.197940 0.574720
v 0.601680 2.236500 0.598260
v 0.599400 2.247900 0.601760
v 0.599860 2.300520 0.064940
v 0.620060 2.251760 0.080960
v 0.638660 2.206820 0.106940
v 0.654980 2.167440 0.141920
v 0.668360 2.135120 0.184560
v 0.678320 2.111120 0.233180
v 0.684440 2.096320 0.285960
v 0.686500 2.091340 0.340840
v 0.684440 2.096320 0.395720
v 0.678320 2.111120 0.448480
v 0.668360 2.135120 0.497120
v 0.654980 2.167440 0.539740
v 0.638660 2.206820 0.574720
v 0.623620 2.243160 0.598260
v 0.609340 2.305580 0.064940
v 0.638660 2.261720 0.080960
v 0.665680 2.221280 0.106940
v 0.689360 2.185840 0.141920
v 0.708800 2.156740 0.184560
v 0.723240 2.135120 0.233180
v 0.732140 2.121820 0.285960
v 0.735140 2.117320 0.340840
v 0.732140 2.121820 0.395720
v 0.723240 2.135120 0.448480
v 0.708800 2.156740 0.497120
v 0.689360 2.185840 0.539740
v 0.665680 2.221280 0.574720
v 0.643840 2.253960 0.598260
v 0.637380 2.263620 0.601760
v 0.617660 2.312400 0.064940
v 0.654980 2.275100 0.080960
v 0.689360 2.240720 0.106940
v 0.719500 2.210560 0.141920
v 0.744240 2.185840 0.184560
v 0.762620 2.167440 0.233180
v 0.773940 2.156140 0.285960
v 0.777760 2.152300 0.340840
v 0.773940 2.156140 0.395720
v 0.762620 2.167440 0.448480
v 0.744240 2.185840 0.497120
v 0.719500 2.210560 0.539740
v 0.689360 2.240720 0.574720
v 0.661560 2.268500 0.598260
v 0.653340 2.276720 0.601760
v 0.624480 2.320720 0.064940
v 0.668360 2.291400 0.080960
v 0.708800 2.264380 0.106940
v 0.744240 2.240720 0.141920
v 0.773340 2.221280 0.184560
v 0.794940 2.206820 0.233180
v 0.808260 2.197940 0.285960
v 0.812760 2.194940 0.340840
v 0.808260 2.197940 0.395720
v 0.794940 2.206820 0.448480
v 0.773340 2.221280 0.497120
v 0.744240 2.240720 0.539740
v 0.708800 2.264380 0.574720
v 0.676120 2.286240 0.598260
v 0.666440 2.292680 0.601760
v 0.629560 2.330220 0.064940
v 0.678320 2.310020 0.080960
v 0.723240 2.291400 0.106940
v 0.762620 2.275100 0.141920
v 0.794940 2.261720 0.184560
v 0.818960 2.251760 0.233180
v 0.833760 2.245640 0.285960
v 0.838740 2.243560 0.340840
v 0.833760 2.245640 0.395720
v 0.818960 2.251760 0.448480
v 0.794940 2.261720 0.497120
v 0.762620 2.275100 0.539740
v 0.723240 2.291400 0.574720
v 0.686920 2.306460 0.598260
v 0.632680 2.340500 0.064940
v 0.684440 2.330220 0.080960
v 0.732140 2.320720 0.106940
v 0.773940 2.312400 0.141920
v 0.808260 2.305580 0.184560
v 0.833760 2.300520 0.233180
v 0.849460 2.297400 0.285960
v 0.854760 2.296340 0.340840
v 0.849460 2.297400 0.395720
v 0.833760 2.300520 0.448480
v 0.808260 2.305580 0.497120
v 0.773940 2.312400 0.539740
v 0.732140 2.320720 0.574720
v 0.693580 2.328400 0.598260
v 0.682180 2.330660 0.601760
v 0.633740 2.351220 0.064940
v 0.686500 2.351220 0.080960
v 0.735140 2.351220 0.106940
v 0.777760 2.351220 0.141920
v 0.812760 2.351220 0.184560
v 0.838740 2.351220 0.233180
v 0.854760 2.351220 0.285960
v 0.860160 2.351220 0.340840
v 0.854760 2.351220 0.395720
v 0.838740 2.351220 0.448480
v 0.812760 2.351220 0.497120
v 0.777760 2.351220 0.539740
v 0.735140 2.351220 0.574720
v 0.695820 2.351220 0.598260
v 0.684200 2.351200 0.601760
v 0.632680 2.361920 0.064940
v 0.684440 2.372220 0.080960
v 0.732140 2.381700 0.106940
v 0.773940 2.390020 0.141920
v 0.808260 2.396840 0.184560
v 0.833760 2.401920 0.233180
v 0.849460 2.405040 0.285960
v 0.854760 2.406100 0.340840
v 0.849460 2.405040 0.395720
v 0.833760 2.401920 0.448480
v 0.808260 2.396840 0.497120
v 0.773940 2.390020 0.539740
v 0.732140 2.381700 0.574720
v 0.693580 2.374040 0.598260
v 0.629560 2.372220 0.064940
v 0.678320 2.392420 0.080960
v 0.723240 2.411020 0.106940
v 0.762620 2.427340 0.141920
v 0.794940 2.440720 0.184560
v 0.818960 2.450680 0.233180
v 0.833760 2.456800 0.285960
v 0.838740 2.458860 0.340840
v 0.833760 2.456800 0.395720
v 0.818960 2.450680 0.448480
v 0.794940 2.440720 0.497120
v 0.762620 2.427340 0.539740
v 0.723240 2.411020 0.574720
v 0.686920 2.395980 0.598260
v 0.676180 2.391520 0.601760
v 0.624480 2.381700 0.064940
v 0.668360 2.411020 0.080960
v 0.708800 2.438040 0.106940
v 0.744240 2.461720 0.141920
v 0.773340 2.481160 0.184560
v 0.794940 2.495600 0.233180
v 0.808260 2.504500 0.285960
v 0.812760 2.507500 0.340840
v 0.808260 2.504500 0.395720
v 0.794940 2.495600 0.448480
v 0.773340 2.481160 0.497120
v 0.744240 2.461720 0.539740
v 0.708800 2.438040 0.574720
v 0.676120 2.416200 0.598260
v 0.617660 2.390020 0.064940
v 0.654980 2.427340 0.080960
v 0.689360 2.461720 0.106940
v 0.719500 2.491860 0.141920
v 0.744240 2.516600 0.184560
v 0.762620 2.534980 0.233180
v 0.773940 2.546300 0.285960
v 0.777760 2.550120 0.340840
v 0.773940 2.546300 0.395720
v 0.762620 2.534980 0.448480
v 0.744240 2.516600 0.497120
v 0.719500 2.491860 0.539740
v 0.689360 2.461720 0.574720
v 0.661560 2.433920 0.598260
v 0.578860 2.351220 0.059540
v 0.609340 2.396840 0.064940
v 0.638660 2.440720 0.080960
v 0.665680 2.481160 0.106940
v 0.689360 2.516600 0.141920
v 0.708800 2.545700 0.184560
v 0.723240 2.567300 0.233180
v 0.732140 2.580620 0.285960
v 0.735140 2.585120 0.340840
v 0.732140 2.580620 0.395720
v 0.723240 2.567300 0.448480
v 0.708800 2.545700 0.497120
v 0.689360 2.516600 0.539740
v 0.665680 2.481160 0.574720
v 0.643840 2.448460 0.598260
v 0.637380 2.438780 0.601760
v 0.599860 2.401920 0.064940
v 0.620060 2.450680 0.080960
v 0.638660 2.495600 0.106940
v 0.654980 2.534980 0.141920
v 0.668360 2.567300 0.184560
v 0.678320 2.591320 0.233180
v 0.684440 2.606100 0.285960
v 0.686500 2.611100 0.340840
v 0.684440 2.606100 0.395720
v 0.678320 2.591320 0.448480
v 0.668360 2.567300 0.497120
v 0.654980 2.534980 0.539740
v 0.638660 2.495600 0.574720
v 0.623620 2.459280 0.598260
v 0.589560 2.405040 0.064940
v 0.599860 2.456800 0.080960
v 0.609340 2.504500 0.106940
v 0.617660 2.546300 0.141920
v 0.624480 2.580620 0.184560
v 0.629560 2.606100 0.233180
v 0.632680 2.621800 0.285960
v 0.633740 2.627120 0.340840
v 0.632680 2.621800 0.395720
v 0.629560 2.606100 0.448480
v 0.624480 2.580620 0.497120
v 0.617660 2.546300 0.539740
v 0.609340 2.504500 0.574720
v 0.601680 2.465940 0.598260
v 0.599400 2.454520 0.601760
v 0.243560 0.064120 -0.963860
v 0.234180 0.065560 -0.961280
v 0.225460 0.066600 -0.957000
v 0.217740 0.067220 -0.951220
v 0.211320 0.067400 -0.944120
v 0.206440 0.067100 -0.936020
v 0.203280 0.066380 -0.927180
v 0.201980 0.065220 -0.918000
v 0.202560 0.063700 -0.908780
v 0.205040 0.061860 -0.899900
v 0.209300 0.059780 -0.891680
v 0.215160 0.057540 -0.884480
v 0.222440 0.055200 -0.878540
v 0.230820 0.052900 -0.874080
v 0.239980 0.050680 -0.871300
v 0.249600 0.048660 -0.870300
v 0.259280 0.046900 -0.871100
v 0.268660 0.045460 -0.873700
v 0.277380 0.044420 -0.877980
v 0.285100 0.043800 -0.883760
v 0.291520 0.043640 -0.890860
v 0.296420 0.043920 -0.898960
v 0.299560 0.044640 -0.907780
v 0.300880 0.045800 -0.916980
v 0.300280 0.047320 -0.926200
v 0.297820 0.049160 -0.935080
v 0.293560 0.051240 -0.943280
v 0.287680 0.053500 -0.950500
v 0.280420 0.055820 -0.956440
v 0.272040 0.058120 -0.960900
v 0.262860 0.060340 -0.963680
v 0.253260 0.062360 -0.964680
v 0.254760 0.068020 -1.003660
v 0.272320 0.064320 -1.001820
v 0.289060 0.060280 -0.996740
v 0.304360 0.056060 -0.988620
v 0.317640 0.051820 -0.977760
v 0.328360 0.047720 -0.964600
v 0.336120 0.043920 -0.949620
v 0.340640 0.040560 -0.933400
v 0.341720 0.037780 -0.916560
v 0.339340 0.035680 -0.899780
v 0.333580 0.034340 -0.883660
v 0.324660 0.033820 -0.868840
v 0.312920 0.034120 -0.855900
v 0.298820 0.035260 -0.845320
v 0.282900 0.037180 -0.837520
v 0.265760 0.039780 -0.832800
v 0.248080 0.043000 -0.831320
v 0.230540 0.046700 -0.833160
v 0.213780 0.050740 -0.838220
v 0.198480 0.054960 -0.846360
v 0.185220 0.059200 -0.857200
v 0.174480 0.063300 -0.870380
v 0.166720 0.067100 -0.885360
v 0.162200 0.070460 -0.901580
v 0.161120 0.073240 -0.918400
v 0.163500 0.075340 -0.935200
v 0.169280 0.076680 -0.951320
v 0.178200 0.077200 -0.966120
v 0.189920 0.076900 -0.979060
v 0.204020 0.075760 -0.989640
v 0.219940 0.073860 -0.997440
v 0.237080 0.071240 -1.002180
v 0.364100 2.006760 -0.713500
v 0.354720 2.008200 -0.710900
v 0.346000 2.009240 -0.706620
v 0.338280 2.009860 -0.700840
v 0.331860 2.010040 -0.693740
v 0.326980 2.009740 -0.685640
v 0.323820 2.009020 -0.676820
v 0.322500 2.007860 -0.667620
v 0.323100 2.006340 -0.658400
v 0.325580 2.004500 -0.649520
v 0.329820 2.002420 -0.641320
v 0.335700 2.000180 -0.634100
v 0.342960 1.997840 -0.628160
v 0.351340 1.995540 -0.623700
v 0.360520 1.993320 -0.620920
v 0.370140 1.991300 -0.619920
v 0.379820 1.989540 -0.620740
v 0.389200 1.988100 -0.623320
v 0.397920 1.987060 -0.627600
v 0.405640 1.986440 -0.633380
v 0.412060 1.986260 -0.640480
v 0.416940 1.986560 -0.648580
v 0.420100 1.987300 -0.657420
v 0.421420 1.988440 -0.666600
v 0.420820 1.989960 -0.675820
v 0.418340 1.991800 -0.684700
v 0.414100 1.993880 -0.692900
v 0.408220 1.996120 -0.700120
v 0.400960 1.998440 -0.706060
v 0.392580 2.000760 -0.710520
v 0.383400 2.002980 -0.713300
v 0.373780 2.005000 -0.714300
v -0.268180 0.061580 -0.970620
v -0.258800 0.063020 -0.968040
v -0.250080 0.064060 -0.963760
v -0.242360 0.064680 -0.957960
v -0.235920 0.064860 -0.950880
v -0.231040 0.064560 -0.942780
v -0.227880 0.063820 -0.933940
v -0.226580 0.062680 -0.924760
v -0.227160 0.061160 -0.915540
v -0.229640 0.059320 -0.906660
v -0.233900 0.057240 -0.898440
v -0.239760 0.055000 -0.891240
v -0.247040 0.052660 -0.885280
v -0.255420 0.050360 -0.880840
v -0.264580 0.048140 -0.878060
v -0.274200 0.046120 -0.877060
v -0.283880 0.044360 -0.877860
v -0.293260 0.042920 -0.880460
v -0.301980 0.041880 -0.884720
v -0.309700 0.041260 -0.890520
v -0.316140 0.041080 -0.897600
v -0.321020 0.041380 -0.905720
v -0.324180 0.042100 -0.914540
v -0.325480 0.043260 -0.923740
v -0.324880 0.044780 -0.932960
v -0.322420 0.046620 -0.941840
v -0.318160 0.048700 -0.950040
v -0.312280 0.050940 -0.957260
v -0.305020 0.053260 -0.963200
v -0.296640 0.055580 -0.967640
v -0.287460 0.057800 -0.970420
v -0.277860 0.059820 -0.971440
v -0.279360 0.065480 -1.010420
v -0.296920 0.061780 -1.008580
v -0.313660 0.057740 -1.003500
v -0.328980 0.053520 -0.995380
v -0.342240 0.049280 -0.984520
v -0.352960 0.045180 -0.971360
v -0.360740 0.041380 -0.956360
v -0.365240 0.038020 -0.940160
v -0.366340 0.035220 -0.923320
v -0.363940 0.033140 -0.906540
v -0.358180 0.031800 -0.890420
v -0.349260 0.031280 -0.875600
v -0.337520 0.031580 -0.862660
v -0.323420 0.032720 -0.852080
v -0.307500 0.034620 -0.844280
v -0.290380 0.037240 -0.839560
v -0.272700 0.040460 -0.838080
v -0.255140 0.044160 -0.839920
v -0.238380 0.048200 -0.844980
v -0.223080 0.052420 -0.853120
v -0.209820 0.056660 -0.863960
v -0.199080 0.060760 -0.877140
v -0.191320 0.064560 -0.892120
v -0.186800 0.067920 -0.908340
v -0.185720 0.070700 -0.925160
v -0.188100 0.072800 -0.941960
v -0.193880 0.074140 -0.958080
v -0.202800 0.074660 -0.972880
v -0.214540 0.074360 -0.985820
v -0.228640 0.073220 -0.996400
v -0.244560 0.071320 -1.004200
v -0.261680 0.068700 -1.008940
v -0.416940 2.004220 -0.720260
v -0.407560 2.005660 -0.717660
v -0.398840 2.006700 -0.713380
v -0.391120 2.007320 -0.707600
v -0.384700 2.007480 -0.700500
v -0.379800 2.007200 -0.692400
v -0.376660 2.006460 -0.683580
v -0.375340 2.005320 -0.674380
v -0.375940 2.003800 -0.665160
v -0.378400 2.001960 -0.656280
v -0.382660 1.999880 -0.648080
v -0.388540 1.997620 -0.640860
v -0.395800 1.995300 -0.634920
v -0.404180 1.993000 -0.630460
v -0.413360 1.990780 -0.627680
v -0.422960 1.988760 -0.626680
v -0.432660 1.986980 -0.627480
v -0.442040 1.985560 -0.630080
v -0.450760 1.984520 -0.634360
v -0.458480 1.983900 -0.640140
v -0.464900 1.983720 -0.647240
v -0.469780 1.984020 -0.655340
v -0.472940 1.984740 -0.664180
v -0.474240 1.985900 -0.673360
v -0.473660 1.987420 -0.682580
v -0.471180 1.989260 -0.691460
v -0.466920 1.991340 -0.699660
v -0.461060 1.993580 -0.706880
v -0.453780 1.995900 -0.712820
v -0.445400 1.998220 -0.717280
v -0.436240 2.000420 -0.720060
v -0.426620 2.002460 -0.721060
v -0.529380 0.064560 -1.743940
v -0.542840 0.066280 -1.740360
v -0.555260 0.068800 -1.734360
v -0.566180 0.072020 -1.726180
v -0.575200 0.075780 -1.716120
v -0.581920 0.080000 -1.704580
v -0.586140 0.084460 -1.692000
v -0.587660 0.089020 -1.678860
v -0.586420 0.093480 -1.665660
v -0.582500 0.097700 -1.652920
v -0.576020 0.101500 -1.641120
v -0.567220 0.104740 -1.630720
v -0.556480 0.107280 -1.622100
v -0.544180 0.109040 -1.615620
v -0.530820 0.109960 -1.611520
v -0.516880 0.109980 -1.609960
v -0.515400 0.063700 -1.744960
v -0.501480 0.063700 -1.743380
v -0.488100 0.064620 -1.739280
v -0.475800 0.066380 -1.732800
v -0.465060 0.068920 -1.724200
v -0.456280 0.072160 -1.713780
v -0.449800 0.075960 -1.701980
v -0.445860 0.080180 -1.689240
v -0.444640 0.084640 -1.676040
v -0.446140 0.089200 -1.662900
v -0.450360 0.093660 -1.650320
v -0.457100 0.097860 -1.638780
v -0.466100 0.101640 -1.628720
v -0.477020 0.104860 -1.620540
v -0.489460 0.107380 -1.614560
v -0.502920 0.109100 -1.610980
v -0.512300 1.674160 -1.913940
v -0.505100 1.672700 -1.917420
v -0.498760 1.670840 -1.922160
v -0.493540 1.668660 -1.928000
v -0.487200 1.663640 -1.941980
v -0.487040 1.658400 -1.957240
v -0.519260 1.648860 -1.988640
v -0.535440 1.649340 -1.988960
v -0.550460 1.651800 -1.983400
v -0.565920 1.658300 -1.966140
v -0.569240 1.663520 -1.951220
v -0.566240 1.668560 -1.936180
v -0.562480 1.670760 -1.929340
v -0.557400 1.672640 -1.923320
v -0.551160 1.674120 -1.918320
v -0.544040 1.675140 -1.914560
v -0.516560 0.100240 -1.638320
v -0.524640 0.100240 -1.639240
v -0.532400 0.099700 -1.641620
v -0.539520 0.098680 -1.645360
v -0.545760 0.097200 -1.650360
v -0.550840 0.095340 -1.656400
v -0.554600 0.093140 -1.663240
v -0.556880 0.090680 -1.670620
v -0.557600 0.088100 -1.678260
v -0.556720 0.085460 -1.685880
v -0.554280 0.082860 -1.693180
v -0.550380 0.080420 -1.699880
v -0.545160 0.078240 -1.705700
v -0.538820 0.076380 -1.710440
v -0.531620 0.074920 -1.713920
v -0.523820 0.073920 -1.716000
v -0.515720 0.073420 -1.716580
v -0.507640 0.073420 -1.715680
v -0.499880 0.073960 -1.713300
v -0.492760 0.074980 -1.709540
v -0.486520 0.076440 -1.704560
v -0.481440 0.078320 -1.698520
v -0.477680 0.080520 -1.691680
v -0.475400 0.082980 -1.684300
v -0.474680 0.085560 -1.676640
v -0.475560 0.088200 -1.669020
v -0.478000 0.090800 -1.661720
v -0.481920 0.093220 -1.655040
v -0.487140 0.095420 -1.649200
v -0.493460 0.097280 -1.644460
v -0.500680 0.098740 -1.640980
v -0.508480 0.099740 -1.638920
v -0.528200 1.675680 -1.911280
v -0.536280 1.675660 -1.912180
v -0.568520 1.666120 -1.943580
v -0.568360 1.660880 -1.958840
v -0.562000 1.655860 -1.972840
v -0.556780 1.653660 -1.978660
v -0.543240 1.650340 -1.986880
v -0.527340 1.648840 -1.989540
v -0.511520 1.649380 -1.986260
v -0.504380 1.650400 -1.982500
v -0.498160 1.651880 -1.977500
v -0.493060 1.653760 -1.971480
v -0.489320 1.655960 -1.964640
v -0.486320 1.661000 -1.949600
v -0.489640 1.666220 -1.934680
v -0.520100 1.675160 -1.911880
v 0.538220 0.064560 -1.743940
v 0.551680 0.066280 -1.740360
v 0.564100 0.068800 -1.734360
v 0.575040 0.072020 -1.726180
v 0.584040 0.075780 -1.716120
v 0.590780 0.080000 -1.704580
v 0.594980 0.084460 -1.692000
v 0.596500 0.089020 -1.678860
v 0.595280 0.093480 -1.665660
v 0.591340 0.097700 -1.652920
v 0.584860 0.101500 -1.641120
v 0.576080 0.104740 -1.630720
v 0.565340 0.107280 -1.622100
v 0.553040 0.109040 -1.615620
v 0.539660 0.109960 -1.611520
v 0.525720 0.109980 -1.609960
v 0.524260 0.063700 -1.744960
v 0.510320 0.063700 -1.743380
v 0.496940 0.064620 -1.739280
v 0.484660 0.066380 -1.732800
v 0.473900 0.068920 -1.724200
v 0.465120 0.072160 -1.713780
v 0.458640 0.075960 -1.701980
v 0.454720 0.080180 -1.689240
v 0.453480 0.084640 -1.676040
v 0.455000 0.089200 -1.662900
v 0.459200 0.093660 -1.650320
v 0.465940 0.097860 -1.638780
v 0.474940 0.101640 -1.628720
v 0.485880 0.104860 -1.620540
v 0.498300 0.107380 -1.614560
v 0.511760 0.109100 -1.610980
v 0.521160 1.674160 -1.913940
v 0.513940 1.672700 -1.917420
v 0.507620 1.670840 -1.922160
v 0.502400 1.668660 -1.928000
v 0.496040 1.663640 -1.941980
v 0.495880 1.658400 -1.957240
v 0.528120 1.648860 -1.988640
v 0.544300 1.649340 -1.988960
v 0.559300 1.651800 -1.983400
v 0.574760 1.658300 -1.966140
v 0.578080 1.663520 -1.951220
v 0.575080 1.668560 -1.936180
v 0.571320 1.670760 -1.929340
v 0.566240 1.672640 -1.923320
v 0.560000 1.674120 -1.918320
v 0.552880 1.675140 -1.914560
v 0.525420 0.100240 -1.638320
v 0.533500 0.100240 -1.639240
v 0.541240 0.099700 -1.641620
v 0.548380 0.098680 -1.645360
v 0.554600 0.097200 -1.650360
v 0.559700 0.095340 -1.656400
v 0.563460 0.093140 -1.663240
v 0.565740 0.090680 -1.670620
v 0.566440 0.088100 -1.678260
v 0.565560 0.085460 -1.685880
v 0.563120 0.082860 -1.693180
v 0.559220 0.080420 -1.699880
v 0.554000 0.078240 -1.705700
v 0.547660 0.076380 -1.710440
v 0.540460 0.074920 -1.713920
v 0.532660 0.073920 -1.716000
v 0.524560 0.073420 -1.716580
v 0.516480 0.073420 -1.715680
v 0.508740 0.073960 -1.713300
v 0.501600 0.074980 -1.709540
v 0.495380 0.076440 -1.704560
v 0.490280 0.078320 -1.698520
v 0.486520 0.080520 -1.691680
v 0.484240 0.082980 -1.684300
v 0.483540 0.085560 -1.676640
v 0.484420 0.088200 -1.669020
v 0.486860 0.090800 -1.661720
v 0.490760 0.093220 -1.655040
v 0.495980 0.095420 -1.649200
v 0.502320 0.097280 -1.644460
v 0.509520 0.098740 -1.640980
v 0.517320 0.099740 -1.638920
v 0.537040 1.675680 -1.911280
v 0.545120 1.675660 -1.912180
v 0.577360 1.666120 -1.943580
v 0.577200 1.660880 -1.958840
v 0.570860 1.655860 -1.972840
v 0.565640 1.653660 -1.978660
v 0.552100 1.650340 -1.986880
v 0.536200 1.648840 -1.989540
v 0.520360 1.649380 -1.986260
v 0.513240 1.650400 -1.982500
v 0.507000 1.651880 -1.977500
v 0.501920 1.653760 -1.971480
v 0.498160 1.655960 -1.964640
v 0.495160 1.661000 -1.949600
v 0.498480 1.666220 -1.934680
v 0.528960 1.675160 -1.911880
v -0.487180 0.991120 0.265520
v -0.447360 0.983300 0.251560
v -0.442700 1.010980 0.254440
v -0.483520 1.019360 0.269980
v -0.537860 1.038940 0.097740
v -0.534820 1.055420 0.097380
v -0.504360 1.045180 0.082960
v -0.504980 1.033960 0.083080
v -0.471600 1.037120 0.089180
v -0.472840 1.023840 0.087940
v -0.429680 1.019920 0.123840
v -0.434020 0.999160 0.117480
v -0.409380 1.010080 0.176400
v -0.413780 0.986260 0.172360
v -0.410020 1.006700 0.223640
v -0.416800 0.980560 0.221160
v -0.443240 1.039680 0.258100
v -0.481360 1.045960 0.271220
v -0.511760 1.049320 0.262020
v -0.517680 1.023040 0.262560
v -0.539500 1.048760 0.235820
v -0.549040 1.019180 0.234560
v -0.490340 0.968740 0.263580
v -0.452280 0.963480 0.248480
v -0.480200 1.057300 0.264040
v -0.450000 1.062800 0.257140
v -0.507060 1.024320 0.083180
v -0.539320 1.026280 0.098360
v -0.530720 1.072480 0.099160
v -0.503520 1.059840 0.087480
v -0.524780 1.083260 0.105940
v -0.498700 1.064540 0.104420
v -0.473120 1.055000 0.092540
v -0.475400 1.011300 0.087500
v -0.534940 1.089780 0.145860
v -0.553660 1.071100 0.144860
v -0.488360 1.057200 0.146980
v -0.444040 1.081540 0.128100
v -0.473120 1.074160 0.097380
v -0.429140 1.051020 0.127320
v -0.565140 1.022600 0.194020
v -0.555580 1.050320 0.197420
v -0.563580 1.043480 0.144500
v -0.533180 1.078280 0.198780
v -0.570400 0.998860 0.189660
v -0.570100 1.021380 0.141340
v -0.569520 1.004640 0.138740
v -0.572240 0.977600 0.188800
v -0.478780 1.043960 0.195720
v -0.428940 1.071140 0.183880
v -0.524440 0.996460 0.262080
v -0.529740 0.972300 0.263220
v -0.410200 1.039940 0.182860
v -0.555860 0.994540 0.234100
v -0.560720 0.970900 0.235760
v -0.424020 0.963200 0.216980
v -0.410260 1.040840 0.225400
v -0.428820 1.075780 0.223060
v -0.475840 1.055600 0.230400
v -0.503980 1.071000 0.261580
v -0.519300 1.079820 0.237920
v -0.419460 0.971200 0.168920
v -0.438960 0.986620 0.114820
v 0.302140 1.036980 0.508140
v 0.308540 1.022220 0.544560
v 0.326780 1.032460 0.546000
v 0.322800 1.040640 0.511500
v 0.409620 0.958920 0.526440
v 0.410260 0.911000 0.526540
v 0.407320 0.911900 0.509720
v 0.409680 0.961140 0.506380
v 0.410260 0.998980 0.529660
v 0.412540 0.998660 0.502860
v 0.393660 0.914960 0.494980
v 0.399960 0.964520 0.487820
v 0.356260 1.050860 0.514580
v 0.364000 1.036700 0.489600
v 0.332800 1.032100 0.482440
v 0.332680 0.961180 0.449820
v 0.328660 0.919080 0.461620
v 0.308660 0.917700 0.484420
v 0.309960 0.954440 0.478300
v 0.372640 1.029580 0.473720
v 0.353240 1.028900 0.471840
v 0.339540 1.001700 0.444340
v 0.310440 0.995820 0.473140
v 0.403640 0.998980 0.480660
v 0.388040 1.043840 0.476220
v 0.389340 1.056380 0.494360
v 0.298860 0.990380 0.549020
v 0.299200 0.995240 0.512600
v 0.301980 0.951400 0.514880
v 0.303340 0.955240 0.544640
v 0.349880 1.047620 0.542820
v 0.372540 1.064400 0.543880
v 0.384040 1.068080 0.520260
v 0.316000 1.034060 0.474920
v 0.391240 1.033280 0.549900
v 0.404300 1.038800 0.525040
v 0.407860 1.036920 0.494320
v 0.395640 0.993400 0.554040
v 0.397520 0.954400 0.550560
v 0.399400 0.911540 0.547640
v 0.400380 1.033320 0.469720
v 0.375180 0.965900 0.467720
v 0.368000 0.917700 0.478040
v 0.379280 1.031220 0.456560
v 0.348260 1.035500 0.455260
v 0.327660 1.030360 0.564740
v 0.341500 1.040460 0.565620
v 0.347040 0.916540 0.557020
v 0.368900 0.915560 0.555240
v 0.365960 0.956080 0.559720
v 0.342040 0.955560 0.562860
v 0.367580 0.988600 0.565540
v 0.338840 0.986400 0.571240
v 0.304060 0.914700 0.515760
v 0.378840 1.000260 0.458220
v 0.314400 0.989400 0.567160
v 0.342200 1.018120 0.571680
v 0.321060 1.016420 0.565480
v 0.369100 1.022500 0.566080
v 0.321280 0.957400 0.559640
v 0.330080 0.917700 0.553500
v 0.312320 0.917020 0.538860
v 0.358900 1.050700 0.562760
v 0.306680 1.028460 0.596360
v 0.319780 1.043660 0.600780
v 0.317100 1.020840 0.574020
v 0.307400 1.015940 0.573720
v 0.335020 1.042780 0.598400
v 0.329460 1.026620 0.572480
v 0.344020 0.986700 0.628880
v 0.326380 0.979600 0.660700
v 0.327880 0.955500 0.657860
v 0.343840 0.959480 0.628540
v 0.253920 0.927080 0.598840
v 0.256860 0.904540 0.601280
v 0.260520 0.904260 0.624340
v 0.257480 0.929960 0.623940
v 0.262720 0.981340 0.664840
v 0.259500 1.013720 0.667300
v 0.246720 1.020560 0.626660
v 0.249320 0.985720 0.623320
v 0.273260 1.027760 0.608220
v 0.293200 1.018940 0.590060
v 0.269820 1.010460 0.576160
v 0.251060 1.016300 0.597360
v 0.291560 1.037380 0.615820
v 0.274600 1.034220 0.633160
v 0.297300 1.045560 0.649380
v 0.311160 1.062840 0.630960
v 0.310380 1.041640 0.665060
v 0.328860 1.056360 0.636840
v 0.323040 1.008600 0.661220
v 0.342160 1.017720 0.630120
v 0.342420 0.987020 0.600460
v 0.343180 1.012780 0.598260
v 0.341620 0.931020 0.631700
v 0.329020 0.932040 0.653120
v 0.327820 0.906660 0.648900
v 0.339360 0.908500 0.632500
v 0.298400 1.014000 0.572800
v 0.256800 1.036640 0.630840
v 0.291180 0.978980 0.683600
v 0.289700 1.006380 0.680580
v 0.286780 1.007960 0.562020
v 0.316160 1.004740 0.561540
v 0.300860 1.006060 0.559540
v 0.312020 0.985960 0.561600
v 0.295500 0.984360 0.557480
v 0.297700 0.912340 0.586180
v 0.286880 0.909540 0.578860
v 0.288040 0.931160 0.572700
v 0.298680 0.936260 0.579880
v 0.330420 0.985440 0.574640
v 0.332780 1.005440 0.571260
v 0.261320 1.036620 0.661160
v 0.285800 1.031000 0.671980
v 0.283760 1.034180 0.655280
v 0.268040 1.036040 0.649920
v 0.337640 0.932440 0.612380
v 0.336100 0.910760 0.616760
v 0.315180 0.913260 0.598420
v 0.318540 0.937140 0.591360
v 0.299540 0.929740 0.668640
v 0.304680 0.904720 0.660080
v 0.282560 0.982960 0.559260
v 0.263740 0.982280 0.572060
v 0.266640 0.926560 0.580420
v 0.279640 0.928020 0.571100
v 0.277980 0.907660 0.576900
v 0.267200 0.906280 0.584380
v 0.249360 0.983940 0.593640
v 0.267580 0.955440 0.657500
v 0.272920 0.930400 0.652560
v 0.292840 0.954040 0.678560
v 0.251800 0.954620 0.594780
v 0.255220 0.957320 0.622160
v 0.262780 0.954100 0.574400
v 0.279560 0.955820 0.563800
v 0.290480 0.958320 0.564920
v 0.303020 0.962820 0.571160
v 0.339880 0.962360 0.604460
v 0.278180 0.904980 0.648520
v 0.324220 0.964260 0.582460
v 0.033760 1.024680 0.820520
v 0.032500 0.967700 0.819520
v 0.063900 0.968420 0.815960
v 0.067100 1.024620 0.817980
v 0.091620 1.019340 0.811580
v 0.103180 1.011020 0.803920
v 0.103360 1.036680 0.805640
v 0.093880 1.050760 0.809880
v 0.085020 0.899200 0.792260
v 0.061320 0.889880 0.806540
v 0.061640 0.873700 0.800740
v 0.084740 0.885780 0.787560
v 0.086020 0.922860 0.798720
v 0.101220 0.936900 0.785880
v 0.102820 0.970560 0.794820
v 0.088200 0.969660 0.806460
v 0.068760 1.056560 0.814580
v 0.088080 1.046960 0.796960
v 0.062940 1.050780 0.797820
v 0.081340 1.021340 0.791520
v 0.055520 1.020340 0.791920
v 0.073040 0.962160 0.764320
v 0.070060 0.938560 0.745480
v 0.047240 0.938260 0.738400
v 0.047800 0.963120 0.759520
v 0.098120 0.917500 0.778780
v 0.096680 0.906060 0.773040
v 0.099700 0.924180 0.756720
v 0.102460 0.934720 0.766140
v 0.034940 0.916280 0.815460
v 0.003920 0.966940 0.814760
v 0.008360 0.923600 0.807400
v 0.003500 1.017620 0.818000
v 0.062000 0.915580 0.810480
v 0.003900 1.048260 0.812440
v 0.034140 1.056580 0.815480
v 0.004120 1.049960 0.796960
v 0.028680 1.054120 0.796660
v 0.108120 0.971780 0.784180
v 0.105580 0.950100 0.775660
v 0.090140 0.943800 0.759840
v 0.092120 0.965200 0.771620
v 0.098640 1.036060 0.796100
v 0.094800 0.992100 0.782000
v 0.077140 0.992580 0.781580
v 0.021760 1.022780 0.789080
v 0.005320 0.935520 0.761580
v -0.001380 0.960480 0.772720
v 0.019640 0.962980 0.760600
v 0.024020 0.937640 0.744720
v -0.006200 0.962620 0.794080
v -0.004160 0.932860 0.787680
v 0.019280 0.991080 0.776460
v 0.051340 0.992940 0.779960
v -0.004700 1.026660 0.799580
v -0.001560 1.023860 0.790900
v -0.003600 0.989200 0.782300
v -0.006100 0.997640 0.796960
v 0.097660 1.016760 0.790220
v 0.107600 1.019660 0.797260
v 0.108500 1.000000 0.792220
v 0.036000 0.875380 0.799880
v 0.036040 0.891280 0.809560
v 0.010680 0.899500 0.796560
v 0.013900 0.883880 0.786160
v -0.001080 0.911120 0.777520
v 0.006420 0.895060 0.767700
v 0.009640 0.919300 0.750820
v 0.012960 0.907020 0.739780
v 0.026860 0.922260 0.735540
v 0.027100 0.912380 0.725840
v 0.047960 0.922680 0.726580
v 0.047600 0.913660 0.719480
v 0.067780 0.924280 0.730280
v 0.066820 0.916800 0.721160
v 0.088040 0.929920 0.744520
v 0.086280 0.922840 0.733280
v 0.193340 0.947980 0.766340
v 0.193200 0.957580 0.758700
v 0.199060 0.991280 0.764740
v 0.196620 0.986760 0.772140
v 0.152000 1.016160 0.805660
v 0.182840 1.020380 0.790600
v 0.175200 1.052140 0.789860
v 0.144400 1.051520 0.801620
v 0.188400 0.917620 0.763240
v 0.184160 0.938140 0.780420
v 0.181040 0.901580 0.779660
v 0.181700 0.910280 0.751560
v 0.177180 0.918780 0.741060
v 0.185320 0.940000 0.747500
v 0.189020 0.930260 0.753460
v 0.161140 0.920080 0.725380
v 0.169400 0.937840 0.734540
v 0.177840 0.970040 0.746920
v 0.190240 0.968040 0.753520
v 0.099300 0.999960 0.802680
v 0.108220 1.005860 0.809540
v 0.104320 1.030480 0.808440
v 0.094760 1.013740 0.798960
v 0.096240 0.948040 0.791700
v 0.109120 0.942320 0.802860
v 0.108960 0.976240 0.805900
v 0.097100 0.975840 0.796220
v 0.095220 0.922160 0.782300
v 0.106540 0.912900 0.793460
v 0.091400 0.986960 0.786440
v 0.189760 1.052140 0.770940
v 0.195260 1.047940 0.777040
v 0.201280 1.032760 0.766820
v 0.191840 1.032780 0.762900
v 0.091320 0.907080 0.754560
v 0.096860 0.901760 0.768020
v 0.089040 0.928260 0.765100
v 0.118680 0.965720 0.747540
v 0.103540 0.963220 0.760580
v 0.104040 0.994420 0.773360
v 0.119980 0.996420 0.764960
v 0.136320 0.965180 0.742060
v 0.139520 0.998900 0.763540
v 0.117720 0.933120 0.727400
v 0.116580 0.914340 0.719520
v 0.103680 0.910720 0.737520
v 0.104660 0.931560 0.746400
v 0.185700 1.001920 0.756240
v 0.197440 0.999180 0.760440
v 0.101580 1.024020 0.785880
v 0.117480 1.027100 0.777980
v 0.141700 1.032280 0.775100
v 0.169600 1.034440 0.768940
v 0.165480 1.003580 0.759440
v 0.143800 1.058900 0.787260
v 0.171040 1.056940 0.778720
v 0.158700 0.969460 0.741660
v 0.148320 0.936340 0.717400
v 0.131260 0.933080 0.716720
v 0.116600 1.052840 0.793980
v 0.104220 1.043700 0.798660
v 0.158880 0.895740 0.795520
v 0.158420 0.869680 0.792800
v 0.177820 0.875100 0.783300
v 0.107680 0.893260 0.779920
v 0.130120 0.883240 0.788220
v 0.131020 0.904220 0.798680
v 0.182140 0.896640 0.765240
v 0.158460 0.931940 0.800340
v 0.156400 0.977500 0.804800
v 0.129120 0.977780 0.810360
v 0.132000 0.936020 0.806980
v 0.088840 0.956800 0.774140
v 0.185340 0.981720 0.786160
v 0.202060 1.021820 0.770020
v 0.197780 1.022840 0.777800
v 0.116660 1.044320 0.807820
v 0.123620 1.012360 0.811340
v 0.142340 0.920720 0.707820
v 0.128540 0.917020 0.707300
v 0.335980 1.025580 0.357220
v 0.333500 0.998560 0.354900
v 0.324800 1.007220 0.391820
v 0.329840 1.038400 0.394980
v 0.488520 1.010060 0.397440
v 0.501980 1.018260 0.360060
v 0.490360 1.055140 0.359080
v 0.475620 1.042180 0.396360
v 0.382260 1.048400 0.448920
v 0.349000 1.034780 0.441900
v 0.335620 1.005840 0.445600
v 0.370640 1.014680 0.451740
v 0.404700 1.037180 0.387700
v 0.360540 1.048300 0.370960
v 0.360240 1.059340 0.397480
v 0.401700 1.049840 0.403620
v 0.505780 0.990060 0.361140
v 0.493540 0.981240 0.397840
v 0.445960 1.061760 0.389560
v 0.432720 1.066320 0.409380
v 0.502440 0.960180 0.361200
v 0.493780 0.951200 0.396800
v 0.470460 1.024000 0.281300
v 0.467720 1.059940 0.283220
v 0.487460 1.060760 0.312380
v 0.493120 1.022540 0.309400
v 0.352560 0.973620 0.317160
v 0.357180 0.957340 0.316820
v 0.339780 0.953880 0.350520
v 0.336680 0.971480 0.353200
v 0.434620 1.048720 0.275040
v 0.435780 1.023820 0.268060
v 0.402680 1.018700 0.272680
v 0.402420 1.042980 0.280400
v 0.379340 0.985060 0.281600
v 0.384400 0.965400 0.283120
v 0.329440 0.975020 0.416900
v 0.336960 0.951540 0.406260
v 0.354580 0.951220 0.420540
v 0.342460 0.974260 0.436760
v 0.384840 1.055200 0.305860
v 0.370880 1.042880 0.293200
v 0.348020 1.027780 0.325820
v 0.370340 1.044940 0.341340
v 0.449560 1.059240 0.305960
v 0.457100 1.070540 0.330600
v 0.448280 1.009400 0.458260
v 0.437060 1.053260 0.451180
v 0.412280 1.053740 0.457900
v 0.411940 1.012760 0.464980
v 0.457180 1.076000 0.358700
v 0.414200 1.035980 0.352880
v 0.348340 0.997400 0.318020
v 0.404100 0.987160 0.270420
v 0.409380 0.966300 0.273000
v 0.493800 0.992380 0.313100
v 0.470880 0.989080 0.285080
v 0.373400 1.012060 0.283760
v 0.425760 1.045500 0.300280
v 0.403320 1.048040 0.288740
v 0.419900 1.044280 0.325620
v 0.453240 0.978960 0.456200
v 0.478400 0.976700 0.432480
v 0.470300 1.006440 0.432160
v 0.389880 1.044120 0.444080
v 0.372920 1.036600 0.438880
v 0.406360 1.058200 0.447540
v 0.333740 1.035720 0.423240
v 0.323960 1.009700 0.423120
v 0.490520 0.964520 0.317480
v 0.470820 0.963600 0.291940
v 0.332220 0.952600 0.381200
v 0.328520 0.973260 0.386380
v 0.478440 0.947300 0.428660
v 0.370940 0.980580 0.442360
v 0.414380 0.980500 0.456300
v 0.435940 0.987520 0.270680
v 0.440120 0.962480 0.279300
v 0.418180 0.952260 0.446580
v 0.452320 0.950760 0.451200
v 0.455800 1.044480 0.428820
v 0.418920 1.071360 0.429300
v 0.399560 1.051820 0.421360
v 0.370820 1.045200 0.421080
v 0.379940 0.952800 0.429480
v 0.262460 0.942060 0.749360
v 0.235740 0.938720 0.768660
v 0.239000 0.907920 0.768860
v 0.263860 0.912060 0.750460
v 0.271880 0.919260 0.723900
v 0.272560 0.947860 0.722240
v 0.208760 1.039400 0.762860
v 0.208220 1.019180 0.766660
v 0.229140 1.024740 0.763000
v 0.224760 1.050740 0.756820
v 0.251980 1.055220 0.713880
v 0.265520 1.038800 0.690940
v 0.254260 1.036000 0.685860
v 0.244760 1.044520 0.705220
v 0.260300 0.980540 0.747420
v 0.233160 0.980140 0.767460
v 0.213560 0.913860 0.765620
v 0.222720 0.890620 0.768860
v 0.242320 0.884380 0.768120
v 0.192540 0.981260 0.723280
v 0.186960 0.954940 0.708780
v 0.180800 0.955000 0.737800
v 0.183640 0.981240 0.746600
v 0.217860 1.051700 0.749120
v 0.211680 1.037160 0.744940
v 0.199840 1.026100 0.755700
v 0.203920 1.033820 0.758360
v 0.209980 0.979940 0.766140
v 0.209200 0.943040 0.763580
v 0.273320 0.982460 0.720220
v 0.271780 1.017160 0.718900
v 0.255980 1.020200 0.743800
v 0.265140 0.929500 0.695740
v 0.269720 0.955420 0.695020
v 0.182140 0.929460 0.696160
v 0.182600 0.908760 0.692560
v 0.188140 0.906800 0.729760
v 0.183160 0.930300 0.732480
v 0.224020 0.985000 0.685200
v 0.213920 0.961780 0.671320
v 0.195260 0.957720 0.683020
v 0.205620 0.981360 0.700340
v 0.262660 0.887260 0.752140
v 0.270000 0.896080 0.725020
v 0.236540 1.059760 0.732160
v 0.247880 1.049240 0.738720
v 0.269440 1.018360 0.680040
v 0.277080 1.015440 0.697000
v 0.275100 0.984600 0.695140
v 0.267300 0.988320 0.672700
v 0.226340 0.921620 0.657800
v 0.229980 0.943540 0.659540
v 0.254720 0.944120 0.668340
v 0.248360 0.924880 0.668420
v 0.192960 0.979600 0.760500
v 0.191400 0.949840 0.755820
v 0.261800 0.966140 0.669080
v 0.196740 1.012520 0.763340
v 0.187620 0.933160 0.670460
v 0.206600 0.936660 0.660360
v 0.206600 0.910980 0.659940
v 0.189780 0.908840 0.671440
v 0.250100 1.017980 0.680660
v 0.236500 0.967620 0.665760
v 0.243580 0.989420 0.672380
v 0.196100 0.926000 0.758140
v 0.264040 1.041900 0.717840
v 0.273720 1.032140 0.699180
v 0.262120 0.909660 0.694440
v 0.229800 1.047060 0.725240
v 0.193100 1.010640 0.755480
v 0.204400 1.013580 0.739140
v 0.219300 1.015420 0.718700
v 0.235020 1.016460 0.700100
v 0.204940 0.901780 0.761500
v 0.464220 1.125480 -0.035920
v 0.446080 1.121960 -0.042060
v 0.437000 1.116980 -0.004920
v 0.457300 1.116000 -0.003160
v 0.494580 1.100240 0.000100
v 0.497700 1.109460 -0.029500
v 0.529140 1.111960 -0.006500
v 0.560540 1.111000 -0.009040
v 0.557020 1.115000 -0.044120
v 0.528000 1.115840 -0.035460
v 0.568120 1.093880 -0.049920
v 0.573080 1.088140 -0.010500
v 0.578100 1.051240 -0.010100
v 0.577240 1.008680 -0.009000
v 0.570100 1.015480 -0.047140
v 0.572260 1.061280 -0.050200
v 0.497280 1.121280 -0.054660
v 0.471600 1.130560 -0.055620
v 0.441920 1.105740 -0.049260
v 0.465840 1.128520 -0.070200
v 0.465500 1.111340 -0.075540
v 0.501540 1.132000 -0.082440
v 0.505580 1.079300 -0.087960
v 0.506360 1.018480 -0.083600
v 0.473640 1.017840 -0.071340
v 0.469900 1.078360 -0.074400
v 0.524640 1.114800 0.028540
v 0.551680 1.108680 0.029620
v 0.492820 1.103340 0.034660
v 0.459340 1.117060 0.038000
v 0.545300 1.020200 -0.076100
v 0.546100 1.074780 -0.080640
v 0.435540 1.120820 0.043200
v 0.431820 1.101260 -0.013660
v 0.426300 1.104520 0.039900
v 0.429540 1.003500 0.022980
v 0.425840 1.070880 0.031520
v 0.431360 1.070720 -0.018120
v 0.434000 1.006020 -0.018520
v 0.570380 1.047060 0.033460
v 0.572700 1.003040 0.031860
v 0.563200 1.086580 0.032320
v 0.520160 1.117940 -0.053260
v 0.536320 1.119780 -0.072860
v 0.543860 1.104220 -0.080580
v 0.448720 1.013000 -0.049240
v 0.444980 1.074720 -0.050860
v 0.542980 1.089480 0.069700
v 0.540540 1.107320 0.063360
v 0.521980 1.109360 0.064680
v 0.521480 1.092780 0.082580
v 0.525800 0.997560 0.081040
v 0.551220 0.999480 0.065700
v 0.547440 1.051500 0.069800
v 0.523460 1.060320 0.085600
v 0.504900 1.115320 -0.088800
v 0.447400 1.091480 0.068800
v 0.477260 1.086460 0.079840
v 0.474340 1.096700 0.066020
v 0.454120 1.102060 0.066580
v 0.442100 1.064100 0.062420
v 0.475440 1.059140 0.078260
v 0.500180 1.087680 0.084580
v 0.496720 1.094360 0.066880
v 0.502540 1.060160 0.085740
v 0.473140 0.996820 0.068340
v 0.502580 0.994500 0.078560
v 0.441700 1.001900 0.052300
v 0.428880 1.081540 0.128100
v 0.413980 1.051020 0.127320
v 0.395020 1.039940 0.182860
v 0.413760 1.071140 0.183880
v 0.418860 0.999160 0.117480
v 0.423780 0.986620 0.114820
v 0.404300 0.971200 0.168920
v 0.398620 0.986260 0.172360
v 0.554940 1.021380 0.141340
v 0.554360 1.004640 0.138740
v 0.524160 1.026280 0.098360
v 0.522700 1.038940 0.097740
v 0.519660 1.055420 0.097380
v 0.548420 1.043480 0.144500
v 0.538500 1.071100 0.144860
v 0.515560 1.072480 0.099160
v 0.457680 1.023840 0.087940
v 0.460240 1.011300 0.087500
v 0.496600 1.049320 0.262020
v 0.488820 1.071000 0.261580
v 0.465040 1.057300 0.264040
v 0.466200 1.045960 0.271220
v 0.518020 1.078280 0.198780
v 0.504140 1.079820 0.237920
v 0.524340 1.048760 0.235820
v 0.540420 1.050320 0.197420
v 0.456420 1.037120 0.089180
v 0.414520 1.019920 0.123840
v 0.457960 1.055000 0.092540
v 0.509280 0.996460 0.262080
v 0.502520 1.023040 0.262560
v 0.468360 1.019360 0.269980
v 0.472000 0.991120 0.265520
v 0.549980 1.022600 0.194020
v 0.555240 0.998860 0.189660
v 0.533880 1.019180 0.234560
v 0.540700 0.994540 0.234100
v 0.545560 0.970900 0.235760
v 0.557060 0.977600 0.188800
v 0.408860 0.963200 0.216980
v 0.401640 0.980560 0.221160
v 0.394220 1.010080 0.176400
v 0.394840 1.006700 0.223640
v 0.395100 1.040840 0.225400
v 0.413660 1.075780 0.223060
v 0.460680 1.055600 0.230400
v 0.463620 1.043960 0.195720
v 0.434840 1.062800 0.257140
v 0.428060 1.039680 0.258100
v 0.427540 1.010980 0.254440
v 0.432200 0.983300 0.251560
v 0.437100 0.963480 0.248480
v 0.514580 0.972300 0.263220
v 0.475180 0.968740 0.263580
v 0.473180 1.057200 0.146980
v 0.519760 1.089780 0.145860
v 0.457940 1.074160 0.097380
v 0.483540 1.064540 0.104420
v 0.488360 1.059840 0.087480
v 0.509600 1.083260 0.105940
v 0.489820 1.033960 0.083080
v 0.491900 1.024320 0.083180
v 0.489200 1.045180 0.082960
v -0.394500 0.985060 0.281600
v -0.419260 0.987160 0.270420
v -0.417860 1.018700 0.272680
v -0.388580 1.012060 0.283760
v -0.450940 1.023820 0.268060
v -0.451100 0.987520 0.270680
v -0.486040 0.989080 0.285080
v -0.485620 1.024000 0.281300
v -0.455280 0.962480 0.279300
v -0.485980 0.963600 0.291940
v -0.388080 1.036600 0.438880
v -0.385980 1.045200 0.421080
v -0.414720 1.051820 0.421360
v -0.405040 1.044120 0.444080
v -0.434080 1.071360 0.429300
v -0.421520 1.058200 0.447540
v -0.470960 1.044480 0.428820
v -0.485460 1.006440 0.432160
v -0.463440 1.009400 0.458260
v -0.452220 1.053260 0.451180
v -0.429540 0.980500 0.456300
v -0.468400 0.978960 0.456200
v -0.467480 0.950760 0.451200
v -0.433340 0.952260 0.446580
v -0.482880 1.059940 0.283220
v -0.464720 1.059240 0.305960
v -0.440920 1.045500 0.300280
v -0.449780 1.048720 0.275040
v -0.417580 1.042980 0.280400
v -0.418480 1.048040 0.288740
v -0.424540 0.966300 0.273000
v -0.490780 1.042180 0.396360
v -0.503680 1.010060 0.397440
v -0.520940 0.990060 0.361140
v -0.508960 0.992380 0.313100
v -0.505700 0.964520 0.317480
v -0.517600 0.960180 0.361200
v -0.493560 0.976700 0.432480
v -0.493600 0.947300 0.428660
v -0.345000 1.038400 0.394980
v -0.351160 1.025580 0.357220
v -0.375700 1.048300 0.370960
v -0.375400 1.059340 0.397480
v -0.427100 1.012760 0.464980
v -0.386040 1.042880 0.293200
v -0.400020 1.055200 0.305860
v -0.385800 1.014680 0.451740
v -0.386100 0.980580 0.442360
v -0.508700 0.981240 0.397840
v -0.508960 0.951200 0.396800
v -0.351840 0.971480 0.353200
v -0.343700 0.973260 0.386380
v -0.347400 0.952600 0.381200
v -0.354940 0.953880 0.350520
v -0.364160 1.034780 0.441900
v -0.350780 1.005840 0.445600
v -0.339120 1.009700 0.423120
v -0.348900 1.035720 0.423240
v -0.517140 1.018260 0.360060
v -0.505520 1.055140 0.359080
v -0.502620 1.060760 0.312380
v -0.508280 1.022540 0.309400
v -0.397420 1.048400 0.448920
v -0.427440 1.053740 0.457900
v -0.472340 1.076000 0.358700
v -0.472260 1.070540 0.330600
v -0.429360 1.035980 0.352880
v -0.435080 1.044280 0.325620
v -0.385500 1.044940 0.341340
v -0.363500 0.997400 0.318020
v -0.363180 1.027780 0.325820
v -0.399560 0.965400 0.283120
v -0.348660 0.998560 0.354900
v -0.419860 1.037180 0.387700
v -0.461120 1.061760 0.389560
v -0.344600 0.975020 0.416900
v -0.357620 0.974260 0.436760
v -0.369740 0.951220 0.420540
v -0.352120 0.951540 0.406260
v -0.367720 0.973620 0.317160
v -0.372340 0.957340 0.316820
v -0.447900 1.066320 0.409380
v -0.416860 1.049840 0.403620
v -0.339980 1.007220 0.391820
v -0.395100 0.952800 0.429480
v -0.173860 0.969460 0.741660
v -0.151500 0.965180 0.742060
v -0.146420 0.933080 0.716720
v -0.163480 0.936340 0.717400
v -0.156860 1.032280 0.775100
v -0.184780 1.034440 0.768940
v -0.186200 1.056940 0.778720
v -0.158960 1.058900 0.787260
v -0.212620 0.999180 0.760440
v -0.205400 0.968040 0.753520
v -0.208360 0.957580 0.758700
v -0.214220 0.991280 0.764740
v -0.112260 0.975840 0.796220
v -0.114460 0.999960 0.802680
v -0.123380 1.005860 0.809540
v -0.124120 0.976240 0.805900
v -0.138780 1.012360 0.811340
v -0.144280 0.977780 0.810360
v -0.167160 1.016160 0.805660
v -0.171560 0.977500 0.804800
v -0.198000 1.020380 0.790600
v -0.200500 0.981720 0.786160
v -0.212960 1.022840 0.777800
v -0.211800 0.986760 0.772140
v -0.217220 1.021820 0.770020
v -0.111400 0.948040 0.791700
v -0.104000 0.956800 0.774140
v -0.106560 0.986960 0.786440
v -0.216460 1.032760 0.766820
v -0.207000 1.032780 0.762900
v -0.200860 1.001920 0.756240
v -0.180640 1.003580 0.759440
v -0.154700 0.998900 0.763540
v -0.132640 1.027100 0.777980
v -0.135140 0.996420 0.764960
v -0.116740 1.024020 0.785880
v -0.119200 0.994420 0.773360
v -0.109920 1.013740 0.798960
v -0.193000 0.970040 0.746920
v -0.133840 0.965720 0.747540
v -0.118700 0.963220 0.760580
v -0.106480 0.907080 0.754560
v -0.104200 0.928260 0.765100
v -0.110380 0.922160 0.782300
v -0.112040 0.901760 0.768020
v -0.204920 1.052140 0.770940
v -0.210420 1.047940 0.777040
v -0.184560 0.937840 0.734540
v -0.157500 0.920720 0.707820
v -0.176300 0.920080 0.725380
v -0.132900 0.933120 0.727400
v -0.131760 0.914340 0.719520
v -0.143720 0.917020 0.707300
v -0.131760 1.052840 0.793980
v -0.204180 0.930260 0.753460
v -0.196880 0.910400 0.731760
v -0.197320 0.896400 0.745080
v -0.203560 0.917420 0.743620
v -0.118840 0.910720 0.737520
v -0.119820 0.931560 0.746400
v -0.119480 1.030480 0.808440
v -0.119380 1.043700 0.798660
v -0.173620 0.930760 0.781080
v -0.199340 0.937500 0.761340
v -0.131820 1.044320 0.807820
v -0.174040 0.894700 0.775320
v -0.146180 0.903120 0.778700
v -0.147160 0.936020 0.806980
v -0.124280 0.942320 0.802860
v -0.121720 0.912900 0.793460
v -0.190380 1.052140 0.789860
v -0.200480 0.940000 0.747500
v -0.192340 0.919180 0.721480
v -0.196200 0.900980 0.759620
v -0.208500 0.947980 0.766340
v -0.159560 1.051520 0.801620
v -0.122840 0.892640 0.759660
v -0.173580 0.868720 0.771900
v -0.145280 0.882400 0.767680
v -0.192980 0.874400 0.762560
v -0.593260 1.051240 -0.010100
v -0.587420 1.061280 -0.050200
v -0.585260 1.015480 -0.047140
v -0.592400 1.008680 -0.009000
v -0.588240 1.088140 -0.010500
v -0.583300 1.093880 -0.049920
v -0.575720 1.111000 -0.009040
v -0.572180 1.115000 -0.044120
v -0.544300 1.111960 -0.006500
v -0.543160 1.115840 -0.035460
v -0.509760 1.100240 0.000100
v -0.512880 1.109460 -0.029500
v -0.472460 1.116000 -0.003160
v -0.479380 1.125480 -0.035920
v -0.452160 1.116980 -0.004920
v -0.461260 1.121960 -0.042060
v -0.447000 1.101260 -0.013660
v -0.457080 1.105740 -0.049260
v -0.446520 1.070720 -0.018120
v -0.460140 1.074720 -0.050860
v -0.449180 1.006020 -0.018520
v -0.463900 1.013000 -0.049240
v -0.562600 1.051500 0.069800
v -0.585540 1.047060 0.033460
v -0.587880 1.003040 0.031860
v -0.566380 0.999480 0.065700
v -0.558140 1.089480 0.069700
v -0.578360 1.086580 0.032320
v -0.555700 1.107320 0.063360
v -0.566840 1.108680 0.029620
v -0.537140 1.109360 0.064680
v -0.539800 1.114800 0.028540
v -0.511900 1.094360 0.066880
v -0.507980 1.103340 0.034660
v -0.489520 1.096700 0.066020
v -0.474500 1.117060 0.038000
v -0.469300 1.102060 0.066580
v -0.450700 1.120820 0.043200
v -0.462560 1.091480 0.068800
v -0.441460 1.104520 0.039900
v -0.456860 1.001900 0.052300
v -0.444720 1.003500 0.022980
v -0.441000 1.070880 0.031520
v -0.457280 1.064100 0.062420
v -0.561260 1.074780 -0.080640
v -0.520740 1.079300 -0.087960
v -0.521540 1.018480 -0.083600
v -0.560460 1.020200 -0.076100
v -0.559020 1.104220 -0.080580
v -0.520060 1.115320 -0.088800
v -0.516720 1.132000 -0.082440
v -0.551500 1.119780 -0.072860
v -0.535320 1.117940 -0.053260
v -0.512440 1.121280 -0.054660
v -0.517740 0.994500 0.078560
v -0.517700 1.060160 0.085740
v -0.538620 1.060320 0.085600
v -0.540960 0.997560 0.081040
v -0.515340 1.087680 0.084580
v -0.536640 1.092780 0.082580
v -0.481000 1.128520 -0.070200
v -0.480660 1.111340 -0.075540
v -0.488300 0.996820 0.068340
v -0.490600 1.059140 0.078260
v -0.492420 1.086460 0.079840
v -0.485080 1.078360 -0.074400
v -0.488820 1.017840 -0.071340
v -0.486760 1.130560 -0.055620
v -0.279200 1.041900 0.717840
v -0.288880 1.032140 0.699180
v -0.292240 1.015440 0.697000
v -0.286940 1.017160 0.718900
v -0.267140 1.055220 0.713880
v -0.280680 1.038800 0.690940
v -0.195960 0.955000 0.737800
v -0.198800 0.981240 0.746600
v -0.208120 0.979600 0.760500
v -0.206560 0.949840 0.755820
v -0.198340 0.930920 0.713220
v -0.211280 0.925940 0.738760
v -0.224380 0.943040 0.763580
v -0.228740 0.913620 0.745900
v -0.276980 0.966140 0.669080
v -0.282480 0.988320 0.672700
v -0.258740 0.989420 0.672380
v -0.251660 0.967620 0.665760
v -0.269420 1.036000 0.685860
v -0.265260 1.017980 0.680660
v -0.284600 1.018360 0.680040
v -0.202780 0.933160 0.670460
v -0.204940 0.908840 0.671440
v -0.221760 0.910980 0.659940
v -0.221760 0.936660 0.660360
v -0.223940 1.039400 0.762860
v -0.223380 1.019180 0.766660
v -0.211900 1.012520 0.763340
v -0.219100 1.033820 0.758360
v -0.284900 0.955420 0.695020
v -0.290260 0.984600 0.695140
v -0.225140 0.979940 0.766140
v -0.241500 0.921620 0.657800
v -0.263520 0.924880 0.668420
v -0.269880 0.944120 0.668340
v -0.245140 0.943540 0.659540
v -0.279020 0.912220 0.730720
v -0.277820 0.887380 0.731740
v -0.257480 0.884060 0.747640
v -0.254160 0.907600 0.749000
v -0.277640 0.942220 0.730400
v -0.250900 0.938380 0.749620
v -0.275460 0.980540 0.747420
v -0.288480 0.982460 0.720220
v -0.287720 0.948740 0.703440
v -0.271140 1.020200 0.743800
v -0.248320 0.980140 0.767460
v -0.244300 1.024740 0.763000
v -0.263040 1.049240 0.738720
v -0.239920 1.050740 0.756820
v -0.251700 1.059760 0.732160
v -0.233040 1.051700 0.749120
v -0.287040 0.920120 0.704360
v -0.285160 0.896900 0.704840
v -0.239180 0.985000 0.685200
v -0.220780 0.981360 0.700340
v -0.210440 0.957720 0.683020
v -0.229080 0.961780 0.671320
v -0.197320 0.929460 0.696160
v -0.203300 0.907500 0.709880
v -0.197760 0.910440 0.672740
v -0.280300 0.931100 0.676460
v -0.215000 1.026100 0.755700
v -0.226860 1.037160 0.744940
v -0.207700 0.981260 0.723280
v -0.202120 0.954940 0.708780
v -0.237880 0.890300 0.748540
v -0.259940 1.044520 0.705220
v -0.220100 0.901640 0.741480
v -0.277280 0.911300 0.674640
v -0.250200 1.016460 0.700100
v -0.234460 1.015420 0.718700
v -0.219580 1.013580 0.739140
v -0.208280 1.010640 0.755480
v -0.244960 1.047060 0.725240
v -0.330340 0.913260 0.598420
v -0.333700 0.937140 0.591360
v -0.313840 0.936260 0.579880
v -0.312860 0.912340 0.586180
v -0.339380 0.964260 0.582460
v -0.318200 0.962820 0.571160
v -0.345600 0.985440 0.574640
v -0.327180 0.985960 0.561600
v -0.347940 1.005440 0.571260
v -0.331320 1.004740 0.561540
v -0.344620 1.026620 0.572480
v -0.332260 1.020840 0.574020
v -0.352800 0.932440 0.612380
v -0.355040 0.962360 0.604460
v -0.310660 0.984360 0.557480
v -0.305640 0.958320 0.564920
v -0.297740 0.982960 0.559260
v -0.294720 0.955820 0.563800
v -0.293140 0.907660 0.576900
v -0.302040 0.909540 0.578860
v -0.303200 0.931160 0.572700
v -0.294820 0.928020 0.571100
v -0.276480 1.036620 0.661160
v -0.283220 1.036040 0.649920
v -0.298920 1.034180 0.655280
v -0.300960 1.031000 0.671980
v -0.293360 0.904980 0.648520
v -0.275680 0.904260 0.624340
v -0.272640 0.929960 0.623940
v -0.288080 0.930400 0.652560
v -0.282740 0.955440 0.657500
v -0.270400 0.957320 0.622160
v -0.356780 0.931020 0.631700
v -0.359000 0.959480 0.628540
v -0.344180 0.932040 0.653120
v -0.343040 0.955500 0.657860
v -0.308020 0.954040 0.678560
v -0.314700 0.929740 0.668640
v -0.277880 0.981340 0.664840
v -0.306340 0.978980 0.683600
v -0.264480 0.985720 0.623320
v -0.266960 0.954620 0.594780
v -0.264520 0.983940 0.593640
v -0.277940 0.954100 0.574400
v -0.278900 0.982280 0.572060
v -0.281800 0.926560 0.580420
v -0.269080 0.927080 0.598840
v -0.272040 0.904540 0.601280
v -0.282380 0.906280 0.584380
v -0.285000 1.010460 0.576160
v -0.266220 1.016300 0.597360
v -0.301940 1.007960 0.562020
v -0.342980 0.906660 0.648900
v -0.319840 0.904720 0.660080
v -0.351260 0.910760 0.616760
v -0.354520 0.908500 0.632500
v -0.271960 1.036640 0.630840
v -0.289760 1.034220 0.633160
v -0.341540 0.979600 0.660700
v -0.304860 1.006380 0.680580
v -0.338200 1.008600 0.661220
v -0.325540 1.041640 0.665060
v -0.357320 1.017720 0.630120
v -0.359180 0.986700 0.628880
v -0.312460 1.045560 0.649380
v -0.274680 1.013720 0.667300
v -0.261880 1.020560 0.626660
v -0.350180 1.042780 0.598400
v -0.358340 1.012780 0.598260
v -0.344040 1.056360 0.636840
v -0.357580 0.987020 0.600460
v -0.334940 1.043660 0.600780
v -0.326340 1.062840 0.630960
v -0.306720 1.037380 0.615820
v -0.321860 1.028460 0.596360
v -0.313560 1.014000 0.572800
v -0.316020 1.006060 0.559540
v -0.322560 1.015940 0.573720
v -0.288420 1.027760 0.608220
v -0.308380 1.018940 0.590060
v -0.345260 0.917700 0.553500
v -0.327480 0.917020 0.538860
v -0.318500 0.955240 0.544640
v -0.336440 0.957400 0.559640
v -0.314020 0.990380 0.549020
v -0.329560 0.989400 0.567160
v -0.323700 1.022220 0.544560
v -0.336220 1.016420 0.565480
v -0.341940 1.032460 0.546000
v -0.342840 1.030360 0.564740
v -0.427700 0.998660 0.502860
v -0.423020 1.036920 0.494320
v -0.415540 1.033320 0.469720
v -0.418800 0.998980 0.480660
v -0.382740 0.988600 0.565540
v -0.354000 0.986400 0.571240
v -0.357360 1.018120 0.571680
v -0.384260 1.022500 0.566080
v -0.394460 1.031220 0.456560
v -0.394000 1.000260 0.458220
v -0.363420 1.035500 0.455260
v -0.354700 1.001700 0.444340
v -0.331180 1.034060 0.474920
v -0.325600 0.995820 0.473140
v -0.317320 1.036980 0.508140
v -0.314360 0.995240 0.512600
v -0.383160 0.917700 0.478040
v -0.408820 0.914960 0.494980
v -0.415120 0.964520 0.487820
v -0.390340 0.965900 0.467720
v -0.319220 0.914700 0.515760
v -0.323820 0.917700 0.484420
v -0.325120 0.954440 0.478300
v -0.317160 0.951400 0.514880
v -0.381120 0.956080 0.559720
v -0.357220 0.955560 0.562860
v -0.362200 0.916540 0.557020
v -0.384060 0.915560 0.555240
v -0.365040 1.047620 0.542820
v -0.356660 1.040460 0.565620
v -0.403200 1.043840 0.476220
v -0.387800 1.029580 0.473720
v -0.368400 1.028900 0.471840
v -0.343820 0.919080 0.461620
v -0.347840 0.961180 0.449820
v -0.404500 1.056380 0.494360
v -0.424800 0.958920 0.526440
v -0.425420 0.911000 0.526540
v -0.414560 0.911540 0.547640
v -0.412680 0.954400 0.550560
v -0.425420 0.998980 0.529660
v -0.410800 0.993400 0.554040
v -0.419480 1.038800 0.525040
v -0.399200 1.068080 0.520260
v -0.406420 1.033280 0.549900
v -0.387700 1.064400 0.543880
v -0.337980 1.040640 0.511500
v -0.347960 1.032100 0.482440
v -0.371440 1.050860 0.514580
v -0.379160 1.036700 0.489600
v -0.424840 0.961140 0.506380
v -0.422480 0.911900 0.509720
v -0.374060 1.050700 0.562760
v -0.117620 0.934720 0.766140
v -0.113280 0.917500 0.778780
v -0.116380 0.936900 0.785880
v -0.120740 0.950100 0.775660
v -0.023520 0.924980 0.806920
v -0.025860 0.902840 0.797380
v -0.014080 0.925880 0.780340
v -0.011000 0.940680 0.785540
v -0.024800 0.922640 0.751640
v -0.020480 0.936900 0.761100
v -0.042020 0.922260 0.735540
v -0.039180 0.937640 0.744720
v -0.063120 0.922680 0.726580
v -0.062400 0.938260 0.738400
v -0.082940 0.924280 0.730280
v -0.085220 0.938560 0.745480
v -0.103200 0.929920 0.744520
v -0.105300 0.943800 0.759840
v -0.100180 0.899200 0.792260
v -0.111860 0.906060 0.773040
v -0.099900 0.885780 0.787560
v -0.101200 0.922860 0.798720
v -0.114880 0.924180 0.756720
v -0.101440 0.922840 0.733280
v -0.081980 0.916800 0.721160
v -0.062780 0.913660 0.719480
v -0.042260 0.912380 0.725840
v -0.028140 0.907020 0.739780
v -0.021580 0.899540 0.768800
v -0.029060 0.883880 0.786160
v -0.051160 0.875380 0.799880
v -0.051200 0.891280 0.809560
v -0.008960 0.959960 0.789440
v -0.009060 0.998220 0.792240
v -0.018660 1.017620 0.818000
v -0.019080 0.965920 0.813720
v -0.062960 0.963120 0.759520
v -0.034820 0.962980 0.760600
v -0.010460 1.026660 0.799580
v -0.019080 1.048260 0.812440
v -0.109960 0.992100 0.782000
v -0.123660 1.000000 0.792220
v -0.122760 1.019660 0.797260
v -0.112820 1.016760 0.790220
v -0.096500 1.021340 0.791520
v -0.092300 0.992580 0.781580
v -0.070680 1.020340 0.791920
v -0.066500 0.992940 0.779960
v -0.036920 1.022780 0.789080
v -0.034440 0.992680 0.772780
v -0.013600 1.025440 0.787220
v -0.011560 0.995540 0.767540
v -0.013780 0.961060 0.768000
v -0.078100 1.050780 0.797820
v -0.043840 1.054120 0.796660
v -0.107280 0.965200 0.771620
v -0.088200 0.962160 0.764320
v -0.109040 1.050760 0.809880
v -0.103240 1.046960 0.796960
v -0.113800 1.036060 0.796100
v -0.118520 1.036680 0.805640
v -0.106780 1.019340 0.811580
v -0.118340 1.011020 0.803920
v -0.103360 0.969660 0.806460
v -0.117980 0.970560 0.794820
v -0.083920 1.056560 0.814580
v -0.049300 1.056580 0.815480
v -0.082260 1.024620 0.817980
v -0.048920 1.024680 0.820520
v -0.077160 0.915580 0.810480
v -0.079060 0.968420 0.815960
v -0.047660 0.967700 0.819520
v -0.019280 1.049960 0.796960
v -0.050100 0.916280 0.815460
v -0.076480 0.889880 0.806540
v -0.076800 0.873700 0.800740
v -0.123280 0.971780 0.784180
v -0.152980 1.177420 0.820360
v -0.157940 1.167100 0.800960
v -0.156000 1.136360 0.808360
v -0.151820 1.141060 0.824920
v -0.024360 1.142480 0.858260
v -0.024800 1.183040 0.854500
v -0.044300 1.199520 0.857420
v -0.044760 1.143380 0.859800
v -0.155900 1.202280 0.788040
v -0.148380 1.185440 0.765900
v -0.152500 1.148340 0.782500
v -0.122880 1.179760 0.759640
v -0.125560 1.145360 0.781560
v -0.083780 1.182980 0.763240
v -0.085020 1.151320 0.790960
v -0.040540 1.182780 0.776540
v -0.038740 1.154520 0.804200
v -0.014060 1.154980 0.812740
v -0.014680 1.184300 0.791360
v -0.013120 1.183800 0.816640
v -0.014640 1.162500 0.830420
v -0.023560 1.221320 0.847420
v -0.013300 1.216220 0.804420
v -0.022220 1.260660 0.831880
v -0.015300 1.136140 0.839480
v -0.022320 1.107320 0.854860
v -0.015420 1.112440 0.844360
v -0.021540 1.089220 0.841080
v -0.015080 1.094420 0.826420
v -0.151220 1.218500 0.809220
v -0.014140 1.120620 0.818060
v -0.016980 1.220660 0.767800
v -0.119820 1.226480 0.734320
v -0.080800 1.226400 0.733140
v -0.040400 1.224620 0.744600
v -0.083160 1.121400 0.812100
v -0.124800 1.117920 0.799380
v -0.035040 1.124420 0.819800
v -0.082020 1.097420 0.826500
v -0.125100 1.097060 0.812600
v -0.128000 1.085860 0.826300
v -0.146900 1.089960 0.820180
v -0.149600 1.099920 0.805860
v -0.033460 1.097920 0.830800
v -0.084720 1.083180 0.837140
v -0.132620 1.102040 0.832700
v -0.149300 1.107600 0.824160
v -0.038660 1.084900 0.842220
v -0.088580 1.097240 0.843360
v -0.137320 1.141540 0.838260
v -0.041380 1.098860 0.852360
v -0.137840 1.190320 0.836300
v -0.094760 1.141620 0.852100
v -0.095620 1.199760 0.851500
v -0.133000 1.247440 0.824620
v -0.147460 1.270540 0.787120
v -0.152140 1.251760 0.766100
v -0.091920 1.262180 0.839680
v -0.127280 1.297000 0.803900
v -0.044960 1.252500 0.849460
v -0.088120 1.309420 0.820180
v -0.045700 1.297760 0.832020
v -0.144020 1.234680 0.744420
v -0.151300 1.121000 0.794860
v -0.154120 1.112380 0.811940
v -0.280420 1.115420 0.738640
v -0.279040 1.140660 0.735100
v -0.269980 1.138200 0.718620
v -0.276680 1.118100 0.725500
v -0.277840 1.106260 0.732920
v -0.279480 1.102480 0.741700
v -0.250340 1.190040 0.705260
v -0.259360 1.161960 0.711440
v -0.272660 1.168580 0.731260
v -0.263500 1.204560 0.726060
v -0.247420 1.138380 0.716480
v -0.257220 1.117480 0.727560
v -0.222500 1.135580 0.734400
v -0.233700 1.112340 0.748180
v -0.196880 1.133940 0.762680
v -0.205880 1.111000 0.773820
v -0.173660 1.134120 0.783760
v -0.179700 1.112840 0.792760
v -0.161980 1.135500 0.803000
v -0.164620 1.113040 0.807600
v -0.171220 1.141180 0.812320
v -0.173920 1.115820 0.816080
v -0.223480 1.186880 0.691580
v -0.233500 1.162900 0.703140
v -0.189380 1.191420 0.694340
v -0.203420 1.165140 0.712740
v -0.165480 1.192700 0.718680
v -0.181180 1.163840 0.741400
v -0.151760 1.190780 0.758020
v -0.164780 1.160520 0.770980
v -0.146420 1.194700 0.784480
v -0.155940 1.163460 0.795200
v -0.166960 1.170600 0.806280
v -0.163240 1.202720 0.796720
v -0.240960 1.093300 0.759220
v -0.263320 1.100540 0.740340
v -0.269000 1.091720 0.754860
v -0.139600 1.219340 0.775840
v -0.160000 1.229680 0.787460
v -0.157120 1.207020 0.710500
v -0.140080 1.212080 0.750740
v -0.211800 1.092100 0.783680
v -0.248000 1.084260 0.774680
v -0.272340 1.106800 0.755660
v -0.238300 1.221540 0.699340
v -0.214300 1.210520 0.684020
v -0.168520 1.098240 0.807460
v -0.185320 1.096280 0.800480
v -0.217140 1.084640 0.798720
v -0.250760 1.102860 0.777840
v -0.273720 1.143080 0.752980
v -0.209040 1.231980 0.787720
v -0.184820 1.217660 0.795860
v -0.179480 1.248340 0.786520
v -0.200620 1.267300 0.777040
v -0.177380 1.096180 0.814340
v -0.194060 1.090960 0.812080
v -0.218480 1.104080 0.802900
v -0.250440 1.146360 0.778060
v -0.268900 1.182420 0.750760
v -0.183840 1.205840 0.687080
v -0.194600 1.111940 0.815640
v -0.218520 1.144540 0.802740
v -0.246020 1.192000 0.775840
v -0.258100 1.225600 0.746160
v -0.236020 1.238040 0.768680
v -0.226520 1.275980 0.757660
v -0.192820 1.144360 0.814140
v -0.189140 1.180320 0.807440
v -0.216240 1.188800 0.797460
v -0.246660 1.261220 0.738940
v -0.250840 1.238800 0.720780
v -0.229660 1.195460 0.683580
v -0.244280 1.164480 0.695020
v -0.240220 1.151360 0.659580
v -0.221000 1.185140 0.645140
v -0.356820 1.135580 0.663940
v -0.355360 1.187240 0.661420
v -0.358860 1.168520 0.622560
v -0.361940 1.130500 0.628460
v -0.339600 1.139840 0.697000
v -0.351440 1.101060 0.663080
v -0.330820 1.098180 0.694700
v -0.312900 1.145760 0.720080
v -0.307040 1.192560 0.716520
v -0.335980 1.193660 0.692880
v -0.308940 1.089560 0.676580
v -0.291740 1.100540 0.698980
v -0.309660 1.105560 0.714600
v -0.234680 1.186560 0.612220
v -0.258100 1.147120 0.629060
v -0.270560 1.121820 0.683200
v -0.287360 1.112200 0.654480
v -0.264960 1.177400 0.593160
v -0.284500 1.141680 0.608140
v -0.325380 1.149840 0.599800
v -0.313180 1.184940 0.590900
v -0.254160 1.205860 0.580200
v -0.224080 1.213500 0.600520
v -0.278640 1.118080 0.714080
v -0.289000 1.124560 0.723580
v -0.307880 1.111440 0.627660
v -0.348720 1.239540 0.657980
v -0.351700 1.211900 0.615340
v -0.282160 1.151780 0.724680
v -0.265280 1.135360 0.708980
v -0.270000 1.188060 0.719420
v -0.222100 1.224600 0.675200
v -0.253380 1.250860 0.704140
v -0.259300 1.221120 0.711800
v -0.359440 1.107800 0.634160
v -0.302020 1.212280 0.581520
v -0.341940 1.242460 0.607460
v -0.212280 1.214220 0.635720
v -0.336360 1.121080 0.611720
v -0.331400 1.089640 0.650220
v -0.344040 1.099360 0.628020
v -0.286280 1.273500 0.700400
v -0.294540 1.235800 0.707320
v -0.325080 1.245140 0.687120
v -0.316680 1.287300 0.681240
v -0.341280 1.278880 0.650800
v -0.453300 1.226620 0.389220
v -0.378000 1.226700 0.373060
v -0.379980 1.256800 0.373840
v -0.452360 1.261760 0.389880
v -0.344520 1.232700 0.340540
v -0.337240 1.263980 0.340880
v -0.443940 1.282940 0.222060
v -0.409360 1.279260 0.219000
v -0.417040 1.243740 0.203840
v -0.450280 1.249360 0.210380
v -0.380320 1.278840 0.216880
v -0.387840 1.239760 0.204740
v -0.351460 1.277240 0.219180
v -0.361640 1.239020 0.216120
v -0.482940 1.251900 0.224200
v -0.480540 1.285300 0.230720
v -0.353100 1.190080 0.251240
v -0.373440 1.171160 0.255960
v -0.391400 1.172900 0.226560
v -0.375640 1.192880 0.216960
v -0.342740 1.186400 0.292700
v -0.337340 1.239000 0.246900
v -0.327760 1.236200 0.290180
v -0.318500 1.269600 0.289660
v -0.411640 1.142640 0.351920
v -0.417100 1.160200 0.331480
v -0.390040 1.157060 0.330400
v -0.396880 1.145720 0.356400
v -0.515340 1.218180 0.248960
v -0.527100 1.223320 0.292340
v -0.528400 1.259340 0.295460
v -0.514240 1.255560 0.251700
v -0.411080 1.173760 0.212600
v -0.398860 1.195980 0.202980
v -0.517160 1.181660 0.289900
v -0.511200 1.178060 0.330180
v -0.522680 1.218080 0.336000
v -0.446860 1.154680 0.378620
v -0.486540 1.163920 0.365780
v -0.465840 1.152140 0.352520
v -0.438860 1.141520 0.367140
v -0.426380 1.204260 0.201540
v -0.456880 1.210420 0.206920
v -0.462440 1.188020 0.212080
v -0.467220 1.178420 0.223400
v -0.484440 1.176260 0.227720
v -0.486840 1.189060 0.221720
v -0.486200 1.212680 0.219760
v -0.443520 1.170360 0.239620
v -0.443820 1.176360 0.222760
v -0.419900 1.171100 0.228780
v -0.409480 1.169140 0.242880
v -0.510100 1.185980 0.248680
v -0.497320 1.164740 0.247660
v -0.474540 1.166340 0.243300
v -0.511460 1.288340 0.254260
v -0.426580 1.164560 0.295940
v -0.436500 1.166220 0.263060
v -0.399800 1.164920 0.263520
v -0.392760 1.157200 0.294000
v -0.365220 1.162340 0.293800
v -0.370260 1.163640 0.334560
v -0.326080 1.274120 0.243840
v -0.487400 1.161420 0.316220
v -0.436480 1.181840 0.209040
v -0.354980 1.190220 0.337440
v -0.379720 1.188360 0.369000
v -0.444300 1.156040 0.341340
v -0.432720 1.138840 0.358040
v -0.524320 1.290060 0.341920
v -0.526980 1.292620 0.297140
v -0.525360 1.255020 0.340200
v -0.495220 1.197960 0.371540
v -0.451440 1.184940 0.384500
v -0.497320 1.240460 0.376360
v -0.461140 1.164100 0.306360
v -0.496920 1.158580 0.280320
v -0.470860 1.161540 0.271800
v -0.386160 1.157940 0.364180
v -0.497660 1.278240 0.377680
v -0.339160 1.132820 0.603260
v -0.358360 1.162860 0.605000
v -0.361400 1.147060 0.604620
v -0.359000 1.272740 0.604180
v -0.356060 1.233620 0.607020
v -0.320960 1.231820 0.598220
v -0.326660 1.268020 0.595040
v -0.359780 1.211000 0.485180
v -0.390740 1.217200 0.487920
v -0.387540 1.243340 0.493100
v -0.358100 1.235400 0.488040
v -0.418060 1.224480 0.500220
v -0.426220 1.232140 0.533520
v -0.418420 1.271540 0.536840
v -0.410780 1.256180 0.504680
v -0.421960 1.153260 0.497940
v -0.435220 1.159460 0.532840
v -0.433540 1.195000 0.532820
v -0.422660 1.189920 0.499220
v -0.394940 1.185340 0.485460
v -0.398720 1.150300 0.485920
v -0.388020 1.168240 0.600360
v -0.385720 1.145120 0.597860
v -0.363920 1.180300 0.483220
v -0.368620 1.147600 0.483620
v -0.324420 1.168320 0.487840
v -0.334080 1.134520 0.488980
v -0.298660 1.116740 0.515040
v -0.312280 1.104320 0.515680
v -0.331660 1.119960 0.493480
v -0.319900 1.206740 0.486940
v -0.319880 1.232440 0.487060
v -0.353100 1.122480 0.489860
v -0.378220 1.118760 0.491320
v -0.290340 1.156240 0.513540
v -0.335800 1.115400 0.585400
v -0.349880 1.116940 0.592640
v -0.354980 1.109620 0.561200
v -0.330420 1.107840 0.557240
v -0.405900 1.120920 0.494340
v -0.335180 1.108700 0.516160
v -0.308240 1.106180 0.554880
v -0.361120 1.114740 0.516660
v -0.395600 1.097340 0.526120
v -0.291720 1.233140 0.515720
v -0.288400 1.244000 0.556760
v -0.285580 1.214120 0.558220
v -0.289420 1.205840 0.515840
v -0.321740 1.119460 0.584640
v -0.342180 1.117000 0.494380
v -0.416480 1.198220 0.574640
v -0.388100 1.196900 0.600760
v -0.384640 1.236200 0.601540
v -0.410240 1.237540 0.575020
v -0.355620 1.191360 0.605020
v -0.404500 1.280160 0.575620
v -0.420900 1.128720 0.498580
v -0.432040 1.128400 0.531340
v -0.382620 1.277840 0.600140
v -0.385700 1.097240 0.566940
v -0.303940 1.135280 0.578700
v -0.405020 1.110800 0.568760
v -0.411760 1.135960 0.571260
v -0.422660 1.105180 0.530700
v -0.380440 1.123420 0.595540
v -0.369140 1.111360 0.594520
v -0.363080 1.133240 0.603260
v -0.354280 1.125920 0.603440
v -0.416240 1.165740 0.574240
v -0.300420 1.259920 0.579900
v -0.296680 1.225520 0.582020
v -0.283820 1.161840 0.553440
v -0.291380 1.120620 0.553100
v -0.295040 1.173460 0.578340
v -0.319180 1.184440 0.596200
v -0.434640 1.215720 0.067560
v -0.424100 1.196280 0.101100
v -0.452360 1.195520 0.106260
v -0.454580 1.211600 0.081000
v -0.405160 1.224800 0.172160
v -0.390000 1.224660 0.142580
v -0.381560 1.251840 0.145920
v -0.398500 1.251120 0.175560
v -0.402880 1.254740 0.054620
v -0.452920 1.274020 0.048300
v -0.447860 1.300020 0.048900
v -0.398200 1.277580 0.056800
v -0.568920 1.235060 0.145800
v -0.572700 1.288840 0.149160
v -0.572380 1.297740 0.100920
v -0.571620 1.249860 0.104660
v -0.554420 1.296700 0.075100
v -0.569140 1.333640 0.101640
v -0.548980 1.329560 0.076080
v -0.447160 1.190740 0.178920
v -0.471780 1.192180 0.187980
v -0.477600 1.190580 0.178520
v -0.458900 1.189120 0.175160
v -0.428240 1.230100 0.192200
v -0.436180 1.201920 0.184720
v -0.417720 1.195820 0.166720
v -0.406240 1.197480 0.138140
v -0.462360 1.268660 0.210320
v -0.465080 1.239900 0.206180
v -0.424400 1.255920 0.195520
v -0.467920 1.206880 0.198320
v -0.554720 1.253220 0.076360
v -0.481220 1.192500 0.165400
v -0.454520 1.187840 0.163740
v -0.485780 1.199980 0.142720
v -0.452700 1.187320 0.140160
v -0.399520 1.211980 0.097880
v -0.383900 1.235160 0.099780
v -0.415000 1.230220 0.056680
v -0.489520 1.211900 0.111820
v -0.515080 1.199860 0.142200
v -0.519900 1.214880 0.114120
v -0.557040 1.269660 0.189280
v -0.554740 1.307640 0.193820
v -0.571000 1.327560 0.152400
v -0.532060 1.257160 0.209080
v -0.529300 1.291820 0.213180
v -0.500920 1.187520 0.180460
v -0.507080 1.188040 0.165060
v -0.546100 1.211240 0.114660
v -0.540420 1.196800 0.141780
v -0.562700 1.221920 0.109920
v -0.549620 1.227200 0.083260
v -0.542640 1.214420 0.095240
v -0.519260 1.224440 0.091080
v -0.556880 1.205900 0.143180
v -0.528700 1.186120 0.189000
v -0.547340 1.189420 0.170680
v -0.532020 1.181800 0.164620
v -0.519940 1.181740 0.179320
v -0.517860 1.237320 0.074200
v -0.478260 1.231800 0.066360
v -0.489300 1.223960 0.085320
v -0.502560 1.249700 0.211900
v -0.498640 1.281220 0.216540
v -0.532900 1.210940 0.201500
v -0.504280 1.209600 0.205640
v -0.503500 1.189640 0.193220
v -0.504140 1.317600 0.064680
v -0.509640 1.288020 0.064140
v -0.463980 1.246300 0.053540
v -0.515040 1.255020 0.065660
v -0.434720 1.186360 0.164240
v -0.428200 1.185300 0.138020
v -0.377000 1.258500 0.101260
v -0.556220 1.217340 0.180880
v -0.539200 1.249640 0.034720
v -0.514540 1.244300 0.038660
v -0.518400 1.256140 0.050700
v -0.547160 1.261640 0.042180
v -0.446560 1.327880 0.055660
v -0.492100 1.318260 0.067640
v -0.490460 1.294400 0.063560
v -0.452180 1.305860 0.053680
v -0.485560 1.244820 0.038460
v -0.487020 1.256960 0.050280
v -0.457800 1.248060 0.034200
v -0.451020 1.264760 0.040180
v -0.521480 1.312040 0.068280
v -0.520980 1.289360 0.063320
v -0.564600 1.289320 -0.007620
v -0.551860 1.271660 -0.004680
v -0.450040 1.271680 -0.000500
v -0.428980 1.290560 -0.000740
v -0.563000 1.326620 -0.009420
v -0.561120 1.347480 -0.001680
v -0.534080 1.339880 -0.060320
v -0.534080 1.318520 -0.069480
v -0.548640 1.294080 0.051360
v -0.518240 1.266020 -0.000740
v -0.484800 1.268580 0.000360
v -0.531900 1.279520 -0.060040
v -0.506360 1.279580 -0.063580
v -0.535260 1.295760 -0.067700
v -0.503440 1.299740 -0.076700
v -0.463200 1.281100 -0.058100
v -0.456840 1.299960 -0.064760
v -0.402000 1.343420 0.005660
v -0.416820 1.327360 0.005820
v -0.456660 1.325760 -0.061580
v -0.448100 1.343680 -0.054780
v -0.484740 1.281280 -0.063600
v -0.548720 1.317320 0.056080
v -0.502540 1.318880 -0.075120
v -0.503100 1.338780 -0.070400
v -0.479760 1.321980 -0.073400
v -0.480380 1.341960 -0.068440
v -0.481180 1.301240 -0.076160
v 0.438080 1.185300 0.392160
v 0.433660 1.155040 0.386200
v 0.473640 1.164300 0.374040
v 0.482140 1.198340 0.379960
v 0.510400 1.218500 0.344900
v 0.515820 1.223740 0.301340
v 0.517040 1.259760 0.304480
v 0.512960 1.255440 0.349160
v 0.503880 1.255960 0.260480
v 0.501020 1.288740 0.262980
v 0.515540 1.293040 0.306140
v 0.473240 1.252280 0.232440
v 0.476640 1.213060 0.228060
v 0.447600 1.210800 0.214720
v 0.440900 1.249720 0.218060
v 0.366740 1.188660 0.375440
v 0.373300 1.158240 0.370720
v 0.464460 1.166720 0.251400
v 0.433540 1.170700 0.247180
v 0.434220 1.176720 0.230320
v 0.457600 1.178780 0.231360
v 0.425980 1.166560 0.270500
v 0.389280 1.165240 0.270320
v 0.399420 1.169480 0.249860
v 0.399080 1.142980 0.358900
v 0.420000 1.139180 0.365400
v 0.425940 1.141860 0.374580
v 0.384200 1.146040 0.363140
v 0.460140 1.161920 0.279820
v 0.352160 1.239300 0.222260
v 0.327160 1.239260 0.252620
v 0.315940 1.274380 0.249380
v 0.341880 1.277500 0.225160
v 0.366180 1.193180 0.223360
v 0.378620 1.240060 0.211340
v 0.389720 1.196300 0.209780
v 0.363100 1.171460 0.262320
v 0.381520 1.157520 0.300680
v 0.354000 1.162640 0.300000
v 0.342720 1.190500 0.343460
v 0.331540 1.186680 0.298520
v 0.358080 1.163940 0.340840
v 0.439800 1.226980 0.396920
v 0.364880 1.227000 0.379460
v 0.505080 1.218580 0.257760
v 0.499880 1.186380 0.257380
v 0.477240 1.189460 0.230020
v 0.511860 1.290460 0.350860
v 0.484380 1.278640 0.386140
v 0.484100 1.240860 0.384820
v 0.499080 1.178460 0.338900
v 0.438820 1.262120 0.397560
v 0.377960 1.157380 0.337020
v 0.487140 1.165140 0.256140
v 0.505980 1.182060 0.298720
v 0.486000 1.158960 0.288780
v 0.475640 1.161800 0.324520
v 0.449620 1.164460 0.314200
v 0.431960 1.156380 0.348900
v 0.405000 1.160540 0.338560
v 0.415280 1.164900 0.303200
v 0.453260 1.152520 0.360440
v 0.316580 1.236460 0.295720
v 0.307300 1.269860 0.295060
v 0.342840 1.190340 0.257240
v 0.381720 1.173220 0.233220
v 0.401720 1.174080 0.219600
v 0.332160 1.232980 0.346360
v 0.324840 1.264240 0.346580
v 0.410160 1.171440 0.235920
v 0.470660 1.285680 0.238920
v 0.474720 1.176640 0.236000
v 0.453080 1.188380 0.219960
v 0.434260 1.283280 0.229620
v 0.370780 1.279140 0.223360
v 0.427180 1.182180 0.216480
v 0.417260 1.204580 0.208800
v 0.407840 1.244060 0.210940
v 0.399780 1.279580 0.225980
v 0.366840 1.257100 0.380280
v 0.532640 1.197240 0.151020
v 0.549080 1.206340 0.152720
v 0.538920 1.189840 0.180040
v 0.523740 1.182220 0.173720
v 0.519860 1.186540 0.198040
v 0.511320 1.182140 0.188200
v 0.564660 1.250320 0.114440
v 0.561040 1.235520 0.155540
v 0.555640 1.222360 0.119560
v 0.512760 1.215300 0.123020
v 0.512660 1.224860 0.099980
v 0.535940 1.214860 0.104520
v 0.538960 1.211680 0.124000
v 0.543180 1.227640 0.092680
v 0.507300 1.200260 0.151000
v 0.498780 1.188440 0.173720
v 0.472920 1.192880 0.173620
v 0.478000 1.200360 0.151040
v 0.492280 1.187920 0.189020
v 0.469000 1.190960 0.186680
v 0.548120 1.270100 0.198820
v 0.545680 1.308080 0.203300
v 0.519800 1.292240 0.222220
v 0.522700 1.257580 0.218180
v 0.564680 1.289300 0.158980
v 0.562880 1.328020 0.162180
v 0.482460 1.212300 0.120200
v 0.377100 1.235460 0.106340
v 0.397100 1.255060 0.061520
v 0.409200 1.230540 0.063780
v 0.392780 1.212300 0.104720
v 0.382220 1.224980 0.149240
v 0.398580 1.197800 0.145060
v 0.446260 1.188200 0.171500
v 0.445000 1.187680 0.147900
v 0.450380 1.189480 0.182980
v 0.548420 1.253660 0.085860
v 0.548120 1.297140 0.084600
v 0.565480 1.298180 0.110720
v 0.419300 1.230440 0.199500
v 0.427440 1.202280 0.192160
v 0.458860 1.207240 0.206300
v 0.455800 1.240260 0.214120
v 0.452960 1.269020 0.218200
v 0.415380 1.256260 0.202740
v 0.409420 1.196160 0.173860
v 0.396700 1.225120 0.179080
v 0.438560 1.191080 0.186560
v 0.462960 1.192540 0.196040
v 0.542620 1.330000 0.085480
v 0.562180 1.334100 0.111400
v 0.392360 1.277900 0.063620
v 0.442200 1.300380 0.056580
v 0.447280 1.274380 0.056060
v 0.482840 1.224360 0.093680
v 0.389940 1.251440 0.182340
v 0.373700 1.252160 0.152440
v 0.428600 1.216060 0.075000
v 0.448240 1.211960 0.088780
v 0.445440 1.195880 0.114000
v 0.417320 1.196620 0.108360
v 0.420540 1.185640 0.145320
v 0.523740 1.211360 0.210600
v 0.547540 1.217780 0.190380
v 0.426460 1.186700 0.171660
v 0.495020 1.210000 0.214240
v 0.494560 1.190040 0.201820
v 0.511640 1.237740 0.083080
v 0.458220 1.246660 0.061500
v 0.472220 1.232180 0.074560
v 0.509000 1.255420 0.074480
v 0.503600 1.288440 0.072880
v 0.498080 1.318000 0.073320
v 0.370160 1.258800 0.107700
v 0.493140 1.250100 0.220480
v 0.489100 1.281620 0.225040
v 0.284100 1.212520 0.586560
v 0.295080 1.185180 0.596140
v 0.246800 1.177620 0.597580
v 0.236300 1.206040 0.584420
v 0.323380 1.242740 0.613200
v 0.332980 1.212180 0.621240
v 0.202020 1.224760 0.678860
v 0.209400 1.195640 0.687360
v 0.238380 1.221320 0.716080
v 0.232600 1.251060 0.708320
v 0.331720 1.101340 0.668980
v 0.340380 1.108080 0.640200
v 0.343000 1.130780 0.634540
v 0.337060 1.135840 0.669920
v 0.257740 1.118300 0.718700
v 0.271200 1.100760 0.703840
v 0.288740 1.105800 0.719760
v 0.267860 1.124780 0.728380
v 0.288920 1.089800 0.681740
v 0.310360 1.098420 0.700220
v 0.319060 1.140120 0.702680
v 0.340020 1.168800 0.628580
v 0.335620 1.187520 0.667380
v 0.260980 1.152000 0.729360
v 0.244480 1.135560 0.713360
v 0.250380 1.122020 0.687680
v 0.267840 1.112420 0.659260
v 0.248900 1.188260 0.723900
v 0.223780 1.164680 0.699040
v 0.291840 1.146000 0.725300
v 0.315480 1.193920 0.698500
v 0.329020 1.239800 0.663820
v 0.239140 1.147320 0.633360
v 0.266020 1.141900 0.612900
v 0.288960 1.111680 0.632800
v 0.216100 1.186760 0.616120
v 0.205740 1.213680 0.604220
v 0.307080 1.150100 0.605240
v 0.220560 1.151540 0.663560
v 0.201640 1.185300 0.648780
v 0.286000 1.192800 0.721640
v 0.304680 1.245400 0.692560
v 0.321700 1.279140 0.656520
v 0.317800 1.121340 0.617360
v 0.325120 1.099620 0.633780
v 0.311980 1.089900 0.655760
v 0.273680 1.236020 0.712220
v 0.296400 1.287560 0.686520
v 0.265580 1.273720 0.705140
v 0.193120 1.214380 0.639220
v 0.312520 1.197760 0.465400
v 0.307600 1.220560 0.468420
v 0.291640 1.231260 0.452900
v 0.299320 1.207220 0.447820
v 0.352980 1.164600 0.494580
v 0.329420 1.160760 0.489540
v 0.331140 1.146260 0.488400
v 0.351500 1.147220 0.495240
v 0.366780 1.131640 0.500160
v 0.356860 1.132700 0.495120
v 0.370020 1.122820 0.491880
v 0.379540 1.125480 0.498180
v 0.371740 1.146980 0.500820
v 0.376860 1.168840 0.498880
v 0.373900 1.188500 0.496900
v 0.351660 1.181740 0.494000
v 0.352360 1.203880 0.490240
v 0.372640 1.210760 0.492720
v 0.399620 1.150500 0.383980
v 0.410060 1.133720 0.385700
v 0.387500 1.132340 0.382600
v 0.366840 1.147700 0.379720
v 0.395660 1.174940 0.385240
v 0.356900 1.173620 0.379580
v 0.391080 1.201580 0.385660
v 0.353940 1.200180 0.379840
v 0.390180 1.224340 0.385500
v 0.354520 1.220700 0.378780
v 0.326820 1.207520 0.390480
v 0.325600 1.229420 0.387560
v 0.321160 1.140640 0.477620
v 0.316720 1.160520 0.479480
v 0.314400 1.162440 0.459840
v 0.328460 1.135800 0.461440
v 0.424700 1.251380 0.495780
v 0.391000 1.221920 0.494960
v 0.389840 1.195940 0.498380
v 0.419700 1.218760 0.497060
v 0.329620 1.176960 0.490340
v 0.332400 1.199500 0.486720
v 0.318960 1.184780 0.481740
v 0.321200 1.207380 0.479740
v 0.425960 1.208900 0.395240
v 0.433780 1.180020 0.395320
v 0.421200 1.234220 0.394840
v 0.344700 1.136160 0.489040
v 0.346860 1.129900 0.482580
v 0.441440 1.224420 0.412840
v 0.436860 1.252140 0.412620
v 0.451780 1.276700 0.450120
v 0.453140 1.244660 0.452320
v 0.441120 1.190720 0.486260
v 0.458520 1.197100 0.452900
v 0.440400 1.238200 0.484780
v 0.360420 1.124940 0.473780
v 0.384300 1.115000 0.434500
v 0.428880 1.103480 0.443920
v 0.416520 1.114120 0.475820
v 0.373900 1.121320 0.462520
v 0.416140 1.116020 0.401940
v 0.430680 1.122640 0.404880
v 0.444180 1.108880 0.446540
v 0.450500 1.151760 0.410600
v 0.425280 1.138020 0.389540
v 0.431920 1.154200 0.392360
v 0.388700 1.145580 0.501120
v 0.413880 1.146500 0.495140
v 0.418260 1.180660 0.496440
v 0.393820 1.171820 0.500340
v 0.306120 1.161760 0.441080
v 0.310920 1.161280 0.414060
v 0.339180 1.124460 0.420640
v 0.330920 1.129000 0.446980
v 0.351400 1.134400 0.392880
v 0.384820 1.120720 0.397660
v 0.453380 1.189340 0.414320
v 0.439860 1.148820 0.484820
v 0.457880 1.147320 0.449740
v 0.404680 1.122580 0.490940
v 0.333140 1.168260 0.391840
v 0.304940 1.212320 0.417820
v 0.445260 1.274400 0.482000
v 0.303920 1.237380 0.420760
v 0.393000 1.117880 0.485760
v 0.430400 1.119840 0.481220
v 0.203060 1.187060 0.695240
v 0.194020 1.210680 0.687540
v 0.217660 1.221720 0.703280
v 0.229580 1.190220 0.709400
v 0.258940 1.115640 0.743300
v 0.255520 1.118300 0.730080
v 0.248940 1.138400 0.723100
v 0.257620 1.140880 0.739720
v 0.242260 1.204760 0.730420
v 0.229680 1.239000 0.724920
v 0.225060 1.261420 0.743000
v 0.236380 1.225800 0.750420
v 0.166040 1.180460 0.810500
v 0.193360 1.188980 0.801000
v 0.186360 1.232140 0.791120
v 0.161960 1.217800 0.798840
v 0.251320 1.168780 0.735780
v 0.238480 1.162160 0.715720
v 0.144420 1.192820 0.721360
v 0.136260 1.207140 0.713020
v 0.163500 1.205980 0.690080
v 0.168880 1.191560 0.697420
v 0.204500 1.276160 0.761360
v 0.213760 1.238220 0.772560
v 0.223640 1.192180 0.779880
v 0.169600 1.144500 0.817260
v 0.195540 1.144700 0.806300
v 0.143900 1.170720 0.808960
v 0.148040 1.141320 0.815080
v 0.140360 1.202840 0.799340
v 0.150680 1.115960 0.818880
v 0.141580 1.113180 0.810220
v 0.145500 1.098360 0.810160
v 0.154200 1.096320 0.817200
v 0.247100 1.182620 0.755200
v 0.228040 1.146560 0.782180
v 0.171380 1.112080 0.818800
v 0.195540 1.104240 0.806480
v 0.226440 1.138580 0.720560
v 0.212820 1.163080 0.707000
v 0.178140 1.267460 0.780300
v 0.251880 1.143280 0.757500
v 0.228400 1.103060 0.781960
v 0.170920 1.091100 0.815220
v 0.194300 1.084820 0.802260
v 0.241820 1.100740 0.744700
v 0.236020 1.117680 0.731820
v 0.256520 1.106480 0.737520
v 0.182520 1.165300 0.716060
v 0.201120 1.135740 0.738060
v 0.250500 1.107020 0.760160
v 0.225720 1.084460 0.778760
v 0.162460 1.096420 0.803480
v 0.189300 1.092260 0.787140
v 0.174860 1.134100 0.765880
v 0.159620 1.163980 0.744340
v 0.156820 1.248480 0.789420
v 0.137340 1.229800 0.790040
v 0.247180 1.091920 0.759300
v 0.219020 1.093480 0.763180
v 0.157000 1.112960 0.795660
v 0.183620 1.111160 0.777180
v 0.123860 1.194820 0.786820
v 0.117200 1.219440 0.778040
v 0.118280 1.212200 0.752960
v 0.129820 1.190900 0.760440
v 0.257960 1.102680 0.746320
v 0.212020 1.112520 0.752020
v 0.151160 1.134240 0.786560
v 0.142540 1.160640 0.773620
v 0.133140 1.163580 0.797700
v 0.139020 1.135620 0.805600
v 0.514960 1.289780 0.072260
v 0.484440 1.294780 0.071960
v 0.481340 1.257340 0.058620
v 0.512700 1.256560 0.059580
v 0.499720 1.319280 -0.066480
v 0.500160 1.339180 -0.061760
v 0.530900 1.340300 -0.051140
v 0.531120 1.318940 -0.060300
v 0.560220 1.289760 0.002060
v 0.532260 1.296200 -0.058500
v 0.558640 1.327060 0.000240
v 0.445580 1.265120 0.047900
v 0.446400 1.306220 0.061440
v 0.500660 1.300140 -0.068060
v 0.440700 1.328240 0.063300
v 0.397320 1.343760 0.012540
v 0.412120 1.327680 0.012960
v 0.453520 1.326120 -0.053720
v 0.453800 1.300320 -0.056900
v 0.424460 1.290900 0.006600
v 0.542840 1.317760 0.065500
v 0.542900 1.294520 0.060760
v 0.556540 1.347940 0.007960
v 0.547440 1.272100 0.004800
v 0.528740 1.279940 -0.050900
v 0.509120 1.244700 0.047480
v 0.513740 1.266440 0.008160
v 0.533880 1.250060 0.043960
v 0.480160 1.245200 0.046780
v 0.452500 1.248440 0.042040
v 0.445540 1.272040 0.007220
v 0.480260 1.268960 0.008680
v 0.481680 1.281660 -0.055280
v 0.503300 1.280000 -0.054880
v 0.444800 1.344040 -0.047080
v 0.460020 1.281480 -0.050140
v 0.541640 1.262080 0.051560
v 0.515320 1.312460 0.077200
v 0.485980 1.318640 0.076080
v 0.478400 1.301620 -0.067880
v 0.476900 1.322360 -0.065160
v 0.477380 1.342340 -0.060200
v 0.009880 1.100740 0.833820
v 0.011700 1.126420 0.822840
v 0.060020 1.121460 0.813340
v 0.058560 1.097480 0.827700
v 0.128340 1.141160 0.827320
v 0.125880 1.107720 0.826540
v 0.130980 1.112500 0.814380
v 0.132920 1.136480 0.810860
v 0.123580 1.090080 0.822520
v 0.126600 1.100020 0.808240
v 0.101960 1.097140 0.814560
v 0.101940 1.118020 0.801340
v 0.128540 1.121120 0.797260
v 0.130000 1.148440 0.784940
v 0.135000 1.167220 0.803480
v 0.126240 1.185540 0.768280
v 0.122340 1.234800 0.746720
v 0.129940 1.251880 0.768520
v 0.133240 1.202400 0.790540
v 0.103100 1.145440 0.783540
v 0.100900 1.179860 0.761580
v 0.098400 1.226560 0.736200
v -0.001480 1.269420 0.830600
v -0.000480 1.223660 0.848660
v 0.020860 1.252520 0.850040
v 0.021960 1.297780 0.832600
v 0.068040 1.262240 0.841060
v 0.064640 1.309480 0.821500
v 0.020040 1.199540 0.857960
v 0.000640 1.183040 0.854720
v 0.109440 1.247540 0.826700
v 0.104180 1.297080 0.805900
v 0.071500 1.199820 0.852940
v 0.128060 1.218620 0.811620
v 0.124760 1.270640 0.789460
v 0.114060 1.190420 0.838460
v 0.070680 1.141700 0.853520
v 0.020520 1.143400 0.860360
v -0.001780 1.107320 0.855040
v 0.017320 1.098900 0.852880
v 0.000160 1.142480 0.858460
v 0.129580 1.177520 0.822800
v 0.113540 1.141640 0.840420
v 0.064740 1.097320 0.844680
v -0.002280 1.092960 0.844760
v 0.014860 1.084920 0.842680
v 0.109000 1.102140 0.834780
v 0.061040 1.083240 0.838400
v -0.008520 1.107620 0.839680
v 0.104560 1.085940 0.828320
v -0.009280 1.131380 0.831240
v -0.009140 1.156960 0.815400
v 0.015760 1.154540 0.804680
v 0.062340 1.151380 0.792220
v -0.005180 1.229420 0.766460
v 0.018740 1.224640 0.745100
v 0.018180 1.182800 0.777060
v -0.008040 1.186640 0.792460
v 0.059400 1.226460 0.734340
v 0.061720 1.183040 0.764480
v -0.008500 1.138140 0.842160
v -0.008960 1.164840 0.831500
v -0.010200 1.199720 0.819740
v -0.009700 1.245580 0.801480
v -0.008480 1.116180 0.847960
v 0.362460 1.119060 0.497700
v 0.390060 1.121240 0.501200
v 0.405980 1.105500 0.537840
v 0.379040 1.097640 0.532800
v 0.368180 1.097540 0.573420
v 0.337600 1.109900 0.567160
v 0.344760 1.115020 0.522740
v 0.303820 1.119720 0.590040
v 0.291040 1.106420 0.560040
v 0.313140 1.108100 0.562780
v 0.317860 1.115660 0.591040
v 0.286160 1.135520 0.583780
v 0.300940 1.184680 0.601540
v 0.277240 1.173680 0.583280
v 0.394600 1.256500 0.511620
v 0.402000 1.224800 0.507300
v 0.374980 1.217500 0.494520
v 0.371640 1.243640 0.499640
v 0.337180 1.191620 0.611000
v 0.337520 1.233900 0.613000
v 0.302640 1.232080 0.603600
v 0.304180 1.207000 0.492320
v 0.273040 1.206060 0.520680
v 0.275320 1.233360 0.520620
v 0.304120 1.232700 0.492440
v 0.398700 1.198560 0.581660
v 0.416740 1.195340 0.540140
v 0.409380 1.232460 0.540740
v 0.392440 1.237880 0.581940
v 0.339920 1.163140 0.611020
v 0.366240 1.236500 0.608000
v 0.364200 1.278140 0.606560
v 0.340500 1.273000 0.610200
v 0.386640 1.280460 0.582440
v 0.335920 1.126200 0.609400
v 0.344720 1.133520 0.609360
v 0.342980 1.147340 0.610700
v 0.320780 1.133100 0.608940
v 0.379260 1.185640 0.492140
v 0.348300 1.180580 0.489360
v 0.344080 1.211300 0.491240
v 0.401460 1.271860 0.543900
v 0.369740 1.197220 0.607300
v 0.315860 1.120220 0.499060
v 0.318360 1.134780 0.494600
v 0.337380 1.122740 0.495820
v 0.326340 1.117260 0.500140
v 0.331780 1.117200 0.598520
v 0.268200 1.214340 0.562980
v 0.271040 1.244220 0.561580
v 0.295980 1.104560 0.520920
v 0.318860 1.108960 0.521800
v 0.274200 1.120860 0.557960
v 0.278760 1.225760 0.586980
v 0.353020 1.147880 0.489840
v 0.383040 1.150620 0.492660
v 0.274060 1.156480 0.518400
v 0.308720 1.168580 0.493300
v 0.282360 1.116980 0.520060
v 0.406640 1.190240 0.506360
v 0.266600 1.162060 0.558180
v 0.308380 1.268260 0.600520
v 0.282500 1.260140 0.584920
v 0.362260 1.123720 0.601940
v 0.367460 1.145420 0.604360
v 0.387460 1.111120 0.575580
v 0.394120 1.136280 0.578200
v 0.351000 1.111640 0.600720
v 0.404960 1.129060 0.505700
v 0.415320 1.128740 0.538640
v 0.406000 1.153600 0.505060
v 0.398500 1.166080 0.581260
v 0.369680 1.168540 0.606880
v 0.418460 1.159800 0.540200
v 0.342320 1.235680 0.494080
v -0.445260 1.153860 0.384800
v -0.412760 1.150160 0.376980
v -0.423220 1.133380 0.378520
v -0.438540 1.137680 0.382100
v -0.447220 1.179660 0.387720
v -0.467260 1.188980 0.406380
v -0.455320 1.224060 0.405120
v -0.439420 1.208540 0.387780
v -0.458740 1.108520 0.438760
v -0.443380 1.103120 0.436400
v -0.431760 1.113780 0.468500
v -0.445780 1.119480 0.473660
v -0.444280 1.122280 0.397340
v -0.472540 1.146940 0.441720
v -0.464260 1.151400 0.402720
v -0.429680 1.115680 0.394640
v -0.400600 1.132020 0.375800
v -0.398260 1.120400 0.390900
v -0.473300 1.196720 0.444880
v -0.455340 1.148460 0.477120
v -0.408480 1.117560 0.478860
v -0.385660 1.122520 0.485360
v -0.395320 1.125160 0.491520
v -0.420300 1.122240 0.483840
v -0.353180 1.124180 0.414680
v -0.345520 1.128720 0.441140
v -0.388840 1.121020 0.455940
v -0.398580 1.114680 0.427740
v -0.314000 1.206980 0.442540
v -0.318940 1.212060 0.412440
v -0.318020 1.237140 0.415400
v -0.306460 1.231020 0.447740
v -0.324780 1.161040 0.408580
v -0.346500 1.167980 0.385980
v -0.340180 1.207260 0.384720
v -0.375640 1.124640 0.467440
v -0.362280 1.129620 0.476460
v -0.367040 1.199900 0.373620
v -0.367620 1.220400 0.372560
v -0.338920 1.229160 0.381840
v -0.369980 1.173320 0.373320
v -0.372580 1.132400 0.488820
v -0.360280 1.135880 0.482960
v -0.409700 1.171500 0.493420
v -0.392680 1.168540 0.492240
v -0.389700 1.188180 0.490320
v -0.405680 1.195620 0.491520
v -0.467940 1.244300 0.444400
v -0.455940 1.237840 0.477060
v -0.460760 1.274040 0.474180
v -0.466540 1.276340 0.442200
v -0.320620 1.161520 0.435660
v -0.364760 1.134120 0.386700
v -0.404560 1.145260 0.494300
v -0.429600 1.146160 0.487860
v -0.434040 1.180320 0.489100
v -0.435520 1.218420 0.489700
v -0.456680 1.190360 0.478520
v -0.450740 1.251780 0.404980
v -0.434660 1.233880 0.387460
v -0.379900 1.147400 0.373280
v -0.327600 1.197500 0.459900
v -0.329340 1.162180 0.454280
v -0.382620 1.131340 0.493700
v -0.387600 1.146680 0.494260
v -0.343400 1.135540 0.455660
v -0.336480 1.140360 0.471960
v -0.346720 1.146000 0.482560
v -0.367240 1.146940 0.489040
v -0.368700 1.164300 0.488360
v -0.345040 1.160500 0.483720
v -0.345260 1.176700 0.484520
v -0.367400 1.181440 0.487800
v -0.403440 1.224020 0.378660
v -0.404300 1.201260 0.378800
v -0.408860 1.174620 0.378320
v -0.322780 1.220300 0.462980
v -0.334400 1.184520 0.476100
v -0.336640 1.207100 0.474060
v -0.347980 1.199240 0.480840
v -0.368040 1.203600 0.484020
v -0.388360 1.210460 0.486160
v -0.406780 1.221600 0.488100
v -0.440520 1.251040 0.488320
v -0.332120 1.160260 0.473880
v -0.222520 0.454500 -1.401680
v -0.218160 0.447740 -1.432140
v -0.205240 0.441260 -1.461440
v -0.184280 0.435260 -1.488440
v -0.156040 0.430020 -1.512100
v -0.121660 0.425720 -1.531520
v -0.082420 0.422520 -1.545960
v -0.039860 0.420540 -1.554840
v 0.004420 0.419880 -1.557840
v 0.048700 0.420540 -1.554840
v 0.091280 0.422520 -1.545960
v 0.130500 0.425720 -1.531520
v 0.164900 0.430020 -1.512100
v 0.193120 0.435260 -1.488440
v 0.214100 0.441260 -1.461440
v 0.227000 0.447740 -1.432140
v 0.231360 0.454500 -1.401680
v 0.227000 0.461260 -1.371220
v 0.214100 0.467760 -1.341920
v 0.193120 0.473740 -1.314920
v 0.164900 0.478980 -1.291260
v 0.130500 0.483300 -1.271840
v 0.091280 0.486500 -1.257400
v 0.048700 0.488460 -1.248520
v 0.004420 0.489120 -1.245520
v -0.039860 0.488460 -1.248520
v -0.082420 0.486500 -1.257400
v -0.121660 0.483300 -1.271840
v -0.156040 0.478980 -1.291260
v -0.184280 0.473740 -1.314920
v -0.205240 0.467760 -1.341920
v -0.218160 0.461260 -1.371220
v -0.223060 0.001300 -1.359780
v -0.218700 -0.000620 -1.391000
v -0.205740 -0.002480 -1.421020
v -0.184720 -0.004180 -1.448680
v -0.156440 -0.005680 -1.472940
v -0.121960 -0.006900 -1.492840
v -0.082640 -0.007820 -1.507620
v -0.039960 -0.008380 -1.516740
v 0.004420 -0.008560 -1.519800
v 0.048800 -0.008380 -1.516740
v 0.091480 -0.007820 -1.507620
v 0.130800 -0.006900 -1.492840
v 0.165280 -0.005680 -1.472940
v 0.193580 -0.004180 -1.448680
v 0.214600 -0.002480 -1.421020
v 0.227540 -0.000620 -1.391000
v 0.231920 0.001300 -1.359780
v 0.227540 0.003240 -1.328560
v 0.214600 0.005080 -1.298540
v 0.193580 0.006780 -1.270860
v 0.165280 0.008280 -1.246620
v 0.130800 0.009520 -1.226720
v 0.091480 0.010420 -1.211920
v 0.048800 0.010980 -1.202820
v 0.004420 0.011180 -1.199740
v -0.039960 0.010980 -1.202820
v -0.082640 0.010420 -1.211920
v -0.121960 0.009520 -1.226720
v -0.156440 0.008280 -1.246620
v -0.184720 0.006780 -1.270860
v -0.205740 0.005080 -1.298540
v -0.218700 0.003240 -1.328560
v -0.227100 1.456580 -1.695340
v -0.222640 1.446260 -1.725460
v -0.209480 1.436360 -1.754420
v -0.188080 1.427220 -1.781120
v -0.159280 1.419220 -1.804520
v -0.124200 1.412660 -1.823720
v -0.084180 1.407780 -1.837980
v -0.040740 1.404760 -1.846780
v 0.004420 1.403760 -1.849740
v 0.049600 1.404760 -1.846780
v 0.093020 1.407780 -1.837980
v 0.133060 1.412660 -1.823720
v 0.168140 1.419220 -1.804520
v 0.196920 1.427220 -1.781120
v 0.218320 1.436360 -1.754420
v 0.231500 1.446260 -1.725460
v 0.235940 1.456580 -1.695340
v 0.231500 1.466880 -1.665220
v 0.218320 1.476780 -1.636260
v 0.196920 1.485920 -1.609560
v 0.168140 1.493920 -1.586180
v 0.133060 1.500500 -1.566980
v 0.093020 1.505380 -1.552700
v 0.049600 1.508380 -1.543920
v 0.004420 1.509400 -1.540960
v -0.040740 1.508380 -1.543920
v -0.084180 1.505380 -1.552700
v -0.124200 1.500500 -1.566980
v -0.159280 1.493920 -1.586180
v -0.188080 1.485920 -1.609560
v -0.209480 1.476780 -1.636260
v -0.222640 1.466880 -1.665220
v -0.226520 0.939380 -1.518400
v -0.222080 0.929100 -1.548440
v -0.208940 0.919220 -1.577320
v -0.187600 0.910100 -1.603960
v -0.158880 0.902120 -1.627300
v -0.123880 0.895560 -1.646440
v -0.083960 0.890700 -1.660680
v -0.040640 0.887700 -1.669440
v 0.004320 0.887340 -1.672900
v 0.049480 0.887700 -1.669440
v 0.092800 0.890700 -1.660680
v 0.132740 0.895560 -1.646440
v 0.167740 0.902120 -1.627300
v 0.196460 0.910100 -1.603960
v 0.217800 0.919220 -1.577320
v 0.230940 0.929100 -1.548440
v 0.235380 0.939380 -1.518400
v 0.230940 0.949660 -1.488340
v 0.217800 0.959540 -1.459460
v 0.196460 0.968660 -1.432820
v 0.167720 0.976640 -1.409480
v 0.132740 0.983200 -1.390340
v 0.092800 0.988060 -1.376100
v 0.049480 0.991060 -1.367340
v 0.004420 0.992080 -1.364380
v -0.040640 0.991060 -1.367340
v -0.083960 0.988060 -1.376100
v -0.123880 0.983200 -1.390340
v -0.158880 0.976640 -1.409480
v -0.187600 0.968660 -1.432820
v -0.208940 0.959540 -1.459460
v -0.222080 0.949660 -1.488340
v 0.491280 2.409740 0.601760
v 0.481540 2.391520 0.601760
v 0.475540 2.371760 0.601760
v 0.473520 2.351200 0.601760
v 0.481540 2.310900 0.601760
v 0.520340 2.263620 0.601760
v 0.578860 2.245860 0.601760
v 0.619160 2.253880 0.601760
v 0.676180 2.310900 0.601760
v 0.682180 2.371760 0.601760
v 0.666440 2.409740 0.601760
v 0.653340 2.425680 0.601760
v 0.619160 2.448520 0.601760
v 0.558320 2.454520 0.588720
v 0.578860 2.456540 0.588720
v 0.538560 2.448520 0.588720
v 0.520340 2.438780 0.588720
v 0.504380 2.425680 0.588720
v 0.491280 2.409740 0.588720
v 0.481540 2.391520 0.588720
v 0.475540 2.371760 0.588720
v 0.473520 2.351200 0.588720
v 0.475540 2.330660 0.588720
v 0.481540 2.310900 0.588720
v 0.491280 2.292680 0.588720
v 0.504380 2.276720 0.588720
v 0.520340 2.263620 0.588720
v 0.538560 2.253880 0.588720
v 0.558320 2.247900 0.588720
v 0.578860 2.245860 0.588720
v 0.599400 2.247900 0.588720
v 0.619160 2.253880 0.588720
v 0.637380 2.263620 0.588720
v 0.653340 2.276720 0.588720
v 0.666440 2.292680 0.588720
v 0.676180 2.310900 0.588720
v 0.682180 2.330660 0.588720
v 0.684200 2.351200 0.588720
v 0.682180 2.371760 0.588720
v 0.676180 2.391520 0.588720
v 0.666440 2.409740 0.588720
v 0.653340 2.425680 0.588720
v 0.637380 2.438780 0.588720
v 0.619160 2.448520 0.588720
v 0.599400 2.454520 0.588720
v 0.573820 2.376560 0.593080
v 0.578860 2.377060 0.593080
v 0.568960 2.375080 0.593080
v 0.564500 2.372700 0.593080
v 0.560580 2.369480 0.593080
v 0.557360 2.365560 0.593080
v 0.554980 2.361100 0.593080
v 0.553500 2.356240 0.593080
v 0.553000 2.351200 0.593080
v 0.553500 2.346160 0.593080
v 0.554980 2.341320 0.593080
v 0.557360 2.336840 0.593080
v 0.560580 2.332920 0.593080
v 0.564500 2.329700 0.593080
v 0.568960 2.327320 0.593080
v 0.573820 2.325840 0.593080
v 0.578860 2.325340 0.593080
v 0.583900 2.325840 0.593080
v 0.588760 2.327320 0.593080
v 0.593220 2.329700 0.593080
v 0.597140 2.332920 0.593080
v 0.600360 2.336840 0.593080
v 0.602740 2.341320 0.593080
v 0.604220 2.346160 0.593080
v 0.604720 2.351200 0.593080
v 0.604220 2.356240 0.593080
v 0.602740 2.361100 0.593080
v 0.600360 2.365560 0.593080
v 0.597140 2.369480 0.593080
v 0.593220 2.372700 0.593080
v 0.588760 2.375080 0.593080
v 0.583900 2.376560 0.593080
v 0.614940 2.438320 0.588720
v 0.631240 2.429620 0.588720
v 0.512180 2.417880 0.588720
v 0.526460 2.429620 0.588720
v 0.486380 2.332800 0.588720
v 0.484560 2.351200 0.588720
v 0.542780 2.264080 0.588720
v 0.526460 2.272800 0.588720
v 0.631240 2.272800 0.588720
v 0.614940 2.264080 0.588720
v 0.673160 2.351200 0.588720
v 0.671340 2.332800 0.588720
v 0.645540 2.417880 0.588720
v 0.542780 2.438320 0.588720
v 0.486380 2.369600 0.588720
v 0.512180 2.284520 0.588720
v 0.597260 2.258720 0.588720
v 0.665980 2.315120 0.588720
v 0.657260 2.403600 0.588720
v 0.560460 2.443700 0.588720
v 0.491740 2.387300 0.588720
v 0.500460 2.298820 0.588720
v 0.578860 2.256900 0.588720
v 0.657260 2.298820 0.588720
v 0.665980 2.387300 0.588720
v 0.578860 2.445500 0.588720
v 0.597260 2.443700 0.588720
v 0.500460 2.403600 0.588720
v 0.491740 2.315120 0.588720
v 0.560460 2.258720 0.588720
v 0.645540 2.284520 0.588720
v 0.671340 2.369600 0.588720
v 0.608560 2.422920 0.588720
v 0.523960 2.406100 0.588720
v 0.502720 2.336060 0.588720
v 0.549160 2.279500 0.588720
v 0.621980 2.286660 0.588720
v 0.656480 2.351200 0.588720
v 0.578860 2.428840 0.588720
v 0.621980 2.415740 0.588720
v 0.535740 2.415740 0.588720
v 0.501240 2.351200 0.588720
v 0.535740 2.286660 0.588720
v 0.608560 2.279500 0.588720
v 0.655000 2.336060 0.588720
v 0.633760 2.406100 0.588720
v 0.549160 2.422920 0.588720
v 0.502720 2.366340 0.588720
v 0.523960 2.296320 0.588720
v 0.594000 2.275060 0.588720
v 0.650580 2.321500 0.588720
v 0.643400 2.394340 0.588720
v 0.563720 2.427340 0.588720
v 0.507140 2.380920 0.588720
v 0.514320 2.308080 0.588720
v 0.578860 2.273580 0.588720
v 0.643400 2.308080 0.588720
v 0.650580 2.380920 0.588720
v 0.594000 2.427340 0.588720
v 0.514320 2.394340 0.588720
v 0.507140 2.321500 0.588720
v 0.563720 2.275060 0.588720
v 0.633760 2.296320 0.588720
v 0.655000 2.366340 0.588720
v 0.614940 2.438320 0.598880
v 0.631240 2.429620 0.598880
v 0.512180 2.417880 0.598880
v 0.526460 2.429620 0.598880
v 0.486380 2.332800 0.598880
v 0.484560 2.351200 0.598880
v 0.542780 2.264080 0.598880
v 0.526460 2.272800 0.598880
v 0.631240 2.272800 0.598880
v 0.614940 2.264080 0.598880
v 0.673160 2.351200 0.598880
v 0.671340 2.332800 0.598880
v 0.645540 2.417880 0.598880
v 0.542780 2.438320 0.598880
v 0.486380 2.369600 0.598880
v 0.512180 2.284520 0.598880
v 0.597260 2.258720 0.598880
v 0.665980 2.315120 0.598880
v 0.657260 2.403600 0.598880
v 0.560460 2.443700 0.598880
v 0.491740 2.387300 0.598880
v 0.500460 2.298820 0.598880
v 0.578860 2.256900 0.598880
v 0.657260 2.298820 0.598880
v 0.665980 2.387300 0.598880
v 0.578860 2.445500 0.598880
v 0.597260 2.443700 0.598880
v 0.500460 2.403600 0.598880
v 0.491740 2.315120 0.598880
v 0.560460 2.258720 0.598880
v 0.645540 2.284520 0.598880
v 0.671340 2.369600 0.598880
v 0.608820 2.423520 0.598880
v 0.523500 2.406560 0.598880
v 0.502080 2.335920 0.598880
v 0.548900 2.278880 0.598880
v 0.622360 2.286100 0.598880
v 0.657140 2.351200 0.598880
v 0.578860 2.429500 0.598880
v 0.622360 2.416300 0.598880
v 0.535360 2.416300 0.598880
v 0.500580 2.351200 0.598880
v 0.535360 2.286100 0.598880
v 0.608820 2.278880 0.598880
v 0.655640 2.335920 0.598880
v 0.634220 2.406560 0.598880
v 0.548900 2.423520 0.598880
v 0.502080 2.366480 0.598880
v 0.523500 2.295840 0.598880
v 0.594140 2.274420 0.598880
v 0.651180 2.321240 0.598880
v 0.643960 2.394700 0.598880
v 0.563580 2.427980 0.598880
v 0.506540 2.381160 0.598880
v 0.513760 2.307720 0.598880
v 0.578860 2.272920 0.598880
v 0.643960 2.307720 0.598880
v 0.651180 2.381160 0.598880
v 0.594140 2.427980 0.598880
v 0.513760 2.394700 0.598880
v 0.506540 2.321240 0.598880
v 0.563580 2.274420 0.598880
v 0.634220 2.295840 0.598880
v 0.655640 2.366480 0.598880
v 0.573820 2.376560 0.599340
v 0.578860 2.377060 0.599340
v 0.568960 2.375080 0.599340
v 0.564500 2.372700 0.599340
v 0.560580 2.369480 0.599340
v 0.557360 2.365560 0.599340
v 0.554980 2.361100 0.599340
v 0.553500 2.356240 0.599340
v 0.553000 2.351200 0.599340
v 0.553500 2.346160 0.599340
v 0.554980 2.341320 0.599340
v 0.557360 2.336840 0.599340
v 0.560580 2.332920 0.599340
v 0.564500 2.329700 0.599340
v 0.568960 2.327320 0.599340
v 0.573820 2.325840 0.599340
v 0.578860 2.325340 0.599340
v 0.583900 2.325840 0.599340
v 0.588760 2.327320 0.599340
v 0.593220 2.329700 0.599340
v 0.597140 2.332920 0.599340
v 0.600360 2.336840 0.599340
v 0.602740 2.341320 0.599340
v 0.604220 2.346160 0.599340
v 0.604720 2.351200 0.599340
v 0.604220 2.356240 0.599340
v 0.602740 2.361100 0.599340
v 0.600360 2.365560 0.599340
v 0.597140 2.369480 0.599340
v 0.593220 2.372700 0.599340
v 0.588760 2.375080 0.599340
v 0.583900 2.376560 0.599340
v 0.575040 2.370400 0.600480
v 0.578860 2.370780 0.600480
v 0.571360 2.369300 0.600480
v 0.567980 2.367480 0.600480
v 0.565020 2.365060 0.600480
v 0.562580 2.362080 0.600480
v 0.560760 2.358700 0.600480
v 0.559660 2.355020 0.600480
v 0.559280 2.351200 0.600480
v 0.559660 2.347400 0.600480
v 0.560760 2.343720 0.600480
v 0.562580 2.340320 0.600480
v 0.565020 2.337360 0.600480
v 0.567980 2.334920 0.600480
v 0.571360 2.333120 0.600480
v 0.575040 2.332000 0.600480
v 0.578860 2.331620 0.600480
v 0.582680 2.332000 0.600480
v 0.586360 2.333120 0.600480
v 0.589740 2.334920 0.600480
v 0.592700 2.337360 0.600480
v 0.595140 2.340320 0.600480
v 0.596960 2.343720 0.600480
v 0.598060 2.347400 0.600480
v 0.598440 2.351200 0.600480
v 0.598060 2.355020 0.600480
v 0.596960 2.358700 0.600480
v 0.595140 2.362080 0.600480
v 0.592700 2.365060 0.600480
v 0.589740 2.367480 0.600480
v 0.586360 2.369300 0.600480
v 0.582680 2.370400 0.600480
v 0.575040 2.370400 0.591760
v 0.578860 2.370780 0.591760
v 0.571360 2.369300 0.591760
v 0.567980 2.367480 0.591760
v 0.565020 2.365060 0.591760
v 0.562580 2.362080 0.591760
v 0.560760 2.358700 0.591760
v 0.559660 2.355020 0.591760
v 0.559280 2.351200 0.591760
v 0.559660 2.347400 0.591760
v 0.560760 2.343720 0.591760
v 0.562580 2.340320 0.591760
v 0.565020 2.337360 0.591760
v 0.567980 2.334920 0.591760
v 0.571360 2.333120 0.591760
v 0.575040 2.332000 0.591760
v 0.578860 2.331620 0.591760
v 0.582680 2.332000 0.591760
v 0.586360 2.333120 0.591760
v 0.589740 2.334920 0.591760
v 0.592700 2.337360 0.591760
v 0.595140 2.340320 0.591760
v 0.596960 2.343720 0.591760
v 0.598060 2.347400 0.591760
v 0.598440 2.351200 0.591760
v 0.598060 2.355020 0.591760
v 0.596960 2.358700 0.591760
v 0.595140 2.362080 0.591760
v 0.592700 2.365060 0.591760
v 0.589740 2.367480 0.591760
v 0.586360 2.369300 0.591760
v 0.582680 2.370400 0.591760
v -0.565260 2.406080 0.065080
v -0.565260 2.458840 0.081100
v -0.565260 2.507480 0.107080
v -0.565260 2.550100 0.142060
v -0.565260 2.585080 0.184700
v -0.565260 2.611080 0.233320
v -0.565260 2.627100 0.286100
v -0.565260 2.632500 0.340980
v -0.565260 2.627100 0.395860
v -0.565260 2.611080 0.448620
v -0.565260 2.585080 0.497260
v -0.565260 2.550100 0.539880
v -0.565260 2.507480 0.574860
v -0.565260 2.468160 0.598400
v -0.565260 2.456520 0.601900
v -0.575960 2.405020 0.065080
v -0.586260 2.456780 0.081100
v -0.595740 2.504480 0.107080
v -0.604060 2.546280 0.142060
v -0.610880 2.580600 0.184700
v -0.615960 2.606080 0.233320
v -0.619080 2.621780 0.286100
v -0.620140 2.627100 0.340980
v -0.619080 2.621780 0.395860
v -0.615960 2.606080 0.448620
v -0.610880 2.580600 0.497260
v -0.604060 2.546280 0.539880
v -0.595740 2.504480 0.574860
v -0.588080 2.465920 0.598400
v -0.585800 2.454500 0.601900
v -0.586260 2.401900 0.065080
v -0.606440 2.450640 0.081100
v -0.625060 2.495580 0.107080
v -0.641380 2.534960 0.142060
v -0.654760 2.567280 0.184700
v -0.664700 2.591300 0.233320
v -0.670840 2.606080 0.286100
v -0.672900 2.611080 0.340980
v -0.670840 2.606080 0.395860
v -0.664700 2.591300 0.448620
v -0.654760 2.567280 0.497260
v -0.641380 2.534960 0.539880
v -0.625060 2.495580 0.574860
v -0.610020 2.459260 0.598400
v -0.605560 2.448500 0.601900
v -0.595740 2.396820 0.065080
v -0.625060 2.440700 0.081100
v -0.652080 2.481140 0.107080
v -0.675760 2.516580 0.142060
v -0.695200 2.545680 0.184700
v -0.709640 2.567280 0.233320
v -0.718540 2.580600 0.286100
v -0.721540 2.585080 0.340980
v -0.718540 2.580600 0.395860
v -0.709640 2.567280 0.448620
v -0.695200 2.545680 0.497260
v -0.675760 2.516580 0.539880
v -0.652080 2.481140 0.574860
v -0.630240 2.448440 0.598400
v -0.623780 2.438760 0.601900
v -0.604060 2.390000 0.065080
v -0.641380 2.427320 0.081100
v -0.675760 2.461700 0.107080
v -0.705900 2.491840 0.142060
v -0.730640 2.516580 0.184700
v -0.749020 2.534960 0.233320
v -0.760340 2.546280 0.286100
v -0.764160 2.550100 0.340980
v -0.760340 2.546280 0.395860
v -0.749020 2.534960 0.448620
v -0.730640 2.516580 0.497260
v -0.705900 2.491840 0.539880
v -0.675760 2.461700 0.574860
v -0.647960 2.433900 0.598400
v -0.639740 2.425660 0.601900
v -0.610880 2.381680 0.065080
v -0.654760 2.411000 0.081100
v -0.695200 2.438020 0.107080
v -0.730640 2.461700 0.142060
v -0.759720 2.481140 0.184700
v -0.781340 2.495580 0.233320
v -0.794640 2.504480 0.286100
v -0.799140 2.507480 0.340980
v -0.794640 2.504480 0.395860
v -0.781340 2.495580 0.448620
v -0.759720 2.481140 0.497260
v -0.730640 2.461700 0.539880
v -0.695200 2.438020 0.574860
v -0.662500 2.416180 0.598400
v -0.615960 2.372200 0.065080
v -0.664700 2.392400 0.081100
v -0.709640 2.411000 0.107080
v -0.749020 2.427320 0.142060
v -0.781340 2.440700 0.184700
v -0.805360 2.450640 0.233320
v -0.820140 2.456780 0.286100
v -0.825140 2.458840 0.340980
v -0.820140 2.456780 0.395860
v -0.805360 2.450640 0.448620
v -0.781340 2.440700 0.497260
v -0.749020 2.427320 0.539880
v -0.709640 2.411000 0.574860
v -0.673320 2.395960 0.598400
v -0.619080 2.361900 0.065080
v -0.670840 2.372200 0.081100
v -0.718540 2.381680 0.107080
v -0.760340 2.390000 0.142060
v -0.794640 2.396820 0.184700
v -0.820140 2.401900 0.233320
v -0.835840 2.405020 0.286100
v -0.841140 2.406080 0.340980
v -0.835840 2.405020 0.395860
v -0.820140 2.401900 0.448620
v -0.794640 2.396820 0.497260
v -0.760340 2.390000 0.539880
v -0.718540 2.381680 0.574860
v -0.679980 2.374020 0.598400
v -0.620140 2.351200 0.065080
v -0.672900 2.351200 0.081100
v -0.721540 2.351200 0.107080
v -0.764160 2.351200 0.142060
v -0.799140 2.351200 0.184700
v -0.825140 2.351200 0.233320
v -0.841140 2.351200 0.286100
v -0.846560 2.351200 0.340980
v -0.841140 2.351200 0.395860
v -0.825140 2.351200 0.448620
v -0.799140 2.351200 0.497260
v -0.764160 2.351200 0.539880
v -0.721540 2.351200 0.574860
v -0.682220 2.351200 0.598400
v -0.619080 2.340480 0.065080
v -0.670840 2.330200 0.081100
v -0.718540 2.320700 0.107080
v -0.760340 2.312400 0.142060
v -0.794640 2.305560 0.184700
v -0.820140 2.300500 0.233320
v -0.835840 2.297380 0.286100
v -0.841140 2.296320 0.340980
v -0.835840 2.297380 0.395860
v -0.820140 2.300500 0.448620
v -0.794640 2.305560 0.497260
v -0.760340 2.312400 0.539880
v -0.718540 2.320700 0.574860
v -0.679980 2.328380 0.598400
v -0.668560 2.330640 0.601900
v -0.615960 2.330200 0.065080
v -0.664700 2.310000 0.081100
v -0.709640 2.291400 0.107080
v -0.749020 2.275080 0.142060
v -0.781340 2.261700 0.184700
v -0.805360 2.251740 0.233320
v -0.820140 2.245620 0.286100
v -0.825140 2.243540 0.340980
v -0.820140 2.245620 0.395860
v -0.805360 2.251740 0.448620
v -0.781340 2.261700 0.497260
v -0.749020 2.275080 0.539880
v -0.709640 2.291400 0.574860
v -0.673320 2.306440 0.598400
v -0.610880 2.320700 0.065080
v -0.654760 2.291400 0.081100
v -0.695200 2.264360 0.107080
v -0.730640 2.240700 0.142060
v -0.759720 2.221260 0.184700
v -0.781340 2.206800 0.233320
v -0.794640 2.197920 0.286100
v -0.799140 2.194920 0.340980
v -0.794640 2.197920 0.395860
v -0.781340 2.206800 0.448620
v -0.759720 2.221260 0.497260
v -0.730640 2.240700 0.539880
v -0.695200 2.264360 0.574860
v -0.662500 2.286220 0.598400
v -0.652840 2.292660 0.601900
v -0.604060 2.312400 0.065080
v -0.641380 2.275080 0.081100
v -0.675760 2.240700 0.107080
v -0.705900 2.210540 0.142060
v -0.730640 2.185820 0.184700
v -0.749020 2.167420 0.233320
v -0.760340 2.156120 0.286100
v -0.764160 2.152300 0.340980
v -0.760340 2.156120 0.395860
v -0.749020 2.167420 0.448620
v -0.730640 2.185820 0.497260
v -0.705900 2.210540 0.539880
v -0.675760 2.240700 0.574860
v -0.647960 2.268480 0.598400
v -0.639740 2.276700 0.601900
v -0.595740 2.305560 0.065080
v -0.625060 2.261700 0.081100
v -0.652080 2.221260 0.107080
v -0.675760 2.185820 0.142060
v -0.695200 2.156720 0.184700
v -0.709640 2.135100 0.233320
v -0.718540 2.121800 0.286100
v -0.721540 2.117300 0.340980
v -0.718540 2.121800 0.395860
v -0.709640 2.135100 0.448620
v -0.695200 2.156720 0.497260
v -0.675760 2.185820 0.539880
v -0.652080 2.221260 0.574860
v -0.630240 2.253940 0.598400
v -0.586260 2.300500 0.065080
v -0.606440 2.251740 0.081100
v -0.625060 2.206800 0.107080
v -0.641380 2.167420 0.142060
v -0.654760 2.135100 0.184700
v -0.664700 2.111100 0.233320
v -0.670840 2.096300 0.286100
v -0.672900 2.091320 0.340980
v -0.670840 2.096300 0.395860
v -0.664700 2.111100 0.448620
v -0.654760 2.135100 0.497260
v -0.641380 2.167420 0.539880
v -0.625060 2.206800 0.574860
v -0.610020 2.243140 0.598400
v -0.605560 2.253860 0.601900
v -0.575960 2.297380 0.065080
v -0.586260 2.245620 0.081100
v -0.595740 2.197920 0.107080
v -0.604060 2.156120 0.142060
v -0.610880 2.121800 0.184700
v -0.615960 2.096300 0.233320
v -0.619080 2.080600 0.286100
v -0.620140 2.075300 0.340980
v -0.619080 2.080600 0.395860
v -0.615960 2.096300 0.448620
v -0.610880 2.121800 0.497260
v -0.604060 2.156120 0.539880
v -0.595740 2.197920 0.574860
v -0.588080 2.236480 0.598400
v -0.585800 2.247880 0.601900
v -0.565260 2.296320 0.065080
v -0.565260 2.243540 0.081100
v -0.565260 2.194920 0.107080
v -0.565260 2.152300 0.142060
v -0.565260 2.117300 0.184700
v -0.565260 2.091320 0.233320
v -0.565260 2.075300 0.286100
v -0.565260 2.069900 0.340980
v -0.565260 2.075300 0.395860
v -0.565260 2.091320 0.448620
v -0.565260 2.117300 0.497260
v -0.565260 2.152300 0.539880
v -0.565260 2.194920 0.574860
v -0.565260 2.234220 0.598400
v -0.554540 2.297380 0.065080
v -0.544260 2.245620 0.081100
v -0.534760 2.197920 0.107080
v -0.526440 2.156120 0.142060
v -0.519620 2.121800 0.184700
v -0.514560 2.096300 0.233320
v -0.511420 2.080600 0.286100
v -0.510380 2.075300 0.340980
v -0.511420 2.080600 0.395860
v -0.514560 2.096300 0.448620
v -0.519620 2.121800 0.497260
v -0.526440 2.156120 0.539880
v -0.534760 2.197920 0.574860
v -0.542440 2.236480 0.598400
v -0.544700 2.247880 0.601900
v -0.544260 2.300500 0.065080
v -0.524060 2.251740 0.081100
v -0.505440 2.206800 0.107080
v -0.489140 2.167420 0.142060
v -0.475740 2.135100 0.184700
v -0.465800 2.111100 0.233320
v -0.459680 2.096300 0.286100
v -0.457600 2.091320 0.340980
v -0.459680 2.096300 0.395860
v -0.465800 2.111100 0.448620
v -0.475740 2.135100 0.497260
v -0.489140 2.167420 0.539880
v -0.505440 2.206800 0.574860
v -0.520500 2.243140 0.598400
v -0.534760 2.305560 0.065080
v -0.505440 2.261700 0.081100
v -0.478420 2.221260 0.107080
v -0.454740 2.185820 0.142060
v -0.435320 2.156720 0.184700
v -0.420860 2.135100 0.233320
v -0.411980 2.121800 0.286100
v -0.408980 2.117300 0.340980
v -0.411980 2.121800 0.395860
v -0.420860 2.135100 0.448620
v -0.435320 2.156720 0.497260
v -0.454740 2.185820 0.539880
v -0.478420 2.221260 0.574860
v -0.500260 2.253940 0.598400
v -0.506740 2.263600 0.601900
v -0.526440 2.312400 0.065080
v -0.489140 2.275080 0.081100
v -0.454740 2.240700 0.107080
v -0.424600 2.210540 0.142060
v -0.399860 2.185820 0.184700
v -0.381480 2.167420 0.233320
v -0.370160 2.156120 0.286100
v -0.366340 2.152300 0.340980
v -0.370160 2.156120 0.395860
v -0.381480 2.167420 0.448620
v -0.399860 2.185820 0.497260
v -0.424600 2.210540 0.539880
v -0.454740 2.240700 0.574860
v -0.482540 2.268480 0.598400
v -0.490780 2.276700 0.601900
v -0.519620 2.320700 0.065080
v -0.475740 2.291400 0.081100
v -0.435320 2.264360 0.107080
v -0.399860 2.240700 0.142060
v -0.370780 2.221260 0.184700
v -0.349160 2.206800 0.233320
v -0.335860 2.197920 0.286100
v -0.331360 2.194920 0.340980
v -0.335860 2.197920 0.395860
v -0.349160 2.206800 0.448620
v -0.370780 2.221260 0.497260
v -0.399860 2.240700 0.539880
v -0.435320 2.264360 0.574860
v -0.468000 2.286220 0.598400
v -0.477680 2.292660 0.601900
v -0.514560 2.330200 0.065080
v -0.465800 2.310000 0.081100
v -0.420860 2.291400 0.107080
v -0.381480 2.275080 0.142060
v -0.349160 2.261700 0.184700
v -0.325160 2.251740 0.233320
v -0.310360 2.245620 0.286100
v -0.305360 2.243540 0.340980
v -0.310360 2.245620 0.395860
v -0.325160 2.251740 0.448620
v -0.349160 2.261700 0.497260
v -0.381480 2.275080 0.539880
v -0.420860 2.291400 0.574860
v -0.457180 2.306440 0.598400
v -0.511420 2.340480 0.065080
v -0.459680 2.330200 0.081100
v -0.411980 2.320700 0.107080
v -0.370160 2.312400 0.142060
v -0.335860 2.305560 0.184700
v -0.310360 2.300500 0.233320
v -0.294660 2.297380 0.286100
v -0.289360 2.296320 0.340980
v -0.294660 2.297380 0.395860
v -0.310360 2.300500 0.448620
v -0.335860 2.305560 0.497260
v -0.370160 2.312400 0.539880
v -0.411980 2.320700 0.574860
v -0.450540 2.328380 0.598400
v -0.461940 2.330640 0.601900
v -0.510380 2.351200 0.065080
v -0.457600 2.351200 0.081100
v -0.408980 2.351200 0.107080
v -0.366340 2.351200 0.142060
v -0.331360 2.351200 0.184700
v -0.305360 2.351200 0.233320
v -0.289360 2.351200 0.286100
v -0.283960 2.351200 0.340980
v -0.289360 2.351200 0.395860
v -0.305360 2.351200 0.448620
v -0.331360 2.351200 0.497260
v -0.366340 2.351200 0.539880
v -0.408980 2.351200 0.574860
v -0.448280 2.351200 0.598400
v -0.459920 2.351180 0.601900
v -0.511420 2.361900 0.065080
v -0.459680 2.372200 0.081100
v -0.411980 2.381680 0.107080
v -0.370160 2.390000 0.142060
v -0.335860 2.396820 0.184700
v -0.310360 2.401900 0.233320
v -0.294660 2.405020 0.286100
v -0.289360 2.406080 0.340980
v -0.294660 2.405020 0.395860
v -0.310360 2.401900 0.448620
v -0.335860 2.396820 0.497260
v -0.370160 2.390000 0.539880
v -0.411980 2.381680 0.574860
v -0.450540 2.374020 0.598400
v -0.514560 2.372200 0.065080
v -0.465800 2.392400 0.081100
v -0.420860 2.411000 0.107080
v -0.381480 2.427320 0.142060
v -0.349160 2.440700 0.184700
v -0.325160 2.450640 0.233320
v -0.310360 2.456780 0.286100
v -0.305360 2.458840 0.340980
v -0.310360 2.456780 0.395860
v -0.325160 2.450640 0.448620
v -0.349160 2.440700 0.497260
v -0.381480 2.427320 0.539880
v -0.420860 2.411000 0.574860
v -0.457180 2.395960 0.598400
v -0.467940 2.391500 0.601900
v -0.519620 2.381680 0.065080
v -0.475740 2.411000 0.081100
v -0.435320 2.438020 0.107080
v -0.399860 2.461700 0.142060
v -0.370780 2.481140 0.184700
v -0.349160 2.495580 0.233320
v -0.335860 2.504480 0.286100
v -0.331360 2.507480 0.340980
v -0.335860 2.504480 0.395860
v -0.349160 2.495580 0.448620
v -0.370780 2.481140 0.497260
v -0.399860 2.461700 0.539880
v -0.435320 2.438020 0.574860
v -0.468000 2.416180 0.598400
v -0.526440 2.390000 0.065080
v -0.489140 2.427320 0.081100
v -0.454740 2.461700 0.107080
v -0.424600 2.491840 0.142060
v -0.399860 2.516580 0.184700
v -0.381480 2.534960 0.233320
v -0.370160 2.546280 0.286100
v -0.366340 2.550100 0.340980
v -0.370160 2.546280 0.395860
v -0.381480 2.534960 0.448620
v -0.399860 2.516580 0.497260
v -0.424600 2.491840 0.539880
v -0.454740 2.461700 0.574860
v -0.482540 2.433900 0.598400
v -0.565260 2.351200 0.059680
v -0.534760 2.396820 0.065080
v -0.505440 2.440700 0.081100
v -0.478420 2.481140 0.107080
v -0.454740 2.516580 0.142060
v -0.435320 2.545680 0.184700
v -0.420860 2.567280 0.233320
v -0.411980 2.580600 0.286100
v -0.408980 2.585080 0.340980
v -0.411980 2.580600 0.395860
v -0.420860 2.567280 0.448620
v -0.435320 2.545680 0.497260
v -0.454740 2.516580 0.539880
v -0.478420 2.481140 0.574860
v -0.500260 2.448440 0.598400
v -0.506740 2.438760 0.601900
v -0.544260 2.401900 0.065080
v -0.524060 2.450640 0.081100
v -0.505440 2.495580 0.107080
v -0.489140 2.534960 0.142060
v -0.475740 2.567280 0.184700
v -0.465800 2.591300 0.233320
v -0.459680 2.606080 0.286100
v -0.457600 2.611080 0.340980
v -0.459680 2.606080 0.395860
v -0.465800 2.591300 0.448620
v -0.475740 2.567280 0.497260
v -0.489140 2.534960 0.539880
v -0.505440 2.495580 0.574860
v -0.520500 2.459260 0.598400
v -0.554540 2.405020 0.065080
v -0.544260 2.456780 0.081100
v -0.534760 2.504480 0.107080
v -0.526440 2.546280 0.142060
v -0.519620 2.580600 0.184700
v -0.514560 2.606080 0.233320
v -0.511420 2.621780 0.286100
v -0.510380 2.627100 0.340980
v -0.511420 2.621780 0.395860
v -0.514560 2.606080 0.448620
v -0.519620 2.580600 0.497260
v -0.526440 2.546280 0.539880
v -0.534760 2.504480 0.574860
v -0.542440 2.465920 0.598400
v -0.544700 2.454500 0.601900
v -0.652840 2.409720 0.601900
v -0.662560 2.391500 0.601900
v -0.668560 2.371740 0.601900
v -0.670580 2.351180 0.601900
v -0.662560 2.310880 0.601900
v -0.623780 2.263600 0.601900
v -0.565260 2.245840 0.601900
v -0.524940 2.253860 0.601900
v -0.467940 2.310880 0.601900
v -0.461940 2.371740 0.601900
v -0.477680 2.409720 0.601900
v -0.490780 2.425660 0.601900
v -0.524940 2.448500 0.601900
v -0.585800 2.454500 0.588860
v -0.565260 2.456520 0.588860
v -0.605560 2.448500 0.588860
v -0.623780 2.438760 0.588860
v -0.639740 2.425660 0.588860
v -0.652840 2.409720 0.588860
v -0.662560 2.391500 0.588860
v -0.668560 2.371740 0.588860
v -0.670580 2.351180 0.588860
v -0.668560 2.330640 0.588860
v -0.662560 2.310880 0.588860
v -0.652840 2.292660 0.588860
v -0.639740 2.276700 0.588860
v -0.623780 2.263600 0.588860
v -0.605560 2.253860 0.588860
v -0.585800 2.247880 0.588860
v -0.565260 2.245840 0.588860
v -0.544700 2.247880 0.588860
v -0.524940 2.253860 0.588860
v -0.506740 2.263600 0.588860
v -0.490780 2.276700 0.588860
v -0.477680 2.292660 0.588860
v -0.467940 2.310880 0.588860
v -0.461940 2.330640 0.588860
v -0.459920 2.351180 0.588860
v -0.461940 2.371740 0.588860
v -0.467940 2.391500 0.588860
v -0.477680 2.409720 0.588860
v -0.490780 2.425660 0.588860
v -0.506740 2.438760 0.588860
v -0.524940 2.448500 0.588860
v -0.544700 2.454500 0.588860
v -0.570300 2.376540 0.593220
v -0.565260 2.377040 0.593220
v -0.575140 2.375060 0.593220
v -0.579620 2.372680 0.593220
v -0.583540 2.369460 0.593220
v -0.586740 2.365540 0.593220
v -0.589140 2.361080 0.593220
v -0.590600 2.356220 0.593220
v -0.591100 2.351180 0.593220
v -0.590600 2.346140 0.593220
v -0.589140 2.341300 0.593220
v -0.586740 2.336820 0.593220
v -0.583540 2.332900 0.593220
v -0.579620 2.329700 0.593220
v -0.575140 2.327300 0.593220
v -0.570300 2.325820 0.593220
v -0.565260 2.325340 0.593220
v -0.560200 2.325820 0.593220
v -0.555360 2.327300 0.593220
v -0.550900 2.329700 0.593220
v -0.546980 2.332900 0.593220
v -0.543760 2.336820 0.593220
v -0.541360 2.341300 0.593220
v -0.539900 2.346140 0.593220
v -0.539400 2.351180 0.593220
v -0.539900 2.356220 0.593220
v -0.541360 2.361080 0.593220
v -0.543760 2.365540 0.593220
v -0.546980 2.369460 0.593220
v -0.550900 2.372680 0.593220
v -0.555360 2.375060 0.593220
v -0.560200 2.376540 0.593220
v -0.529160 2.438300 0.588860
v -0.512860 2.429600 0.588860
v -0.631940 2.417860 0.588860
v -0.617640 2.429600 0.588860
v -0.657740 2.332780 0.588860
v -0.659560 2.351180 0.588860
v -0.601340 2.264060 0.588860
v -0.617640 2.272780 0.588860
v -0.512860 2.272780 0.588860
v -0.529160 2.264060 0.588860
v -0.470960 2.351180 0.588860
v -0.472760 2.332780 0.588860
v -0.498580 2.417860 0.588860
v -0.601340 2.438300 0.588860
v -0.657740 2.369580 0.588860
v -0.631940 2.284500 0.588860
v -0.546860 2.258700 0.588860
v -0.478140 2.315100 0.588860
v -0.486840 2.403580 0.588860
v -0.583660 2.443680 0.588860
v -0.652380 2.387280 0.588860
v -0.643660 2.298800 0.588860
v -0.565260 2.256880 0.588860
v -0.486840 2.298800 0.588860
v -0.478140 2.387280 0.588860
v -0.565260 2.445500 0.588860
v -0.546860 2.443680 0.588860
v -0.643660 2.403580 0.588860
v -0.652380 2.315100 0.588860
v -0.583660 2.258700 0.588860
v -0.498580 2.284500 0.588860
v -0.472760 2.369580 0.588860
v -0.535540 2.422900 0.588860
v -0.620140 2.406080 0.588860
v -0.641380 2.336040 0.588860
v -0.594960 2.279460 0.588860
v -0.522120 2.286640 0.588860
v -0.487620 2.351180 0.588860
v -0.565260 2.428820 0.588860
v -0.522120 2.415740 0.588860
v -0.608380 2.415740 0.588860
v -0.642880 2.351180 0.588860
v -0.608380 2.286640 0.588860
v -0.535540 2.279460 0.588860
v -0.489120 2.336040 0.588860
v -0.510360 2.406080 0.588860
v -0.594960 2.422900 0.588860
v -0.641380 2.366340 0.588860
v -0.620140 2.296300 0.588860
v -0.550100 2.275040 0.588860
v -0.493540 2.321480 0.588860
v -0.500700 2.394320 0.588860
v -0.580400 2.427320 0.588860
v -0.636980 2.380900 0.588860
v -0.629800 2.308060 0.588860
v -0.565260 2.273560 0.588860
v -0.500700 2.308060 0.588860
v -0.493540 2.380900 0.588860
v -0.550100 2.427320 0.588860
v -0.629800 2.394320 0.588860
v -0.636980 2.321480 0.588860
v -0.580400 2.275040 0.588860
v -0.510360 2.296300 0.588860
v -0.489120 2.366340 0.588860
v -0.529160 2.438300 0.599020
v -0.512860 2.429600 0.599020
v -0.631940 2.417860 0.599020
v -0.617640 2.429600 0.599020
v -0.657740 2.332780 0.599020
v -0.659560 2.351180 0.599020
v -0.601340 2.264060 0.599020
v -0.617640 2.272780 0.599020
v -0.512860 2.272780 0.599020
v -0.529160 2.264060 0.599020
v -0.470960 2.351180 0.599020
v -0.472760 2.332780 0.599020
v -0.498580 2.417860 0.599020
v -0.601340 2.438300 0.599020
v -0.657740 2.369580 0.599020
v -0.631940 2.284500 0.599020
v -0.546860 2.258700 0.599020
v -0.478140 2.315100 0.599020
v -0.486840 2.403580 0.599020
v -0.583660 2.443680 0.599020
v -0.652380 2.387280 0.599020
v -0.643660 2.298800 0.599020
v -0.565260 2.256880 0.599020
v -0.486840 2.298800 0.599020
v -0.478140 2.387280 0.599020
v -0.565260 2.445500 0.599020
v -0.546860 2.443680 0.599020
v -0.643660 2.403580 0.599020
v -0.652380 2.315100 0.599020
v -0.583660 2.258700 0.599020
v -0.498580 2.284500 0.599020
v -0.472760 2.369580 0.599020
v -0.535300 2.423520 0.599020
v -0.620600 2.406540 0.599020
v -0.642040 2.335900 0.599020
v -0.595220 2.278860 0.599020
v -0.521760 2.286100 0.599020
v -0.486960 2.351180 0.599020
v -0.565260 2.429480 0.599020
v -0.521760 2.416280 0.599020
v -0.608740 2.416280 0.599020
v -0.643540 2.351180 0.599020
v -0.608740 2.286100 0.599020
v -0.535300 2.278860 0.599020
v -0.488480 2.335900 0.599020
v -0.509900 2.406540 0.599020
v -0.595220 2.423520 0.599020
v -0.642040 2.366460 0.599020
v -0.620600 2.295840 0.599020
v -0.549980 2.274400 0.599020
v -0.492920 2.321220 0.599020
v -0.500160 2.394680 0.599020
v -0.580520 2.427960 0.599020
v -0.637580 2.381140 0.599020
v -0.630340 2.307700 0.599020
v -0.565260 2.272900 0.599020
v -0.500160 2.307700 0.599020
v -0.492920 2.381140 0.599020
v -0.549980 2.427960 0.599020
v -0.630340 2.394680 0.599020
v -0.637580 2.321220 0.599020
v -0.580520 2.274400 0.599020
v -0.509900 2.295840 0.599020
v -0.488480 2.366460 0.599020
v -0.570300 2.376540 0.599480
v -0.565260 2.377040 0.599480
v -0.575140 2.375060 0.599480
v -0.579620 2.372680 0.599480
v -0.583540 2.369460 0.599480
v -0.586740 2.365540 0.599480
v -0.589140 2.361080 0.599480
v -0.590600 2.356220 0.599480
v -0.591100 2.351180 0.599480
v -0.590600 2.346140 0.599480
v -0.589140 2.341300 0.599480
v -0.586740 2.336820 0.599480
v -0.583540 2.332900 0.599480
v -0.579620 2.329700 0.599480
v -0.575140 2.327300 0.599480
v -0.570300 2.325820 0.599480
v -0.565260 2.325340 0.599480
v -0.560200 2.325820 0.599480
v -0.555360 2.327300 0.599480
v -0.550900 2.329700 0.599480
v -0.546980 2.332900 0.599480
v -0.543760 2.336820 0.599480
v -0.541360 2.341300 0.599480
v -0.539900 2.346140 0.599480
v -0.539400 2.351180 0.599480
v -0.539900 2.356220 0.599480
v -0.541360 2.361080 0.599480
v -0.543760 2.365540 0.599480
v -0.546980 2.369460 0.599480
v -0.550900 2.372680 0.599480
v -0.555360 2.375060 0.599480
v -0.560200 2.376540 0.599480
v -0.569080 2.370400 0.600620
v -0.565260 2.370760 0.600620
v -0.572740 2.369280 0.600620
v -0.576140 2.367480 0.600620
v -0.579100 2.365040 0.600620
v -0.581540 2.362060 0.600620
v -0.583340 2.358680 0.600620
v -0.584460 2.355000 0.600620
v -0.584840 2.351180 0.600620
v -0.584460 2.347360 0.600620
v -0.583340 2.343700 0.600620
v -0.581540 2.340300 0.600620
v -0.579100 2.337340 0.600620
v -0.576140 2.334900 0.600620
v -0.572740 2.333100 0.600620
v -0.569080 2.331980 0.600620
v -0.565260 2.331600 0.600620
v -0.561440 2.331980 0.600620
v -0.557760 2.333100 0.600620
v -0.554380 2.334900 0.600620
v -0.551400 2.337340 0.600620
v -0.548980 2.340300 0.600620
v -0.547160 2.343700 0.600620
v -0.546040 2.347360 0.600620
v -0.545680 2.351180 0.600620
v -0.546040 2.355000 0.600620
v -0.547160 2.358680 0.600620
v -0.548980 2.362060 0.600620
v -0.551400 2.365040 0.600620
v -0.554380 2.367480 0.600620
v -0.557760 2.369280 0.600620
v -0.561440 2.370400 0.600620
v -0.569080 2.370400 0.591900
v -0.565260 2.370760 0.591900
v -0.572740 2.369280 0.591900
v -0.576140 2.367480 0.591900
v -0.579100 2.365040 0.591900
v -0.581540 2.362060 0.591900
v -0.583340 2.358680 0.591900
v -0.584460 2.355000 0.591900
v -0.584840 2.351180 0.591900
v -0.584460 2.347360 0.591900
v -0.583340 2.343700 0.591900
v -0.581540 2.340300 0.591900
v -0.579100 2.337340 0.591900
v -0.576140 2.334900 0.591900
v -0.572740 2.333100 0.591900
v -0.569080 2.331980 0.591900
v -0.565260 2.331600 0.591900
v -0.561440 2.331980 0.591900
v -0.557760 2.333100 0.591900
v -0.554380 2.334900 0.591900
v -0.551400 2.337340 0.591900
v -0.548980 2.340300 0.591900
v -0.547160 2.343700 0.591900
v -0.546040 2.347360 0.591900
v -0.545680 2.351180 0.591900
v -0.546040 2.355000 0.591900
v -0.547160 2.358680 0.591900
v -0.548980 2.362060 0.591900
v -0.551400 2.365040 0.591900
v -0.554380 2.367480 0.591900
v -0.557760 2.369280 0.591900
v -0.561440 2.370400 0.591900
vn 0.4861 -0.7083 0.5119
vn 0.4657 -0.6640 0.5849
vn 0.7324 -0.4046 0.5476
vn 0.7311 -0.4344 0.5261
vn 0.2991 -0.8177 0.4919
vn 0.2683 -0.7013 0.6605
vn 0.2910 -0.7194 0.6306
vn 0.3411 -0.7996 0.4943
vn 0.3913 -0.9089 0.1444
vn 0.4830 -0.8569 0.1802
vn 0.6422 -0.7343 0.2201
vn 0.8656 -0.4283 0.2593
vn 0.8494 -0.0465 0.5257
vn 0.9590 -0.0271 0.2821
vn 0.2577 -0.7161 0.6487
vn 0.2804 -0.6328 0.7218
vn 0.5034 -0.4912 0.7109
vn 0.4600 -0.5381 0.7063
vn 0.5817 -0.3361 0.7407
vn 0.6995 -0.1025 0.7073
vn 0.8630 -0.0266 0.5045
vn 0.8229 -0.1372 0.5514
vn 0.3771 -0.3227 0.8682
vn 0.2884 -0.6453 0.7074
vn 0.3380 -0.6024 0.7231
vn 0.4786 -0.2572 0.8395
vn 0.8536 -0.0593 0.5175
vn 0.8059 0.2509 0.5362
vn 0.7756 0.3136 0.5477
vn 0.2554 -0.9582 0.1287
vn 0.1282 -0.9814 0.1426
vn 0.2117 -0.8197 0.5323
vn 0.2368 -0.8327 0.5006
vn 0.2114 -0.7865 0.5803
vn 0.0041 -0.9833 0.1821
vn 0.3970 -0.5647 0.7235
vn 0.2296 -0.7496 0.6209
vn -0.1125 -0.9654 0.2353
vn 0.6870 0.2499 0.6823
vn 0.6944 0.2029 0.6904
vn -0.3925 0.2570 0.8831
vn -0.3252 0.5255 0.7862
vn 0.8213 0.0549 0.5679
vn 0.8911 0.0019 0.4539
vn 0.9323 0.0515 0.3579
vn 0.8861 0.1208 0.4475
vn 0.9510 0.0547 0.3045
vn 0.9113 0.1180 0.3944
vn 0.7699 -0.1939 0.6081
vn 0.9215 -0.0062 0.3884
vn 0.9500 0.0290 0.3109
vn 0.0965 0.1639 0.9817
vn 0.1812 0.1730 0.9681
vn 0.2166 0.3101 0.9257
vn 0.1167 0.3106 0.9434
vn 0.0327 0.8749 0.4831
vn 0.4618 0.3161 0.8288
vn 0.5650 0.2826 0.7752
vn -0.0909 0.8228 0.5610
vn 0.6430 0.2666 0.7180
vn -0.2167 0.7133 0.6665
vn 0.7707 0.0821 0.6319
vn 0.7913 0.1876 0.5820
vn 0.8839 0.1718 0.4351
vn 0.8805 0.0930 0.4648
vn 0.8848 -0.3821 -0.2667
vn 0.9871 0.0210 0.1589
vn 0.9812 0.0021 0.1932
vn 0.8443 0.1743 -0.5067
vn 0.9967 0.0728 0.0349
vn 0.9878 0.1514 0.0351
vn 0.9865 0.1426 0.0803
vn 0.9947 0.0743 0.0709
vn 0.7573 -0.6378 -0.1404
vn 0.9925 0.0651 0.1035
vn 0.7541 -0.6554 -0.0429
vn 0.9848 0.1247 0.1212
vn 0.6684 0.3579 -0.6520
vn 0.9838 0.0279 0.1770
vn 0.9908 0.0405 0.1293
vn 0.8780 -0.3965 -0.2680
vn 0.8328 -0.5118 -0.2111
vn 0.8154 -0.4820 -0.3207
vn 0.8484 -0.3876 -0.3606
vn 0.8940 -0.4249 -0.1422
vn 0.8254 -0.5636 -0.0342
vn 0.6804 0.3482 0.6449
vn 0.6243 0.2830 0.7282
vn 0.5622 0.3274 0.7594
vn 0.5619 0.3817 0.7339
vn 0.5599 0.0786 0.8248
vn -0.4252 0.0314 0.9046
vn -0.3090 0.2646 0.9135
vn 0.5115 -0.0142 0.8592
vn -0.1002 0.4234 0.9004
vn 0.4342 -0.1123 0.8938
vn 0.2433 -0.1297 0.9612
vn 0.3807 -0.0324 0.9241
vn 0.8513 0.2990 0.4311
vn 0.9205 0.2283 0.3171
vn 0.9344 0.2963 0.1976
vn 0.8720 0.4047 0.2753
vn 0.4413 0.6959 0.5665
vn 0.4545 0.4706 0.7563
vn 0.5973 0.4321 0.6756
vn 0.5929 0.6398 0.4890
vn 0.1217 0.5037 0.8552
vn 0.1162 0.7301 0.6734
vn -0.0000 0.7309 0.6825
vn -0.0000 0.5053 0.8630
vn 0.7399 0.3714 0.5609
vn 0.7546 0.5334 0.3822
vn 0.3186 0.7193 0.6174
vn 0.3274 0.4915 0.8070
vn 0.2168 0.7285 0.6498
vn 0.2252 0.5011 0.8355
vn 0.1054 0.8994 0.4243
vn 0.1982 0.8935 0.4030
vn 0.7413 0.6370 0.2116
vn 0.8684 0.4728 0.1496
vn 0.4170 0.0330 0.9083
vn 0.3383 -0.1876 0.9221
vn -0.0000 -0.1569 0.9876
vn -0.0000 0.0575 0.9983
vn 0.8211 -0.0507 0.5685
vn 0.7025 -0.0155 0.7116
vn 0.6961 0.1720 0.6970
vn 0.7970 0.1939 0.5720
vn 0.5858 -0.2590 0.7679
vn 0.6962 -0.3425 0.6309
vn 0.2247 -0.4241 0.8773
vn -0.0000 -0.3958 0.9184
vn 0.3872 -0.4907 0.7806
vn 0.5760 -0.3070 0.7576
vn 0.4244 -0.0966 0.9003
vn 0.4672 -0.1143 0.8767
vn 0.6227 -0.3167 0.7156
vn 0.5141 -0.1055 0.8512
vn 0.6732 -0.3552 0.6486
vn 0.7209 -0.2365 0.6515
vn 0.5447 -0.0579 0.8366
vn 0.3916 0.0157 0.9200
vn 0.3545 0.0751 0.9320
vn 0.3841 0.1873 0.9041
vn 0.4308 0.1049 0.8963
vn 0.4880 0.2840 0.8254
vn 0.5050 0.1690 0.8464
vn 0.4610 0.0262 0.8870
vn 0.4607 -0.0306 0.8870
vn 0.6973 -0.5399 0.4714
vn 0.7543 -0.4857 0.4417
vn 0.8066 -0.5509 0.2143
vn 0.6981 -0.6821 0.2179
vn 0.9033 -0.4264 -0.0473
vn 0.9131 -0.3946 0.1027
vn 0.8899 -0.4016 0.2162
vn 0.8372 -0.4604 0.2951
vn 0.8054 -0.5864 0.0866
vn 0.6760 -0.7308 0.0945
vn 0.5289 -0.8450 0.0792
vn 0.5660 -0.7858 0.2492
vn 0.3679 -0.9296 0.0236
vn 0.4104 -0.8682 0.2788
vn 0.4236 -0.9054 -0.0281
vn 0.5449 -0.7884 0.2855
vn 0.6593 -0.7513 -0.0276
vn 0.8203 -0.5333 0.2066
vn 0.5791 -0.3405 0.7408
vn 0.8434 -0.5155 0.1517
vn 0.9196 -0.3587 0.1602
vn 0.6305 -0.1575 0.7601
vn 0.8490 0.5250 -0.0591
vn 0.7131 0.6986 -0.0581
vn 0.7225 0.6873 0.0751
vn 0.8564 0.5142 0.0472
vn 0.8567 0.4860 -0.1729
vn 0.7253 0.6572 -0.2050
vn 0.2943 0.8790 0.3752
vn 0.4090 0.8481 0.3369
vn 0.3858 0.9109 0.1468
vn 0.2747 0.9461 0.1714
vn 0.5642 0.7759 0.2823
vn 0.5398 0.8341 0.1135
vn 0.5291 0.8473 -0.0466
vn 0.3743 0.9268 -0.0293
vn 0.2634 0.9646 -0.0135
vn 0.1700 0.9854 -0.0002
vn 0.1810 0.9650 0.1899
vn 0.0943 0.9743 0.2043
vn 0.0865 0.9962 0.0107
vn -0.0000 0.9999 0.0155
vn -0.0000 0.9775 0.2110
vn 0.5396 0.8101 -0.2295
vn 0.3763 0.8966 -0.2334
vn 0.2618 0.9381 -0.2267
vn 0.1698 0.9615 -0.2162
vn 0.0874 0.9746 -0.2060
vn -0.0000 0.9794 -0.2018
vn 0.2702 0.8392 -0.4719
vn 0.1780 0.8649 -0.4693
vn 0.0958 0.8809 -0.4636
vn -0.0000 0.8871 -0.4616
vn 0.3978 0.7932 -0.4611
vn 0.5776 0.6989 -0.4218
vn 0.9230 0.3809 -0.0548
vn 0.9270 0.3734 0.0351
vn 0.7052 0.6375 0.3104
vn 0.8888 0.3512 0.2945
vn 0.5692 0.5436 0.6169
vn 0.4033 0.5905 0.6991
vn 0.5375 0.7734 0.3361
vn 0.2631 0.3639 0.8935
vn 0.3156 0.2520 0.9148
vn 0.2902 0.0971 0.9520
vn 0.2424 0.2324 0.9419
vn 0.7809 0.0717 0.6205
vn 0.8770 -0.1189 0.4656
vn 0.9362 0.0188 0.3509
vn 0.8550 0.1374 0.5002
vn 0.9445 0.1208 0.3056
vn 0.9640 -0.1228 0.2358
vn 0.9796 0.0365 0.1977
vn 0.8800 0.1824 0.4386
vn 0.7818 0.2255 0.5813
vn 0.7435 0.2185 0.6320
vn 0.6268 -0.0273 0.7787
vn 0.6708 -0.2759 0.6885
vn 0.5164 -0.2741 0.8113
vn 0.4531 -0.0593 0.8895
vn 0.5310 -0.5971 0.6013
vn 0.6480 -0.5482 0.5287
vn 0.9378 0.1430 0.3163
vn 0.9339 0.1007 0.3431
vn 0.1872 -0.1870 0.9643
vn 0.1775 -0.1558 0.9717
vn 0.2571 -0.4417 0.8596
vn 0.2554 -0.5251 0.8118
vn 0.9137 -0.1360 -0.3829
vn 0.9452 -0.1361 -0.2968
vn 0.9207 -0.2420 -0.3062
vn 0.8882 -0.2504 -0.3853
vn 0.9569 0.0563 -0.2851
vn 0.9223 0.1116 -0.3701
vn 0.9054 0.2505 -0.3427
vn 0.9494 0.1539 -0.2737
vn 0.9577 -0.0296 -0.2863
vn 0.9261 -0.0113 -0.3771
vn 0.9847 0.0049 -0.1743
vn 0.9855 -0.0382 -0.1652
vn 0.9752 0.0075 -0.2213
vn 0.9725 0.0732 -0.2211
vn 0.8534 -0.1388 -0.5024
vn 0.8327 -0.2640 -0.4867
vn 0.7355 -0.2849 -0.6147
vn 0.7431 -0.1398 -0.6545
vn 0.9868 -0.0755 -0.1432
vn 0.9913 -0.1034 -0.0815
vn 0.9862 -0.1617 -0.0364
vn 0.9787 -0.1477 -0.1427
vn 0.9935 -0.0098 -0.1131
vn 0.7691 -0.3873 0.5084
vn 0.7663 -0.2708 0.5826
vn 0.9904 -0.0489 -0.1296
vn 0.8562 0.0111 -0.5165
vn 0.8394 0.1821 -0.5122
vn 0.9902 -0.0770 -0.1164
vn 0.7699 -0.5067 0.3879
vn 0.9969 0.0302 -0.0720
vn 0.9981 0.0593 -0.0164
vn 0.7642 -0.6006 0.2353
vn 0.5880 -0.3094 -0.7473
vn 0.5685 -0.4596 -0.6823
vn 0.4086 -0.4907 -0.7696
vn 0.4138 -0.3284 -0.8491
vn 0.7242 0.0432 -0.6882
vn 0.6839 0.2624 -0.6807
vn 0.1200 -0.3374 -0.9337
vn -0.0000 -0.3347 -0.9423
vn -0.0000 -0.1310 -0.9914
vn 0.1059 -0.1344 -0.9853
vn 0.7583 -0.1674 0.6301
vn 0.2551 -0.3371 -0.9063
vn 0.2356 -0.1366 -0.9622
vn 0.9658 -0.1393 -0.2188
vn 0.9441 -0.2332 -0.2330
vn 0.7396 -0.0865 0.6674
vn 0.6917 -0.0562 0.7200
vn 0.9761 -0.0501 -0.2116
vn 0.9865 0.0617 -0.1518
vn 0.2110 0.1111 -0.9712
vn 0.0955 0.1155 -0.9887
vn 0.0948 0.4006 -0.9113
vn 0.1927 0.3905 -0.9002
vn 0.3638 0.0983 -0.9263
vn 0.3223 0.3667 -0.8727
vn 0.8057 0.3741 -0.4591
vn 0.9884 0.1146 -0.0993
vn 0.9701 0.1521 -0.1893
vn 0.9675 0.2195 -0.1254
vn -0.0000 0.1182 -0.9930
vn 0.5819 -0.1386 -0.8014
vn 0.5467 0.0754 -0.8340
vn 0.7951 -0.3968 -0.4588
vn 0.7042 -0.4230 -0.5702
vn 0.9617 -0.2470 -0.1185
vn -0.0000 0.4043 -0.9146
vn 0.3983 -0.1376 -0.9069
vn 0.4931 0.3267 -0.8063
vn 0.2256 0.5178 0.8253
vn 0.2653 0.4485 0.8535
vn 0.2230 0.8910 0.3954
vn 0.2950 0.8824 0.3665
vn 0.1392 0.8911 0.4320
vn 0.3534 0.3734 0.8577
vn 0.4618 0.0214 0.8867
vn 0.5818 0.0770 0.8097
vn 0.5417 0.2029 0.8157
vn 0.6601 0.2226 0.7174
vn 0.6987 0.0764 0.7113
vn 0.5883 -0.2217 0.7776
vn 0.8320 0.1871 0.5223
vn 0.7803 0.1913 0.5954
vn 0.9316 0.0335 0.3620
vn 0.6996 -0.2045 0.6846
vn 0.9551 0.0509 0.2919
vn 0.9695 0.0274 0.2434
vn 0.2626 0.1878 0.9465
vn 0.3775 0.2023 0.9037
vn 0.4333 0.2934 0.8521
vn 0.3114 0.3059 0.8997
vn -0.0000 0.3114 0.9503
vn -0.0000 0.1618 0.9868
vn -0.0000 0.0556 0.9985
vn 0.0776 0.0530 0.9956
vn 0.1420 0.0524 0.9885
vn 0.1943 0.0693 0.9785
vn 0.2926 0.1091 0.9500
vn 0.9658 0.0586 0.2526
vn 0.9377 0.1143 0.3280
vn 0.7310 0.2179 0.6467
vn 0.8820 0.1740 0.4380
vn 0.7980 0.2155 0.5628
vn 0.2278 -0.4677 0.8540
vn 0.2875 -0.4028 0.8690
vn 0.3430 -0.0657 0.9370
vn 0.2313 -0.1447 0.9621
vn 0.4205 0.1585 0.8934
vn 0.6664 0.2016 0.7178
vn 0.5494 0.1995 0.8114
vn 0.5037 0.2131 0.8372
vn 0.5641 0.2726 0.7794
vn 0.6212 0.2208 0.7519
vn 0.6892 0.2462 0.6815
vn 0.9685 0.2313 0.0918
vn 0.9672 0.2519 0.0331
vn 0.9889 0.1457 -0.0294
vn 0.9664 0.2533 -0.0436
vn 0.9787 0.0892 0.1849
vn 0.9680 0.2019 0.1492
vn 0.9597 0.1543 0.2347
vn 0.9332 0.3415 0.1121
vn 0.7560 -0.6492 0.0837
vn 0.9595 0.0859 0.2681
vn 0.9694 0.0892 0.2289
vn 0.9959 0.0074 0.0898
vn 0.6603 -0.1160 -0.7420
vn 0.7693 -0.4792 -0.4225
vn 0.8977 -0.4389 0.0399
vn 0.6832 -0.5015 -0.5308
vn 0.5514 -0.5392 -0.6366
vn 0.3966 -0.5735 -0.7168
vn -0.0000 -0.6104 -0.7921
vn -0.0000 -0.5185 -0.8551
vn 0.1268 -0.5173 -0.8464
vn 0.1244 -0.6066 -0.7852
vn 0.2596 -0.5090 -0.8207
vn 0.2527 -0.5950 -0.7629
vn 0.3869 0.3638 0.8473
vn 0.4727 0.4779 0.7404
vn 0.6390 0.4506 0.6234
vn -0.4898 0.0504 0.8704
vn -0.4378 -0.0772 0.8957
vn 0.5798 0.1099 0.8073
vn 0.5509 0.1384 0.8230
vn -0.3989 0.0181 0.9168
vn -0.0996 -0.3452 0.9332
vn 0.4518 -0.0208 0.8919
vn 0.5159 0.0915 0.8517
vn 0.4833 -0.0162 0.8753
vn -0.0000 0.9012 0.4334
vn 0.2578 -0.6823 0.6841
vn 0.4249 -0.5822 0.6932
vn 0.1512 -0.3731 0.9154
vn -0.0000 -0.3459 0.9383
vn 0.9326 -0.3553 0.0632
vn 0.6121 -0.7310 -0.3017
vn 0.6240 -0.5935 -0.5083
vn 0.9907 -0.1293 0.0423
vn 0.7795 -0.4782 0.4046
vn 0.8233 -0.3657 0.4340
vn 0.4138 -0.0457 0.9092
vn 0.3685 -0.0758 0.9265
vn 0.5546 -0.2613 0.7900
vn 0.6267 -0.5639 0.5379
vn 0.8890 -0.3154 0.3321
vn 0.9268 0.3442 -0.1500
vn 0.8796 0.3884 -0.2745
vn 0.7616 0.5470 -0.3475
vn 0.9379 0.2609 -0.2287
vn 0.6320 0.5027 -0.5898
vn 0.4397 0.5921 -0.6753
vn 0.2898 0.6398 -0.7119
vn 0.1852 0.6668 -0.7218
vn 0.0992 0.6819 -0.7247
vn -0.0000 0.6875 -0.7262
vn 0.2406 0.5645 0.7896
vn 0.3026 0.5812 0.7554
vn 0.3047 0.5244 0.7951
vn 0.2511 0.4944 0.8321
vn 0.4497 0.8309 0.3277
vn 0.3657 0.8648 0.3441
vn 0.2413 0.4283 0.8708
vn 0.3109 0.0635 0.9483
vn 0.3007 0.3325 0.8939
vn 0.4174 0.2409 0.8762
vn 0.8309 -0.3185 0.4562
vn 0.3221 0.4427 0.8368
vn 0.3633 0.5348 0.7629
vn 0.3729 0.4910 0.7874
vn 0.1009 -0.1067 0.9892
vn -0.0000 -0.0862 0.9963
vn -0.2264 -0.9283 0.2951
vn -0.3538 -0.8463 0.3982
vn -0.4861 -0.7083 0.5119
vn -0.7311 -0.4345 0.5260
vn -0.7324 -0.4046 0.5476
vn -0.4657 -0.6640 0.5850
vn -0.2991 -0.8177 0.4919
vn -0.3411 -0.7996 0.4943
vn -0.2910 -0.7194 0.6306
vn -0.2683 -0.7013 0.6605
vn -0.3913 -0.9089 0.1444
vn -0.4830 -0.8569 0.1802
vn -0.6422 -0.7342 0.2204
vn -0.8656 -0.4285 0.2593
vn -0.8494 -0.0465 0.5257
vn -0.9590 -0.0270 0.2822
vn -0.2562 -0.7178 0.6474
vn -0.4595 -0.5388 0.7060
vn -0.5027 -0.4914 0.7112
vn -0.2776 -0.6340 0.7218
vn -0.5823 -0.3347 0.7409
vn -0.8231 -0.1366 0.5512
vn -0.8632 -0.0265 0.5042
vn -0.7003 -0.1021 0.7065
vn -0.3771 -0.3227 0.8682
vn -0.4786 -0.2572 0.8395
vn -0.3380 -0.6025 0.7230
vn -0.2884 -0.6453 0.7074
vn -0.7756 0.3136 0.5478
vn -0.8058 0.2507 0.5365
vn -0.8535 -0.0594 0.5176
vn -0.2554 -0.9582 0.1287
vn -0.2368 -0.8327 0.5006
vn -0.2117 -0.8197 0.5322
vn -0.1283 -0.9814 0.1425
vn -0.2114 -0.7868 0.5799
vn -0.0044 -0.9834 0.1816
vn -0.3969 -0.5651 0.7233
vn -0.2293 -0.7504 0.6199
vn 0.1121 -0.9657 0.2341
vn -0.6868 0.2505 0.6823
vn 0.3251 0.5268 0.7853
vn 0.3929 0.2583 0.8825
vn -0.6942 0.2029 0.6906
vn -0.8213 0.0549 0.5679
vn -0.8861 0.1208 0.4475
vn -0.9323 0.0516 0.3579
vn -0.8911 0.0020 0.4539
vn -0.9113 0.1180 0.3944
vn -0.9509 0.0547 0.3045
vn -0.7698 -0.1937 0.6081
vn -0.9215 -0.0061 0.3884
vn -0.9500 0.0290 0.3109
vn -0.0965 0.1639 0.9817
vn -0.1167 0.3106 0.9434
vn -0.2166 0.3101 0.9257
vn -0.1812 0.1730 0.9681
vn -0.0327 0.8749 0.4832
vn 0.0911 0.8230 0.5606
vn -0.5650 0.2827 0.7751
vn -0.4618 0.3161 0.8287
vn -0.6430 0.2669 0.7179
vn 0.2163 0.7139 0.6660
vn -0.7709 0.0814 0.6317
vn -0.8806 0.0929 0.4647
vn -0.8838 0.1719 0.4351
vn -0.7910 0.1877 0.5823
vn -0.8787 -0.3899 -0.2754
vn -0.8383 0.1837 -0.5133
vn -0.9812 0.0021 0.1932
vn -0.9871 0.0210 0.1589
vn -0.9967 0.0729 0.0350
vn -0.9947 0.0743 0.0710
vn -0.9865 0.1426 0.0803
vn -0.9878 0.1514 0.0351
vn -0.9925 0.0651 0.1035
vn -0.7501 -0.6460 -0.1417
vn -0.7481 -0.6622 -0.0432
vn -0.9848 0.1247 0.1212
vn -0.6640 0.3587 -0.6561
vn -0.9908 0.0405 0.1293
vn -0.9838 0.0279 0.1771
vn -0.8780 -0.3965 -0.2680
vn -0.8484 -0.3876 -0.3606
vn -0.8154 -0.4820 -0.3206
vn -0.8328 -0.5118 -0.2111
vn -0.8940 -0.4249 -0.1422
vn -0.8253 -0.5636 -0.0342
vn -0.6794 0.3475 0.6462
vn -0.5607 0.3815 0.7349
vn -0.5602 0.3272 0.7610
vn -0.6227 0.2817 0.7300
vn -0.5601 0.0787 0.8246
vn -0.5122 -0.0153 0.8587
vn 0.3080 0.2643 0.9139
vn 0.4250 0.0311 0.9046
vn -0.4343 -0.1167 0.8932
vn 0.0996 0.4216 0.9013
vn -0.3775 -0.0470 0.9248
vn -0.2416 -0.1397 0.9603
vn -0.8513 0.2990 0.4311
vn -0.8720 0.4046 0.2753
vn -0.9344 0.2963 0.1976
vn -0.9205 0.2283 0.3171
vn -0.4413 0.6959 0.5665
vn -0.5929 0.6398 0.4891
vn -0.5973 0.4321 0.6756
vn -0.4545 0.4706 0.7563
vn -0.1217 0.5037 0.8552
vn -0.1162 0.7301 0.6734
vn -0.7546 0.5334 0.3822
vn -0.7399 0.3714 0.5609
vn -0.3186 0.7193 0.6173
vn -0.3274 0.4915 0.8070
vn -0.2168 0.7285 0.6498
vn -0.2252 0.5011 0.8355
vn -0.1054 0.8994 0.4243
vn -0.1982 0.8935 0.4030
vn -0.7413 0.6369 0.2116
vn -0.8684 0.4728 0.1496
vn -0.4165 0.0320 0.9086
vn -0.3382 -0.1879 0.9221
vn -0.8207 -0.0511 0.5690
vn -0.7964 0.1931 0.5731
vn -0.6950 0.1704 0.6985
vn -0.7017 -0.0164 0.7122
vn -0.5856 -0.2593 0.7680
vn -0.6960 -0.3426 0.6311
vn -0.2248 -0.4242 0.8772
vn -0.3872 -0.4907 0.7806
vn -0.5789 -0.3051 0.7562
vn -0.6262 -0.3140 0.7137
vn -0.4686 -0.1164 0.8757
vn -0.4263 -0.0981 0.8993
vn -0.5167 -0.0903 0.8514
vn -0.5419 -0.0620 0.8381
vn -0.7189 -0.2394 0.6526
vn -0.6876 -0.2892 0.6660
vn -0.3917 0.0153 0.9200
vn -0.4307 0.1049 0.8964
vn -0.3838 0.1874 0.9042
vn -0.3543 0.0750 0.9321
vn -0.5043 0.1696 0.8467
vn -0.4870 0.2842 0.8259
vn -0.4473 0.0162 0.8942
vn -0.4588 -0.0359 0.8878
vn -0.7050 -0.5318 0.4692
vn -0.7104 -0.6681 0.2214
vn -0.8138 -0.5394 0.2162
vn -0.7597 -0.4785 0.4404
vn -0.8923 -0.4487 -0.0499
vn -0.8758 -0.3945 0.2781
vn -0.8916 -0.3947 0.2219
vn -0.9182 -0.3803 0.1106
vn -0.8161 -0.5700 0.0951
vn -0.6857 -0.7204 0.1042
vn -0.5734 -0.7777 0.2577
vn -0.5365 -0.8388 0.0930
vn -0.3924 -0.8727 0.2907
vn -0.3602 -0.9322 0.0358
vn -0.5240 -0.8019 0.2868
vn -0.4098 -0.9118 -0.0252
vn -0.8183 -0.5369 0.2051
vn -0.6539 -0.7560 -0.0293
vn -0.5753 -0.3388 0.7445
vn -0.6242 -0.1547 0.7658
vn -0.9196 -0.3588 0.1601
vn -0.8434 -0.5155 0.1517
vn -0.8490 0.5251 -0.0591
vn -0.8564 0.5142 0.0472
vn -0.7225 0.6873 0.0750
vn -0.7131 0.6986 -0.0581
vn -0.7253 0.6572 -0.2050
vn -0.8567 0.4860 -0.1729
vn -0.2943 0.8790 0.3752
vn -0.2747 0.9461 0.1714
vn -0.3858 0.9109 0.1467
vn -0.4090 0.8481 0.3369
vn -0.5398 0.8341 0.1135
vn -0.5642 0.7759 0.2823
vn -0.5291 0.8473 -0.0466
vn -0.3743 0.9268 -0.0293
vn -0.2634 0.9646 -0.0135
vn -0.1810 0.9650 0.1899
vn -0.1700 0.9854 -0.0002
vn -0.0943 0.9743 0.2043
vn -0.0865 0.9962 0.0107
vn -0.3763 0.8966 -0.2334
vn -0.5396 0.8101 -0.2295
vn -0.2618 0.9381 -0.2267
vn -0.1698 0.9615 -0.2162
vn -0.0874 0.9746 -0.2060
vn -0.1780 0.8649 -0.4693
vn -0.2702 0.8392 -0.4719
vn -0.0958 0.8809 -0.4636
vn -0.3978 0.7932 -0.4611
vn -0.5775 0.6990 -0.4218
vn -0.9230 0.3809 -0.0548
vn -0.9270 0.3734 0.0351
vn -0.7052 0.6374 0.3105
vn -0.5691 0.5435 0.6170
vn -0.8887 0.3512 0.2946
vn -0.5375 0.7733 0.3364
vn -0.4032 0.5905 0.6991
vn -0.2631 0.3639 0.8935
vn -0.2424 0.2325 0.9419
vn -0.2900 0.0974 0.9521
vn -0.3154 0.2521 0.9149
vn -0.7809 0.0717 0.6205
vn -0.8549 0.1375 0.5002
vn -0.9362 0.0187 0.3509
vn -0.8770 -0.1189 0.4655
vn -0.9445 0.1208 0.3056
vn -0.9796 0.0365 0.1977
vn -0.9640 -0.1228 0.2358
vn -0.8799 0.1825 0.4387
vn -0.7434 0.2187 0.6321
vn -0.7816 0.2258 0.5815
vn -0.6680 -0.2809 0.6891
vn -0.6266 -0.0279 0.7788
vn -0.5143 -0.2798 0.8107
vn -0.4527 -0.0602 0.8896
vn -0.6354 -0.5608 0.5308
vn -0.5193 -0.6051 0.6036
vn -0.9339 0.1007 0.3430
vn -0.9378 0.1426 0.3164
vn -0.1872 -0.1870 0.9644
vn -0.2554 -0.5251 0.8118
vn -0.2571 -0.4417 0.8595
vn -0.1775 -0.1558 0.9717
vn -0.9137 -0.1360 -0.3829
vn -0.8882 -0.2505 -0.3852
vn -0.9207 -0.2420 -0.3062
vn -0.9452 -0.1361 -0.2967
vn -0.9569 0.0563 -0.2850
vn -0.9494 0.1539 -0.2737
vn -0.9054 0.2505 -0.3427
vn -0.9223 0.1116 -0.3700
vn -0.9577 -0.0296 -0.2863
vn -0.9261 -0.0113 -0.3771
vn -0.9847 0.0050 -0.1744
vn -0.9725 0.0732 -0.2212
vn -0.9752 0.0075 -0.2213
vn -0.9855 -0.0382 -0.1653
vn -0.8534 -0.1388 -0.5024
vn -0.7431 -0.1398 -0.6545
vn -0.7355 -0.2849 -0.6147
vn -0.8327 -0.2640 -0.4868
vn -0.9868 -0.0755 -0.1432
vn -0.9787 -0.1477 -0.1428
vn -0.9862 -0.1617 -0.0365
vn -0.9913 -0.1035 -0.0816
vn -0.9935 -0.0098 -0.1131
vn -0.9904 -0.0489 -0.1296
vn -0.7589 -0.2736 0.5910
vn -0.7621 -0.3925 0.5150
vn -0.8394 0.1821 -0.5122
vn -0.8562 0.0111 -0.5165
vn -0.9902 -0.0770 -0.1163
vn -0.7635 -0.5135 0.3917
vn -0.7585 -0.6073 0.2364
vn -0.9981 0.0593 -0.0164
vn -0.9969 0.0302 -0.0720
vn -0.5880 -0.3094 -0.7473
vn -0.4138 -0.3284 -0.8491
vn -0.4085 -0.4907 -0.7696
vn -0.5685 -0.4596 -0.6823
vn -0.7242 0.0432 -0.6882
vn -0.6839 0.2624 -0.6808
vn -0.1200 -0.3374 -0.9337
vn -0.1059 -0.1344 -0.9853
vn -0.7510 -0.1677 0.6386
vn -0.2550 -0.3371 -0.9063
vn -0.2356 -0.1366 -0.9622
vn -0.9441 -0.2332 -0.2330
vn -0.9658 -0.1393 -0.2189
vn -0.6852 -0.0536 0.7264
vn -0.7328 -0.0850 0.6751
vn -0.9761 -0.0501 -0.2116
vn -0.9865 0.0617 -0.1518
vn -0.2110 0.1111 -0.9712
vn -0.1927 0.3905 -0.9002
vn -0.0948 0.4006 -0.9113
vn -0.0955 0.1155 -0.9887
vn -0.3638 0.0983 -0.9263
vn -0.3223 0.3667 -0.8727
vn -0.8057 0.3742 -0.4591
vn -0.9884 0.1145 -0.0992
vn -0.9675 0.2195 -0.1254
vn -0.9700 0.1521 -0.1894
vn -0.5467 0.0753 -0.8340
vn -0.5819 -0.1386 -0.8014
vn -0.7043 -0.4230 -0.5702
vn -0.7950 -0.3968 -0.4588
vn -0.9617 -0.2470 -0.1185
vn -0.3983 -0.1376 -0.9069
vn -0.4931 0.3267 -0.8063
vn -0.2255 0.5177 0.8253
vn -0.2950 0.8825 0.3663
vn -0.2230 0.8910 0.3954
vn -0.2653 0.4485 0.8535
vn -0.1392 0.8911 0.4320
vn -0.3534 0.3734 0.8577
vn -0.4618 0.0214 0.8868
vn -0.5818 0.0770 0.8097
vn -0.5417 0.2030 0.8157
vn -0.6601 0.2226 0.7174
vn -0.6988 0.0765 0.7112
vn -0.5884 -0.2218 0.7776
vn -0.7803 0.1913 0.5954
vn -0.8320 0.1871 0.5223
vn -0.9316 0.0335 0.3619
vn -0.6996 -0.2045 0.6846
vn -0.9551 0.0509 0.2919
vn -0.9695 0.0274 0.2435
vn -0.2626 0.1878 0.9465
vn -0.3114 0.3059 0.8997
vn -0.4333 0.2934 0.8521
vn -0.3775 0.2023 0.9037
vn -0.0776 0.0530 0.9956
vn -0.1420 0.0524 0.9885
vn -0.1943 0.0693 0.9785
vn -0.2926 0.1091 0.9500
vn -0.9377 0.1143 0.3280
vn -0.9658 0.0586 0.2526
vn -0.7309 0.2179 0.6467
vn -0.7980 0.2155 0.5628
vn -0.8820 0.1740 0.4380
vn -0.2278 -0.4677 0.8540
vn -0.2313 -0.1447 0.9621
vn -0.3430 -0.0658 0.9370
vn -0.2875 -0.4028 0.8690
vn -0.4205 0.1585 0.8933
vn -0.6664 0.2017 0.7178
vn -0.5494 0.1995 0.8114
vn -0.5641 0.2726 0.7794
vn -0.5037 0.2131 0.8372
vn -0.6892 0.2461 0.6815
vn -0.6212 0.2208 0.7519
vn -0.9685 0.2313 0.0918
vn -0.9672 0.2519 0.0331
vn -0.9664 0.2532 -0.0436
vn -0.9889 0.1457 -0.0294
vn -0.9787 0.0892 0.1848
vn -0.9597 0.1543 0.2348
vn -0.9680 0.2019 0.1491
vn -0.9332 0.3415 0.1121
vn -0.7505 -0.6555 0.0839
vn -0.9595 0.0859 0.2682
vn -0.9959 0.0074 0.0898
vn -0.9694 0.0893 0.2289
vn -0.6522 -0.1190 -0.7487
vn -0.7693 -0.4792 -0.4225
vn -0.8976 -0.4389 0.0400
vn -0.6832 -0.5014 -0.5308
vn -0.5514 -0.5391 -0.6366
vn -0.3965 -0.5735 -0.7168
vn -0.1244 -0.6066 -0.7852
vn -0.1268 -0.5173 -0.8464
vn -0.2596 -0.5090 -0.8207
vn -0.2527 -0.5950 -0.7629
vn -0.3865 0.3637 0.8475
vn -0.4724 0.4778 0.7407
vn -0.6387 0.4504 0.6238
vn 0.4901 0.0500 0.8702
vn -0.5505 0.1390 0.8232
vn -0.5796 0.1103 0.8074
vn 0.4378 -0.0776 0.8957
vn 0.3998 0.0181 0.9164
vn 0.1005 -0.3446 0.9333
vn -0.5162 0.0914 0.8516
vn -0.4522 -0.0226 0.8916
vn -0.4742 -0.0322 0.8798
vn -0.2578 -0.6823 0.6841
vn -0.4249 -0.5822 0.6932
vn -0.1512 -0.3731 0.9154
vn -0.9326 -0.3554 0.0632
vn -0.9907 -0.1293 0.0422
vn -0.6145 -0.5977 -0.5149
vn -0.6061 -0.7341 -0.3062
vn -0.8218 -0.3795 0.4249
vn -0.8223 -0.3674 0.4345
vn -0.4137 -0.0475 0.9092
vn -0.3680 -0.0769 0.9267
vn -0.5552 -0.2661 0.7880
vn -0.6294 -0.5611 0.5375
vn -0.8890 -0.3154 0.3320
vn -0.9268 0.3442 -0.1501
vn -0.7616 0.5470 -0.3475
vn -0.8797 0.3884 -0.2745
vn -0.9379 0.2608 -0.2288
vn -0.6320 0.5027 -0.5898
vn -0.2898 0.6398 -0.7119
vn -0.4397 0.5921 -0.6753
vn -0.1852 0.6668 -0.7218
vn -0.0992 0.6819 -0.7247
vn -0.2406 0.5645 0.7896
vn -0.2511 0.4944 0.8321
vn -0.3047 0.5245 0.7950
vn -0.3026 0.5812 0.7554
vn -0.4497 0.8309 0.3277
vn -0.3656 0.8648 0.3441
vn -0.2413 0.4283 0.8708
vn -0.3006 0.3325 0.8939
vn -0.3108 0.0631 0.9484
vn -0.4174 0.2409 0.8762
vn -0.8310 -0.3186 0.4561
vn -0.3220 0.4426 0.8369
vn -0.3633 0.5349 0.7628
vn -0.3726 0.4913 0.7872
vn -0.1009 -0.1067 0.9892
vn 0.2268 -0.9289 0.2929
vn 0.3558 -0.8466 0.3959
vn 0.6500 0.1042 0.7528
vn -0.4265 -0.0480 0.9032
vn 0.5259 -0.1006 0.8446
vn -0.4620 -0.3797 0.8015
vn 0.3655 -0.4048 0.8382
vn -0.4499 -0.6760 0.5836
vn 0.4275 -0.0469 0.9028
vn -0.6502 0.1032 0.7527
vn 0.4622 -0.3767 0.8028
vn -0.5269 -0.0998 0.8441
vn 0.4515 -0.6750 0.5836
vn -0.3646 -0.4034 0.8393
vn 0.1115 -0.4883 0.8655
vn 0.3793 0.3262 0.8658
vn 0.3956 0.2708 0.8776
vn 0.4257 0.1888 0.8850
vn -0.4251 0.1870 0.8856
vn -0.3954 0.2692 0.8782
vn -0.3790 0.3256 0.8662
vn -0.1144 -0.4880 0.8653
vn -0.0009 0.3428 0.9394
vn -0.0031 -0.4450 0.8955
vn -0.0007 0.2771 0.9608
vn -0.0002 0.2041 0.9790
vn 0.3783 0.0135 0.9256
vn -0.3663 -0.0059 0.9305
vn -0.2179 -0.0153 0.9758
vn -0.3655 -0.0255 0.9305
vn -0.2094 -0.0433 0.9769
vn -0.4056 -0.0606 0.9121
vn -0.2219 -0.0334 0.9745
vn -0.4198 -0.5928 0.6873
vn -0.2483 -0.5467 0.7996
vn 0.2206 -0.0015 0.9754
vn 0.0011 -0.0242 0.9997
vn 0.0014 -0.0389 0.9992
vn 0.2138 -0.0350 0.9763
vn 0.0013 -0.0276 0.9996
vn 0.2559 -0.0476 0.9655
vn -0.0002 -0.5431 0.8397
vn 0.2959 -0.5402 0.7878
vn -0.0026 0.5887 0.8083
vn 0.3820 -0.0127 0.9241
vn 0.4479 -0.0981 0.8887
vn 0.4592 -0.6277 0.6286
vn 0.4923 -0.1995 0.8473
vn -0.4901 -0.1470 0.8592
vn -0.5335 -0.7070 0.4643
vn 0.5148 -0.7475 0.4198
vn -0.5071 -0.8389 -0.1976
vn -0.5872 -0.8032 0.1001
vn -0.6243 -0.7479 0.2256
vn 0.5212 -0.8304 0.1971
vn 0.5964 -0.7940 0.1180
vn 0.5286 -0.8254 -0.1982
vn -0.5048 -0.5363 -0.6764
vn -0.6503 -0.2785 -0.7068
vn 0.3496 -0.7688 -0.5355
vn 0.2271 -0.8696 -0.4384
vn -0.2347 -0.7975 -0.5558
vn -0.2234 -0.8701 -0.4393
vn 0.4963 -0.5432 -0.6772
vn 0.2539 -0.7087 -0.6582
vn 0.5943 0.0440 -0.8030
vn -0.7547 0.1317 -0.6427
vn -0.5923 0.0237 -0.8054
vn -0.3528 -0.7652 -0.5385
vn 0.7479 0.1310 -0.6507
vn 0.6380 -0.2906 -0.7131
vn -0.2273 -0.7205 -0.6551
vn 0.2435 -0.7959 -0.5544
vn 0.3006 -0.9359 0.1834
vn 0.3196 -0.9451 0.0676
vn -0.2359 -0.9364 0.2598
vn -0.1821 -0.9208 0.3449
vn 0.2040 -0.9173 0.3420
vn 0.2699 -0.9238 0.2716
vn 0.3107 -0.9495 0.0429
vn -0.2778 -0.9456 0.1695
vn 0.2611 -0.9634 -0.0608
vn -0.0047 -0.9130 0.4080
vn 0.0204 -0.9137 -0.4058
vn -0.2988 -0.9540 0.0238
vn -0.2983 -0.9526 0.0605
vn -0.0170 -0.9131 -0.4074
vn -0.2593 -0.9636 -0.0649
vn -0.2351 0.6519 -0.7209
vn -0.1028 0.6705 -0.7347
vn -0.0962 0.7157 -0.6918
vn -0.2371 0.6966 -0.6772
vn 0.1770 0.6604 -0.7297
vn 0.3018 0.5952 -0.7448
vn 0.2816 0.5682 -0.7732
vn 0.1607 0.6277 -0.7617
vn -0.0991 0.7125 -0.6946
vn 0.0645 0.7425 0.6667
vn 0.2059 0.7330 0.6484
vn 0.0416 0.7003 -0.7126
vn -0.2034 -0.6843 -0.7003
vn -0.3299 -0.6461 -0.6883
vn -0.3389 -0.6876 -0.6422
vn -0.2036 -0.7273 -0.6554
vn 0.0306 0.6621 -0.7488
vn 0.3434 0.6956 0.6311
vn -0.0708 -0.6958 -0.7148
vn -0.0621 -0.7400 -0.6697
vn 0.4115 0.5073 -0.7572
vn 0.5024 0.3991 -0.7670
vn 0.4779 0.3830 -0.7905
vn 0.3888 0.4857 -0.7829
vn 0.4706 0.6319 0.6158
vn 0.0620 -0.6826 -0.7281
vn 0.0790 -0.7242 -0.6851
vn 0.5712 0.2758 -0.7731
vn 0.5452 0.2648 -0.7954
vn 0.5838 0.5439 0.6028
vn 0.1891 -0.6430 -0.7422
vn 0.2143 -0.6814 -0.6998
vn 0.6148 0.1414 -0.7759
vn 0.5877 0.1357 -0.7976
vn 0.6776 0.4348 0.5931
vn 0.3067 -0.5785 -0.7558
vn 0.3393 -0.6122 -0.7142
vn 0.6319 0.0015 -0.7750
vn 0.6041 0.0005 -0.7969
vn 0.7486 0.3094 0.5863
vn 0.4102 -0.4921 -0.7679
vn 0.4480 -0.5201 -0.7271
vn 0.6220 -0.1394 -0.7705
vn 0.5934 -0.1352 -0.7934
vn 0.7935 0.1723 0.5836
vn 0.4943 -0.3865 -0.7787
vn 0.5377 -0.4077 -0.7380
vn 0.5852 -0.2756 -0.7627
vn 0.5564 -0.2660 -0.7872
vn 0.8109 0.0294 0.5844
vn 0.6025 -0.2797 -0.7475
vn 0.5229 -0.4022 -0.7515
vn 0.8000 -0.1143 0.5890
vn 0.6416 -0.1412 -0.7539
vn 0.4374 -0.5140 -0.7379
vn 0.7612 -0.2530 0.5971
vn 0.6527 0.0028 -0.7576
vn 0.3317 -0.6073 -0.7219
vn 0.6962 -0.3810 0.6084
vn 0.6353 0.1460 -0.7584
vn 0.2097 -0.6782 -0.7043
vn 0.6074 -0.4930 0.6229
vn 0.5903 0.2829 -0.7560
vn 0.4989 -0.5852 0.6392
vn 0.5192 0.4080 -0.7509
vn 0.0759 -0.7241 -0.6855
vn 0.3747 -0.6543 0.6568
vn 0.4253 0.5173 -0.7426
vn -0.0642 -0.7425 -0.6668
vn 0.2395 -0.6972 0.6757
vn 0.3117 0.6049 -0.7328
vn -0.2058 -0.7332 -0.6481
vn 0.0988 -0.7128 0.6944
vn 0.1837 0.6689 -0.7203
vn -0.3432 -0.6956 -0.6311
vn -0.0416 -0.7003 0.7126
vn 0.0458 0.7061 -0.7066
vn -0.4710 -0.6315 -0.6159
vn -0.4471 -0.5846 -0.6770
vn -0.1770 -0.6606 0.7296
vn -0.5839 -0.5438 -0.6028
vn -0.5499 -0.5017 -0.6678
vn -0.3020 -0.5951 0.7447
vn -0.3606 0.6086 -0.7068
vn -0.3711 0.6510 -0.6621
vn -0.6777 -0.4349 -0.5929
vn -0.6347 -0.4008 -0.6607
vn -0.4117 -0.5069 0.7573
vn -0.4749 0.5412 -0.6940
vn -0.4934 0.5799 -0.6483
vn -0.7486 -0.3095 -0.5864
vn -0.6987 -0.2853 -0.6561
vn -0.5025 -0.3995 0.7667
vn -0.5740 0.4533 -0.6819
vn -0.5995 0.4865 -0.6356
vn -0.7936 -0.1725 -0.5835
vn -0.7394 -0.1600 -0.6540
vn -0.5709 -0.2759 0.7733
vn -0.6539 0.3481 -0.6717
vn -0.6853 0.3745 -0.6246
vn -0.8109 -0.0293 -0.5844
vn -0.7553 -0.0292 -0.6547
vn -0.6148 -0.1415 0.7759
vn -0.7118 0.2296 -0.6638
vn -0.7479 0.2479 -0.6158
vn -0.8000 0.1143 -0.5890
vn -0.7462 0.1022 -0.6578
vn -0.6319 -0.0016 0.7751
vn -0.7846 0.1117 -0.6098
vn -0.7614 0.2531 -0.5968
vn -0.6219 0.1393 0.7706
vn -0.7948 -0.0290 -0.6062
vn -0.6962 0.3808 -0.6085
vn -0.5852 0.2754 0.7627
vn -0.7777 -0.1690 -0.6055
vn -0.6075 0.4930 -0.6228
vn -0.5229 0.4020 0.7516
vn -0.7340 -0.3030 -0.6078
vn -0.4990 0.5854 -0.6391
vn -0.4375 0.5140 0.7379
vn -0.4643 -0.6225 -0.6300
vn -0.5744 -0.5341 -0.6204
vn -0.6654 -0.4265 -0.6126
vn -0.3746 0.6543 -0.6569
vn -0.3314 0.6075 0.7219
vn -0.2396 0.6972 -0.6757
vn -0.2096 0.6781 0.7044
vn -0.0761 0.7240 0.6856
vn 0.2351 0.6520 -0.7209
vn 0.2371 0.6967 -0.6771
vn 0.0962 0.7157 -0.6918
vn 0.1028 0.6705 -0.7347
vn -0.1769 0.6604 -0.7298
vn -0.1607 0.6277 -0.7617
vn -0.2816 0.5682 -0.7732
vn -0.3018 0.5952 -0.7447
vn 0.0991 0.7126 -0.6946
vn -0.0416 0.7003 -0.7127
vn -0.2058 0.7331 0.6483
vn -0.0646 0.7425 0.6667
vn 0.2034 -0.6841 -0.7005
vn 0.2035 -0.7270 -0.6557
vn 0.3389 -0.6875 -0.6423
vn 0.3299 -0.6462 -0.6882
vn -0.0306 0.6622 -0.7487
vn -0.3434 0.6956 0.6311
vn 0.0709 -0.6960 -0.7145
vn 0.0623 -0.7400 -0.6697
vn -0.4117 0.5067 -0.7575
vn -0.3888 0.4857 -0.7829
vn -0.4779 0.3830 -0.7905
vn -0.5024 0.3991 -0.7670
vn -0.4708 0.6320 0.6155
vn -0.0619 -0.6826 -0.7282
vn -0.0790 -0.7242 -0.6851
vn -0.5452 0.2651 -0.7953
vn -0.5709 0.2760 -0.7732
vn -0.5842 0.5433 0.6029
vn -0.1891 -0.6430 -0.7422
vn -0.2142 -0.6815 -0.6998
vn -0.5877 0.1357 -0.7976
vn -0.6149 0.1415 -0.7758
vn -0.6777 0.4348 0.5930
vn -0.3072 -0.5783 -0.7558
vn -0.3391 -0.6124 -0.7141
vn -0.6041 0.0005 -0.7969
vn -0.6319 0.0015 -0.7751
vn -0.7486 0.3095 0.5863
vn -0.4099 -0.4920 -0.7680
vn -0.4482 -0.5201 -0.7270
vn -0.5935 -0.1352 -0.7934
vn -0.6219 -0.1392 -0.7706
vn -0.7936 0.1725 0.5834
vn -0.4943 -0.3865 -0.7786
vn -0.5372 -0.4078 -0.7383
vn -0.5564 -0.2660 -0.7872
vn -0.5852 -0.2755 -0.7627
vn -0.8109 0.0294 0.5845
vn -0.6023 -0.2798 -0.7476
vn -0.5229 -0.4019 -0.7517
vn -0.8000 -0.1143 0.5890
vn -0.6416 -0.1412 -0.7539
vn -0.4373 -0.5140 -0.7379
vn -0.7613 -0.2531 0.5970
vn -0.6526 0.0026 -0.7577
vn -0.3317 -0.6073 -0.7219
vn -0.6961 -0.3808 0.6086
vn -0.6354 0.1458 -0.7583
vn -0.2098 -0.6781 -0.7044
vn -0.6076 -0.4932 0.6226
vn -0.5902 0.2829 -0.7560
vn -0.4990 -0.5853 0.6391
vn -0.5191 0.4081 -0.7510
vn -0.0759 -0.7240 -0.6856
vn -0.3747 -0.6543 0.6569
vn -0.4252 0.5172 -0.7427
vn 0.0643 -0.7424 -0.6669
vn -0.2395 -0.6972 0.6757
vn -0.3116 0.6049 -0.7328
vn 0.2058 -0.7330 -0.6484
vn -0.0987 -0.7128 0.6944
vn -0.1837 0.6689 -0.7203
vn 0.3432 -0.6957 -0.6311
vn 0.0414 -0.7001 0.7128
vn -0.0457 0.7061 -0.7067
vn 0.4471 -0.5846 -0.6770
vn 0.4710 -0.6315 -0.6159
vn 0.1767 -0.6603 0.7299
vn 0.5500 -0.5021 -0.6674
vn 0.5839 -0.5438 -0.6028
vn 0.3021 -0.5953 0.7446
vn 0.3606 0.6086 -0.7068
vn 0.3712 0.6511 -0.6620
vn 0.6347 -0.4008 -0.6607
vn 0.6778 -0.4349 -0.5928
vn 0.4117 -0.5067 0.7575
vn 0.4749 0.5411 -0.6940
vn 0.4938 0.5797 -0.6481
vn 0.6986 -0.2852 -0.6562
vn 0.7488 -0.3092 -0.5862
vn 0.5028 -0.3992 0.7667
vn 0.5739 0.4534 -0.6819
vn 0.5996 0.4865 -0.6355
vn 0.7395 -0.1601 -0.6539
vn 0.7934 -0.1726 -0.5837
vn 0.5715 -0.2756 0.7730
vn 0.6538 0.3483 -0.6717
vn 0.6852 0.3746 -0.6246
vn 0.7552 -0.0295 -0.6548
vn 0.8109 -0.0295 -0.5844
vn 0.6145 -0.1413 0.7761
vn 0.7119 0.2296 -0.6637
vn 0.7479 0.2478 -0.6158
vn 0.7462 0.1022 -0.6579
vn 0.8000 0.1143 -0.5890
vn 0.6319 -0.0016 0.7750
vn 0.7848 0.1116 -0.6096
vn 0.7612 0.2529 -0.5971
vn 0.6220 0.1392 0.7706
vn 0.7947 -0.0290 -0.6063
vn 0.6962 0.3808 -0.6085
vn 0.5853 0.2753 0.7627
vn 0.7777 -0.1690 -0.6055
vn 0.6075 0.4929 -0.6228
vn 0.5229 0.4020 0.7517
vn 0.7341 -0.3030 -0.6078
vn 0.4990 0.5853 -0.6391
vn 0.4378 0.5136 0.7379
vn 0.6654 -0.4269 -0.6123
vn 0.5744 -0.5339 -0.6205
vn 0.4643 -0.6225 -0.6300
vn 0.3746 0.6543 -0.6569
vn 0.3314 0.6075 0.7219
vn 0.2396 0.6972 -0.6757
vn 0.2097 0.6783 0.7043
vn 0.0765 0.7242 0.6853
vn 0.6484 -0.7584 -0.0671
vn 0.6379 -0.7656 0.0833
vn 0.6893 0.1972 -0.6972
vn 0.5952 -0.5097 -0.6212
vn 0.0011 -0.0671 -0.9977
vn -0.0102 0.6125 -0.7904
vn 0.6274 -0.7252 0.2837
vn 0.6304 -0.6020 0.4901
vn 0.6500 -0.2122 0.7297
vn 0.6810 -0.3517 0.6423
vn 0.6865 -0.1344 0.7146
vn 0.6952 -0.0531 0.7169
vn 0.0136 -0.8154 -0.5787
vn -0.0022 0.1313 -0.9913
vn 0.0020 -0.1195 -0.9928
vn 0.7907 -0.1735 -0.5871
vn 0.8034 0.2313 -0.5487
vn 0.4206 -0.7116 -0.5628
vn 0.6416 -0.4448 0.6249
vn 0.6674 -0.2750 0.6921
vn 0.6550 -0.7331 -0.1834
vn -0.0060 0.3608 -0.9326
vn 0.0110 -0.6616 -0.7498
vn 0.0148 -0.7024 -0.7117
vn 0.0150 -0.9003 -0.4351
vn 0.0083 -0.4977 -0.8673
vn 0.6958 -0.0518 0.7163
vn -0.0000 -0.0781 -0.9969
vn -0.0000 -0.8147 -0.5799
vn -0.0000 -0.4843 -0.8749
vn -0.0000 -0.1130 -0.9936
vn -0.6330 -0.4500 0.6300
vn -0.6225 -0.6082 0.4926
vn -0.6207 -0.7309 0.2839
vn -0.6318 -0.7707 0.0826
vn -0.0000 -0.8959 -0.4442
vn -0.5817 -0.5135 -0.6308
vn -0.6814 0.1971 -0.7049
vn -0.0000 0.6003 -0.7998
vn -0.3984 -0.7185 -0.5702
vn -0.0013 -0.6994 -0.7148
vn -0.0000 0.1285 -0.9917
vn -0.6890 -0.0492 0.7231
vn -0.6876 -0.0521 0.7242
vn -0.6433 -0.2076 0.7370
vn -0.6415 -0.7641 -0.0683
vn -0.6466 -0.7399 -0.1857
vn -0.0000 0.3448 -0.9387
vn -0.0000 -0.6535 -0.7570
vn -0.8003 0.2368 -0.5509
vn -0.7847 -0.1735 -0.5951
vn -0.6730 -0.3467 0.6534
vn -0.6587 -0.2779 0.6992
vn -0.6782 -0.1351 0.7223
vn -0.2979 -0.6928 0.6567
vn -0.5866 -0.4399 0.6800
vn -0.7556 -0.0466 0.6534
vn -0.7135 -0.1129 0.6915
vn 0.7040 0.2868 0.6497
vn 0.7247 -0.0025 0.6891
vn -0.7249 -0.0020 0.6888
vn -0.7042 0.2861 0.6499
vn 0.5856 -0.4411 0.6800
vn 0.2947 -0.6934 0.6575
vn -0.0007 0.7823 0.6229
vn 0.4319 0.6496 0.6257
vn 0.7130 -0.1306 0.6889
vn -0.7133 -0.1297 0.6887
vn -0.0026 -0.7860 0.6183
vn -0.4335 0.6487 0.6256
vn 0.7133 -0.1135 0.6917
vn 0.7555 -0.0475 0.6534
vn -0.5526 0.6302 0.5454
vn -0.4989 0.6851 0.5308
vn 0.7912 -0.2326 0.5657
vn 0.7073 -0.4450 0.5493
vn 0.5533 0.3803 0.7411
vn 0.5980 0.1704 0.7831
vn -0.5882 -0.1255 0.7989
vn -0.6009 0.0061 0.7993
vn -0.7200 0.4168 0.5548
vn -0.6262 0.5705 0.5314
vn -0.2811 0.8228 0.4940
vn -0.0585 0.8565 0.5129
vn -0.4261 0.6086 0.6693
vn -0.2059 0.7876 0.5807
vn 0.6006 0.0076 0.7995
vn 0.4988 0.6851 0.5308
vn 0.5526 0.6302 0.5454
vn -0.5535 0.3798 0.7412
vn 0.2058 0.7877 0.5807
vn -0.2449 -0.8219 0.5142
vn -0.4138 -0.7499 0.5162
vn 0.0320 -0.8377 0.5452
vn -0.1851 -0.7771 0.6015
vn 0.8206 -0.0054 0.5715
vn 0.0584 0.8565 0.5129
vn 0.2810 0.8228 0.4941
vn 0.3500 -0.6501 0.6744
vn 0.1840 -0.7776 0.6012
vn 0.6173 -0.5742 0.5378
vn 0.5381 -0.6576 0.5272
vn -0.3513 -0.6492 0.6747
vn -0.4523 -0.5035 0.7361
vn -0.4213 0.7511 0.5084
vn -0.7942 0.2142 0.5687
vn 0.5199 -0.3708 0.7696
vn 0.4517 -0.5043 0.7360
vn -0.5981 0.1698 0.7832
vn -0.7073 -0.4450 0.5493
vn -0.7912 -0.2326 0.5656
vn 0.4212 0.7511 0.5084
vn 0.2446 -0.8220 0.5143
vn -0.8206 -0.0053 0.5714
vn 0.4137 -0.7499 0.5162
vn 0.6262 0.5705 0.5314
vn 0.7200 0.4168 0.5549
vn -0.0326 -0.8378 0.5451
vn 0.7942 0.2142 0.5687
vn -0.5382 -0.6576 0.5272
vn -0.6174 -0.5742 0.5378
vn 0.5633 -0.2451 0.7890
vn -0.5196 -0.3711 0.7696
vn -0.5624 -0.2473 0.7890
vn 0.5884 -0.1230 0.7991
vn 0.4260 0.6088 0.6693
vn -0.0000 -0.9952 -0.0974
vn 0.1004 -0.9914 -0.0844
vn 0.2667 -0.8922 0.3644
vn -0.0000 -0.9286 0.3710
vn -0.0000 -0.2644 0.9644
vn -0.0000 -0.6227 0.7825
vn 0.3454 -0.5934 0.7271
vn 0.3177 -0.2833 0.9049
vn -0.0000 -0.1356 0.9908
vn 0.2472 -0.1814 0.9518
vn 0.6041 -0.7406 0.2941
vn 0.7042 -0.4812 0.5222
vn -0.0089 -0.9690 -0.2469
vn 0.0344 -0.5795 -0.8142
vn -0.1530 -0.5424 -0.8261
vn 0.0411 -0.9670 -0.2514
vn 0.6524 -0.7276 -0.2121
vn 0.3859 -0.8184 -0.4259
vn 0.5288 -0.7486 -0.3999
vn 0.7554 -0.5994 -0.2647
vn 0.5668 -0.8072 -0.1650
vn 0.2755 -0.8671 -0.4151
vn 0.8836 -0.4481 0.1361
vn 0.8398 -0.5037 0.2024
vn 0.7976 -0.5612 0.2210
vn 0.9059 -0.1472 0.3972
vn 0.8818 -0.3002 0.3636
vn 0.9008 -0.1243 0.4161
vn 0.4971 -0.8571 -0.1349
vn -0.3489 -0.6136 -0.7084
vn 0.0996 -0.9589 -0.2658
vn 0.6019 -0.7035 -0.3779
vn 0.1979 -0.3270 0.9241
vn -0.0000 -0.3169 0.9485
vn 0.5696 -0.2032 0.7964
vn 0.5037 -0.2894 0.8139
vn 0.6583 -0.2657 0.7043
vn 0.3135 -0.9467 -0.0735
vn -0.3263 -0.5268 -0.7849
vn 0.0996 -0.9508 -0.2934
vn -0.4349 -0.5217 -0.7340
vn 0.1530 -0.9253 -0.3469
vn 0.4210 -0.9001 -0.1123
vn 0.2091 -0.8968 -0.3899
vn -0.4630 -0.5351 -0.7066
vn 0.7510 -0.1918 0.6319
vn 0.7566 -0.2068 0.6203
vn 0.7820 -0.1562 0.6033
vn 0.8154 -0.3039 0.4926
vn 0.8428 -0.1205 0.5245
vn 0.7604 -0.6098 0.2236
vn 0.8543 -0.3657 0.3693
vn 0.9194 -0.0579 0.3891
vn 0.8105 -0.0766 0.5807
vn 0.8422 -0.0954 0.5307
vn 0.8335 -0.1321 0.5366
vn 0.8238 -0.1310 0.5516
vn 0.9720 -0.1559 0.1758
vn 0.9049 -0.0702 0.4197
vn 0.7804 0.0724 0.6211
vn 0.9451 -0.1568 0.2866
vn 0.9280 -0.3722 -0.0175
vn 0.9414 -0.3196 -0.1073
vn -0.4044 -0.5861 -0.7021
vn -0.4546 -0.5568 -0.6952
vn 0.9137 0.1391 0.3819
vn 0.7980 0.3864 0.4625
vn 0.7184 0.3175 0.6189
vn 0.7965 -0.5361 -0.2796
vn -0.2667 -0.8923 0.3644
vn -0.1004 -0.9914 -0.0844
vn -0.3178 -0.2833 0.9049
vn -0.3454 -0.5934 0.7270
vn -0.2472 -0.1814 0.9518
vn -0.7042 -0.4811 0.5222
vn -0.6041 -0.7406 0.2941
vn -0.0389 -0.9602 -0.2766
vn 0.2385 -0.3004 -0.9235
vn -0.6524 -0.7276 -0.2121
vn -0.7554 -0.5994 -0.2647
vn -0.4338 -0.7852 -0.4419
vn -0.3557 -0.8169 -0.4540
vn -0.2755 -0.8671 -0.4151
vn -0.5667 -0.8072 -0.1650
vn -0.8399 -0.5037 0.2024
vn -0.8836 -0.4479 0.1362
vn -0.7976 -0.5612 0.2210
vn -0.8819 -0.3001 0.3637
vn -0.9058 -0.1472 0.3972
vn -0.9008 -0.1237 0.4163
vn -0.4971 -0.8571 -0.1349
vn -0.5254 -0.7495 -0.4027
vn 0.0346 -0.9454 -0.3240
vn 0.6814 -0.3363 -0.6500
vn -0.1979 -0.3270 0.9241
vn -0.5037 -0.2894 0.8140
vn -0.5696 -0.2033 0.7964
vn -0.6584 -0.2658 0.7042
vn -0.3135 -0.9467 -0.0735
vn -0.0791 -0.9481 -0.3079
vn 0.2646 -0.5365 -0.8013
vn -0.1530 -0.9253 -0.3469
vn 0.4349 -0.5217 -0.7340
vn -0.4210 -0.9001 -0.1123
vn -0.2091 -0.8968 -0.3899
vn 0.4630 -0.5351 -0.7066
vn -0.7566 -0.2068 0.6203
vn -0.7510 -0.1919 0.6318
vn -0.7821 -0.1561 0.6033
vn -0.8429 -0.1204 0.5245
vn -0.8154 -0.3040 0.4926
vn -0.7604 -0.6098 0.2236
vn -0.8543 -0.3657 0.3694
vn -0.9194 -0.0578 0.3891
vn -0.6710 0.0222 0.7412
vn -0.7016 -0.0461 0.7111
vn -0.8248 -0.1317 0.5498
vn -0.8113 -0.0763 0.5796
vn -0.6364 0.0619 0.7689
vn -0.7931 -0.0289 0.6084
vn -0.7801 0.0741 0.6213
vn -0.9719 -0.1554 0.1766
vn -0.9451 -0.1560 0.2870
vn -0.9041 -0.0681 0.4218
vn -0.9280 -0.3721 -0.0174
vn -0.9414 -0.3197 -0.1073
vn 0.4338 -0.6150 -0.6585
vn 0.4546 -0.5568 -0.6952
vn -0.9137 0.1391 0.3819
vn -0.7980 0.3864 0.4625
vn -0.7181 0.3183 0.6188
vn -0.7965 -0.5361 -0.2797
vn -0.4080 0.5637 0.7182
vn -0.6090 0.7355 0.2968
vn -0.4669 0.8489 0.2477
vn 0.4162 0.5555 0.7198
vn 0.3116 0.8903 0.3320
vn 0.3899 0.5164 0.7624
vn 0.1533 0.5051 0.8493
vn -0.5819 0.6757 0.4526
vn -0.5981 0.6032 0.5277
vn -0.3116 0.8903 0.3320
vn 0.5819 0.6757 0.4525
vn 0.5982 0.6031 0.5277
vn 0.6090 0.7355 0.2968
vn 0.5813 0.7102 0.3971
vn -0.0000 0.4710 0.8821
vn -0.1534 0.5051 0.8493
vn -0.5813 0.7103 0.3970
vn -0.3899 0.5164 0.7624
vn 0.4669 0.8489 0.2477
vn 0.6350 0.0640 0.7699
vn 0.7928 -0.0304 0.6087
vn 0.8576 -0.0620 0.5105
vn -0.7927 -0.1334 0.5949
vn -0.8269 -0.1521 0.5414
vn 0.8299 -0.1485 0.5379
vn 0.8259 -0.1514 0.5431
vn 0.6992 -0.0455 0.7135
vn 0.7905 -0.1314 0.5982
vn 0.6689 0.0198 0.7431
vn -0.8336 -0.1320 0.5364
vn -0.8301 -0.1489 0.5373
vn -0.8420 -0.0944 0.5312
vn -0.8569 -0.0602 0.5120
vn 0.0142 0.9939 0.1093
vn -0.0000 0.9933 0.1153
vn -0.0045 0.9985 0.0546
vn 0.0151 0.9951 0.0978
vn -0.0269 0.9967 0.0769
vn -0.0173 0.9985 0.0513
vn 0.0523 0.9156 0.3986
vn -0.0178 0.9810 0.1934
vn 0.0269 0.9967 0.0769
vn 0.0178 0.9810 0.1933
vn -0.0542 0.9128 0.4047
vn -0.5642 0.1162 0.8174
vn -0.5842 0.0046 0.8116
vn -0.0050 0.9989 0.0477
vn -0.0119 0.9992 0.0390
vn -0.0151 0.9951 0.0978
vn 0.0173 0.9985 0.0513
vn -0.6872 -0.0229 0.7262
vn 0.6851 -0.0194 0.7282
vn 0.4986 0.1202 0.8585
vn 0.5645 0.1077 0.8184
vn 0.0119 0.9992 0.0390
vn 0.0050 0.9989 0.0477
vn -0.4869 0.1391 0.8623
vn -0.0142 0.9939 0.1093
vn 0.0045 0.9985 0.0546
vn 0.5814 0.0065 0.8136
vn 0.5764 -0.4371 -0.6904
vn 0.5560 -0.4075 -0.7245
vn -0.5560 -0.4075 -0.7245
vn -0.5112 -0.3693 -0.7760
vn -0.4099 -0.3199 -0.8542
vn -0.2239 -0.2940 -0.9292
vn 0.0660 -0.2714 -0.9602
vn 0.2212 -0.2053 -0.9534
vn 0.3674 -0.2752 -0.8884
vn 0.5112 -0.3693 -0.7760
vn 0.6340 -0.4748 -0.6104
vn 0.6541 -0.4044 -0.6393
vn 0.6421 -0.7278 -0.2408
vn -0.5716 -0.8000 -0.1823
vn -0.5876 -0.4819 -0.6500
vn -0.5871 -0.4595 -0.6665
vn -0.5764 -0.4371 -0.6904
vn 0.5305 -0.6508 0.5432
vn 0.6322 -0.6563 0.4119
vn 0.6524 0.7200 0.2366
vn 0.5543 0.7435 0.3741
vn -0.0000 -0.6435 0.7655
vn 0.1005 -0.6436 0.7587
vn 0.1075 0.7867 0.6080
vn -0.0000 0.7882 0.6155
vn -0.5304 -0.6508 0.5433
vn -0.4197 -0.6474 0.6361
vn -0.4428 0.7614 0.4736
vn -0.5542 0.7436 0.3742
vn -0.5304 -0.7124 -0.4595
vn -0.6322 -0.7018 -0.3283
vn -0.6138 0.6174 -0.4920
vn -0.5084 0.6046 -0.6132
vn -0.0000 -0.7320 -0.6813
vn -0.1005 -0.7315 -0.6744
vn -0.0939 0.5883 -0.8031
vn -0.0000 0.5880 -0.8089
vn 0.5305 -0.7124 -0.4595
vn 0.4195 -0.7205 -0.5522
vn 0.3981 0.5966 -0.6968
vn 0.5085 0.6045 -0.6131
vn 0.7074 -0.6646 0.2405
vn 0.7194 0.6919 0.0615
vn 0.2032 -0.6442 0.7374
vn 0.2167 0.7821 0.5842
vn -0.3094 -0.6455 0.6983
vn -0.3287 0.7739 0.5413
vn -0.7075 -0.6891 -0.1569
vn -0.6971 0.6367 -0.3297
vn -0.2031 -0.7295 -0.6532
vn -0.1902 0.5896 -0.7849
vn 0.3092 -0.7260 -0.6142
vn 0.2913 0.5921 -0.7514
vn 0.7357 -0.6760 0.0417
vn 0.7364 0.6627 -0.1366
vn 0.3097 -0.6453 0.6983
vn 0.3286 0.7739 0.5413
vn -0.2032 -0.6442 0.7374
vn -0.2167 0.7821 0.5842
vn -0.7357 -0.6760 0.0417
vn -0.7074 -0.6647 0.2403
vn -0.7194 0.6919 0.0613
vn -0.7364 0.6627 -0.1366
vn -0.3093 -0.7260 -0.6142
vn -0.2914 0.5921 -0.7514
vn 0.2031 -0.7295 -0.6532
vn 0.1902 0.5897 -0.7849
vn 0.7075 -0.6891 -0.1571
vn 0.6971 0.6366 -0.3298
vn 0.4197 -0.6474 0.6362
vn 0.4427 0.7614 0.4736
vn -0.1005 -0.6436 0.7587
vn -0.1075 0.7867 0.6080
vn -0.6322 -0.6562 0.4119
vn -0.6525 0.7199 0.2367
vn -0.4196 -0.7205 -0.5521
vn -0.3982 0.5967 -0.6967
vn 0.1005 -0.7315 -0.6744
vn 0.0939 0.5883 -0.8032
vn 0.6322 -0.7019 -0.3282
vn 0.6137 0.6174 -0.4920
vn 0.5314 -0.7759 -0.3400
vn 0.4205 -0.7989 -0.4301
vn 0.4205 0.5423 -0.7274
vn 0.5314 0.5595 -0.6361
vn 0.6327 -0.5849 0.5075
vn 0.7076 -0.6194 0.3401
vn 0.7078 0.7049 0.0461
vn 0.6328 0.7445 0.2127
vn 0.1009 -0.5204 0.8480
vn 0.2037 -0.5240 0.8270
vn 0.2036 0.8244 0.5280
vn 0.1008 0.8300 0.5485
vn -0.4206 -0.5423 0.7273
vn -0.3101 -0.5311 0.7885
vn -0.3102 0.8145 0.4902
vn -0.4206 0.7989 0.4300
vn -0.6328 -0.7445 -0.2127
vn -0.7077 -0.7050 -0.0464
vn -0.7076 0.6194 -0.3400
vn -0.6329 0.5848 -0.5074
vn -0.1008 -0.8300 -0.5486
vn -0.2037 -0.8245 -0.5279
vn -0.2037 0.5240 -0.8270
vn -0.1008 0.5204 -0.8480
vn 0.3101 -0.8145 -0.4903
vn 0.3101 0.5311 -0.7885
vn 0.7358 -0.6612 0.1466
vn 0.7357 0.6612 -0.1466
vn 0.3100 -0.5311 0.7886
vn 0.3101 0.8145 0.4902
vn -0.2037 -0.5240 0.8270
vn -0.2036 0.8244 0.5281
vn -0.7358 -0.6612 0.1466
vn -0.7076 -0.6194 0.3400
vn -0.7076 0.7051 0.0464
vn -0.7357 0.6612 -0.1466
vn -0.3102 -0.8145 -0.4902
vn -0.3102 0.5311 -0.7885
vn 0.2037 -0.8245 -0.5279
vn 0.2037 0.5240 -0.8270
vn 0.7077 -0.7050 -0.0465
vn 0.7076 0.6194 -0.3401
vn 0.4205 -0.5423 0.7274
vn 0.4205 0.7989 0.4300
vn -0.1008 -0.5204 0.8480
vn -0.1008 0.8300 0.5485
vn -0.6328 -0.5848 0.5075
vn -0.6327 0.7447 0.2125
vn -0.4205 -0.7989 -0.4300
vn -0.4205 0.5423 -0.7273
vn 0.1003 -0.8301 -0.5485
vn 0.1008 0.5204 -0.8480
vn 0.6328 -0.7446 -0.2127
vn 0.6328 0.5849 -0.5074
vn 0.5314 -0.5596 0.6360
vn 0.5310 0.7761 0.3402
vn -0.0000 -0.5192 0.8547
vn -0.0000 0.8318 0.5551
vn -0.5313 -0.5596 0.6361
vn -0.5313 0.7760 0.3399
vn -0.5313 -0.7760 -0.3400
vn -0.5313 0.5596 -0.6361
vn -0.0000 -0.8317 -0.5552
vn -0.0000 0.5193 -0.8546
vn -0.0985 -0.8865 -0.4521
vn -0.2039 -0.8780 -0.4330
vn -0.2036 0.4288 -0.8801
vn -0.1007 0.4228 -0.9006
vn 0.4206 -0.8417 -0.3385
vn 0.3102 -0.8640 -0.3966
vn 0.3101 0.4399 -0.8428
vn 0.4205 0.4579 -0.7832
vn 0.7077 -0.5777 0.4068
vn 0.7358 -0.6408 0.2192
vn 0.7358 0.6408 -0.2192
vn 0.7077 0.7057 -0.0323
vn 0.2038 -0.4285 0.8803
vn 0.3101 -0.4399 0.8428
vn 0.3101 0.8640 0.3966
vn 0.2036 0.8781 0.4331
vn -0.3102 -0.4399 0.8428
vn -0.2037 -0.4289 0.8801
vn -0.2036 0.8781 0.4331
vn -0.3102 0.8640 0.3966
vn -0.7358 -0.6408 0.2192
vn -0.7077 -0.5778 0.4067
vn -0.7077 0.7058 -0.0324
vn -0.7358 0.6408 -0.2192
vn -0.7077 -0.7058 0.0324
vn -0.7077 0.5778 -0.4067
vn -0.3102 -0.8640 -0.3966
vn -0.3102 0.4399 -0.8428
vn 0.2036 -0.8781 -0.4330
vn 0.2037 0.4288 -0.8801
vn 0.7077 -0.7058 0.0323
vn 0.7077 0.5777 -0.4068
vn 0.4205 -0.4581 0.7832
vn 0.4205 0.8418 0.3384
vn -0.1007 -0.4228 0.9006
vn -0.1008 0.8859 0.4528
vn -0.6328 -0.5248 0.5693
vn -0.6329 0.7635 0.1285
vn -0.4206 -0.8417 -0.3385
vn -0.4206 0.4580 -0.7832
vn 0.0986 -0.8865 -0.4521
vn 0.1007 0.4228 -0.9006
vn 0.6328 -0.7636 -0.1285
vn 0.6328 0.5248 -0.5693
vn 0.5314 -0.4853 0.6944
vn 0.5314 0.8089 0.2516
vn -0.0000 -0.4209 0.9071
vn -0.0000 0.8884 0.4592
vn -0.5313 -0.4853 0.6945
vn -0.5313 0.8090 0.2516
vn -0.5312 -0.8090 -0.2516
vn -0.5312 0.4854 -0.6944
vn -0.0000 -0.8894 -0.4571
vn -0.0000 0.4208 -0.9071
vn 0.5313 -0.8090 -0.2515
vn 0.5313 0.4854 -0.6943
vn 0.6327 -0.5249 0.5694
vn 0.6329 0.7635 0.1287
vn 0.1007 -0.4228 0.9006
vn 0.1008 0.8859 0.4528
vn -0.4206 -0.4581 0.7831
vn -0.4205 0.8418 0.3384
vn -0.6328 -0.7636 -0.1285
vn -0.6329 0.5248 -0.5693
vn -0.4562 0.8503 -0.2622
vn -0.4650 0.8744 -0.1386
vn -1.0000 -0.0000 -0.0000
vn -0.9631 -0.0871 -0.2547
vn 0.6262 0.7655 0.1477
vn -0.0000 -0.0000 1.0000
vn -0.0000 0.3908 0.9205
vn -0.1390 0.7874 -0.6006
vn -0.2107 0.7925 -0.5724
vn -0.4281 -0.2926 -0.8551
vn -0.2816 -0.3106 -0.9079
vn 0.2107 0.7925 -0.5724
vn 0.1390 0.7874 -0.6006
vn 0.2816 -0.3106 -0.9079
vn 0.4280 -0.2926 -0.8551
vn 0.4650 0.8744 -0.1385
vn 0.4562 0.8503 -0.2622
vn 0.9630 -0.0872 -0.2548
vn 1.0000 -0.0000 -0.0000
vn 0.1859 0.9534 0.2376
vn 0.2531 0.9457 0.2037
vn 0.5786 0.2640 0.7717
vn 0.4280 0.2926 0.8551
vn -0.1217 0.9582 0.2588
vn -0.0602 0.9609 0.2703
vn -0.1396 0.3206 0.9369
vn -0.2815 0.3106 0.9079
vn -0.4392 0.8982 -0.0201
vn -0.3872 0.9186 0.0786
vn -0.8640 0.1630 0.4764
vn -0.9631 0.0872 0.2547
vn -0.2834 0.8006 -0.5280
vn -0.5787 -0.2640 -0.7717
vn 0.0690 0.7846 -0.6162
vn 0.1395 -0.3206 -0.9369
vn 0.4155 0.8292 -0.3739
vn 0.8640 -0.1630 -0.4764
vn 0.3218 0.9345 0.1524
vn 0.7283 0.2218 0.6483
vn -0.0000 0.9618 0.2739
vn -0.0000 0.3237 0.9462
vn -0.3218 0.9345 0.1524
vn -0.7282 0.2219 0.6484
vn -0.3541 0.8126 -0.4630
vn -0.7282 -0.2218 -0.6484
vn -0.0000 0.7837 -0.6211
vn -0.0000 -0.3237 -0.9462
vn 0.3541 0.8126 -0.4629
vn 0.7284 -0.2218 -0.6483
vn 0.6005 0.7108 0.3663
vn 0.8640 0.1630 0.4764
vn 0.0602 0.9609 0.2703
vn 0.1395 0.3206 0.9369
vn -0.2531 0.9457 0.2037
vn -0.5787 0.2640 0.7717
vn -0.4155 0.8292 -0.3739
vn -0.8640 -0.1630 -0.4764
vn -0.0690 0.7846 -0.6161
vn -0.1394 -0.3206 -0.9369
vn 0.2834 0.8006 -0.5279
vn 0.5786 -0.2640 -0.7717
vn 0.6262 0.7656 0.1477
vn 0.9630 0.0872 0.2549
vn 0.1217 0.9582 0.2588
vn 0.2816 0.3106 0.9079
vn -0.1859 0.9534 0.2376
vn -0.4281 0.2926 0.8551
vn -0.0000 -0.0000 -1.0000
vn -0.0000 0.3635 0.9316
vn -0.0000 0.2951 0.9555
vn -0.4155 0.8292 -0.3740
vn -0.0000 0.3636 0.9316
vn -0.2531 0.9458 0.2037
vn -0.0000 0.7838 -0.6210
vn -0.0000 0.2977 0.9547
vn -0.0000 0.3385 0.9410
vn -0.3219 0.9345 0.1523
vn -0.0001 0.9617 0.2740
vn -0.0000 0.2976 0.9547
vn 0.3217 0.9345 0.1524
vn -0.0000 0.3386 0.9409
vn -0.0000 0.4133 0.9106
vn 0.0690 0.7847 -0.6161
vn -0.0000 0.3054 0.9522
vn -0.0000 0.3189 0.9478
vn -0.0603 0.9609 0.2703
vn -0.0000 0.3055 0.9522
vn 0.2531 0.9458 0.2037
vn 0.4562 0.8503 -0.2623
vn -0.0000 0.4222 0.9065
vn -0.0000 0.3190 0.9478
vn -0.2107 0.7925 -0.5723
vn -0.0000 0.4223 0.9065
vn -0.0000 0.4132 0.9106
vn -0.0000 0.3384 0.9410
vn -0.0001 0.2951 0.9555
vn 0.0001 0.3908 0.9205
vn 0.0001 0.4132 0.9106
vn -0.0000 0.4221 0.9065
vn -0.0001 0.4133 0.9106
vn 0.0001 0.3635 0.9316
vn 0.0001 0.2977 0.9546
vn 0.0001 0.3055 0.9522
vn -0.4649 0.8745 -0.1385
vn -0.0000 -0.9462 0.3237
vn -0.0000 -0.9763 0.2164
vn 0.0001 -0.9763 0.2165
vn -0.0000 -0.9981 0.0615
vn -0.0000 -0.9981 0.0616
vn 0.0956 0.9087 0.4064
vn -0.0000 0.9106 0.4133
vn -0.5680 0.8064 0.1645
vn -0.6388 0.7692 0.0175
vn -0.6496 0.6815 -0.3371
vn -0.5854 0.6442 -0.4923
vn -0.4392 0.8981 -0.0201
vn 0.4649 0.8744 -0.1385
vn 0.2107 0.7925 -0.5723
vn -0.1390 0.7875 -0.6005
vn -0.4562 0.8504 -0.2622
vn 0.1216 0.9582 0.2588
vn 0.2792 0.1131 0.9536
vn 0.4242 0.1070 0.8992
vn 0.3027 0.7455 0.5938
vn 0.1983 0.7501 0.6309
vn -0.7122 0.6579 -0.2447
vn -0.7359 0.6756 -0.0457
vn -0.7032 0.6947 0.1511
vn -0.6249 0.7127 0.3186
vn -0.5219 0.7273 0.4457
vn -0.4115 0.7380 0.5348
vn -0.3026 0.7455 0.5938
vn -0.1983 0.7501 0.6308
vn -0.0980 0.7529 0.6508
vn -0.0000 0.7536 0.6573
vn 0.0980 0.7529 0.6508
vn 0.4115 0.7380 0.5348
vn 0.5219 0.7273 0.4457
vn 0.6250 0.7127 0.3184
vn 0.7032 0.6948 0.1510
vn 0.7359 0.6756 -0.0457
vn 0.7122 0.6578 -0.2449
vn 0.6403 0.6440 -0.4187
vn 0.5401 0.6341 -0.5534
vn 0.4291 0.6275 -0.6497
vn 0.3176 0.6231 -0.7148
vn 0.2088 0.6206 -0.7558
vn 0.1035 0.6190 -0.7786
vn -0.0000 0.6187 -0.7856
vn -0.1035 0.6189 -0.7786
vn -0.2088 0.6206 -0.7558
vn -0.3175 0.6231 -0.7148
vn -0.4291 0.6275 -0.6497
vn -0.5401 0.6341 -0.5534
vn -0.6405 0.6439 -0.4185
vn -0.4241 0.1070 0.8993
vn -0.2792 0.1131 0.9536
vn -0.9999 0.0013 0.0110
vn -0.9600 0.0343 0.2780
vn -0.9655 -0.0328 -0.2583
vn -0.2819 -0.1264 -0.9511
vn -0.4288 -0.1183 -0.8956
vn 0.4289 -0.1183 -0.8956
vn 0.2819 -0.1264 -0.9511
vn 0.9999 0.0013 0.0110
vn 0.9654 -0.0329 -0.2586
vn 0.5736 0.0975 0.8133
vn -0.1382 0.1162 0.9836
vn -0.8588 0.0620 0.5085
vn -0.5801 -0.1058 -0.8077
vn 0.1396 -0.1310 -0.9815
vn 0.8670 -0.0634 -0.4942
vn 0.7226 0.0829 0.6863
vn -0.0000 0.1172 0.9931
vn -0.7226 0.0829 0.6863
vn -0.7308 -0.0879 -0.6770
vn -0.0000 -0.1324 -0.9912
vn 0.7308 -0.0879 -0.6770
vn 0.8587 0.0621 0.5087
vn 0.1381 0.1162 0.9836
vn -0.5736 0.0975 0.8133
vn -0.8672 -0.0634 -0.4939
vn -0.1396 -0.1310 -0.9815
vn 0.5801 -0.1058 -0.8077
vn 0.9599 0.0343 0.2783
vn 0.6728 0.7223 -0.1601
vn 0.6495 0.6816 -0.3371
vn 0.7075 0.6196 -0.3399
vn 0.7357 0.6613 -0.1466
vn -0.1941 0.5639 -0.8027
vn -0.0964 0.5582 -0.8241
vn 0.2944 0.5743 -0.7639
vn 0.3964 0.5904 -0.7031
vn 0.6496 0.7601 0.0174
vn 0.2943 0.8433 0.4497
vn 0.1942 0.8503 0.4891
vn -0.1941 0.8503 0.4892
vn -0.2943 0.8433 0.4497
vn -0.6494 0.7602 0.0173
vn -0.6730 0.7221 -0.1601
vn -0.2943 0.5743 -0.7639
vn 0.1941 0.5639 -0.8027
vn 0.3964 0.8322 0.3877
vn -0.0963 0.8542 0.5109
vn -0.5855 0.7918 0.1740
vn -0.3962 0.5905 -0.7031
vn 0.0964 0.5582 -0.8241
vn 0.5855 0.6441 -0.4923
vn 0.4962 0.8155 0.2978
vn -0.0000 0.8555 0.5179
vn -0.4963 0.8155 0.2977
vn -0.4963 0.6133 -0.6144
vn -0.0000 0.5566 -0.8308
vn 0.4965 0.6133 -0.6143
vn 0.5854 0.7919 0.1739
vn 0.0963 0.8542 0.5109
vn -0.3964 0.8322 0.3877
vn -0.7076 0.6195 -0.3399
vn -0.7359 0.6611 -0.1466
vn -0.7076 0.7051 0.0462
vn -0.6328 0.7445 0.2127
vn -0.5312 0.7760 0.3401
vn -0.4205 0.7990 0.4299
vn -0.3102 0.8144 0.4903
vn -0.2035 0.8246 0.5279
vn -0.1008 0.8300 0.5486
vn -0.0000 0.8317 0.5552
vn 0.1008 0.8300 0.5486
vn 0.2036 0.8245 0.5279
vn 0.3103 0.8145 0.4903
vn 0.4205 0.7990 0.4299
vn 0.5311 0.7761 0.3401
vn 0.6329 0.7444 0.2127
vn 0.7075 0.7052 0.0462
vn 0.6330 0.5848 -0.5073
vn 0.5311 0.5595 -0.6363
vn 0.4204 0.5424 -0.7274
vn 0.3103 0.5310 -0.7886
vn 0.2036 0.5241 -0.8270
vn 0.1008 0.5203 -0.8480
vn -0.0000 0.5192 -0.8546
vn -0.1008 0.5203 -0.8480
vn -0.2036 0.5241 -0.8270
vn -0.3102 0.5309 -0.7886
vn -0.4205 0.5424 -0.7273
vn -0.5312 0.5596 -0.6362
vn -0.6328 0.5848 -0.5074
vn 0.2055 0.5227 -0.8274
vn 0.1021 0.5151 -0.8510
vn 0.1001 0.4265 -0.8989
vn 0.2025 0.4323 -0.8787
vn -0.4162 0.5572 -0.7186
vn -0.3105 0.5362 -0.7849
vn 0.6039 0.6263 -0.4930
vn 0.6601 0.6737 -0.3323
vn 0.4771 0.8337 0.2780
vn 0.3786 0.8527 0.3601
vn -0.0000 0.8789 0.4771
vn -0.0914 0.8775 0.4709
vn -0.4769 0.8337 0.2784
vn -0.5171 0.5870 -0.6229
vn -0.0000 0.5126 -0.8586
vn 0.5175 0.5870 -0.6226
vn 0.5680 0.8064 0.1645
vn 0.0914 0.8775 0.4708
vn -0.3786 0.8527 0.3601
vn -0.6039 0.6263 -0.4930
vn -0.1021 0.5147 -0.8513
vn 0.4162 0.5572 -0.7186
vn 0.6386 0.7694 0.0175
vn 0.1842 0.8731 0.4514
vn -0.2799 0.8653 0.4158
vn -0.6600 0.6738 -0.3321
vn -0.2055 0.5227 -0.8274
vn 0.3105 0.5362 -0.7849
vn 0.6728 0.7236 -0.1544
vn 0.2799 0.8653 0.4158
vn -0.1842 0.8731 0.4513
vn -0.6727 0.7236 -0.1545
vn -0.7068 0.5790 -0.4066
vn -0.7357 0.6411 -0.2184
vn -0.7085 0.7050 -0.0305
vn -0.6343 0.7617 0.1318
vn -0.5329 0.8065 0.2560
vn -0.4221 0.8387 0.3441
vn -0.3115 0.8605 0.4031
vn -0.2046 0.8743 0.4401
vn -0.1014 0.8819 0.4603
vn -0.0000 0.8844 0.4668
vn 0.1014 0.8819 0.4604
vn 0.2046 0.8743 0.4401
vn 0.3115 0.8605 0.4031
vn 0.4221 0.8387 0.3441
vn 0.5329 0.8065 0.2560
vn 0.6343 0.7617 0.1318
vn 0.7084 0.7051 -0.0304
vn 0.7358 0.6410 -0.2184
vn 0.7066 0.5790 -0.4068
vn 0.6310 0.5271 -0.5693
vn 0.5292 0.4882 -0.6940
vn 0.4185 0.4612 -0.7824
vn 0.3085 0.4436 -0.8415
vn -0.0000 0.4249 -0.9053
vn -0.1001 0.4265 -0.8989
vn -0.2025 0.4323 -0.8787
vn -0.3085 0.4436 -0.8415
vn -0.4185 0.4612 -0.7824
vn -0.5292 0.4882 -0.6940
vn -0.6310 0.5271 -0.5693
vn -0.3990 0.5035 -0.7663
vn -0.4994 0.5371 -0.6798
vn -0.5335 0.4809 -0.6958
vn -0.4226 0.4528 -0.7851
vn -0.3938 0.8726 0.2888
vn -0.4938 0.8457 0.2024
vn -0.5883 0.5825 -0.5609
vn -0.0969 0.4570 -0.8842
vn -0.0000 0.4545 -0.8908
vn 0.3988 0.5041 -0.7660
vn 0.4989 0.5377 -0.6797
vn 0.6477 0.7589 -0.0676
vn 0.5827 0.8084 0.0832
vn 0.1927 0.9024 0.3855
vn -0.2922 0.8907 0.3484
vn -0.6513 0.6384 -0.4103
vn -0.1956 0.4653 -0.8633
vn 0.2965 0.4806 -0.8253
vn 0.6724 0.7006 -0.2388
vn 0.2921 0.8909 0.3479
vn -0.1926 0.9022 0.3858
vn -0.6482 0.7585 -0.0669
vn -0.6734 0.6997 -0.2385
vn -0.2965 0.4802 -0.8255
vn 0.1957 0.4656 -0.8631
vn 0.6505 0.6392 -0.4101
vn 0.3935 0.8729 0.2882
vn -0.0956 0.9086 0.4066
vn -0.5835 0.8078 0.0836
vn 0.0973 0.4570 -0.8841
vn 0.5876 0.5834 -0.5606
vn 0.4933 0.8462 0.2014
vn -0.7090 0.5757 -0.4073
vn -0.7362 0.6400 -0.2199
vn -0.7070 0.7064 -0.0337
vn -0.6315 0.7651 0.1262
vn -0.5296 0.8111 0.2483
vn -0.4187 0.8443 0.3343
vn -0.3086 0.8668 0.3916
vn -0.2025 0.8811 0.4274
vn -0.1003 0.8889 0.4470
vn -0.0000 0.8915 0.4530
vn 0.1001 0.8890 0.4468
vn 0.2025 0.8812 0.4271
vn 0.3084 0.8671 0.3911
vn 0.4184 0.8447 0.3338
vn 0.5289 0.8117 0.2478
vn 0.6309 0.7656 0.1257
vn 0.7062 0.7072 -0.0342
vn 0.7355 0.6407 -0.2202
vn 0.7081 0.5767 -0.4075
vn 0.6342 0.5222 -0.5701
vn 0.5329 0.4817 -0.6957
vn 0.4223 0.4534 -0.7849
vn 0.3118 0.4348 -0.8448
vn 0.2048 0.4230 -0.8827
vn 0.1012 0.4167 -0.9034
vn 0.0001 0.4145 -0.9100
vn -0.1013 0.4166 -0.9034
vn -0.2048 0.4227 -0.8828
vn -0.3119 0.4343 -0.8450
vn -0.6348 0.5215 -0.5701
vn -0.0000 -0.4260 0.9047
vn -0.2591 -0.4078 0.8756
vn -0.2474 -0.1610 0.9554
vn -0.0000 -0.1662 0.9861
vn -0.4873 -0.3598 0.7957
vn -0.4696 -0.1467 0.8706
vn -0.6686 -0.2965 0.6820
vn -0.6512 -0.1261 0.7484
vn -0.8026 -0.2297 0.5505
vn -0.7890 -0.1021 0.6059
vn -0.8961 -0.1654 0.4119
vn -0.8870 -0.0767 0.4554
vn -0.9565 -0.1055 0.2719
vn -0.9514 -0.0512 0.3037
vn -0.9900 -0.0494 0.1320
vn -0.9879 -0.0258 0.1532
vn -1.0000 0.0040 -0.0083
vn -1.0000 -0.0006 0.0033
vn -0.9872 0.0558 -0.1493
vn -0.9889 0.0247 -0.1466
vn -0.9505 0.1067 -0.2919
vn -0.9534 0.0501 -0.2974
vn -0.8861 0.1573 -0.4360
vn -0.8901 0.0757 -0.4494
vn -0.7882 0.2068 -0.5796
vn -0.7931 0.1012 -0.6006
vn -0.6505 0.2534 -0.7160
vn -0.6560 0.1254 -0.7443
vn -0.4691 0.2931 -0.8331
vn -0.4740 0.1463 -0.8683
vn -0.2472 0.3203 -0.9145
vn -0.2503 0.1609 -0.9547
vn -0.0000 0.3302 -0.9439
vn -0.0000 0.1662 -0.9861
vn 0.2472 0.3203 -0.9145
vn 0.2503 0.1609 -0.9547
vn 0.4691 0.2931 -0.8331
vn 0.4740 0.1463 -0.8683
vn 0.6505 0.2534 -0.7160
vn 0.6557 0.1255 -0.7445
vn 0.7882 0.2068 -0.5796
vn 0.7931 0.1012 -0.6006
vn 0.8861 0.1573 -0.4360
vn 0.8900 0.0759 -0.4496
vn 0.9505 0.1067 -0.2919
vn 0.9534 0.0501 -0.2974
vn 0.9872 0.0558 -0.1493
vn 0.9889 0.0247 -0.1466
vn 1.0000 0.0040 -0.0083
vn 1.0000 -0.0006 0.0033
vn 0.9900 -0.0494 0.1320
vn 0.9879 -0.0258 0.1532
vn 0.9565 -0.1055 0.2719
vn 0.9514 -0.0512 0.3038
vn 0.8961 -0.1654 0.4119
vn 0.8870 -0.0767 0.4554
vn 0.8026 -0.2297 0.5505
vn 0.7890 -0.1021 0.6059
vn 0.6686 -0.2965 0.6820
vn 0.6512 -0.1261 0.7484
vn 0.4873 -0.3598 0.7957
vn 0.4696 -0.1467 0.8706
vn 0.2591 -0.4078 0.8756
vn 0.2474 -0.1610 0.9554
vn -0.4730 0.5278 -0.7055
vn -0.5053 0.7628 -0.4035
vn -0.2707 0.8532 -0.4458
vn -0.2497 0.5816 -0.7742
vn -0.0000 -0.5430 0.8398
vn -0.2319 -0.5283 0.8168
vn -0.4474 -0.4869 0.7501
vn -0.6326 -0.4248 0.6476
vn -0.7782 -0.3486 0.5223
vn -0.8830 -0.2643 0.3879
vn -0.9512 -0.1762 0.2534
vn -0.9885 -0.0874 0.1232
vn -1.0000 0.0016 -0.0033
vn -0.9877 0.0909 -0.1269
vn -0.9513 0.1811 -0.2494
vn -0.8876 0.2723 -0.3715
vn -0.7908 0.3637 -0.4923
vn -0.6543 0.4514 -0.6068
vn -0.0000 0.6013 -0.7990
vn 0.2500 0.5815 -0.7742
vn 0.4730 0.5278 -0.7055
vn 0.6543 0.4514 -0.6068
vn 0.7908 0.3637 -0.4923
vn 0.8875 0.2725 -0.3717
vn 0.9513 0.1811 -0.2494
vn 0.9877 0.0909 -0.1269
vn 1.0000 0.0016 -0.0033
vn 0.9885 -0.0874 0.1232
vn 0.9512 -0.1762 0.2534
vn 0.8832 -0.2641 0.3877
vn 0.7782 -0.3486 0.5223
vn 0.6326 -0.4248 0.6476
vn 0.4474 -0.4869 0.7501
vn 0.2319 -0.5283 0.8168
vn 0.2707 0.8532 -0.4458
vn 0.2262 0.9176 0.3270
vn 0.4279 0.8474 0.3142
vn 0.5053 0.7628 -0.4035
vn -0.5291 -0.6775 0.5109
vn -0.7102 -0.5695 0.4138
vn 0.9025 0.3754 -0.2111
vn 0.9576 0.2493 -0.1442
vn -0.9886 0.1287 -0.0779
vn -0.9576 0.2493 -0.1442
vn 0.8348 -0.4525 0.3136
vn 0.7099 -0.5698 0.4140
vn -0.0000 0.8870 -0.4617
vn -0.8348 -0.4525 0.3136
vn -0.9165 -0.3342 0.2200
vn 0.9886 0.1287 -0.0779
vn 0.9999 0.0118 -0.0104
vn -0.9025 0.3754 -0.2111
vn -0.8155 0.5073 -0.2787
vn 0.5291 -0.6775 0.5109
vn 0.2867 -0.7584 0.5853
vn 0.6864 0.6403 -0.3447
vn -0.9664 -0.2179 0.1361
vn -0.9928 -0.1031 0.0601
vn 0.9928 -0.1031 0.0601
vn 0.9664 -0.2179 0.1361
vn -0.6864 0.6403 -0.3447
vn -0.2867 -0.7584 0.5853
vn 0.8155 0.5073 -0.2787
vn -0.9999 0.0118 -0.0104
vn 0.9165 -0.3342 0.2200
vn -0.0000 -0.7895 0.6137
vn 0.7280 0.6443 0.2343
vn 0.5196 0.7137 0.4697
vn 0.6814 0.6268 0.3779
vn 0.8332 0.5311 0.1540
vn -0.7280 0.6443 0.2343
vn -0.5948 0.7514 0.2857
vn -0.9600 -0.0384 -0.2772
vn -0.9742 0.1216 -0.1901
vn -0.4254 -0.8878 -0.1755
vn -0.6085 -0.7500 -0.2595
vn 0.7526 -0.5738 -0.3230
vn 0.6083 -0.7502 -0.2593
vn 0.9594 0.2715 -0.0763
vn 0.9742 0.1216 -0.1901
vn 0.5948 0.7514 0.2857
vn -0.4279 0.8475 0.3142
vn -0.9594 0.2715 -0.0763
vn -0.7526 -0.5738 -0.3230
vn 0.4257 -0.8877 -0.1751
vn 0.9600 -0.0384 -0.2772
vn -0.2262 0.9176 0.3270
vn -0.9118 0.4080 0.0460
vn -0.8542 -0.3873 -0.3469
vn 0.2183 -0.9700 -0.1073
vn 0.9207 -0.2075 -0.3304
vn -0.0000 0.9439 0.3304
vn -0.8334 0.5308 0.1540
vn -0.9207 -0.2075 -0.3304
vn -0.0000 -0.9966 -0.0823
vn -0.2183 -0.9700 -0.1073
vn 0.8543 -0.3870 -0.3469
vn 0.9118 0.4080 0.0460
vn 0.9652 0.2537 0.0638
vn 0.9184 0.2273 0.3238
vn 0.9790 -0.1375 0.1505
vn 0.9891 -0.0084 -0.1467
vn -0.1165 0.8058 0.5806
vn -0.0000 0.8103 0.5860
vn -0.8435 0.4784 0.2444
vn -0.6814 0.6268 0.3779
vn -0.6401 -0.5453 -0.5412
vn -0.7802 -0.4138 -0.4691
vn -0.0000 -0.9123 -0.4094
vn -0.1267 -0.8928 -0.4323
vn 0.1268 -0.8927 -0.4324
vn 0.7802 -0.4138 -0.4691
vn 0.6401 -0.5453 -0.5412
vn 0.8435 0.4784 0.2444
vn 0.1165 0.8058 0.5806
vn -0.5196 0.7137 0.4697
vn -0.9109 -0.2388 -0.3364
vn -0.2538 -0.8360 -0.4865
vn 0.5070 -0.6539 -0.5616
vn 0.2386 0.7914 0.5628
vn -0.3717 0.7633 0.5284
vn -0.9892 -0.0084 -0.1466
vn -0.3800 -0.7519 -0.5388
vn 0.3800 -0.7519 -0.5388
vn 0.3717 0.7633 0.5284
vn -0.2386 0.7914 0.5628
vn -0.9652 0.2535 0.0637
vn -0.5070 -0.6539 -0.5616
vn 0.2538 -0.8360 -0.4865
vn 0.9109 -0.2389 -0.3364
vn 0.1781 0.9002 0.3974
vn 0.2832 0.8646 0.4151
vn -0.2832 0.8646 0.4151
vn -0.1780 0.9002 0.3974
vn -0.9790 -0.1376 0.1505
vn -0.9185 0.2271 0.3237
vn -0.2927 -0.8441 -0.4493
vn -0.4127 -0.8175 -0.4017
vn 0.2924 -0.8442 -0.4493
vn 0.1873 -0.8575 -0.4792
vn 0.8873 -0.4582 -0.0520
vn 0.4101 0.8026 0.4331
vn -0.0855 0.9190 0.3849
vn -0.7493 0.5158 0.4154
vn -0.5547 -0.7644 -0.3285
vn 0.0915 -0.8636 -0.4957
vn 0.7204 -0.6589 -0.2165
vn 0.5662 0.6968 0.4404
vn -0.0000 0.9247 0.3806
vn -0.5662 0.6968 0.4404
vn -0.7204 -0.6589 -0.2165
vn -0.0000 -0.8654 -0.5010
vn -0.0915 -0.8636 -0.4957
vn 0.5547 -0.7644 -0.3285
vn 0.7493 0.5158 0.4154
vn 0.0855 0.9190 0.3849
vn -0.4101 0.8026 0.4331
vn -0.8874 -0.4581 -0.0521
vn -0.1873 -0.8575 -0.4792
vn 0.4127 -0.8175 -0.4017
vn -0.0001 -0.9763 0.2164
vn -0.0000 -0.9763 0.2163
vn -0.0000 -0.9763 0.2165
vn -0.0001 -0.9763 0.2166
vn 0.0001 -0.9763 0.2164
vn -0.0001 -0.9763 0.2165
vn -0.0001 -0.9763 0.2163
vn 0.0001 -0.9763 0.2163
vn -0.0001 -0.9981 0.0615
vn 0.0001 -0.9981 0.0615
vn -0.0000 -0.9981 0.0618
vn 0.0001 -0.9981 0.0618
vn -0.0001 0.9462 -0.3237
vn -0.0000 0.9461 -0.3238
vn -0.0000 0.9617 0.2739
vn -0.0000 0.9462 -0.3237
vn -0.3541 0.8126 -0.4629
vn -0.0000 0.9461 -0.3237
vn -0.0690 0.7847 -0.6161
vn 0.0001 0.9462 -0.3237
vn 0.6263 0.7655 0.1477
vn -0.0000 -0.9460 0.3242
vn 0.0001 0.9461 -0.3238
vn -0.0001 0.9461 -0.3238
vn 0.6262 0.7655 0.1478
vn 0.4649 0.8745 -0.1385
vn -0.0000 -0.9460 0.3243
vn 0.0001 0.9462 -0.3236
vn 0.1390 0.7875 -0.6005
vn 0.4562 0.8504 -0.2622
vn -0.3873 0.9186 0.0786
vn -0.2834 0.8006 -0.5279
vn -0.0000 -0.9462 0.3236
vn 0.0001 -0.9462 0.3237
vn -0.0000 -0.9461 0.3238
vn -0.0001 -0.9462 0.3237
vn -0.0040 -0.9453 0.3262
vn -0.0001 -0.9462 0.3236
vn -0.0000 -0.9446 0.3283
vn 0.0001 -0.9462 0.3236
vn 0.0040 -0.9453 0.3262
vn 0.1890 0.9707 0.1483
vn 0.1893 0.9707 0.1483
vn 0.0391 0.8165 -0.5760
vn 0.1685 0.7996 -0.5764
vn 0.1892 0.9707 0.1484
vn 0.1892 0.9707 0.1483
vn 0.6065 0.7134 -0.3510
vn 0.6796 0.6905 -0.2475
vn 0.1891 0.9707 0.1481
vn 0.1891 0.9707 0.1482
vn 0.7498 0.6129 0.2494
vn 0.7084 0.6007 0.3706
vn 0.1889 0.9707 0.1483
vn 0.1890 0.9708 0.1480
vn 0.3595 0.5938 0.7198
vn 0.2416 0.6024 0.7607
vn 0.1892 0.9707 0.1481
vn 0.1891 0.9707 0.1483
vn -0.2535 0.6761 0.6918
vn -0.3631 0.7020 0.6127
vn 0.1890 0.9707 0.1482
vn 0.1890 0.9707 0.1484
vn -0.5850 0.8054 0.0950
vn -0.5646 0.8236 -0.0543
vn 0.1891 0.9707 0.1484
vn -0.2160 0.8391 -0.4993
vn -0.0904 0.8299 -0.5506
vn 0.1889 0.9708 0.1479
vn 0.5155 0.7365 -0.4380
vn 0.7682 0.6285 0.1218
vn 0.1892 0.9707 0.1480
vn 0.4681 0.5887 0.6590
vn 0.1893 0.9706 0.1483
vn -0.1334 0.6525 0.7460
vn -0.5722 0.7828 0.2446
vn 0.1893 0.9707 0.1481
vn -0.3320 0.8440 -0.4213
vn 0.4098 0.7592 -0.5057
vn 0.7622 0.6473 -0.0068
vn 0.5644 0.5889 0.5785
vn -0.0079 0.6322 0.7748
vn -0.5286 0.7566 0.3849
vn -0.4330 0.8431 -0.3187
vn 0.2929 0.7804 -0.5525
vn 0.1894 0.9706 0.1485
vn 0.7323 0.6682 -0.1314
vn 0.1893 0.9707 0.1480
vn 0.6457 0.5925 0.4816
vn 0.1183 0.6151 0.7795
vn 0.1888 0.9708 0.1482
vn -0.4568 0.7293 0.5094
vn -0.5120 0.8367 -0.1944
vn 0.7417 0.5480 0.3867
vn 0.6720 0.5399 0.5069
vn 0.1512 0.7661 -0.6246
vn 0.0147 0.7833 -0.6215
vn -0.1214 0.7967 -0.5920
vn -0.2523 0.8055 -0.5363
vn -0.3735 0.8091 -0.4537
vn -0.4782 0.8075 -0.3454
vn -0.5609 0.7992 -0.2161
vn -0.6147 0.7857 -0.0696
vn -0.6366 0.7664 0.0857
vn -0.6244 0.7429 0.2414
vn -0.5796 0.7164 0.3885
vn -0.5058 0.6886 0.5197
vn -0.4087 0.6607 0.6297
vn -0.2942 0.6341 0.7151
vn -0.1686 0.6101 0.7742
vn -0.0360 0.5882 0.8079
vn 0.0984 0.5703 0.8155
vn 0.2303 0.5559 0.7987
vn 0.3573 0.5454 0.7582
vn 0.4755 0.5393 0.6950
vn 0.5818 0.5372 0.6107
vn 0.7879 0.5608 0.2542
vn 0.8086 0.5771 0.1146
vn 0.8010 0.5981 -0.0267
vn 0.7661 0.6219 -0.1619
vn 0.7065 0.6470 -0.2869
vn 0.6246 0.6729 -0.3963
vn 0.5246 0.6987 -0.4865
vn 0.4098 0.7231 -0.5561
vn 0.2837 0.7461 -0.6024
vn -0.1890 0.9707 0.1482
vn -0.1677 0.7995 -0.5768
vn -0.0390 0.8168 -0.5756
vn -0.1891 0.9707 0.1483
vn -0.1892 0.9707 0.1482
vn -0.6824 0.6864 -0.2514
vn -0.6080 0.7105 -0.3543
vn -0.1893 0.9707 0.1482
vn -0.1891 0.9707 0.1481
vn -0.7118 0.5957 0.3722
vn -0.7540 0.6075 0.2499
vn -0.1892 0.9707 0.1479
vn -0.2414 0.6016 0.7615
vn -0.3594 0.5915 0.7218
vn -0.1891 0.9707 0.1484
vn 0.3604 0.7053 0.6105
vn 0.2516 0.6790 0.6897
vn -0.1890 0.9708 0.1479
vn 0.5587 0.8277 -0.0518
vn 0.5791 0.8096 0.0960
vn 0.0901 0.8309 -0.5491
vn 0.2148 0.8412 -0.4962
vn -0.1890 0.9707 0.1483
vn -0.5161 0.7342 -0.4411
vn -0.1890 0.9707 0.1484
vn -0.7729 0.6229 0.1211
vn -0.1892 0.9707 0.1480
vn -0.4683 0.5861 0.6612
vn 0.1327 0.6545 0.7443
vn -0.1891 0.9707 0.1482
vn 0.5669 0.7868 0.2441
vn 0.3297 0.8463 -0.4184
vn -0.4097 0.7577 -0.5080
vn -0.1893 0.9706 0.1484
vn -0.7668 0.6419 -0.0082
vn -0.1892 0.9706 0.1487
vn -0.5660 0.5847 0.5812
vn 0.0082 0.6334 0.7737
vn 0.5235 0.7608 0.3836
vn 0.4294 0.8462 -0.3157
vn -0.1892 0.9707 0.1483
vn -0.2927 0.7796 -0.5536
vn -0.7359 0.6636 -0.1344
vn -0.6481 0.5881 0.4840
vn -0.1889 0.9707 0.1483
vn -0.1176 0.6155 0.7793
vn -0.1889 0.9707 0.1482
vn 0.4529 0.7331 0.5073
vn -0.1889 0.9708 0.1482
vn 0.5076 0.8400 -0.1918
vn -0.1890 0.9707 0.1486
vn -0.6746 0.5352 0.5085
vn -0.7453 0.5425 0.3877
vn -0.1517 0.7661 -0.6246
vn -0.2845 0.7449 -0.6035
vn -0.4105 0.7214 -0.5578
vn -0.5256 0.6960 -0.4892
vn -0.6267 0.6693 -0.3991
vn -0.7094 0.6426 -0.2897
vn -0.7698 0.6167 -0.1643
vn -0.8049 0.5927 -0.0281
vn -0.8123 0.5721 0.1135
vn -0.7923 0.5546 0.2542
vn -0.5835 0.5331 0.6126
vn -0.4766 0.5363 0.6966
vn -0.3583 0.5435 0.7591
vn -0.2308 0.5547 0.7994
vn -0.0986 0.5705 0.8153
vn 0.0349 0.5895 0.8070
vn 0.1665 0.6121 0.7730
vn 0.2917 0.6371 0.7134
vn 0.4054 0.6642 0.6281
vn 0.5012 0.6928 0.5185
vn 0.5749 0.7205 0.3879
vn 0.6191 0.7474 0.2413
vn 0.6310 0.7709 0.0865
vn 0.6096 0.7898 -0.0680
vn 0.5560 0.8032 -0.2138
vn 0.4744 0.8106 -0.3433
vn 0.3706 0.8117 -0.4514
vn 0.2504 0.8076 -0.5339
vn 0.1200 0.7981 -0.5905
vn -0.0156 0.7840 -0.6206
vn 0.0356 0.9454 -0.3241
vn -0.5912 0.6308 -0.5026
vn -0.5167 0.6031 -0.6077
vn 0.0351 0.9455 -0.3236
vn 0.0351 0.9455 -0.3238
vn -0.1265 0.8747 0.4678
vn -0.2664 0.8656 0.4239
vn 0.0350 0.9455 -0.3238
vn 0.0353 0.9455 -0.3238
vn 0.6241 0.6214 -0.4737
vn 0.6705 0.6500 -0.3576
vn 0.0353 0.9455 -0.3236
vn -0.3931 0.8490 0.3530
vn -0.5010 0.8262 0.2577
vn 0.0353 0.9455 -0.3237
vn 0.0348 0.9455 -0.3236
vn -0.0867 0.5393 -0.8377
vn 0.0346 0.5364 -0.8433
vn 0.0356 0.9455 -0.3236
vn 0.0353 0.9456 -0.3234
vn 0.6086 0.7798 0.1466
vn 0.5279 0.8095 0.2569
vn 0.0354 0.9455 -0.3237
vn 0.0354 0.9456 -0.3233
vn -0.6719 0.6960 -0.2532
vn -0.6439 0.6623 -0.3830
vn 0.0354 0.9454 -0.3238
vn 0.4744 0.5750 -0.6666
vn 0.5577 0.5963 -0.5775
vn 0.0355 0.9455 -0.3237
vn 0.0352 0.9455 -0.3237
vn -0.3201 0.5611 -0.7634
vn -0.2065 0.5476 -0.8109
vn 0.0354 0.9454 -0.3239
vn 0.6920 0.7143 -0.1042
vn 0.6638 0.7475 0.0244
vn 0.0353 0.9456 -0.3235
vn 0.0354 0.9455 -0.3236
vn -0.6434 0.7653 0.0164
vn -0.6724 0.7307 -0.1182
vn 0.0351 0.9455 -0.3237
vn 0.2695 0.5459 -0.7934
vn 0.3772 0.5581 -0.7391
vn 0.0352 0.9454 -0.3240
vn 0.3004 0.8560 0.4207
vn 0.1636 0.8694 0.4662
vn -0.4251 0.5796 -0.6952
vn 0.0351 0.9456 -0.3234
vn 0.6939 0.6812 -0.2332
vn 0.0355 0.9454 -0.3240
vn 0.0193 0.8762 0.4815
vn -0.5859 0.7975 0.1439
vn 0.1543 0.5386 -0.8283
vn 0.0353 0.9454 -0.3239
vn 0.4239 0.8353 0.3501
vn -0.6171 0.7640 0.1884
vn -0.6803 0.7307 0.0571
vn -0.5268 0.7934 0.3050
vn 0.4358 0.8040 0.4046
vn 0.3060 0.8247 0.4757
vn -0.4130 0.8171 0.4022
vn 0.5471 0.7776 0.3099
vn 0.6354 0.7468 0.1964
vn -0.2812 0.8339 0.4749
vn -0.1370 0.8431 0.5199
vn 0.0134 0.8450 0.5346
vn 0.1633 0.8385 0.5198
vn 0.6978 0.7130 0.0691
vn 0.7321 0.6779 -0.0668
vn 0.7384 0.6426 -0.2046
vn 0.7171 0.6087 -0.3396
vn 0.6701 0.5777 -0.4662
vn 0.6006 0.5495 -0.5808
vn 0.5110 0.5263 -0.6797
vn 0.4060 0.5069 -0.7604
vn 0.2882 0.4938 -0.8204
vn 0.1618 0.4858 -0.8590
vn 0.0304 0.4837 -0.8747
vn -0.1022 0.4868 -0.8675
vn -0.2328 0.4966 -0.8362
vn -0.3555 0.5118 -0.7821
vn -0.4675 0.5324 -0.7057
vn -0.5637 0.5584 -0.6086
vn -0.6405 0.5885 -0.4934
vn -0.6931 0.6221 -0.3643
vn -0.7182 0.6582 -0.2257
vn -0.7143 0.6949 -0.0834
vn -0.0354 0.9454 -0.3239
vn -0.0351 0.9455 -0.3236
vn 0.5167 0.6031 -0.6077
vn 0.5911 0.6309 -0.5026
vn -0.0348 0.9454 -0.3240
vn -0.0350 0.9455 -0.3238
vn 0.2660 0.8657 0.4239
vn 0.1264 0.8748 0.4676
vn -0.0353 0.9455 -0.3237
vn -0.0353 0.9455 -0.3236
vn -0.6706 0.6500 -0.3574
vn -0.6240 0.6215 -0.4737
vn -0.0354 0.9455 -0.3238
vn 0.3930 0.8491 0.3529
vn 0.5011 0.8261 0.2579
vn -0.0348 0.9455 -0.3236
vn -0.0356 0.9455 -0.3236
vn -0.0346 0.5363 -0.8433
vn 0.0867 0.5393 -0.8377
vn -0.0353 0.9456 -0.3235
vn -0.0353 0.9455 -0.3238
vn -0.5278 0.8096 0.2569
vn -0.6084 0.7799 0.1469
vn -0.0354 0.9456 -0.3233
vn -0.0351 0.9455 -0.3237
vn 0.6441 0.6620 -0.3832
vn 0.6722 0.6959 -0.2529
vn -0.0354 0.9456 -0.3235
vn -0.5576 0.5962 -0.5776
vn -0.4744 0.5750 -0.6666
vn -0.0355 0.9454 -0.3239
vn 0.2066 0.5476 -0.8108
vn 0.3201 0.5608 -0.7636
vn -0.6638 0.7475 0.0245
vn -0.6920 0.7143 -0.1042
vn -0.0352 0.9455 -0.3238
vn 0.6722 0.7309 -0.1181
vn 0.6434 0.7654 0.0164
vn -0.0352 0.9455 -0.3237
vn -0.0356 0.9455 -0.3235
vn -0.3776 0.5579 -0.7390
vn -0.2695 0.5459 -0.7933
vn -0.0353 0.9454 -0.3240
vn -0.0352 0.9454 -0.3240
vn -0.1636 0.8694 0.4662
vn -0.3008 0.8557 0.4210
vn -0.0351 0.9456 -0.3234
vn 0.4251 0.5798 -0.6951
vn -0.6938 0.6814 -0.2331
vn -0.0193 0.8762 0.4815
vn 0.5859 0.7975 0.1437
vn -0.0353 0.9454 -0.3239
vn -0.1543 0.5386 -0.8283
vn -0.0352 0.9455 -0.3236
vn -0.4239 0.8353 0.3501
vn 0.6802 0.7308 0.0568
vn 0.6169 0.7641 0.1887
vn 0.5268 0.7933 0.3051
vn -0.3059 0.8247 0.4757
vn -0.4359 0.8039 0.4046
vn 0.4130 0.8171 0.4021
vn -0.5470 0.7776 0.3099
vn -0.6354 0.7468 0.1964
vn 0.2812 0.8339 0.4750
vn 0.7142 0.6950 -0.0833
vn 0.7182 0.6582 -0.2257
vn 0.6931 0.6221 -0.3643
vn 0.6405 0.5884 -0.4935
vn 0.5642 0.5583 -0.6083
vn 0.4674 0.5321 -0.7059
vn 0.3556 0.5118 -0.7820
vn 0.2327 0.4965 -0.8363
vn 0.1022 0.4868 -0.8675
vn -0.0304 0.4837 -0.8747
vn -0.1617 0.4858 -0.8590
vn -0.2883 0.4935 -0.8206
vn -0.4058 0.5073 -0.7603
vn -0.5112 0.5258 -0.6798
vn -0.6003 0.5497 -0.5809
vn -0.6701 0.5773 -0.4665
vn -0.7170 0.6087 -0.3397
vn -0.7383 0.6427 -0.2045
vn -0.7321 0.6779 -0.0668
vn -0.6978 0.7130 0.0690
vn -0.1632 0.8386 0.5198
vn -0.0133 0.8449 0.5347
vn 0.1372 0.8431 0.5199
vn -0.0000 0.9811 0.1937
vn -0.0000 1.0000 -0.0000
vn -0.1952 0.9808 -0.0000
vn -0.1915 0.9621 0.1940
vn -0.0000 0.5597 -0.8287
vn -0.0000 0.3878 -0.9217
vn -0.0756 0.3804 -0.9217
vn -0.1092 0.5489 -0.8287
vn -0.0000 0.9248 0.3805
vn -0.1805 0.9070 0.3805
vn -0.0000 0.7101 -0.7041
vn -0.1386 0.6965 -0.7040
vn -0.0000 0.8334 0.5527
vn -0.1626 0.8173 0.5528
vn -0.0000 0.8334 -0.5527
vn -0.1626 0.8173 -0.5527
vn -0.0000 0.7101 0.7041
vn -0.1386 0.6964 0.7041
vn -0.0000 0.9248 -0.3805
vn -0.1805 0.9070 -0.3805
vn -0.0000 0.5787 0.8155
vn -0.1129 0.5676 0.8155
vn -0.0000 0.9810 -0.1940
vn -0.1915 0.9621 -0.1940
vn -0.0000 0.4107 0.9118
vn -0.0801 0.4024 0.9120
vn -0.0000 0.2011 -0.9796
vn -0.0392 0.1972 -0.9796
vn -0.0000 -0.5622 0.8270
vn 0.1098 -0.5516 0.8268
vn -0.3189 0.7699 0.5528
vn -0.2717 0.6560 0.7041
vn -0.3189 0.7699 -0.5528
vn -0.3538 0.8544 -0.3805
vn -0.2215 0.5346 0.8156
vn -0.3753 0.9064 -0.1939
vn -0.1571 0.3790 0.9120
vn -0.3826 0.9239 -0.0000
vn -0.0770 0.1857 -0.9796
vn -0.1485 0.3583 -0.9217
vn 0.2153 -0.5197 0.8268
vn -0.3753 0.9064 0.1940
vn -0.2142 0.5171 -0.8287
vn -0.3539 0.8544 0.3805
vn -0.2718 0.6561 -0.7040
vn -0.5450 0.8157 0.1940
vn -0.5138 0.7689 0.3805
vn -0.3110 0.4653 -0.8287
vn -0.3946 0.5905 -0.7041
vn -0.4630 0.6929 0.5528
vn -0.4630 0.6929 -0.5528
vn -0.3945 0.5904 0.7041
vn -0.5138 0.7689 -0.3806
vn -0.3215 0.4811 0.8156
vn -0.5450 0.8157 -0.1939
vn -0.2280 0.3411 0.9120
vn -0.5556 0.8315 -0.0000
vn -0.1117 0.1671 -0.9796
vn -0.2155 0.3225 -0.9217
vn 0.3125 -0.4677 0.8268
vn -0.4092 0.4092 0.8156
vn -0.2901 0.2902 0.9119
vn -0.6937 0.6937 -0.1940
vn -0.7071 0.7071 -0.0000
vn -0.1422 0.1422 -0.9796
vn -0.2743 0.2743 -0.9217
vn 0.3977 -0.3979 0.8268
vn -0.6937 0.6937 0.1940
vn -0.3958 0.3958 -0.8287
vn -0.6539 0.6539 0.3805
vn -0.5022 0.5022 -0.7041
vn -0.5893 0.5893 0.5528
vn -0.5893 0.5893 -0.5528
vn -0.5021 0.5021 0.7041
vn -0.6539 0.6539 -0.3806
vn -0.5904 0.3946 -0.7041
vn -0.6929 0.4630 -0.5528
vn -0.6929 0.4630 0.5528
vn -0.5904 0.3945 0.7041
vn -0.7688 0.5138 -0.3806
vn -0.4811 0.3215 0.8155
vn -0.8156 0.5451 -0.1939
vn -0.3412 0.2281 0.9119
vn -0.8314 0.5556 -0.0000
vn -0.1671 0.1117 -0.9796
vn -0.3225 0.2155 -0.9217
vn -0.8156 0.5451 0.1940
vn -0.4653 0.3110 -0.8287
vn -0.7689 0.5138 0.3806
vn -0.9239 0.3827 -0.0000
vn -0.9063 0.3755 0.1939
vn -0.3583 0.1485 -0.9217
vn -0.5171 0.2142 -0.8287
vn -0.8543 0.3540 0.3806
vn -0.6561 0.2718 -0.7040
vn -0.7699 0.3189 0.5528
vn -0.7699 0.3189 -0.5528
vn -0.6560 0.2717 0.7041
vn -0.8543 0.3540 -0.3806
vn -0.5346 0.2215 0.8155
vn -0.9063 0.3755 -0.1939
vn -0.3792 0.1571 0.9119
vn -0.1857 0.0770 -0.9796
vn -0.6964 0.1386 0.7041
vn -0.5676 0.1129 0.8155
vn -0.9070 0.1804 -0.3806
vn -0.9622 0.1914 -0.1939
vn -0.4026 0.0801 0.9119
vn -0.9808 0.1951 -0.0000
vn -0.1972 0.0392 -0.9796
vn -0.3804 0.0756 -0.9217
vn -0.9622 0.1914 0.1940
vn -0.5489 0.1092 -0.8287
vn -0.9070 0.1804 0.3806
vn -0.6965 0.1386 -0.7040
vn -0.8173 0.1626 0.5528
vn -0.8173 0.1626 -0.5528
vn -0.9248 -0.0000 0.3806
vn -0.8333 -0.0000 0.5528
vn -0.7101 -0.0000 -0.7041
vn -0.8333 -0.0000 -0.5528
vn -0.7101 -0.0000 0.7041
vn -0.9247 -0.0000 -0.3806
vn -0.5787 -0.0000 0.8155
vn -0.9810 -0.0000 -0.1939
vn -0.4105 -0.0000 0.9119
vn -0.2011 -0.0000 -0.9796
vn -0.3878 -0.0000 -0.9217
vn -0.9810 -0.0000 0.1940
vn -0.5597 -0.0000 -0.8287
vn -0.9808 -0.1951 -0.0000
vn -0.9622 -0.1914 0.1940
vn -0.3804 -0.0756 -0.9217
vn -0.5489 -0.1092 -0.8287
vn -0.9070 -0.1804 0.3806
vn -0.6965 -0.1386 -0.7040
vn -0.8173 -0.1627 0.5528
vn -0.8173 -0.1627 -0.5528
vn -0.6964 -0.1386 0.7041
vn -0.9070 -0.1804 -0.3806
vn -0.5676 -0.1129 0.8156
vn -0.9622 -0.1914 -0.1939
vn -0.4026 -0.0801 0.9119
vn -0.1972 -0.0392 -0.9796
vn -0.6560 -0.2718 0.7041
vn -0.5346 -0.2215 0.8155
vn -0.8543 -0.3539 -0.3806
vn -0.9063 -0.3754 -0.1939
vn -0.3792 -0.1571 0.9119
vn -0.9239 -0.3827 -0.0000
vn -0.1857 -0.0769 -0.9796
vn -0.3583 -0.1484 -0.9217
vn -0.9063 -0.3754 0.1940
vn -0.5171 -0.2142 -0.8287
vn -0.8543 -0.3539 0.3806
vn -0.6561 -0.2718 -0.7040
vn -0.7699 -0.3189 0.5528
vn -0.7699 -0.3189 -0.5528
vn -0.7689 -0.5138 0.3806
vn -0.6929 -0.4629 0.5528
vn -0.5905 -0.3946 -0.7040
vn -0.6929 -0.4629 -0.5528
vn -0.5904 -0.3945 0.7041
vn -0.7689 -0.5138 -0.3806
vn -0.4811 -0.3216 0.8155
vn -0.8157 -0.5451 -0.1939
vn -0.3413 -0.2281 0.9119
vn -0.8314 -0.5556 -0.0000
vn -0.1671 -0.1117 -0.9796
vn -0.3225 -0.2155 -0.9217
vn -0.8156 -0.5451 0.1940
vn -0.4653 -0.3110 -0.8287
vn 0.4675 0.3120 0.8271
vn -0.2903 -0.2903 0.9118
vn 0.3976 0.3976 0.8269
vn -0.7071 -0.7071 -0.0000
vn -0.6937 -0.6937 0.1940
vn -0.2742 -0.2744 -0.9217
vn -0.3957 -0.3958 -0.8287
vn -0.6539 -0.6539 0.3805
vn -0.5021 -0.5022 -0.7040
vn -0.5892 -0.5892 0.5528
vn -0.5892 -0.5892 -0.5528
vn -0.5021 -0.5021 0.7041
vn -0.6539 -0.6539 -0.3806
vn -0.4092 -0.4092 0.8155
vn -0.6937 -0.6937 -0.1939
vn -0.1420 -0.1419 -0.9796
vn -0.3946 -0.5903 0.7041
vn -0.3216 -0.4811 0.8156
vn -0.5138 -0.7689 -0.3806
vn -0.5451 -0.8157 -0.1939
vn -0.2281 -0.3414 0.9118
vn -0.5556 -0.8315 -0.0000
vn -0.1117 -0.1672 -0.9796
vn -0.2155 -0.3225 -0.9217
vn -0.5450 -0.8157 0.1939
vn -0.3110 -0.4653 -0.8287
vn -0.5138 -0.7689 0.3805
vn -0.3946 -0.5904 -0.7040
vn -0.4630 -0.6928 0.5528
vn -0.4630 -0.6928 -0.5528
vn -0.2142 -0.5175 -0.8284
vn -0.2718 -0.6561 -0.7040
vn -0.3539 -0.8544 0.3805
vn -0.3189 -0.7699 0.5528
vn -0.3189 -0.7699 -0.5528
vn -0.2717 -0.6560 0.7041
vn -0.3539 -0.8544 -0.3806
vn -0.2214 -0.5346 0.8156
vn -0.3754 -0.9064 -0.1939
vn -0.1571 -0.3793 0.9119
vn -0.3827 -0.9239 -0.0000
vn -0.0769 -0.1857 -0.9796
vn -0.1485 -0.3583 -0.9217
vn -0.3754 -0.9063 0.1939
vn -0.1914 -0.9622 -0.1939
vn -0.1951 -0.9808 -0.0000
vn -0.0392 -0.1971 -0.9796
vn -0.0757 -0.3804 -0.9217
vn 0.2149 0.5194 0.8271
vn -0.0801 -0.4026 0.9118
vn 0.1098 0.5517 0.8268
vn -0.1914 -0.9622 0.1940
vn -0.1091 -0.5489 -0.8287
vn -0.1804 -0.9070 0.3805
vn -0.1385 -0.6965 -0.7040
vn -0.1625 -0.8173 0.5528
vn -0.1625 -0.8173 -0.5527
vn -0.1385 -0.6964 0.7041
vn -0.1804 -0.9070 -0.3806
vn -0.1128 -0.5676 0.8156
vn -0.0000 -0.8333 0.5528
vn -0.0000 -0.7101 0.7041
vn -0.0000 -0.8334 -0.5527
vn -0.0000 -0.9247 -0.3806
vn -0.0000 -0.5787 0.8156
vn -0.0000 -0.9810 -0.1939
vn -0.0000 -0.4106 0.9118
vn -0.0000 -1.0000 -0.0000
vn -0.0000 -0.2010 -0.9796
vn -0.0000 -0.3879 -0.9217
vn -0.0000 -0.9810 0.1940
vn -0.0000 -0.5597 -0.8287
vn -0.0000 -0.9248 0.3806
vn -0.0000 -0.7102 -0.7040
vn 0.1914 -0.9622 0.1940
vn 0.1804 -0.9070 0.3806
vn 0.1091 -0.5489 -0.8287
vn 0.1385 -0.6965 -0.7040
vn 0.1625 -0.8173 0.5528
vn 0.1625 -0.8173 -0.5527
vn 0.1385 -0.6964 0.7041
vn 0.1804 -0.9070 -0.3806
vn 0.1128 -0.5676 0.8156
vn 0.1914 -0.9622 -0.1939
vn 0.0801 -0.4026 0.9118
vn 0.1951 -0.9808 -0.0000
vn 0.0392 -0.1971 -0.9796
vn 0.0757 -0.3804 -0.9217
vn 0.2214 -0.5346 0.8156
vn 0.1571 -0.3793 0.9119
vn 0.3754 -0.9064 -0.1939
vn 0.3827 -0.9239 -0.0000
vn 0.0769 -0.1857 -0.9796
vn 0.1485 -0.3583 -0.9217
vn 0.3754 -0.9063 0.1939
vn 0.2142 -0.5171 -0.8287
vn 0.3539 -0.8544 0.3805
vn 0.2718 -0.6561 -0.7040
vn 0.3189 -0.7699 0.5528
vn 0.3189 -0.7699 -0.5528
vn 0.2717 -0.6560 0.7041
vn 0.3539 -0.8544 -0.3806
vn 0.4630 -0.6928 0.5528
vn 0.3946 -0.5903 0.7041
vn 0.4630 -0.6928 -0.5528
vn 0.5138 -0.7689 -0.3806
vn 0.3216 -0.4811 0.8156
vn 0.5451 -0.8157 -0.1939
vn 0.2281 -0.3414 0.9118
vn 0.5556 -0.8315 -0.0000
vn 0.1117 -0.1672 -0.9796
vn 0.2155 -0.3225 -0.9217
vn 0.5450 -0.8157 0.1939
vn 0.3110 -0.4653 -0.8287
vn 0.5138 -0.7689 0.3805
vn 0.3946 -0.5904 -0.7040
vn 0.6937 -0.6937 0.1940
vn 0.6539 -0.6539 0.3805
vn 0.3957 -0.3958 -0.8287
vn 0.5021 -0.5022 -0.7040
vn 0.5892 -0.5892 0.5528
vn 0.5892 -0.5892 -0.5528
vn 0.5021 -0.5021 0.7041
vn 0.6539 -0.6539 -0.3806
vn 0.4092 -0.4092 0.8155
vn 0.6937 -0.6937 -0.1939
vn 0.2903 -0.2903 0.9118
vn 0.7071 -0.7071 -0.0000
vn 0.1420 -0.1419 -0.9796
vn 0.2742 -0.2744 -0.9217
vn -0.3124 0.4674 0.8270
vn -0.3974 0.3973 0.8272
vn 0.4811 -0.3216 0.8155
vn 0.3413 -0.2281 0.9119
vn 0.8157 -0.5451 -0.1939
vn 0.8314 -0.5556 -0.0000
vn 0.1671 -0.1117 -0.9796
vn 0.3225 -0.2155 -0.9217
vn -0.4675 0.3124 0.8269
vn 0.8156 -0.5451 0.1940
vn 0.4653 -0.3110 -0.8287
vn 0.7689 -0.5138 0.3806
vn 0.5905 -0.3946 -0.7040
vn 0.6929 -0.4629 0.5528
vn 0.6929 -0.4629 -0.5528
vn 0.5904 -0.3945 0.7041
vn 0.7689 -0.5138 -0.3806
vn 0.7699 -0.3189 0.5528
vn 0.6560 -0.2718 0.7041
vn 0.7699 -0.3189 -0.5528
vn 0.8545 -0.3539 -0.3803
vn 0.5346 -0.2215 0.8155
vn 0.9063 -0.3754 -0.1939
vn 0.3792 -0.1571 0.9119
vn 0.9239 -0.3827 -0.0000
vn 0.1857 -0.0769 -0.9796
vn 0.3583 -0.1484 -0.9217
vn 0.9063 -0.3754 0.1940
vn 0.5171 -0.2142 -0.8287
vn 0.8543 -0.3539 0.3806
vn 0.6561 -0.2718 -0.7040
vn 0.3804 -0.0756 -0.9217
vn 0.5489 -0.1092 -0.8287
vn 0.9622 -0.1914 0.1940
vn 0.9070 -0.1804 0.3806
vn 0.6965 -0.1386 -0.7040
vn 0.8173 -0.1627 0.5528
vn 0.8173 -0.1627 -0.5528
vn 0.6964 -0.1386 0.7041
vn 0.9070 -0.1804 -0.3806
vn 0.5676 -0.1129 0.8156
vn 0.9622 -0.1914 -0.1939
vn 0.4026 -0.0801 0.9119
vn 0.9808 -0.1951 -0.0000
vn 0.1972 -0.0392 -0.9796
vn 0.9247 -0.0000 -0.3806
vn 0.9810 -0.0000 -0.1939
vn 0.5787 -0.0000 0.8155
vn 0.4105 -0.0000 0.9119
vn 0.2011 -0.0000 -0.9796
vn 0.3878 -0.0000 -0.9217
vn -0.5514 0.1097 0.8270
vn -0.5623 -0.0000 0.8269
vn 0.9810 -0.0000 0.1940
vn 0.5597 -0.0000 -0.8287
vn 0.9248 -0.0000 0.3806
vn 0.7101 -0.0000 -0.7041
vn 0.8333 -0.0000 0.5528
vn 0.8333 -0.0000 -0.5528
vn 0.7101 -0.0000 0.7041
vn 0.9070 0.1804 0.3806
vn 0.8173 0.1626 0.5528
vn 0.6965 0.1386 -0.7040
vn 0.8173 0.1626 -0.5528
vn 0.6964 0.1386 0.7041
vn 0.9071 0.1804 -0.3803
vn 0.5676 0.1129 0.8155
vn 0.9622 0.1914 -0.1939
vn 0.4026 0.0801 0.9119
vn 0.9808 0.1951 -0.0000
vn 0.1972 0.0392 -0.9796
vn 0.3804 0.0756 -0.9217
vn 0.9622 0.1914 0.1940
vn 0.5489 0.1092 -0.8287
vn 0.9239 0.3827 -0.0000
vn 0.9063 0.3755 0.1940
vn 0.3583 0.1485 -0.9217
vn 0.5174 0.2142 -0.8285
vn 0.8543 0.3540 0.3806
vn 0.6561 0.2718 -0.7040
vn 0.7699 0.3189 0.5528
vn 0.7699 0.3189 -0.5528
vn 0.6560 0.2717 0.7041
vn 0.8543 0.3540 -0.3806
vn 0.5346 0.2215 0.8155
vn 0.9063 0.3755 -0.1939
vn 0.3792 0.1571 0.9119
vn 0.1857 0.0770 -0.9796
vn 0.5904 0.3945 0.7041
vn 0.4811 0.3215 0.8155
vn 0.7688 0.5138 -0.3806
vn 0.8156 0.5451 -0.1939
vn 0.3412 0.2281 0.9119
vn 0.8314 0.5556 -0.0000
vn 0.1671 0.1117 -0.9796
vn 0.3225 0.2155 -0.9217
vn 0.8156 0.5451 0.1940
vn 0.4653 0.3110 -0.8287
vn 0.7689 0.5138 0.3806
vn 0.5905 0.3946 -0.7041
vn 0.6929 0.4630 0.5528
vn 0.6929 0.4630 -0.5528
vn 0.6539 0.6539 0.3805
vn 0.5893 0.5893 0.5528
vn 0.5022 0.5022 -0.7041
vn 0.5893 0.5893 -0.5528
vn 0.5021 0.5021 0.7041
vn 0.6539 0.6539 -0.3806
vn 0.4092 0.4092 0.8156
vn 0.6937 0.6937 -0.1940
vn 0.2901 0.2902 0.9119
vn 0.7071 0.7071 -0.0000
vn 0.1422 0.1422 -0.9796
vn 0.2743 0.2743 -0.9217
vn 0.6937 0.6937 0.1940
vn 0.3958 0.3958 -0.8287
vn 0.5556 0.8315 -0.0000
vn 0.5450 0.8157 0.1940
vn 0.2155 0.3225 -0.9217
vn 0.3110 0.4653 -0.8287
vn 0.5138 0.7689 0.3805
vn 0.3946 0.5905 -0.7041
vn 0.4630 0.6929 0.5528
vn 0.4630 0.6929 -0.5528
vn 0.3945 0.5904 0.7041
vn 0.5138 0.7689 -0.3806
vn 0.3215 0.4811 0.8156
vn 0.5450 0.8157 -0.1939
vn 0.2280 0.3411 0.9120
vn 0.1117 0.1671 -0.9796
vn 0.2717 0.6560 0.7041
vn 0.2215 0.5346 0.8156
vn 0.3538 0.8544 -0.3805
vn 0.3753 0.9064 -0.1939
vn 0.1571 0.3790 0.9120
vn 0.3826 0.9239 -0.0000
vn 0.0770 0.1857 -0.9796
vn 0.1485 0.3583 -0.9217
vn 0.3753 0.9064 0.1940
vn 0.2142 0.5171 -0.8287
vn 0.3539 0.8544 0.3805
vn 0.2718 0.6561 -0.7040
vn 0.3189 0.7699 0.5528
vn 0.3189 0.7699 -0.5528
vn 0.1805 0.9070 0.3805
vn 0.1626 0.8173 0.5528
vn 0.1386 0.6965 -0.7040
vn 0.1626 0.8173 -0.5527
vn 0.1386 0.6964 0.7041
vn 0.1805 0.9070 -0.3805
vn 0.1129 0.5676 0.8155
vn 0.1915 0.9621 -0.1940
vn 0.0801 0.4024 0.9120
vn 0.1952 0.9808 -0.0000
vn 0.0392 0.1972 -0.9796
vn 0.0756 0.3804 -0.9217
vn 0.1915 0.9621 0.1940
vn 0.1092 0.5489 -0.8287
vn -0.1098 -0.5516 0.8268
vn 0.1088 -0.1050 0.9885
vn 0.5073 -0.2319 0.8300
vn 0.5212 -0.1343 0.8428
vn 0.0626 -0.0759 0.9952
vn -0.6541 0.1139 -0.7478
vn -0.6425 0.2195 -0.7342
vn -0.0898 0.1361 -0.9866
vn -0.1179 0.0248 -0.9927
vn 0.4409 0.1106 -0.8907
vn 0.4035 0.0093 -0.9149
vn 0.8283 0.0311 -0.5595
vn 0.7871 -0.0982 -0.6090
vn 0.9827 -0.0655 -0.1730
vn 0.9530 -0.2437 -0.1801
vn 0.9120 -0.1296 0.3893
vn 0.8695 -0.3087 0.3854
vn 0.5330 0.1096 0.8390
vn 0.0544 0.1135 0.9920
vn -0.4665 0.2116 0.8588
vn -0.4499 0.0774 0.8897
vn -0.7805 0.3452 0.5212
vn -0.8058 0.2047 0.5557
vn 0.1358 -0.0909 0.9866
vn 0.5052 -0.2649 0.8213
vn 0.1327 0.6859 0.7155
vn 0.2160 0.7478 0.6278
vn -0.1405 0.0115 -0.9900
vn -0.6693 0.0545 -0.7410
vn -0.4440 0.5857 -0.6781
vn -0.0070 0.4676 -0.8839
vn 0.0202 0.9357 -0.3523
vn 0.1310 0.9370 -0.3239
vn 0.3790 0.3438 -0.8592
vn 0.3985 -0.0473 -0.9160
vn -0.1584 0.9874 0.0011
vn -0.8523 0.5099 -0.1166
vn 0.0984 0.9762 0.1932
vn 0.3412 0.9128 -0.2244
vn 0.0892 0.8612 -0.5004
vn 0.8297 0.2571 -0.4955
vn -0.9399 0.2517 0.2308
vn -0.8681 0.4302 0.2476
vn -0.9404 0.2875 -0.1815
vn -0.2358 0.9585 0.1604
vn -0.9756 0.1429 0.1667
vn -0.9557 0.1532 -0.2511
vn -0.9662 0.0482 -0.2534
vn -0.9804 0.1025 0.1684
vn 0.0294 0.9995 -0.0086
vn 0.3764 0.9259 -0.0315
vn -0.4090 0.0757 0.9094
vn -0.4069 0.1023 0.9077
vn 0.9601 0.2476 -0.1301
vn -0.8272 0.1774 0.5331
vn -0.8314 0.1707 0.5289
vn 0.8487 -0.3833 0.3644
vn 0.9078 0.2122 0.3618
vn 0.3571 0.9186 0.1691
vn 0.0303 0.9932 -0.1123
vn -0.0515 0.7657 0.6412
vn -0.2073 0.9412 0.2669
vn 0.9273 -0.3195 -0.1949
vn 0.7604 -0.1698 -0.6269
vn -0.7311 0.6808 -0.0437
vn -0.7739 0.5199 0.3617
vn -0.5091 0.8284 0.2334
vn -0.2350 0.9719 -0.0148
vn 0.9739 -0.0218 0.2260
vn 0.9804 -0.0049 0.1970
vn 0.9434 -0.0742 -0.3232
vn 0.9583 -0.0891 -0.2716
vn 0.9509 0.0689 0.3019
vn 0.9889 -0.0032 -0.1485
vn 0.6998 -0.1755 -0.6925
vn 0.7428 -0.1894 -0.6421
vn -0.4006 0.8846 -0.2389
vn -0.2654 0.8459 -0.4625
vn 0.0175 0.9907 -0.1348
vn -0.2363 -0.1815 -0.9546
vn -0.2840 -0.2145 -0.9345
vn -0.9164 -0.0591 -0.3958
vn -0.8882 -0.0544 -0.4561
vn -0.1737 0.9474 -0.2689
vn 0.0502 0.9983 -0.0304
vn -0.2151 0.0310 -0.9761
vn -0.8505 0.0638 -0.5222
vn 0.8095 -0.1236 -0.5739
vn -0.0036 0.8537 -0.5208
vn 0.2121 0.8864 -0.4115
vn -0.9187 0.0259 0.3940
vn -0.9940 0.0417 -0.1008
vn -0.9952 -0.0831 -0.0517
vn -0.8780 -0.1961 0.4366
vn -0.5106 0.8560 0.0809
vn 0.0616 0.9072 0.4162
vn 0.2126 0.9769 -0.0203
vn -0.5620 0.7040 -0.4341
vn 0.6767 0.3021 0.6714
vn 0.8788 0.3966 0.2655
vn 0.9015 0.3909 -0.1856
vn 0.6644 0.0174 0.7471
vn 0.6388 -0.0546 0.7674
vn 0.6604 -0.0288 0.7504
vn 0.6531 0.3970 -0.6448
vn 0.4901 -0.2423 -0.8373
vn 0.4781 -0.2431 -0.8440
vn 0.2788 0.5666 -0.7754
vn -0.0764 0.8066 -0.5862
vn -0.5228 0.5844 0.6206
vn -0.3476 0.6447 0.6809
vn -0.0255 -0.1470 0.9888
vn 0.1881 -0.0921 0.9778
vn 0.2152 -0.1326 0.9675
vn -0.0234 -0.1970 0.9801
vn 0.2921 -0.0784 0.9532
vn -0.0192 -0.1222 0.9923
vn -0.9954 -0.0950 0.0088
vn 0.4652 -0.1264 -0.8761
vn -0.5196 -0.0343 0.8537
vn -0.0294 0.1087 0.9936
vn -0.5340 0.3257 0.7803
vn 0.3477 0.1493 0.9256
vn -0.4314 -0.2473 0.8676
vn -0.3895 -0.2197 0.8944
vn -0.8419 -0.2156 0.4947
vn -0.0458 0.6934 0.7191
vn -0.4007 0.7470 -0.5305
vn -0.2040 0.8206 -0.5338
vn -0.1742 0.6713 -0.7204
vn -0.2215 0.7986 -0.5596
vn 0.6139 0.6958 -0.3729
vn 0.4146 0.5663 -0.7123
vn 0.9740 0.0045 0.2263
vn 0.7172 0.0042 0.6968
vn 0.7141 -0.0859 0.6948
vn 0.9852 -0.0576 0.1617
vn -0.9709 -0.1350 -0.1979
vn -0.9738 -0.1387 -0.1804
vn -0.9240 -0.1467 0.3530
vn -0.9430 -0.1280 0.3071
vn -0.7793 -0.1635 0.6050
vn -0.7365 0.1147 0.6666
vn -0.9463 0.3232 -0.0090
vn -0.9831 -0.1178 0.1402
vn -0.2418 0.8747 -0.4200
vn -0.2134 0.8636 -0.4569
vn -0.4811 0.6045 -0.6349
vn -0.7475 0.5041 -0.4326
vn -0.4005 0.8215 -0.4058
vn -0.2335 0.9683 -0.0886
vn -0.3667 0.8930 0.2608
vn -0.2156 0.9732 -0.0802
vn 0.2876 0.5914 0.7533
vn 0.5773 0.7743 0.2590
vn 0.6773 0.1310 0.7240
vn 0.9473 0.1653 0.2744
vn 0.9612 -0.1116 -0.2522
vn 0.9752 0.1114 -0.1912
vn 0.9805 -0.0926 0.1734
vn 0.6966 -0.1255 0.7064
vn 0.6692 -0.1473 0.7283
vn 0.9701 -0.1113 0.2158
vn -0.1485 0.8890 -0.4332
vn -0.5158 0.8526 -0.0843
vn -0.0104 -0.0954 0.9954
vn 0.0239 0.1179 0.9927
vn -0.2878 0.5803 -0.7619
vn 0.2543 0.2385 -0.9373
vn -0.0010 0.4588 -0.8885
vn 0.3957 -0.2448 -0.8852
vn 0.1075 -0.1238 -0.9865
vn 0.5647 -0.2546 -0.7850
vn 0.4296 -0.2651 -0.8632
vn 0.4179 -0.2745 -0.8660
vn 0.5417 -0.2960 -0.7867
vn 0.7234 -0.2636 -0.6382
vn 0.7148 0.0694 -0.6959
vn -0.4678 0.7561 0.4576
vn -0.0677 0.5883 0.8058
vn -0.1840 0.9615 0.2040
vn 0.0175 0.9987 0.0488
vn 0.8692 -0.1943 -0.4547
vn 0.8774 -0.1767 -0.4460
vn 0.5961 -0.2614 -0.7592
vn 0.6004 -0.2952 -0.7432
vn -0.0033 -0.2947 0.9556
vn 0.0521 -0.2673 0.9622
vn -0.3259 0.0077 -0.9454
vn -0.7020 0.0643 -0.7093
vn -0.6992 -0.1910 -0.6889
vn -0.1472 -0.2668 -0.9524
vn -0.2296 -0.2439 -0.9422
vn -0.7208 -0.1655 -0.6731
vn -0.9502 -0.0019 -0.3118
vn -0.7809 -0.2619 0.5671
vn -0.7158 -0.2580 0.6489
vn -0.0651 -0.2718 0.9601
vn -0.9670 -0.1181 -0.2257
vn -0.9638 -0.1505 0.2199
vn -0.7123 -0.1396 -0.6878
vn -0.2287 -0.2040 -0.9519
vn 0.2949 -0.2991 -0.9075
vn 0.4644 -0.3823 -0.7989
vn 0.9079 -0.1923 -0.3725
vn -0.6548 -0.2479 0.7139
vn 0.6410 -0.3556 -0.6802
vn -0.0267 0.0649 0.9975
vn -0.0329 -0.0737 0.9967
vn 0.2416 -0.0853 0.9666
vn 0.1684 0.0251 0.9854
vn 0.3890 -0.0406 0.9204
vn 0.7168 -0.0968 0.6905
vn 0.9076 0.3399 0.2464
vn 0.5841 0.7128 0.3882
vn 0.7103 -0.2429 0.6606
vn 0.3170 -0.2900 0.9030
vn 0.2923 -0.3752 0.8796
vn 0.6952 -0.2680 0.6670
vn 0.6215 -0.1974 0.7581
vn 0.8789 -0.2123 0.4272
vn 0.7845 -0.1616 0.5987
vn 0.4935 -0.1390 0.8586
vn 0.1870 0.8217 0.5384
vn 0.2552 0.6303 -0.7332
vn 0.0666 0.6814 -0.7288
vn 0.0199 0.2729 -0.9619
vn 0.0447 0.2860 -0.9572
vn 0.2135 0.5192 -0.8276
vn 0.2447 0.6343 -0.7333
vn -0.0243 0.6053 -0.7956
vn 0.0529 0.5677 -0.8215
vn 0.9275 -0.2327 0.2925
vn 0.9291 -0.2307 0.2891
vn 0.9292 0.1765 -0.3247
vn 0.9484 0.1070 -0.2985
vn -0.1088 -0.1958 0.9746
vn -0.5951 -0.0974 0.7977
vn -0.6308 -0.2390 0.7382
vn -0.5699 0.0435 0.8206
vn 0.3142 -0.1571 0.9363
vn -0.0644 0.8067 0.5874
vn -0.6178 0.5998 0.5084
vn -0.5199 0.6654 -0.5357
vn -0.0616 0.7621 -0.6446
vn 0.9639 0.0680 -0.2576
vn 0.9579 0.0751 -0.2772
vn 0.4890 0.4803 -0.7281
vn 0.3987 0.3732 -0.8377
vn 0.4738 0.4113 -0.7787
vn 0.3067 0.3112 -0.8995
vn 0.0806 0.4027 -0.9118
vn -0.0160 0.2847 -0.9585
vn -0.8231 0.1351 -0.5515
vn -0.8049 0.1500 -0.5742
vn -0.2959 0.4467 -0.8443
vn -0.4295 0.4355 -0.7911
vn -0.9887 -0.0730 0.1309
vn -0.9858 -0.1417 0.0900
vn -0.1178 0.4042 -0.9071
vn 0.0667 0.4452 -0.8930
vn -0.9815 0.1732 0.0822
vn -0.6587 0.2779 -0.6992
vn -0.7439 0.2075 -0.6352
vn -0.9948 0.0306 0.0971
vn 0.3207 0.2838 -0.9037
vn 0.9703 0.1561 -0.1851
vn 0.9674 0.0814 -0.2397
vn -0.2801 -0.4827 0.8298
vn -0.2108 -0.3754 0.9026
vn -0.7219 -0.3998 0.5648
vn -0.7443 -0.4778 0.4666
vn -0.9773 -0.2116 -0.0132
vn -0.9576 -0.2764 -0.0812
vn -0.8431 0.1393 -0.5193
vn -0.8155 0.2476 -0.5232
vn -0.4919 0.4885 -0.7207
vn -0.4602 0.5711 -0.6798
vn -0.1045 0.6481 -0.7544
vn -0.1453 0.6756 -0.7228
vn 0.1468 0.7240 -0.6739
vn 0.0609 0.7354 -0.6749
vn 0.5203 0.5860 -0.6213
vn 0.2923 0.7464 -0.5979
vn 0.9706 -0.1357 0.1987
vn 0.9521 -0.0867 -0.2932
vn 0.9863 -0.0980 -0.1330
vn 0.9063 -0.1169 0.4062
vn 0.3191 0.0721 0.9450
vn 0.5593 0.0458 0.8277
vn 0.4115 0.5996 0.6864
vn 0.1597 0.5978 0.7856
vn 0.9762 -0.2171 0.0030
vn 0.7687 -0.1107 0.6300
vn 0.8383 -0.1246 0.5308
vn 0.8687 -0.2580 -0.4229
vn 0.7320 -0.0760 -0.6770
vn 0.7304 0.0021 -0.6830
vn 0.9046 -0.1598 -0.3952
vn 0.6552 0.1031 -0.7484
vn 0.5831 0.1600 -0.7965
vn 0.3692 0.2470 -0.8959
vn 0.6875 0.0389 -0.7251
vn -0.7246 -0.0958 0.6825
vn -0.3740 -0.0501 0.9261
vn -0.6290 0.2686 0.7295
vn -0.9637 0.1288 0.2340
vn -0.8229 -0.1084 0.5577
vn -0.4667 -0.1569 0.8704
vn -0.4133 -0.1026 0.9048
vn -0.7884 -0.0895 0.6086
vn -0.8608 -0.2252 0.4564
vn -0.5693 -0.3360 0.7504
vn -0.9920 0.1094 -0.0633
vn 0.2466 0.8016 -0.5447
vn 0.7787 0.5860 0.2244
vn 0.8950 0.2693 -0.3557
vn 0.1687 0.3311 -0.9284
vn -0.9757 0.0211 -0.2180
vn -0.8757 -0.3146 0.3664
vn -0.9878 0.0235 -0.1541
vn -0.4803 0.4535 -0.7508
vn -0.6950 0.3047 -0.6513
vn -0.6666 0.3055 -0.6799
vn -0.3479 0.4019 -0.8470
vn -0.2121 0.5598 -0.8010
vn -0.1801 0.4297 -0.8848
vn -0.6407 0.4036 -0.6531
vn -0.7204 0.3401 -0.6044
vn -0.7975 0.2540 -0.5473
vn -0.7661 0.2667 -0.5848
vn 0.1746 0.2317 -0.9570
vn 0.7100 0.0454 -0.7027
vn -0.7684 0.3620 -0.5277
vn -0.3545 0.4023 -0.8441
vn -0.2203 0.3913 -0.8935
vn -0.2208 0.3493 -0.9106
vn -0.1308 0.3665 -0.9212
vn -0.1310 0.9537 -0.2708
vn 0.0216 0.9327 -0.3599
vn 0.0819 0.4681 -0.8799
vn 0.2697 0.4294 -0.8619
vn -0.3178 0.5339 -0.7835
vn -0.4228 0.8881 -0.1802
vn -0.7632 0.6461 -0.0078
vn 0.2900 -0.1492 0.9453
vn 0.2385 -0.1429 0.9606
vn 0.6671 -0.0601 0.7425
vn -0.6102 -0.4406 0.6585
vn -0.2544 -0.3573 0.8987
vn -0.1642 -0.3058 0.9378
vn 0.9773 -0.2097 0.0316
vn 0.3958 -0.1153 0.9111
vn 0.3820 -0.0462 0.9230
vn 0.0188 -0.0613 0.9979
vn -0.0243 -0.1584 0.9871
vn -0.9810 0.1077 -0.1614
vn 0.6750 -0.0782 0.7337
vn 0.9978 -0.0148 0.0641
vn 0.8068 0.0239 0.5904
vn -0.1660 0.5191 0.8385
vn 0.0380 0.0393 0.9985
vn 0.1599 0.4416 -0.8828
vn -0.4068 0.4789 -0.7779
vn -0.8369 0.4547 -0.3047
vn -0.9533 0.0047 -0.3020
vn -0.9941 0.0451 -0.0985
vn -0.7972 0.6022 -0.0432
vn 0.8723 0.2511 0.4196
vn 0.9733 0.1963 0.1191
vn 0.7694 0.6070 0.1989
vn 0.7114 0.5594 0.4255
vn -0.4205 0.8293 0.3681
vn -0.3989 0.6416 0.6552
vn -0.5865 -0.0288 0.8095
vn -0.2512 -0.0212 0.9677
vn -0.1014 0.9530 -0.2854
vn -0.1896 0.9407 -0.2814
vn -0.1633 0.9851 -0.0545
vn -0.1385 0.9400 -0.3117
vn 0.9988 0.0135 0.0469
vn 0.9267 0.0645 0.3701
vn 0.0186 0.9952 0.0961
vn 0.0882 0.9840 -0.1549
vn 0.9954 -0.0910 0.0305
vn 0.9369 -0.0403 0.3472
vn 0.5800 0.0395 -0.8137
vn 0.3037 0.6852 -0.6620
vn 0.6891 0.6580 -0.3036
vn 0.9112 0.0897 -0.4022
vn -0.8368 -0.1570 -0.5246
vn -0.8171 -0.1935 -0.5431
vn -0.9267 -0.1454 -0.3465
vn -0.9402 -0.1213 -0.3184
vn -0.0922 0.6852 -0.7225
vn 0.0988 0.0944 -0.9906
vn -0.2560 0.1397 -0.9565
vn -0.2415 0.6503 -0.7203
vn -0.5851 -0.1230 -0.8016
vn -0.5675 -0.2089 -0.7964
vn -0.8931 -0.3324 0.3030
vn -0.8449 -0.4333 0.3136
vn -0.3881 -0.5764 0.7191
vn -0.4788 -0.4410 0.7591
vn -0.1771 0.9806 -0.0844
vn -0.6089 0.5679 -0.5537
vn -0.8222 0.4569 -0.3394
vn -0.2417 0.9703 0.0012
vn -0.3095 0.9350 -0.1731
vn -0.1364 0.9864 -0.0921
vn 0.4793 0.1175 0.8697
vn 0.4640 0.5892 0.6614
vn -0.0604 0.6051 0.7939
vn -0.0796 -0.0133 0.9967
vn -0.0435 0.9883 0.1464
vn -0.2453 0.9670 0.0686
vn -0.8705 -0.0174 -0.4919
vn -0.2028 -0.0968 -0.9744
vn -0.1096 -0.2115 -0.9712
vn 0.8988 -0.0729 -0.4322
vn 0.5903 -0.1449 -0.7940
vn -0.6201 0.0765 -0.7808
vn -0.1699 0.9814 -0.0897
vn -0.0199 0.9732 -0.2290
vn -0.2378 0.9696 0.0574
vn 0.3965 -0.0973 0.9129
vn 0.8110 0.0390 0.5837
vn 0.8001 0.2453 0.5475
vn -0.4066 0.9113 -0.0647
vn -0.2169 0.9630 -0.1600
vn -0.3652 0.9105 0.1938
vn -0.6893 0.6236 0.3688
vn -0.9541 0.0689 0.2914
vn 0.8909 -0.1538 -0.4274
vn 0.6114 -0.2137 -0.7619
vn -0.9768 -0.1944 -0.0904
vn -0.9834 -0.1629 -0.0793
vn 0.8103 -0.0754 0.5811
vn -0.2154 -0.3742 0.9020
vn -0.1565 -0.2780 0.9478
vn 0.1872 -0.1384 -0.9725
vn 0.2638 -0.2356 -0.9354
vn -0.1960 -0.3375 0.9207
vn 0.3386 -0.2016 0.9191
vn 0.7140 0.5746 0.4000
vn -0.1005 0.9919 0.0772
vn -0.4119 0.9108 0.0264
vn -0.1961 0.9267 0.3206
vn -0.2424 -0.4760 0.8454
vn 0.7920 0.0504 0.6084
vn 0.2322 0.0349 0.9720
vn 0.2651 0.0446 0.9632
vn 0.8214 0.0182 0.5700
vn 0.9981 -0.0562 0.0265
vn 0.9923 -0.0345 0.1194
vn -0.3398 0.5360 0.7728
vn -0.2093 0.1511 0.9661
vn 0.3648 0.1891 0.9117
vn 0.1441 0.6833 0.7157
vn 0.1959 0.9526 -0.2329
vn 0.4447 0.6934 -0.5670
vn -0.3226 0.5451 -0.7738
vn -0.5276 0.6075 -0.5937
vn 0.7650 0.0868 0.6382
vn 0.2889 0.0608 0.9554
vn -0.2726 0.0027 0.9621
vn -0.1262 0.0269 0.9916
vn 0.3541 0.0443 0.9342
vn -0.8355 0.4162 -0.3588
vn -0.9325 0.2873 -0.2187
vn -0.9884 0.0503 0.1433
vn -0.9730 0.2051 0.1058
vn -0.5400 0.8417 -0.0003
vn -0.7800 0.4373 -0.4477
vn -0.9027 0.4151 -0.1133
vn -0.8193 0.5122 0.2578
vn -0.1859 -0.0227 0.9823
vn -0.2727 -0.0171 0.9619
vn 0.9686 0.0073 0.2485
vn 0.9215 0.1577 0.3550
vn 0.7346 0.2073 0.6460
vn 0.9253 -0.1521 -0.3475
vn 0.9562 -0.1513 -0.2505
vn -0.9908 0.0658 -0.1182
vn -0.9908 -0.0841 -0.1059
vn -0.9458 -0.1957 0.2593
vn -0.9715 -0.1087 0.2108
vn -0.5684 0.5255 -0.6330
vn -0.4282 0.5040 -0.7501
vn -0.7299 0.4909 -0.4756
vn -0.6953 0.5367 -0.4780
vn 0.7888 0.0066 0.6146
vn 0.9955 -0.0713 0.0631
vn -0.1176 0.9906 -0.0699
vn 0.6159 0.5862 0.5263
vn 0.5659 0.2673 -0.7800
vn 0.9861 0.1305 -0.1028
vn 0.9850 -0.0741 -0.1560
vn 0.5983 0.0802 -0.7973
vn 0.0854 0.0129 -0.9963
vn 0.0671 0.1430 -0.9874
vn 0.6387 -0.0987 -0.7631
vn 0.6474 -0.1280 -0.7514
vn -0.6343 -0.0253 0.7726
vn -0.6912 -0.0921 0.7167
vn 0.6134 -0.0224 -0.7895
vn -0.6756 0.1627 0.7191
vn -0.7883 0.1927 -0.5843
vn -0.3506 0.2268 -0.9087
vn -0.3548 0.0017 -0.9350
vn -0.8008 -0.0392 -0.5976
vn -0.3687 0.3888 -0.8444
vn -0.1077 0.3168 -0.9423
vn -0.2720 0.3686 -0.8889
vn -0.6940 -0.1179 0.7102
vn 0.8095 0.5264 0.2602
vn 0.9055 0.4197 -0.0622
vn 0.9198 -0.1403 -0.3664
vn -0.6819 0.5021 -0.5318
vn -0.9451 0.3238 0.0434
vn -0.7813 0.4181 -0.4635
vn -0.7205 0.4437 -0.5329
vn -0.6947 0.4206 -0.5835
vn -0.5879 -0.1021 0.8024
vn 0.0634 0.9678 0.2437
vn -0.6504 0.7420 -0.1624
vn -0.5793 0.8135 -0.0518
vn 0.1801 0.9783 0.1023
vn 0.0421 0.9959 0.0795
vn 0.0911 0.9479 0.3053
vn -0.0890 0.9937 0.0684
vn 0.5801 0.8090 0.0942
vn 0.5526 0.8280 -0.0953
vn -0.0279 0.9830 0.1813
vn 0.8941 0.3012 -0.3314
vn 0.9503 0.3042 0.0658
vn 0.9980 0.0614 0.0157
vn 0.9999 -0.0098 0.0050
vn 0.9130 -0.0573 -0.4040
vn 0.9131 0.0243 -0.4070
vn 0.0277 0.9772 0.2104
vn 0.1637 0.9369 0.3089
vn -0.8676 0.1451 -0.4756
vn -0.4331 0.7831 -0.4463
vn -0.5626 0.1233 -0.8174
vn 0.0541 0.8689 -0.4920
vn -0.0798 -0.0503 -0.9955
vn -0.0928 -0.0756 -0.9928
vn -0.5234 -0.0709 -0.8491
vn -0.5223 -0.0683 -0.8500
vn -0.1154 0.9922 0.0462
vn 0.5761 0.7911 0.2055
vn -0.0025 0.9934 0.1150
vn 0.2513 0.9498 0.1861
vn 0.5015 -0.0780 -0.8616
vn 0.5128 -0.0093 -0.8585
vn -0.4349 0.8333 0.3411
vn -0.9623 0.1947 -0.1897
vn -0.9327 0.2354 0.2734
vn -0.9868 -0.0631 0.1488
vn -0.9838 -0.0308 0.1768
vn -0.9685 -0.0174 -0.2482
vn -0.9662 -0.0453 -0.2537
vn 0.9324 0.0801 0.3524
vn 0.9345 0.0194 0.3556
vn 0.9009 0.2830 0.3291
vn 0.0732 0.9640 0.2558
vn 0.4255 0.8300 -0.3605
vn 0.5537 0.2776 -0.7851
vn -0.8167 -0.0598 -0.5739
vn -0.8238 -0.0523 -0.5645
vn 0.6815 0.2979 0.6685
vn 0.5130 0.7244 0.4605
vn -0.0440 0.8971 0.4396
vn 0.1450 0.4582 0.8769
vn 0.2443 -0.0677 0.9673
vn 0.7079 -0.0066 0.7063
vn 0.7147 0.0494 0.6977
vn 0.2788 0.0139 0.9603
vn -0.0076 0.2174 -0.9761
vn -0.5580 0.1977 0.8059
vn -0.2157 0.3908 0.8948
vn 0.1144 0.8283 0.5485
vn -0.1317 0.6856 0.7159
vn -0.7017 -0.0887 0.7069
vn -0.3512 -0.0887 0.9321
vn -0.1522 0.4520 0.8789
vn -0.1220 0.9000 0.4185
vn -0.1319 -0.0361 0.9906
vn -0.3773 -0.1270 0.9173
vn -0.1781 -0.1079 0.9781
vn -0.7217 -0.1133 0.6829
vn -0.3411 0.9128 -0.2244
vn -0.8297 0.2571 -0.4955
vn -0.9601 0.2475 -0.1301
vn -0.3766 0.9258 -0.0315
vn -0.7871 -0.0980 -0.6089
vn -0.7606 -0.1694 -0.6267
vn -0.9273 -0.3196 -0.1948
vn -0.9530 -0.2436 -0.1801
vn 0.9558 0.1531 -0.2511
vn 0.9662 0.0484 -0.2534
vn 0.6693 0.0545 -0.7410
vn 0.6541 0.1140 -0.7478
vn 0.6425 0.2195 -0.7342
vn 0.9404 0.2875 -0.1815
vn 0.8523 0.5098 -0.1167
vn 0.4441 0.5857 -0.6780
vn -0.4034 0.0092 -0.9150
vn -0.3984 -0.0475 -0.9160
vn 0.4665 0.2116 0.8588
vn 0.0515 0.7657 0.6412
vn -0.1327 0.6861 0.7153
vn -0.0543 0.1135 0.9920
vn 0.2358 0.9585 0.1604
vn 0.2073 0.9412 0.2669
vn 0.7805 0.3452 0.5212
vn 0.8681 0.4303 0.2476
vn -0.4407 0.1106 -0.8908
vn -0.8282 0.0313 -0.5596
vn -0.3788 0.3440 -0.8592
vn 0.4089 0.0757 0.9094
vn 0.4499 0.0774 0.8897
vn -0.0628 -0.0757 0.9951
vn -0.1089 -0.1050 0.9885
vn 0.9400 0.2513 0.2308
vn 0.9756 0.1426 0.1667
vn 0.8058 0.2047 0.5557
vn 0.8273 0.1773 0.5331
vn 0.8315 0.1705 0.5288
vn 0.9804 0.1025 0.1684
vn -0.8486 -0.3834 0.3645
vn -0.8695 -0.3085 0.3856
vn -0.9827 -0.0657 -0.1731
vn -0.9120 -0.1298 0.3892
vn -0.9077 0.2122 0.3619
vn -0.3570 0.9187 0.1692
vn -0.0303 0.9932 -0.1123
vn -0.0295 0.9995 -0.0086
vn -0.2160 0.7478 0.6278
vn -0.5331 0.1097 0.8389
vn -0.5211 -0.1344 0.8428
vn -0.5073 -0.2322 0.8299
vn -0.5051 -0.2650 0.8214
vn 0.4069 0.1023 0.9077
vn -0.1357 -0.0913 0.9865
vn -0.0983 0.9762 0.1933
vn 0.1588 0.9873 0.0012
vn -0.0895 0.8611 -0.5005
vn -0.1311 0.9369 -0.3240
vn 0.0068 0.4674 -0.8840
vn -0.0202 0.9357 -0.3522
vn 0.1178 0.0248 -0.9927
vn 0.1405 0.0115 -0.9900
vn 0.0898 0.1361 -0.9866
vn 0.5851 -0.1229 -0.8016
vn 0.2029 -0.0971 -0.9744
vn 0.2560 0.1400 -0.9565
vn 0.6200 0.0765 -0.7809
vn -0.0988 0.0944 -0.9906
vn -0.1872 -0.1383 -0.9725
vn -0.5903 -0.1449 -0.7941
vn -0.5800 0.0395 -0.8137
vn -0.2638 -0.2356 -0.9354
vn -0.6113 -0.2135 -0.7621
vn 0.2168 0.9630 -0.1601
vn 0.1964 0.9266 0.3206
vn 0.4119 0.9109 0.0263
vn 0.4067 0.9113 -0.0645
vn 0.1005 0.9919 0.0772
vn 0.3652 0.9105 0.1938
vn -0.7140 0.5746 0.4000
vn -0.8001 0.2453 0.5475
vn -0.4793 0.1175 0.8697
vn -0.4640 0.5892 0.6615
vn 0.1565 -0.2780 0.9478
vn -0.3965 -0.0973 0.9129
vn -0.3386 -0.2016 0.9191
vn 0.1960 -0.3375 0.9207
vn -0.3037 0.6852 -0.6620
vn 0.3096 0.9350 -0.1731
vn 0.1698 0.9814 -0.0897
vn 0.0922 0.6852 -0.7225
vn 0.2416 0.6500 -0.7205
vn 0.0199 0.9732 -0.2291
vn 0.1097 -0.2118 -0.9711
vn -0.7114 0.5594 0.4254
vn -0.8723 0.2511 0.4196
vn -0.9988 0.0136 0.0469
vn -0.8988 -0.0727 -0.4323
vn -0.8908 -0.1542 -0.4274
vn -0.9954 -0.0910 0.0304
vn -0.8110 0.0390 0.5838
vn -0.8102 -0.0752 0.5813
vn 0.7971 0.6023 -0.0435
vn 0.8369 0.4547 -0.3046
vn 0.1896 0.9407 -0.2814
vn 0.1633 0.9851 -0.0546
vn 0.0796 -0.0133 0.9967
vn 0.6090 0.5679 -0.5537
vn 0.1769 0.9806 -0.0844
vn 0.2509 -0.0213 0.9678
vn 0.2154 -0.3742 0.9020
vn -0.9267 0.0646 0.3701
vn -0.9369 -0.0405 0.3472
vn 0.9401 -0.1213 -0.3185
vn 0.9834 -0.1629 -0.0794
vn 0.9768 -0.1944 -0.0903
vn 0.9267 -0.1453 -0.3467
vn 0.3989 0.6416 0.6552
vn 0.5865 -0.0288 0.8095
vn 0.9541 0.0687 0.2914
vn 0.6894 0.6235 0.3687
vn -0.9733 0.1963 0.1191
vn -0.7694 0.6070 0.1989
vn -0.6891 0.6580 -0.3036
vn -0.9112 0.0897 -0.4022
vn 0.4205 0.8293 0.3681
vn 0.0606 0.6055 0.7935
vn 0.0436 0.9883 0.1463
vn 0.1368 0.9863 -0.0921
vn 0.2452 0.9670 0.0686
vn 0.2380 0.9696 0.0573
vn 0.2418 0.9703 0.0012
vn 0.8705 -0.0173 -0.4919
vn 0.8222 0.4569 -0.3394
vn 0.5675 -0.2093 -0.7963
vn 0.9533 0.0047 -0.3021
vn 0.1014 0.9530 -0.2853
vn -0.0188 0.9952 0.0963
vn 0.8931 -0.3325 0.3030
vn 0.4788 -0.4410 0.7591
vn 0.3881 -0.5764 0.7191
vn 0.8449 -0.4333 0.3138
vn 0.8368 -0.1569 -0.5246
vn 0.8171 -0.1935 -0.5431
vn -0.0885 0.9840 -0.1547
vn 0.1385 0.9401 -0.3116
vn 0.9941 0.0451 -0.0986
vn 0.2424 -0.4760 0.8454
vn -0.0819 0.4681 -0.8799
vn 0.2121 0.5598 -0.8010
vn 0.3180 0.5338 -0.7835
vn -0.2695 0.4295 -0.8619
vn 0.2203 0.3913 -0.8935
vn 0.2208 0.3493 -0.9106
vn -0.0215 0.9327 -0.3600
vn 0.1310 0.9537 -0.2709
vn -0.7101 0.0454 -0.7026
vn -0.6877 0.0387 -0.7250
vn -0.9452 -0.0655 -0.3200
vn -0.9863 -0.0980 -0.1330
vn 0.7884 -0.0895 0.6086
vn 0.7246 -0.0958 0.6825
vn 0.3736 -0.0501 0.9262
vn 0.4134 -0.1026 0.9047
vn -0.0377 0.0393 0.9985
vn -0.0829 -0.1019 0.9913
vn -0.3190 0.0720 0.9450
vn -0.4496 -0.1598 0.8788
vn -0.5591 0.0458 0.8279
vn -0.5998 -0.2043 0.7736
vn -0.8067 0.0239 0.5904
vn -0.8690 -0.1642 0.4668
vn -0.9978 -0.0148 0.0643
vn 0.8229 -0.1085 0.5577
vn 0.9811 0.1078 -0.1610
vn 0.9920 0.1094 -0.0633
vn -0.8948 0.2696 -0.3559
vn -0.1688 0.3311 -0.9284
vn -0.1744 0.2317 -0.9570
vn 0.1308 0.3665 -0.9212
vn 0.1801 0.4297 -0.8848
vn 0.3546 0.4026 -0.8439
vn 0.3479 0.4019 -0.8470
vn 0.7684 0.3620 -0.5277
vn 0.6666 0.3055 -0.6799
vn 0.9636 0.1287 0.2343
vn -0.3694 0.2472 -0.8958
vn 0.4802 0.4534 -0.7509
vn 0.6949 0.3046 -0.6514
vn 0.9757 0.0210 -0.2182
vn 0.9878 0.0233 -0.1540
vn 0.8298 -0.2929 0.4750
vn 0.7623 -0.4923 0.4201
vn -0.2470 0.8017 -0.5443
vn -0.7786 0.5860 0.2243
vn -0.4181 0.3877 -0.8215
vn -0.1596 0.4419 -0.8828
vn -0.4985 0.3432 -0.7960
vn 0.6406 0.4036 -0.6533
vn 0.7203 0.3400 -0.6046
vn 0.4065 0.4791 -0.7779
vn 0.4228 0.8881 -0.1802
vn -0.9218 0.0249 -0.3869
vn -0.9099 0.0148 -0.4147
vn -0.9870 -0.1604 -0.0031
vn -0.9834 -0.1792 -0.0304
vn 0.7972 0.2541 -0.5476
vn 0.7661 0.2671 -0.5846
vn 0.6290 0.2686 0.7295
vn 0.7632 0.6461 -0.0078
vn -0.5100 -0.2964 0.8075
vn -0.6932 -0.2754 0.6660
vn 0.1660 0.5191 0.8385
vn -0.3361 -0.2176 0.9164
vn -0.0082 -0.5343 0.8453
vn -0.1804 -0.3334 0.9254
vn 0.4126 -0.2288 0.8817
vn 0.3738 -0.5416 0.7530
vn -0.4113 0.5998 0.6863
vn -0.7463 0.1288 -0.6531
vn -0.6019 0.4301 -0.6728
vn -0.8224 -0.1584 0.5464
vn -0.9186 -0.2124 0.3333
vn -0.1596 0.5978 0.7856
vn 0.3420 -0.7065 0.6196
vn -0.2383 -0.1685 0.9565
vn 0.1707 -0.4922 0.8536
vn -0.6669 -0.0797 0.7409
vn -0.9980 0.0614 0.0156
vn -0.9131 0.0242 -0.4070
vn -0.9130 -0.0573 -0.4040
vn -0.9999 -0.0096 0.0049
vn -0.9504 0.3041 0.0659
vn -0.8942 0.3010 -0.3314
vn -0.5799 0.8092 0.0941
vn -0.5525 0.8281 -0.0953
vn 0.0891 0.9937 0.0683
vn 0.0279 0.9830 0.1813
vn -0.0419 0.9960 0.0795
vn -0.0909 0.9479 0.3052
vn -0.1801 0.9783 0.1023
vn -0.0634 0.9678 0.2437
vn 0.5792 0.8135 -0.0518
vn 0.6504 0.7420 -0.1627
vn 0.9623 0.1948 -0.1897
vn 0.8677 0.1452 -0.4755
vn 0.9685 -0.0174 -0.2482
vn 0.8238 -0.0524 -0.5645
vn 0.9662 -0.0452 -0.2536
vn 0.8166 -0.0600 -0.5740
vn -0.7146 0.0494 0.6978
vn -0.9324 0.0802 0.3524
vn -0.9345 0.0196 0.3555
vn -0.7078 -0.0065 0.7064
vn -0.6815 0.2979 0.6685
vn -0.9009 0.2829 0.3292
vn -0.5130 0.7244 0.4605
vn -0.5762 0.7911 0.2053
vn 0.0441 0.8971 0.4396
vn 0.1155 0.9922 0.0462
vn 0.1219 0.9000 0.4185
vn 0.0024 0.9934 0.1150
vn -0.1144 0.8284 0.5483
vn -0.2513 0.9499 0.1861
vn 0.1318 0.6855 0.7160
vn 0.4350 0.8333 0.3411
vn 0.5578 0.1980 0.8060
vn 0.9327 0.2354 0.2734
vn 0.7217 -0.1133 0.6828
vn 0.9868 -0.0633 0.1488
vn 0.9838 -0.0308 0.1768
vn 0.7016 -0.0888 0.7070
vn -0.5127 -0.0094 -0.8585
vn 0.0799 -0.0503 -0.9955
vn 0.0924 -0.0756 -0.9929
vn -0.5016 -0.0780 -0.8616
vn -0.5536 0.2775 -0.7852
vn 0.0077 0.2172 -0.9761
vn -0.0543 0.8690 -0.4919
vn -0.4256 0.8300 -0.3606
vn -0.0732 0.9639 0.2558
vn -0.1637 0.9369 0.3089
vn 0.1781 -0.1079 0.9781
vn 0.1316 -0.0362 0.9906
vn -0.2788 0.0139 0.9603
vn -0.2446 -0.0677 0.9673
vn 0.1522 0.4520 0.8789
vn -0.1449 0.4579 0.8771
vn 0.4331 0.7831 -0.4462
vn 0.5627 0.1234 -0.8174
vn 0.3773 -0.1269 0.9173
vn 0.3509 -0.0887 0.9322
vn 0.2158 0.3907 0.8949
vn 0.5222 -0.0684 -0.8501
vn 0.5233 -0.0710 -0.8492
vn -0.0277 0.9772 0.2104
vn -0.8096 0.5261 0.2604
vn -0.9056 0.4194 -0.0622
vn -0.9861 0.1306 -0.1027
vn -0.9215 0.1577 0.3550
vn -0.1958 0.9526 -0.2330
vn -0.4446 0.6934 -0.5670
vn 0.9853 -0.0602 0.1599
vn 0.9730 0.2054 0.1057
vn 0.6343 -0.0253 0.7727
vn 0.6826 -0.2742 0.6774
vn 0.9819 -0.1284 0.1395
vn 0.7518 -0.3823 0.5373
vn 0.1720 -0.3234 0.9305
vn 0.2374 -0.1985 0.9509
vn -0.6021 0.0271 -0.7979
vn -0.5983 0.0801 -0.7972
vn 0.2721 0.3687 -0.8888
vn 0.1078 0.3168 -0.9424
vn 0.3224 0.5451 -0.7739
vn 0.3689 0.3886 -0.8443
vn -0.5659 0.2673 -0.7799
vn 0.7547 0.2409 -0.6103
vn 0.7248 0.0576 -0.6865
vn 0.3549 0.0012 -0.9349
vn 0.3507 0.2268 -0.9086
vn 0.3399 0.5361 0.7727
vn 0.2095 0.1512 0.9661
vn 0.6756 0.1628 0.7191
vn 0.8191 0.5123 0.2580
vn -0.9638 -0.0697 -0.2574
vn -0.9847 -0.0705 -0.1596
vn 0.0973 -0.0816 0.9919
vn -0.0854 0.0129 -0.9963
vn -0.4198 -0.0630 -0.9054
vn -0.5469 -0.0065 -0.8372
vn -0.0670 0.1430 -0.9875
vn -0.8214 0.0030 0.5703
vn -0.7886 -0.0096 0.6149
vn -0.3539 0.0196 0.9351
vn -0.3244 -0.0358 0.9452
vn -0.8143 -0.0971 0.5723
vn -0.4004 -0.2013 0.8940
vn -0.7550 -0.0655 0.6524
vn -0.9614 -0.0396 0.2722
vn -0.9975 -0.0535 0.0458
vn -0.7345 0.2070 0.6463
vn -0.3705 -0.0854 0.9249
vn -0.3648 0.1891 0.9117
vn -0.6159 0.5862 0.5263
vn -0.1437 0.6835 0.7157
vn 0.1176 0.9906 -0.0699
vn 0.5399 0.8417 -0.0001
vn -0.9991 -0.0398 0.0143
vn -0.9954 -0.0733 0.0612
vn 0.5685 0.5255 -0.6330
vn 0.6953 0.5366 -0.4781
vn 0.7299 0.4909 -0.4757
vn 0.4283 0.5040 -0.7500
vn 0.9936 0.0646 -0.0923
vn 0.9355 -0.2305 0.2677
vn 0.9622 0.0562 -0.2665
vn -0.8154 -0.0561 -0.5762
vn 0.9027 0.4151 -0.1135
vn 0.7800 0.4374 -0.4475
vn 0.8355 0.4163 -0.3588
vn 0.9247 0.3043 -0.2287
vn 0.1264 0.0011 0.9920
vn 0.5275 0.6075 -0.5938
vn 0.5879 -0.1231 0.7995
vn -0.8391 -0.0957 -0.5355
vn 0.6947 0.4206 -0.5835
vn 0.7205 0.4438 -0.5328
vn 0.7813 0.4181 -0.4634
vn 0.9451 0.3241 0.0430
vn 0.6820 0.5020 -0.5318
vn -0.5961 -0.2614 -0.7592
vn -0.6005 -0.2953 -0.7431
vn -0.5417 -0.2961 -0.7867
vn -0.5647 -0.2551 -0.7849
vn -0.6410 -0.3557 -0.6801
vn -0.4643 -0.3823 -0.7989
vn -0.7235 -0.2635 -0.6381
vn -0.3955 -0.2448 -0.8852
vn -0.7148 0.0696 -0.6959
vn -0.2542 0.2386 -0.9373
vn -0.4146 0.5663 -0.7123
vn 0.1744 0.6713 -0.7204
vn -0.8692 -0.1943 -0.4547
vn -0.9079 -0.1924 -0.3724
vn -0.1076 -0.1235 -0.9865
vn -0.2952 -0.2991 -0.9074
vn 0.3258 0.0077 -0.9454
vn 0.2286 -0.2040 -0.9519
vn 0.2297 -0.2440 -0.9422
vn -0.4298 -0.2652 -0.8631
vn -0.4179 -0.2745 -0.8660
vn 0.1472 -0.2666 -0.9525
vn 0.4680 0.7560 0.4577
vn -0.0173 0.9987 0.0489
vn 0.1840 0.9615 0.2041
vn 0.0677 0.5883 0.8058
vn 0.6547 -0.2482 0.7140
vn 0.9240 -0.1471 0.3530
vn 0.9430 -0.1280 0.3071
vn 0.7158 -0.2580 0.6489
vn 0.7809 -0.2620 0.5671
vn 0.9638 -0.1505 0.2200
vn -0.9804 -0.0928 0.1737
vn -0.9852 -0.0573 0.1617
vn -0.6966 -0.1255 0.7064
vn -0.7141 -0.0859 0.6948
vn 0.0647 -0.2718 0.9602
vn 0.0034 -0.2947 0.9556
vn 0.7793 -0.1636 0.6050
vn 0.0105 -0.0954 0.9954
vn 0.9831 -0.1179 0.1402
vn 0.9670 -0.1181 -0.2259
vn 0.9502 -0.0019 -0.3118
vn 0.7122 -0.1397 -0.6879
vn 0.7021 0.0647 -0.7092
vn 0.6992 -0.1912 -0.6889
vn 0.9708 -0.1352 -0.1979
vn 0.9738 -0.1386 -0.1803
vn 0.7207 -0.1660 -0.6731
vn 0.4809 0.6047 -0.6349
vn 0.7473 0.5043 -0.4327
vn 0.2879 0.5802 -0.7619
vn -0.6694 -0.1469 0.7283
vn -0.0517 -0.2671 0.9623
vn -0.8774 -0.1767 -0.4460
vn -0.9701 -0.1113 0.2158
vn 0.5159 0.8525 -0.0843
vn 0.2334 0.9683 -0.0887
vn -0.7172 0.0043 0.6968
vn -0.0238 0.1179 0.9927
vn -0.6772 0.1310 0.7240
vn -0.2876 0.5914 0.7534
vn -0.9473 0.1652 0.2744
vn -0.9740 0.0045 0.2263
vn 0.3667 0.8931 0.2607
vn 0.7364 0.1146 0.6668
vn 0.9463 0.3232 -0.0088
vn -0.6139 0.6957 -0.3731
vn -0.9752 0.1114 -0.1912
vn -0.5775 0.7742 0.2590
vn -0.9613 -0.1115 -0.2521
vn 0.2042 0.8206 -0.5338
vn 0.2158 0.9732 -0.0799
vn 0.4004 0.8216 -0.4058
vn 0.4009 0.7469 -0.5304
vn 0.1485 0.8890 -0.4331
vn 0.0010 0.4588 -0.8885
vn 0.2213 0.7987 -0.5595
vn 0.2418 0.8747 -0.4200
vn 0.2134 0.8635 -0.4569
vn 0.3893 -0.2198 0.8945
vn 0.8418 -0.2158 0.4949
vn 0.8781 -0.1961 0.4365
vn 0.4314 -0.2473 0.8676
vn 0.9188 0.0258 0.3939
vn 0.5196 -0.0343 0.8537
vn 0.7738 0.5200 0.3616
vn 0.5339 0.3258 0.7802
vn 0.5091 0.8284 0.2335
vn 0.5231 0.5842 0.6205
vn -0.9889 -0.0032 -0.1486
vn -0.9015 0.3909 -0.1858
vn -0.6529 0.3974 -0.6448
vn -0.8095 -0.1237 -0.5739
vn -0.2921 -0.0784 0.9532
vn 0.0192 -0.1222 0.9923
vn 0.0294 0.1087 0.9936
vn -0.3476 0.1493 0.9257
vn -0.2789 0.5668 -0.7752
vn -0.4652 -0.1264 -0.8761
vn 0.0765 0.8066 -0.5861
vn 0.2151 0.0310 -0.9761
vn 0.5619 0.7042 -0.4340
vn 0.8505 0.0639 -0.5221
vn 0.7310 0.6810 -0.0438
vn 0.9940 0.0418 -0.1008
vn -0.4786 -0.2431 -0.8437
vn -0.6998 -0.1755 -0.6925
vn -0.7430 -0.1892 -0.6420
vn -0.4901 -0.2423 -0.8373
vn 0.9955 -0.0949 0.0090
vn 0.9165 -0.0589 -0.3956
vn 0.8883 -0.0544 -0.4560
vn 0.9952 -0.0831 -0.0517
vn -0.2152 -0.1326 0.9675
vn 0.0233 -0.1970 0.9801
vn 0.0255 -0.1470 0.9888
vn -0.1881 -0.0921 0.9778
vn 0.5104 0.8561 0.0811
vn 0.3477 0.6447 0.6808
vn 0.0036 0.8536 -0.5208
vn 0.1738 0.9474 -0.2688
vn -0.0502 0.9983 -0.0304
vn 0.2840 -0.2145 -0.9345
vn 0.2363 -0.1815 -0.9546
vn -0.2120 0.8864 -0.4116
vn -0.9739 -0.0218 0.2259
vn -0.9804 -0.0049 0.1970
vn -0.6602 -0.0286 0.7505
vn -0.6387 -0.0546 0.7675
vn -0.9509 0.0688 0.3018
vn -0.6643 0.0173 0.7472
vn -0.8787 0.3966 0.2656
vn -0.2124 0.9770 -0.0204
vn -0.6767 0.3021 0.6714
vn -0.0614 0.9072 0.4161
vn 0.2350 0.9719 -0.0149
vn -0.0175 0.9907 -0.1348
vn 0.4007 0.8845 -0.2390
vn 0.2650 0.8461 -0.4626
vn -0.9582 -0.0892 -0.2718
vn -0.9434 -0.0743 -0.3233
vn 0.0459 0.6934 0.7191
vn -0.9484 0.1069 -0.2984
vn -0.9275 -0.2327 0.2926
vn -0.8788 -0.2122 0.4274
vn -0.9578 0.0756 -0.2772
vn 0.6686 -0.2347 0.7056
vn 0.7618 -0.3569 0.5406
vn 0.9825 -0.1846 -0.0234
vn 0.9853 -0.1639 0.0485
vn 0.8436 0.1344 -0.5199
vn 0.8137 0.0890 -0.5744
vn 0.4840 0.4857 -0.7280
vn 0.4083 0.4321 -0.8041
vn 0.1047 0.6478 -0.7546
vn 0.0243 0.6053 -0.7956
vn -0.1471 0.7237 -0.6742
vn -0.2447 0.6343 -0.7333
vn -0.5201 0.5863 -0.6211
vn -0.4890 0.4803 -0.7281
vn -0.7104 -0.2431 0.6605
vn -0.9291 -0.2307 0.2892
vn -0.6952 -0.2681 0.6670
vn -0.6217 -0.1975 0.7580
vn -0.9292 0.1766 -0.3247
vn -0.2923 0.7464 -0.5979
vn -0.0609 0.7354 -0.6749
vn 0.1452 0.6758 -0.7226
vn 0.4551 0.5629 -0.6899
vn 0.8154 0.2489 -0.5227
vn 0.9768 -0.2086 -0.0489
vn 0.7696 -0.4157 0.4847
vn 0.2883 -0.4701 0.8342
vn 0.2216 -0.3696 0.9024
vn 0.9896 -0.0977 0.1060
vn 0.9943 0.0264 0.1031
vn 0.5841 0.0272 0.8112
vn 0.6321 -0.1005 0.7683
vn -0.0712 0.5537 -0.8297
vn 0.1695 0.3838 -0.9077
vn 0.9796 0.1582 0.1240
vn 0.6183 0.5932 0.5155
vn -0.3067 0.3112 -0.8995
vn -0.9674 0.0814 -0.2397
vn -0.9702 0.1564 -0.1850
vn -0.3207 0.2838 -0.9037
vn -0.0199 0.2729 -0.9619
vn -0.0806 0.4027 -0.9118
vn -0.0585 0.2981 -0.9527
vn -0.0984 0.4464 -0.8894
vn -0.1094 0.3577 -0.9274
vn -0.0949 0.3978 -0.9126
vn 0.6191 0.4005 -0.6755
vn 0.5821 0.2691 -0.7673
vn 0.7688 0.0683 -0.6358
vn -0.0666 0.6814 -0.7288
vn 0.0413 0.7693 -0.6375
vn -0.3987 0.3732 -0.8377
vn -0.2140 0.5191 -0.8275
vn -0.5841 0.7128 0.3882
vn -0.2552 0.6303 -0.7332
vn -0.4738 0.4113 -0.7787
vn -0.9076 0.3399 0.2464
vn -0.3890 -0.0406 0.9204
vn -0.7168 -0.0968 0.6905
vn -0.4935 -0.1389 0.8586
vn -0.7845 -0.1616 0.5987
vn -0.1870 0.8217 0.5384
vn 0.0644 0.8067 0.5874
vn -0.1684 0.0251 0.9854
vn 0.0300 0.0631 0.9976
vn -0.3143 -0.1570 0.9362
vn -0.2416 -0.0852 0.9666
vn 0.0426 -0.0754 0.9962
vn 0.5093 0.6942 -0.5085
vn 0.1210 -0.1941 0.9735
vn -0.3170 -0.2900 0.9030
vn -0.2923 -0.3752 0.8796
vn -0.9639 0.0680 -0.2576
vn -0.8882 0.0818 0.4522
vn -0.9999 -0.0063 -0.0099
vn -0.9958 -0.0797 0.0444
vn -0.8394 -0.0353 0.5423
vn 0.5497 0.0074 0.8353
vn 0.6426 0.0884 0.7611
vn 0.0588 0.1152 0.9916
vn -0.0397 -0.0584 0.9975
vn -0.9969 0.0358 -0.0697
vn -0.7091 -0.2619 -0.6546
vn -0.6716 -0.3315 -0.6626
vn -0.0828 -0.5046 -0.8594
vn 0.0692 -0.5239 -0.8490
vn 0.1726 -0.5902 -0.7886
vn 0.2331 -0.5751 -0.7842
vn 0.3413 -0.5847 -0.7360
vn 0.2450 -0.5279 -0.8132
vn 0.8372 -0.2650 -0.4784
vn 0.8256 -0.3322 -0.4561
vn 0.9944 0.0178 0.1046
vn 0.9809 0.0280 0.1924
vn 0.7265 0.1487 0.6709
vn 0.9965 0.0332 0.0763
vn 0.6817 0.2591 0.6842
vn 0.9682 0.0266 0.2486
vn 0.5241 -0.2630 0.8100
vn 0.9515 -0.0776 0.2976
vn 0.4818 -0.8517 0.2060
vn 0.6076 -0.5876 -0.5344
vn -0.9145 0.1729 0.3658
vn 0.6922 -0.2503 -0.6769
vn 0.7246 -0.3802 -0.5748
vn -0.1705 -0.4662 -0.8681
vn 0.1318 -0.5543 -0.8218
vn 0.3332 -0.5515 -0.7647
vn 0.2270 -0.4927 -0.8401
vn 0.1797 -0.5058 -0.8437
vn 0.0734 -0.3966 -0.9150
vn 0.1657 -0.5793 -0.7981
vn 0.1651 -0.6380 -0.7522
vn -0.1778 -0.9675 0.1798
vn -0.5659 -0.8148 0.1259
vn -0.5662 -0.6000 -0.5652
vn -0.0292 -0.5817 -0.8129
vn -0.0365 -0.9892 0.1419
vn -0.3876 -0.2821 0.8776
vn -0.7985 -0.2150 0.5622
vn 0.0518 -0.9889 0.1389
vn -0.2029 -0.3425 0.9174
vn -0.4880 -0.0663 0.8703
vn -0.0173 -0.3909 0.9203
vn -0.5773 0.1228 0.8072
vn -0.2277 -0.0877 0.9698
vn -0.2516 0.1116 0.9614
vn -0.6302 0.2792 0.7245
vn -0.9034 0.2306 0.3614
vn -0.9970 0.0511 -0.0584
vn -0.2812 0.3003 0.9114
vn -0.5991 0.3564 0.7170
vn 0.1713 0.2815 0.9442
vn -0.2984 0.3813 0.8750
vn 0.0303 0.3711 0.9281
vn -0.7641 -0.2245 -0.6048
vn -0.5847 -0.4047 -0.7031
vn -0.9876 -0.1526 0.0377
vn -0.9992 -0.0208 0.0327
vn -0.9871 0.1174 -0.1086
vn -0.5561 -0.1358 -0.8200
vn -0.5615 -0.3017 -0.7705
vn -0.5302 -0.5500 -0.6453
vn -0.8151 -0.5737 -0.0809
vn -0.6354 0.0235 -0.7718
vn -0.5726 -0.0698 -0.8169
vn -0.9528 0.1809 -0.2436
vn -0.9192 0.2227 -0.3249
vn 0.1325 -0.5017 -0.8549
vn 0.2360 -0.5516 -0.8000
vn 0.4758 -0.6279 -0.6159
vn 0.4926 -0.5794 -0.6493
vn 0.5773 -0.5817 -0.5731
vn 0.5479 -0.5294 -0.6477
vn 0.7108 -0.4531 -0.5380
vn 0.6032 -0.4235 -0.6759
vn 0.9680 -0.1924 0.1612
vn 0.9542 -0.2829 0.0971
vn 0.4154 0.0934 0.9048
vn 0.3611 -0.0295 0.9321
vn -0.1550 -0.3194 -0.9348
vn -0.0108 -0.4565 -0.8896
vn 0.3665 -0.5676 -0.7372
vn 0.4198 -0.6520 -0.6314
vn 0.6685 -0.6057 -0.4315
vn 0.6257 -0.6296 -0.4606
vn 0.8428 -0.4904 -0.2219
vn 0.7833 -0.4972 -0.3732
vn 0.9097 -0.1561 0.3848
vn 0.9442 -0.1887 0.2698
vn 0.4351 0.1507 0.8877
vn 0.4098 0.2090 0.8879
vn 0.3427 -0.7571 -0.5562
vn 0.1400 -0.7557 -0.6398
vn -0.5642 -0.8204 0.0923
vn 0.8852 -0.1309 0.4464
vn 0.3524 0.2365 0.9055
vn 0.6846 -0.5827 -0.4380
vn 0.8647 -0.4781 -0.1537
vn 0.4307 -0.7520 -0.4990
vn -0.3502 -0.9006 0.2573
vn -0.8201 -0.0674 0.5683
vn -0.6594 0.0921 -0.7462
vn -0.1962 -0.2342 -0.9522
vn 0.7819 -0.6217 -0.0456
vn 0.4418 -0.7544 -0.4854
vn -0.1717 -0.8881 0.4263
vn -0.6680 -0.1080 0.7363
vn -0.8757 0.0890 0.4746
vn -0.3455 0.3060 0.8871
vn -0.0060 0.2876 0.9577
vn -0.0352 0.3053 0.9516
vn -0.3632 0.3458 0.8652
vn 0.3263 -0.6777 0.6590
vn -0.0010 -0.7980 0.6026
vn -0.5247 -0.1016 0.8452
vn -0.6733 0.0624 0.7368
vn -0.9078 0.2076 0.3643
vn 0.3562 -0.5180 -0.7777
vn -0.2328 -0.0462 0.9714
vn -0.5025 0.0766 0.8612
vn -0.6662 0.1939 0.7201
vn -0.9106 0.3092 0.2744
vn -0.6415 0.3173 0.6984
vn -0.6198 0.3600 0.6973
vn -0.1656 0.1196 0.9789
vn -0.0755 0.2276 0.9708
vn -0.4255 0.2074 0.8809
vn -0.8566 0.3562 0.3733
vn -0.9144 0.2730 -0.2990
vn 0.8440 -0.1550 0.5135
vn 0.8013 -0.2922 0.5221
vn 0.8091 -0.5872 -0.0241
vn 0.9110 -0.4107 -0.0384
vn -0.9446 -0.0420 0.3256
vn -0.9520 0.1215 0.2809
vn -0.9017 0.0218 -0.4318
vn -0.9160 -0.1263 -0.3808
vn -0.7707 -0.0413 0.6359
vn -0.7622 -0.5966 0.2512
vn -0.5183 -0.6639 0.5391
vn -0.4314 0.0009 0.9022
vn -0.3575 0.1915 0.9141
vn -0.7357 0.1646 0.6570
vn 0.2232 -0.9745 0.0222
vn 0.4539 -0.8477 0.2746
vn -0.1945 -0.5862 0.7865
vn 0.7033 -0.5197 -0.4851
vn 0.6305 -0.6601 -0.4083
vn 0.7320 -0.6813 0.0061
vn 0.5727 -0.7687 -0.2848
vn 0.3122 -0.4825 -0.8184
vn 0.3449 -0.5792 -0.7386
vn 0.4563 -0.8890 0.0383
vn -0.2983 -0.2004 -0.9332
vn 0.3242 -0.4712 -0.8203
vn 0.7272 -0.4729 -0.4976
vn 0.6196 -0.5692 0.5405
vn 0.1851 -0.3145 0.9310
vn 0.3570 -0.7267 -0.5869
vn -0.9407 0.2131 0.2640
vn -0.8775 0.0787 -0.4731
vn 0.2398 -0.0390 0.9700
vn 0.7530 -0.3863 0.5327
vn 0.3162 0.0650 0.9465
vn 0.3715 0.1166 0.9211
vn 0.8509 -0.0728 0.5202
vn 0.3014 0.1519 0.9413
vn -0.8405 -0.4712 -0.2674
vn -0.3043 -0.2187 -0.9271
vn -0.8847 0.1190 -0.4506
vn 0.9437 -0.3261 -0.0554
vn -0.2181 -0.4529 -0.8645
vn -0.0511 -0.9753 -0.2151
vn -0.2759 -0.7705 -0.5747
vn -0.2917 0.2315 0.9281
vn -0.2678 0.2412 0.9328
vn -0.6614 0.2373 0.7115
vn -0.6393 0.2444 0.7291
vn -0.9090 0.2479 0.3350
vn -0.0505 -0.0742 0.9960
vn 0.4813 -0.0972 0.8712
vn 0.4441 -0.0452 0.8948
vn -0.0597 -0.0219 0.9980
vn 0.8337 -0.1843 0.5206
vn 0.8428 -0.1723 0.5098
vn -0.1768 0.3334 -0.9261
vn -0.0337 0.3580 -0.9331
vn -0.0457 0.2136 -0.9759
vn -0.2263 0.2313 -0.9462
vn 0.1383 0.2307 -0.9631
vn 0.2005 0.0971 -0.9749
vn 0.5413 -0.0628 -0.8385
vn 0.5692 -0.1140 -0.8142
vn -0.4943 0.1763 -0.8512
vn -0.4651 0.2206 -0.8573
vn 0.7748 -0.4997 -0.3873
vn 0.4288 -0.8503 -0.3050
vn 0.3306 -0.8458 -0.4186
vn 0.5847 -0.4295 -0.6882
vn 0.8753 -0.4836 -0.0054
vn 0.8595 -0.2754 -0.4306
vn 0.9591 -0.2810 0.0339
vn 0.9612 -0.2745 0.0270
vn 0.0760 -0.9645 -0.2529
vn -0.0607 -0.9408 -0.3333
vn 0.1913 -0.9729 -0.1298
vn 0.3116 -0.9329 0.1805
vn -0.8674 -0.0374 -0.4962
vn -0.9893 -0.1162 -0.0878
vn -0.9927 0.0197 -0.1191
vn -0.8300 0.0933 -0.5499
vn 0.0744 -0.7753 -0.6273
vn 0.2411 -0.2780 -0.9298
vn -0.8825 -0.4694 -0.0286
vn -0.8073 -0.5474 0.2203
vn -0.9315 -0.1778 0.3173
vn -0.1141 -0.5468 0.8294
vn -0.5837 -0.5989 0.5482
vn -0.3236 -0.9462 0.0054
vn -0.0735 -0.9452 0.3181
vn -0.0759 -0.1036 -0.9917
vn -0.2800 -0.0099 -0.9599
vn -0.2712 -0.4345 -0.8589
vn -0.1296 -0.7811 -0.6108
vn -0.3409 -0.6577 -0.6718
vn -0.5351 -0.2866 -0.7947
vn -0.5547 0.0177 -0.8319
vn 0.0010 -0.9637 -0.2671
vn -0.1143 -0.8985 -0.4238
vn -0.0644 -0.9690 -0.2387
vn 0.0298 -0.9832 -0.1801
vn -0.8448 -0.3193 -0.4294
vn -0.4600 -0.7970 -0.3914
vn 0.0235 -0.9378 -0.3464
vn -0.8203 0.1200 -0.5592
vn -0.0511 -0.9950 -0.0860
vn 0.0093 -0.9922 -0.1243
vn 0.0358 -0.9820 -0.1855
vn 0.0332 -0.9939 -0.1048
vn 0.5146 -0.8541 -0.0759
vn 0.6596 -0.7219 0.2092
vn 0.8548 -0.2584 -0.4500
vn -0.3030 -0.9530 0.0033
vn -0.1572 -0.6086 -0.7778
vn 0.8385 -0.3502 0.4174
vn 0.5380 -0.2208 0.8135
vn -0.0824 -0.9210 -0.3808
vn -0.0338 -0.9715 -0.2347
vn -0.9445 0.0098 0.3284
vn -0.9903 0.0570 -0.1264
vn -0.9373 -0.0382 0.3465
vn -0.5788 -0.0724 0.8123
vn -0.6212 -0.2105 0.7549
vn -0.0679 -0.1723 0.9827
vn 0.0602 -0.9935 -0.0971
vn -0.3813 -0.9232 -0.0478
vn 0.0821 -0.9930 -0.0853
vn 0.5315 -0.5652 0.6309
vn -0.6180 -0.0210 0.7859
vn 0.0141 0.0759 0.9970
vn 0.0475 0.0240 0.9986
vn 0.4131 0.0494 0.9094
vn 0.3836 0.1198 0.9157
vn -0.0127 0.0749 -0.9971
vn -0.2304 0.1397 -0.9630
vn -0.2418 0.1960 -0.9503
vn -0.0400 0.1157 -0.9925
vn -0.7181 0.1941 -0.6683
vn -0.9824 0.1861 0.0131
vn -0.9786 0.1808 0.0986
vn -0.7728 0.2452 -0.5854
vn -0.7414 -0.0328 -0.6702
vn -0.9973 -0.0489 0.0547
vn -0.9950 0.0955 0.0290
vn -0.7524 0.0829 -0.6535
vn -0.2538 0.0525 -0.9658
vn -0.2575 -0.0842 -0.9626
vn -0.4453 -0.0597 0.8934
vn -0.4791 -0.1533 0.8643
vn -0.0859 -0.0504 0.9950
vn 0.0035 -0.0036 1.0000
vn 0.0139 0.0091 -0.9999
vn -0.0021 -0.1199 -0.9928
vn 0.3747 -0.0605 -0.9252
vn 0.2853 -0.2130 -0.9345
vn 0.7644 -0.4411 -0.4703
vn 0.3243 -0.8716 -0.3675
vn 0.2257 -0.5712 -0.7891
vn 0.3924 0.0163 -0.9197
vn 0.3792 0.0479 -0.9241
vn 0.0311 -0.5965 -0.8020
vn 0.0248 -0.6477 -0.7615
vn 0.8546 -0.1100 -0.5075
vn 0.1284 -0.8691 0.4777
vn 0.2490 -0.8221 0.5120
vn 0.1560 -0.9854 0.0681
vn -0.0492 -0.9871 0.1526
vn -0.3814 -0.5062 -0.7734
vn -0.1425 -0.9675 -0.2087
vn 0.3763 -0.8919 0.2508
vn 0.0909 -0.9702 -0.2244
vn -0.0479 -0.9750 -0.2169
vn 0.9074 0.0633 -0.4156
vn 0.9744 0.1066 0.1980
vn 0.9856 0.0488 0.1620
vn 0.8929 0.0261 -0.4495
vn 0.2748 -0.3145 0.9086
vn 0.4028 -0.6614 0.6327
vn -0.0735 -0.7667 -0.6378
vn -0.8278 0.0640 0.5574
vn -0.4467 0.0090 0.8946
vn -0.4565 0.0446 0.8886
vn -0.8399 0.1136 0.5307
vn 0.0423 -0.0109 0.9990
vn -0.8396 0.1053 0.5329
vn -0.7384 -0.2662 -0.6196
vn -0.9576 -0.2857 0.0383
vn -0.4962 0.0658 0.8657
vn -0.0587 -0.9599 0.2742
vn -0.6326 -0.5740 0.5200
vn -0.7752 -0.2153 0.5939
vn -0.6809 -0.7309 -0.0459
vn -0.4511 -0.3481 0.8218
vn -0.0315 -0.7528 0.6575
vn -0.1824 -0.1579 0.9705
vn 0.0666 -0.4097 0.9098
vn -0.8059 -0.0735 0.5874
vn 0.7060 0.1332 0.6956
vn 0.7662 0.0584 0.6399
vn 0.9817 -0.0993 0.1627
vn 0.8590 -0.4657 0.2126
vn 0.7755 -0.0688 0.6276
vn 0.6987 -0.3016 0.6487
vn 0.4284 -0.0303 0.9031
vn 0.0098 -0.7454 -0.6666
vn 0.2126 -0.8998 -0.3811
vn -0.2318 -0.9029 -0.3620
vn -0.2610 -0.8186 -0.5116
vn 0.7241 -0.3511 0.5936
vn 0.8848 -0.4147 0.2126
vn 0.9192 -0.3010 0.2539
vn 0.7321 -0.2623 0.6287
vn 0.5313 -0.2074 -0.8214
vn -0.0683 -0.0241 -0.9974
vn -0.0738 0.0501 -0.9960
vn 0.5193 -0.0714 -0.8516
vn -0.9713 -0.2058 0.1196
vn -0.9842 -0.0076 0.1769
vn -0.9516 0.0311 -0.3057
vn -0.9454 -0.1774 -0.2734
vn -0.5731 0.0363 -0.8187
vn -0.9414 0.0957 -0.3235
vn -0.5563 0.0961 -0.8254
vn 0.1729 -0.8415 0.5118
vn 0.1342 -0.8218 0.5538
vn 0.0357 -0.9978 0.0556
vn -0.0515 -0.9893 0.1364
vn 0.4533 -0.2626 0.8518
vn 0.3966 -0.5042 0.7672
vn 0.5986 -0.6560 0.4597
vn 0.6910 -0.7204 0.0597
vn 0.1956 -0.1603 0.9675
vn 0.2180 -0.1973 0.9558
vn 0.4426 -0.1917 0.8760
vn 0.2142 -0.4107 0.8863
vn -0.5752 -0.1834 -0.7972
vn -0.0485 -0.9832 -0.1761
vn -0.1297 -0.9912 0.0252
vn -0.1635 -0.9355 -0.3131
vn -0.2041 -0.9668 -0.1539
vn 0.6691 -0.6696 -0.3223
vn 0.8965 -0.3765 -0.2337
vn 0.3397 -0.4999 -0.7967
vn -0.2339 -0.8943 -0.3815
vn 0.0745 -0.8808 -0.4676
vn 0.0538 -0.9187 -0.3912
vn -0.8202 -0.0612 0.5688
vn -0.8362 -0.0131 0.5483
vn -0.9866 0.0432 0.1572
vn -0.4136 -0.1154 0.9031
vn -0.4415 -0.0789 0.8938
vn 0.1655 -0.9848 0.0525
vn 0.1708 -0.9318 -0.3203
vn -0.2125 -0.9029 -0.3736
vn -0.1982 -0.8769 -0.4379
vn -0.7812 -0.5591 -0.2778
vn -0.4185 -0.5831 -0.6964
vn -0.1140 -0.8933 -0.4349
vn 0.0125 -0.8653 -0.5011
vn -0.7699 -0.6247 -0.1301
vn -0.3114 -0.7517 0.5814
vn -0.6886 -0.7062 0.1647
vn -0.1449 -0.9646 -0.2204
vn 0.0643 -0.9912 0.1159
vn -0.1604 -0.5833 -0.7963
vn -0.2419 -0.6270 -0.7405
vn -0.2363 -0.8387 -0.4907
vn -0.0109 -0.1556 0.9878
vn -0.0289 -0.1336 0.9906
vn -0.4240 -0.3158 0.8488
vn 0.0049 -0.3491 0.9371
vn 0.0759 -0.7768 0.6252
vn -0.2388 0.0654 -0.9689
vn -0.2470 0.0202 -0.9688
vn -0.1539 -0.2856 -0.9459
vn -0.2483 -0.2008 -0.9476
vn 0.2191 -0.9377 0.2697
vn 0.2254 -0.9709 -0.0805
vn 0.9413 -0.2411 -0.2364
vn -0.8417 -0.2662 0.4698
vn -0.4432 -0.8922 0.0870
vn -0.0829 -0.9846 0.1541
vn -0.1620 -0.5335 0.8302
vn -0.7319 -0.4579 0.5046
vn 0.6291 -0.3508 0.6936
vn 0.1735 -0.1691 0.9702
vn 0.1709 -0.2469 0.9539
vn 0.5760 -0.2760 0.7695
vn 0.1363 -0.9735 0.1835
vn 0.1636 -0.4855 0.8588
vn 0.4213 -0.9004 0.1089
vn 0.6789 -0.4936 0.5435
vn -0.1917 -0.1959 0.9617
vn -0.1863 -0.2704 0.9445
vn -0.9631 -0.2358 -0.1299
vn -0.5822 -0.7695 -0.2624
vn 0.5138 -0.8070 -0.2911
vn 0.9251 -0.3710 -0.0813
vn -0.9860 0.0662 -0.1533
vn -0.9923 0.0904 -0.0841
vn -0.6643 0.2755 -0.6949
vn -0.5839 0.1437 -0.7990
vn -0.7620 -0.1536 0.6291
vn -0.0236 -0.9349 -0.3541
vn 0.0597 -0.9284 -0.3667
vn -0.3981 -0.7533 -0.5235
vn -0.0310 -0.8130 -0.5815
vn -0.5905 -0.2582 -0.7646
vn -0.0739 -0.2369 -0.9687
vn 0.4020 -0.7766 -0.4851
vn 0.6458 -0.2763 -0.7117
vn 0.8688 -0.4876 -0.0866
vn 0.9241 -0.3821 0.0045
vn 0.6373 -0.0060 -0.7706
vn 0.6908 -0.2404 -0.6819
vn 0.1321 -0.7990 -0.5867
vn -0.8156 -0.1071 0.5686
vn -0.0904 0.1635 -0.9824
vn -0.0925 0.2747 -0.9571
vn 0.2385 0.1624 -0.9575
vn 0.2369 0.2182 -0.9467
vn 0.2135 -0.1982 -0.9566
vn 0.0506 -0.1722 0.9838
vn 0.0995 -0.5461 0.8318
vn 0.5736 -0.5979 0.5600
vn 0.6065 -0.2095 0.7670
vn 0.9244 -0.1766 0.3380
vn 0.9912 -0.1154 -0.0650
vn 0.9951 0.0205 -0.0965
vn 0.9294 -0.0375 0.3672
vn 0.8415 0.0942 -0.5321
vn 0.8318 0.1210 -0.5417
vn 0.9929 0.0579 -0.1038
vn 0.5102 0.1771 -0.8416
vn 0.5706 0.0184 -0.8210
vn 0.2972 -0.0094 -0.9548
vn 0.2429 0.2318 -0.9420
vn -0.5532 -0.2218 0.8030
vn -0.5429 -0.5664 0.6200
vn -0.0167 -0.9379 -0.3466
vn 0.0045 -0.9638 -0.2666
vn 0.1221 -0.8988 -0.4211
vn 0.1411 -0.7812 -0.6082
vn -0.0065 -0.9922 -0.1244
vn -0.0317 -0.9820 -0.1862
vn -0.0258 -0.9832 -0.1808
vn -0.0711 -0.9644 -0.2545
vn 0.0388 -0.9712 -0.2350
vn 0.0688 -0.9451 0.3196
vn -0.3143 -0.9331 0.1745
vn -0.0800 -0.9930 -0.0872
vn -0.5533 -0.1139 -0.8252
vn -0.8499 -0.2755 -0.4492
vn -0.8450 -0.2588 -0.4679
vn -0.5253 -0.0627 -0.8486
vn -0.5709 -0.4293 -0.6999
vn -0.1833 0.0971 -0.9783
vn -0.2243 -0.2778 -0.9341
vn -0.4219 -0.8503 -0.3146
vn -0.0306 -0.9939 -0.1057
vn -0.5123 -0.8543 -0.0877
vn -0.8471 -0.3513 0.3988
vn -0.8746 -0.4841 -0.0252
vn -0.6635 -0.7226 0.1941
vn 0.0330 -0.0742 0.9967
vn -0.4977 -0.0978 0.8618
vn 0.8780 -0.0366 -0.4773
vn 0.8541 -0.3191 -0.4108
vn 0.5506 -0.2867 -0.7840
vn 0.9369 0.0106 0.3494
vn 0.6022 -0.0205 0.7981
vn 0.5630 -0.0718 0.8233
vn 0.8028 -0.5464 0.2386
vn 0.0421 -0.0218 0.9989
vn -0.1882 -0.9729 -0.1347
vn 0.4683 -0.7970 -0.3814
vn 0.8835 -0.4684 -0.0082
vn 0.3827 -0.9230 -0.0392
vn 0.3033 -0.9528 0.0105
vn -0.0577 -0.9935 -0.0985
vn 0.0898 -0.9211 -0.3788
vn 0.0676 -0.9409 -0.3318
vn 0.0536 -0.9949 -0.0850
vn 0.3237 -0.9461 0.0124
vn -0.9594 -0.2818 0.0123
vn -0.9613 -0.2753 0.0053
vn -0.7660 -0.4998 -0.4042
vn -0.3218 -0.8458 -0.4255
vn -0.0628 -0.7755 -0.6283
vn -0.8445 -0.1854 0.5025
vn -0.8534 -0.1736 0.4915
vn 0.0694 -0.9690 -0.2371
vn 0.4810 0.2214 -0.8483
vn 0.3541 -0.6580 -0.6646
vn 0.2868 -0.4344 -0.8538
vn 0.1926 0.3339 -0.9227
vn -0.1219 0.2303 -0.9655
vn 0.1711 -0.6090 -0.7745
vn 0.0932 -0.1037 -0.9902
vn 0.0624 0.2137 -0.9749
vn 0.0494 0.3583 -0.9323
vn -0.4606 -0.0456 0.8864
vn 0.2065 -0.8771 -0.4336
vn 0.7726 -0.6248 -0.1127
vn 0.6855 -0.7056 0.1794
vn 0.1494 -0.9646 -0.2172
vn 0.3015 -0.7508 0.5877
vn -0.0659 -0.9913 0.1142
vn 0.9513 -0.1770 -0.2524
vn 0.9685 -0.2049 0.1416
vn 0.7871 -0.5593 -0.2601
vn -0.0461 -0.9185 -0.3927
vn -0.0033 -0.8654 -0.5011
vn 0.1227 -0.8931 -0.4327
vn 0.2198 -0.9033 -0.3686
vn 0.4322 -0.5834 -0.6877
vn -0.0656 -0.8806 -0.4693
vn -0.1645 -0.9317 -0.3240
vn 0.0524 -0.9833 -0.1743
vn 0.1695 -0.9356 -0.3096
vn -0.1655 -0.9850 0.0489
vn -0.0354 -0.9979 0.0544
vn 0.8080 -0.0603 0.5861
vn 0.8242 -0.0121 0.5662
vn 0.4244 -0.0784 0.9021
vn 0.3967 -0.1148 0.9107
vn 0.9799 -0.0067 0.1992
vn 0.9827 0.0441 0.1797
vn 0.2412 -0.8945 -0.3764
vn -0.8909 -0.3767 -0.2538
vn -0.5152 -0.2071 -0.8316
vn -0.3241 -0.4996 -0.8033
vn -0.6620 -0.6694 -0.3370
vn -0.8889 -0.4155 0.1927
vn -0.6915 -0.7210 0.0439
vn 0.1300 -0.9911 0.0282
vn 0.2074 -0.9668 -0.1494
vn 0.0497 -0.9892 0.1378
vn 0.5907 -0.1835 -0.7857
vn 0.5889 0.0370 -0.8074
vn 0.9581 0.0320 -0.2846
vn -0.4690 -0.2633 0.8430
vn -0.4102 -0.5053 0.7592
vn -0.2294 -0.4111 0.8823
vn -0.2345 -0.1980 0.9517
vn -0.2126 -0.1602 0.9639
vn -0.4586 -0.1923 0.8676
vn -0.6070 -0.6570 0.4471
vn -0.7358 -0.3526 0.5782
vn -0.1815 -0.8418 0.5083
vn -0.1430 -0.8222 0.5509
vn 0.5721 0.0969 -0.8144
vn 0.9483 0.0969 -0.3023
vn -0.5033 -0.0716 -0.8612
vn 0.0913 0.0503 -0.9946
vn 0.0858 -0.0240 -0.9960
vn 0.2456 -0.8390 -0.4855
vn -0.7445 -0.2637 0.6134
vn -0.9244 -0.3019 0.2332
vn 0.0025 -0.7453 -0.6667
vn 0.2709 -0.8190 -0.5058
vn 0.2390 -0.9031 -0.3568
vn -0.2047 -0.8996 -0.3858
vn -0.2233 -0.9710 -0.0857
vn 0.4081 -0.3149 0.8569
vn 0.8318 -0.2650 0.4877
vn -0.2237 -0.9380 0.2647
vn -0.0210 -0.3491 0.9369
vn -0.0860 -0.7771 0.6235
vn 0.1745 -0.5835 -0.7931
vn 0.1707 -0.2858 -0.9430
vn 0.2553 -0.6275 -0.7355
vn 0.2652 -0.2007 -0.9431
vn 0.2640 0.0204 -0.9643
vn 0.2557 0.0656 -0.9645
vn -0.9357 -0.2416 -0.2570
vn -0.0062 -0.1555 0.9878
vn 0.0117 -0.1338 0.9909
vn 0.3216 -0.2183 -0.9214
vn 0.3155 -0.2003 -0.9275
vn -0.2970 -0.4819 -0.8244
vn -0.3085 -0.4711 -0.8264
vn 0.8942 0.1202 -0.4311
vn 0.8871 0.0796 -0.4547
vn -0.8617 -0.0734 0.5021
vn -0.8546 -0.1561 0.4952
vn -0.3887 0.1166 0.9139
vn -0.3184 0.1519 0.9357
vn 0.7571 -0.5957 0.2682
vn 0.8462 -0.4710 -0.2493
vn 0.9238 -0.1260 -0.3615
vn 0.9372 -0.0409 0.3465
vn -0.6297 -0.5707 0.5270
vn -0.4583 -0.8486 0.2645
vn 0.1803 -0.5864 0.7897
vn -0.2020 -0.3150 0.9274
vn -0.2228 -0.9747 0.0172
vn 0.5079 -0.6633 0.5497
vn 0.7574 -0.0406 0.6517
vn 0.9106 0.0225 -0.4128
vn 0.9454 0.1221 0.3021
vn -0.2576 -0.0398 0.9654
vn -0.7634 -0.3878 0.5165
vn -0.7315 -0.6818 -0.0105
vn -0.5665 -0.7684 -0.2976
vn -0.3342 0.0646 0.9403
vn -0.8118 -0.2933 0.5049
vn 0.4146 0.0011 0.9100
vn 0.7219 0.1647 0.6721
vn 0.9346 0.2136 0.2846
vn -0.6219 -0.6596 -0.4222
vn -0.3313 -0.5785 -0.7454
vn -0.3459 -0.7261 -0.5943
vn -0.6928 -0.5194 -0.5002
vn -0.7166 -0.4724 -0.5131
vn -0.4561 -0.8894 0.0294
vn -0.8080 -0.5877 -0.0426
vn -0.9096 -0.4113 -0.0592
vn 0.3403 0.1915 0.9206
vn 0.6468 0.2371 0.7249
vn 0.9014 0.2482 0.3548
vn 0.2343 -0.4531 -0.8601
vn 0.2870 -0.7710 -0.5685
vn 0.0555 -0.9753 -0.2139
vn 0.2505 0.2412 0.9376
vn 0.6245 0.2443 0.7418
vn 0.2746 0.2315 0.9333
vn -0.9421 -0.3266 -0.0766
vn -0.8722 -0.1329 0.4708
vn -0.8150 -0.2339 0.5302
vn -0.9741 -0.2188 0.0576
vn -0.9706 -0.1982 0.1367
vn -0.2086 0.0344 0.9774
vn -0.4497 -0.0605 0.8911
vn -0.4676 -0.3048 0.8297
vn -0.3033 -0.0657 0.9506
vn -0.2392 -0.3615 0.9012
vn -0.4092 -0.4649 0.7851
vn -0.2671 -0.8885 0.3731
vn 0.0118 -0.5609 0.8278
vn -0.1381 0.0064 0.9904
vn -0.1296 0.0707 0.9890
vn -0.1576 0.1105 0.9813
vn -0.1836 0.0957 0.9783
vn -0.1881 0.1727 0.9668
vn -0.1841 0.1599 0.9698
vn 0.1803 0.0439 -0.9826
vn 0.2110 -0.3596 -0.9090
vn -0.0108 -0.4454 -0.8953
vn -0.1610 -0.2518 -0.9543
vn 0.1936 0.0623 -0.9791
vn -0.1752 -0.0645 -0.9824
vn 0.2075 0.0228 -0.9780
vn -0.1303 -0.0425 -0.9906
vn 0.2262 -0.0007 -0.9741
vn -0.1017 -0.0630 -0.9928
vn -0.6037 -0.0760 -0.7936
vn -0.6421 -0.0648 -0.7639
vn -0.7516 -0.5827 0.3092
vn -0.8829 -0.1674 0.4387
vn -0.9289 -0.2809 0.2412
vn -0.6410 -0.7558 0.1339
vn 0.4350 -0.0043 0.9004
vn -0.1011 0.1069 0.9891
vn -0.0667 0.0851 0.9941
vn 0.2267 0.0357 0.9733
vn -0.3999 0.0545 0.9150
vn -0.3599 0.1701 0.9173
vn -0.7791 0.0349 0.6259
vn -0.7436 0.0127 0.6685
vn 0.4711 0.1009 -0.8763
vn 0.4999 0.0860 -0.8618
vn 0.5336 0.0774 -0.8422
vn -0.4243 -0.5252 0.7376
vn -0.4014 -0.8637 0.3049
vn 0.8274 0.1478 -0.5418
vn 0.8649 0.0913 -0.4936
vn 0.9998 0.0184 0.0019
vn 0.9974 0.0702 0.0145
vn 0.7026 -0.0071 0.7115
vn 0.9907 0.0603 0.1218
vn 0.7596 0.0026 0.6504
vn -0.2768 -0.9574 0.0824
vn -0.2185 -0.9752 -0.0351
vn 0.1203 -0.9927 -0.0129
vn 0.0147 -0.9331 0.3593
vn -0.2326 -0.9668 0.1061
vn 0.1489 -0.8476 -0.5093
vn 0.6081 -0.5818 -0.5402
vn 0.6936 -0.7188 0.0475
vn 0.8667 -0.1758 -0.4669
vn 0.4629 -0.2569 -0.8484
vn 0.5172 -0.0463 -0.8546
vn 0.1114 -0.0938 0.9893
vn 0.3002 -0.1541 0.9413
vn 0.2801 -0.0192 0.9598
vn 0.0480 0.0232 0.9986
vn -0.9289 -0.3610 0.0829
vn -0.8384 -0.3481 -0.4195
vn -0.4949 -0.8367 -0.2346
vn -0.5662 -0.8182 0.0996
vn -0.4250 -0.6365 -0.6436
vn -0.1472 -0.8620 -0.4851
vn 0.8779 0.0955 -0.4693
vn 0.6758 -0.1770 0.7155
vn 0.9700 -0.2155 0.1122
vn 0.1991 -0.5800 0.7899
vn -0.5903 -0.2283 -0.7742
vn -0.8940 -0.0880 -0.4393
vn 0.8892 -0.0306 0.4566
vn -0.8995 -0.0840 -0.4287
vn -0.0815 -0.9516 0.2964
vn 0.4896 -0.5853 0.6463
vn 0.1724 -0.3189 -0.9320
vn 0.2137 -0.2333 -0.9486
vn 0.6742 0.0934 -0.7327
vn 0.6504 0.0242 -0.7592
vn 0.9983 -0.0198 0.0553
vn 0.5771 -0.3013 -0.7590
vn 0.5723 -0.1354 -0.8088
vn 0.9892 0.1184 -0.0867
vn 0.9258 0.2237 -0.3047
vn 0.9205 0.2740 -0.2785
vn 0.8482 0.3564 0.3918
vn 0.9041 0.3094 0.2947
vn 0.0583 0.2276 0.9720
vn 0.4089 0.2073 0.8887
vn 0.3291 0.3058 0.8934
vn -0.0107 0.2875 0.9577
vn 0.9579 0.1816 -0.2223
vn 0.5884 -0.0691 -0.8056
vn -0.6595 -0.6051 -0.4460
vn -0.6753 -0.5823 -0.4528
vn -0.3416 -0.5169 -0.7850
vn -0.3527 -0.5669 -0.7445
vn 0.6059 0.3598 0.7095
vn 0.6273 0.3170 0.7113
vn 0.6518 0.1937 0.7333
vn 0.1484 0.1197 0.9817
vn 0.4863 0.0769 0.8704
vn -0.4519 0.1507 0.8792
vn -0.4323 0.0932 0.8969
vn -0.4263 0.2091 0.8801
vn -0.3787 -0.0301 0.9250
vn -0.9558 -0.2834 0.0777
vn -0.7804 -0.6223 -0.0613
vn -0.3379 -0.6781 0.6527
vn 0.8996 0.2078 0.3841
vn 0.6585 0.0627 0.7500
vn 0.2156 -0.0461 0.9754
vn 0.5086 -0.1009 0.8551
vn -0.1170 -0.5014 -0.8573
vn 0.0272 -0.4561 -0.8895
vn 0.3472 0.3454 0.8718
vn 0.8652 0.0896 0.4934
vn 0.6533 -0.1072 0.7495
vn -0.0091 -0.7985 0.6019
vn 0.1643 -0.8881 0.4292
vn -0.1282 -0.7555 -0.6424
vn -0.2214 -0.5512 -0.8045
vn 0.5435 -0.5499 -0.6342
vn -0.4079 -0.6511 -0.6401
vn -0.4637 -0.6272 -0.6257
vn 0.8080 -0.0664 0.5854
vn 0.3454 -0.9006 0.2638
vn -0.4321 -0.7541 -0.4947
vn -0.4208 -0.7515 -0.5081
vn -0.5656 -0.5811 -0.5851
vn -0.6161 -0.6290 -0.4742
vn 0.0190 0.3051 0.9521
vn -0.3684 0.2367 0.8990
vn 0.5621 -0.8205 0.1042
vn -0.3321 -0.7565 -0.5634
vn -0.5895 -0.4230 -0.6882
vn -0.5352 -0.5285 -0.6590
vn -0.9176 -0.1565 0.3654
vn -0.8942 -0.1314 0.4279
vn -0.8610 -0.4782 -0.1735
vn -0.8375 -0.4904 -0.2410
vn 0.8165 -0.5739 -0.0630
vn -0.4800 -0.5785 -0.6595
vn -0.6993 -0.4527 -0.5532
vn -0.7750 -0.4969 -0.3905
vn -0.9497 -0.1890 0.2496
vn -0.9711 -0.1927 0.1409
vn 0.1698 -0.2700 0.9478
vn -0.1873 -0.2470 0.9507
vn -0.1783 -0.4857 0.8558
vn 0.1478 -0.5328 0.8332
vn 0.1074 0.1636 -0.9807
vn 0.1090 0.2751 -0.9552
vn 0.6778 0.2769 -0.6811
vn 0.5995 0.1445 -0.7872
vn 0.9658 -0.2354 -0.1086
vn 0.6056 -0.2582 -0.7527
vn 0.9891 0.0674 -0.1312
vn -0.6890 -0.4952 0.5293
vn -0.5905 -0.2770 0.7580
vn 0.0910 -0.2368 -0.9673
vn -0.6422 -0.3525 0.6807
vn -0.8667 -0.4878 -0.1045
vn -0.9237 -0.3828 -0.0160
vn -0.6222 -0.0066 -0.7828
vn -0.6314 -0.2764 -0.7246
vn -0.9227 -0.3717 -0.1020
vn 0.8034 -0.1061 0.5859
vn 0.7492 -0.1524 0.6446
vn 0.9939 0.0913 -0.0615
vn 0.5880 -0.7697 -0.2487
vn 0.4085 -0.7534 -0.5153
vn 0.0811 -0.9844 0.1559
vn 0.0304 -0.9349 -0.3536
vn 0.4420 -0.8918 0.0962
vn -0.1387 -0.9737 0.1807
vn -0.4231 -0.9005 0.1006
vn -0.5077 -0.8065 -0.3030
vn -0.0526 -0.9283 -0.3680
vn -0.1214 -0.7988 -0.5893
vn 0.0417 -0.8131 -0.5807
vn -0.6770 -0.2406 -0.6956
vn -0.3921 -0.7764 -0.4933
vn 0.7219 -0.4565 0.5201
vn 0.1746 -0.1952 0.9651
vn -0.1902 -0.1692 0.9671
vn -0.1965 -0.1983 -0.9602
vn -0.2218 0.1616 -0.9616
vn -0.2206 0.2175 -0.9508
vn -0.2866 -0.4624 -0.8391
vn -0.3109 -0.4420 -0.8414
vn -0.2356 -0.4999 -0.8334
vn -0.1801 -0.5561 -0.8113
vn 0.8277 -0.0344 0.5601
vn 0.7867 -0.2136 0.5792
vn 0.9866 -0.1519 0.0599
vn 0.9946 -0.0788 0.0673
vn 0.5633 -0.8148 0.1372
vn 0.5779 -0.6003 -0.5529
vn -0.1513 -0.6379 -0.7551
vn -0.1647 -0.5054 -0.8470
vn 0.5991 -0.4050 -0.6907
vn 0.6850 -0.3317 -0.6486
vn 0.9999 -0.0056 0.0129
vn 0.7225 -0.2620 -0.6398
vn 0.7770 -0.2243 -0.5881
vn 0.9980 0.0519 -0.0357
vn 0.9982 0.0364 -0.0469
vn -0.0540 -0.5238 -0.8501
vn 0.0986 -0.5046 -0.8577
vn 0.1862 -0.4662 -0.8649
vn -0.7027 0.2576 0.6632
vn -0.7083 0.1481 0.6902
vn -0.1600 0.2816 0.9461
vn -0.0538 0.3706 0.9272
vn 0.2644 0.3000 0.9166
vn 0.2827 0.3810 0.8803
vn -0.0597 0.1103 0.9921
vn -0.6409 0.0827 0.7632
vn 0.6156 0.2790 0.7370
vn 0.5852 0.3558 0.7286
vn 0.2345 0.1116 0.9657
vn 0.9060 0.1733 0.3861
vn 0.8953 0.2303 0.3814
vn 0.5615 0.1229 0.8183
vn 0.2104 -0.0875 0.9737
vn 0.0224 -0.0582 0.9981
vn -0.5133 -0.2791 0.8116
vn 0.0089 -0.3866 0.9222
vn -0.5386 0.0137 0.8425
vn 0.8780 0.0823 0.4716
vn 0.4716 -0.0657 0.8793
vn 0.1871 -0.3420 0.9209
vn -0.6342 -0.7714 0.0525
vn -0.2138 -0.9767 0.0190
vn 0.3718 -0.2808 0.8848
vn 0.0182 -0.9922 0.1236
vn -0.8706 -0.3638 -0.3313
vn 0.1752 -0.9673 0.1836
vn -0.8668 -0.2265 -0.4443
vn -0.8480 -0.3033 -0.4345
vn -0.3252 -0.5631 -0.7598
vn -0.2254 -0.5817 -0.7815
vn -0.8381 -0.2792 -0.4686
vn -0.3685 -0.5340 -0.7609
vn -0.3666 -0.5739 -0.7323
vn -0.8408 -0.3131 -0.4416
vn -0.1168 -0.5542 -0.8242
vn -0.1583 -0.5898 -0.7919
vn -0.9632 0.0377 0.2660
vn -0.9842 0.0301 0.1745
vn -0.9937 0.0232 0.1100
vn -0.9957 0.0422 0.0827
vn -0.9361 -0.0515 0.3479
vn -0.0108 -0.6475 -0.7620
vn 0.3961 -0.5067 -0.7657
vn 0.6821 -0.7306 -0.0311
vn 0.0528 -0.9751 -0.2153
vn 0.0541 -0.9599 0.2751
vn -0.1560 -0.9856 0.0646
vn -0.0861 -0.9702 -0.2265
vn -0.4144 -0.6620 0.6245
vn -0.3806 -0.8924 0.2422
vn 0.0474 -0.9870 0.1537
vn -0.1364 -0.8693 0.4751
vn 0.7850 0.2463 -0.5685
vn 0.7315 0.1951 -0.6533
vn 0.2475 0.1400 -0.9587
vn 0.2586 0.1964 -0.9458
vn -0.4451 -0.0307 0.8949
vn -0.0596 -0.0111 0.9982
vn -0.0649 0.0242 0.9976
vn -0.4299 0.0493 0.9015
vn -0.3753 0.0163 -0.9267
vn -0.8830 0.0254 -0.4687
vn -0.8980 0.0623 -0.4355
vn -0.3619 0.0476 -0.9310
vn 0.8158 0.0644 0.5747
vn 0.9940 0.0963 0.0512
vn 0.9818 0.1868 0.0355
vn 0.8283 0.1141 0.5485
vn 0.4394 0.0450 0.8972
vn 0.4796 0.0664 0.8750
vn -0.0312 0.0761 0.9966
vn 0.8279 0.1060 0.5507
vn -0.0824 -0.4099 0.9084
vn 0.1656 -0.1577 0.9735
vn 0.0686 -0.0503 0.9964
vn -0.2913 -0.3147 0.9034
vn 0.2710 0.0528 -0.9611
vn 0.0034 0.0090 -1.0000
vn 0.0299 0.0749 -0.9967
vn 0.9759 0.1818 0.1208
vn 0.4301 0.0092 0.9027
vn -0.2110 -0.5717 -0.7929
vn -0.2683 -0.2129 -0.9395
vn -0.0171 -0.5970 -0.8020
vn 0.0851 -0.7669 -0.6361
vn -0.2573 -0.8228 0.5068
vn -0.9890 0.0481 0.1397
vn -0.9787 0.1060 0.1760
vn -0.3164 -0.8716 -0.3744
vn 0.1467 -0.9676 -0.2054
vn -0.8630 -0.4667 0.1935
vn -0.7116 -0.3028 0.6340
vn -0.7793 0.0579 0.6240
vn -0.7882 -0.0697 0.6115
vn 0.0194 -0.1199 -0.9926
vn 0.2746 -0.0840 -0.9579
vn -0.8436 -0.1103 -0.5256
vn -0.3576 -0.0606 -0.9319
vn -0.7544 -0.4413 -0.4860
vn 0.7654 0.0838 -0.6381
vn -0.9850 -0.1003 0.1407
vn -0.4003 0.1198 0.9085
vn -0.7201 0.1330 0.6811
vn 0.4363 -0.3473 0.8301
vn 0.4630 -0.1523 0.8732
vn 0.6225 -0.5729 0.5331
vn 0.7629 -0.2141 0.6100
vn 0.0201 -0.7532 0.6575
vn 0.7511 -0.2661 -0.6042
vn 0.9567 -0.2851 0.0593
vn 0.7547 -0.0323 -0.6552
vn 0.7936 -0.0730 0.6041
vn 0.4287 -0.0592 0.9015
vn -0.0210 -0.0035 0.9998
vn 0.9959 -0.0479 0.0767
vn 0.0570 0.1159 -0.9916
vn -0.5007 -0.0467 -0.8644
vn -0.1632 0.0435 -0.9856
vn -0.1946 -0.3594 -0.9127
vn -0.4466 -0.2566 -0.8571
vn -0.4836 0.0852 -0.8711
vn -0.8677 0.0945 -0.4880
vn -0.8160 0.1465 -0.5592
vn -0.4547 0.1003 -0.8850
vn -0.6938 -0.7194 0.0324
vn -0.1194 -0.9927 -0.0158
vn -0.0204 -0.9332 0.3587
vn -0.5016 -0.5864 0.6360
vn -0.5969 -0.5812 -0.5530
vn -0.9721 -0.2164 0.0905
vn -0.8563 -0.1759 -0.4856
vn -0.1388 -0.8475 -0.5122
vn 0.0269 -0.4452 -0.8950
vn 0.1562 -0.8621 -0.4820
vn -0.9932 0.0594 0.0997
vn -0.6897 -0.1781 0.7019
vn 0.0771 -0.9514 0.2980
vn 0.2611 -0.8878 0.3789
vn -0.0254 -0.5608 0.8276
vn -0.2126 -0.5809 0.7857
vn 0.5000 -0.8367 -0.2235
vn 0.5649 -0.8174 0.1127
vn 0.2315 -0.9664 0.1116
vn 0.2199 -0.9751 -0.0301
vn 0.9675 -0.1972 0.1581
vn 0.9034 -0.0871 -0.4198
vn 0.9088 -0.0832 -0.4089
vn 0.9729 -0.2173 0.0788
vn 0.8473 -0.3478 -0.4013
vn 0.6054 -0.2285 -0.7624
vn 0.6191 -0.0758 -0.7816
vn 0.2760 -0.9571 0.0889
vn 0.3962 -0.8628 0.3138
vn 0.1478 -0.0425 -0.9881
vn 0.1193 -0.0629 -0.9909
vn 0.6573 -0.0643 -0.7509
vn 0.1929 -0.0643 -0.9791
vn 0.3953 -0.4641 0.7927
vn 0.4109 -0.5244 0.7458
vn -0.0653 0.0231 0.9976
vn 0.1124 0.0709 0.9911
vn 0.1406 0.1105 0.9839
vn 0.0495 0.0850 0.9951
vn -0.9975 0.0697 -0.0077
vn -0.7729 0.0020 0.6345
vn -0.8989 -0.0309 0.4370
vn -0.9996 0.0180 -0.0209
vn 0.9271 -0.3603 0.1037
vn 0.4377 -0.6365 -0.6350
vn -0.1282 -0.0936 0.9873
vn -0.3170 -0.1545 0.9358
vn -0.2971 -0.0195 0.9547
vn -0.2442 0.0356 0.9691
vn -0.7169 -0.0077 0.6971
vn -0.8540 0.0908 -0.5124
vn -0.5174 0.0769 -0.8523
vn 0.1781 -0.2517 -0.9513
vn 0.8620 -0.1318 0.4894
vn 0.9235 -0.2801 0.2620
vn 0.2235 -0.3609 0.9054
vn 0.1209 0.0065 0.9926
vn 0.6390 -0.7548 0.1484
vn 0.7456 -0.5816 0.3252
vn 0.4524 -0.3037 0.8385
vn 0.2862 -0.0653 0.9559
vn 0.1914 0.0344 0.9809
vn 0.4332 -0.0598 0.8993
vn 0.3827 0.0548 0.9222
vn 0.1666 0.0955 0.9814
vn -0.2089 -0.0010 -0.9779
vn -0.1908 0.0226 -0.9814
vn -0.1767 0.0617 -0.9823
vn 0.8037 -0.2323 0.5479
vn 0.7661 0.0352 0.6418
vn 0.7296 0.0135 0.6837
vn 0.3431 0.1703 0.9237
vn 0.1713 0.1729 0.9699
vn 0.1670 0.1596 0.9730
vn 0.0839 0.1067 0.9907
vn -0.4521 -0.0051 0.8920
vn 0.8738 -0.1665 0.4569
vn -0.3759 -0.5628 0.7362
vn -0.2589 -0.6253 0.7362
vn 0.2737 0.6611 0.6986
vn 0.3974 0.5949 0.6987
vn 0.4674 -0.3126 0.8269
vn 0.5195 -0.2153 0.8269
vn 0.6724 -0.2786 0.6857
vn 0.6051 -0.4046 0.6856
vn -0.4674 -0.3126 0.8269
vn -0.3977 -0.3979 0.8268
vn -0.5145 -0.5148 0.6858
vn -0.6051 -0.4046 0.6856
vn 0.5514 -0.1097 0.8270
vn 0.5623 -0.0000 0.8269
vn 0.7278 -0.0000 0.6857
vn 0.7139 -0.1420 0.6857
vn 0.5949 0.3974 0.6987
vn 0.5061 0.5061 0.6984
vn 0.5538 0.5538 0.6218
vn 0.6513 0.4352 0.6216
vn 0.3760 -0.5628 0.7361
vn 0.4786 -0.4788 0.7360
vn -0.5061 0.5061 0.6984
vn -0.3974 0.5949 0.6987
vn 0.6767 -0.0000 0.7363
vn 0.6640 0.1319 0.7360
vn -0.7018 -0.1396 0.6986
vn -0.7154 -0.0000 0.6987
vn 0.3760 0.5628 0.7361
vn 0.2589 0.6252 0.7363
vn -0.2738 -0.6610 0.6986
vn -0.3974 -0.5949 0.6986
vn -0.2589 0.6252 0.7363
vn -0.3760 0.5628 0.7361
vn 0.3974 -0.5949 0.6986
vn 0.2741 -0.6612 0.6983
vn -0.6640 0.1319 0.7360
vn -0.6767 -0.0000 0.7363
vn 0.7154 -0.0000 0.6987
vn 0.7018 -0.1396 0.6986
vn -0.4786 -0.4788 0.7360
vn 0.2589 -0.6253 0.7362
vn -0.2737 0.6611 0.6986
vn 0.6640 -0.1319 0.7360
vn -0.7019 0.1395 0.6985
vn 0.4786 0.4782 0.7364
vn -0.5061 -0.5061 0.6984
vn -0.1321 0.6639 0.7360
vn 0.1396 -0.7020 0.6984
vn -0.6253 0.2591 0.7361
vn 0.6612 -0.2738 0.6985
vn -0.5627 -0.3759 0.7362
vn 0.1324 -0.6638 0.7361
vn -0.1396 0.7020 0.6984
vn 0.6255 -0.2591 0.7360
vn -0.6612 0.2740 0.6983
vn 0.5626 0.3758 0.7364
vn -0.5950 -0.3974 0.6986
vn -0.0000 0.6767 0.7363
vn -0.0000 -0.7154 0.6987
vn -0.5627 0.3760 0.7362
vn 0.5950 -0.3974 0.6986
vn -0.6255 -0.2591 0.7360
vn 0.6610 0.2737 0.6986
vn -0.1320 -0.6636 0.7364
vn -0.0000 -0.6770 0.7360
vn -0.0000 0.7154 0.6987
vn 0.1398 0.7019 0.6984
vn 0.5627 -0.3759 0.7362
vn -0.5949 0.3974 0.6987
vn 0.6253 0.2591 0.7361
vn -0.6612 -0.2738 0.6985
vn 0.1322 0.6636 0.7363
vn -0.1396 -0.7020 0.6984
vn -0.4786 0.4782 0.7364
vn 0.5061 -0.5061 0.6984
vn -0.6638 -0.1321 0.7361
vn 0.7018 0.1397 0.6985
vn -0.4044 -0.6052 0.6857
vn -0.2786 -0.6724 0.6857
vn 0.2618 0.6317 0.7297
vn 0.3799 0.5684 0.7298
vn 0.4044 -0.6052 0.6857
vn 0.5145 -0.5148 0.6858
vn -0.4837 0.4833 0.7297
vn -0.3798 0.5684 0.7299
vn 0.7139 0.1421 0.6857
vn -0.6705 -0.1335 0.7298
vn -0.6839 -0.0000 0.7296
vn 0.4044 0.6052 0.6857
vn 0.2784 0.6726 0.6856
vn -0.2615 -0.6316 0.7298
vn -0.3797 -0.5684 0.7299
vn -0.2784 0.6726 0.6856
vn -0.4044 0.6052 0.6857
vn 0.3798 -0.5686 0.7297
vn 0.2616 -0.6315 0.7299
vn -0.7139 0.1421 0.6857
vn -0.7278 -0.0000 0.6857
vn 0.6835 -0.0000 0.7299
vn 0.6705 -0.1335 0.7298
vn 0.4834 0.4834 0.7298
vn 0.2784 -0.6726 0.6857
vn -0.2616 0.6318 0.7296
vn -0.6706 0.1334 0.7297
vn 0.5147 0.5147 0.6857
vn -0.4835 -0.4832 0.7299
vn -0.1420 0.7137 0.6859
vn 0.1335 -0.6705 0.7298
vn -0.6724 0.2786 0.6857
vn 0.6315 -0.2616 0.7299
vn 0.5684 0.3799 0.7298
vn 0.1421 -0.7139 0.6857
vn -0.1334 0.6703 0.7300
vn -0.6315 0.2615 0.7299
vn 0.6052 0.4044 0.6857
vn -0.5686 -0.3798 0.7297
vn -0.0000 0.7277 0.6859
vn -0.0000 -0.6835 0.7299
vn -0.6052 0.4044 0.6857
vn 0.5686 -0.3798 0.7297
vn -0.6727 -0.2782 0.6856
vn 0.6315 0.2615 0.7299
vn -0.1421 -0.7139 0.6857
vn -0.0000 -0.7278 0.6857
vn -0.0000 0.6835 0.7299
vn 0.1334 0.6703 0.7300
vn -0.5684 0.3799 0.7298
vn 0.6724 0.2786 0.6857
vn -0.6315 -0.2616 0.7299
vn 0.1420 0.7137 0.6859
vn -0.1335 -0.6705 0.7298
vn -0.5147 0.5147 0.6857
vn 0.4833 -0.4833 0.7300
vn -0.7139 -0.1420 0.6857
vn 0.6706 0.1334 0.7297
vn 0.6051 0.4045 0.6857
vn 0.6726 0.2785 0.6856
vn 0.6472 -0.1286 0.7514
vn 0.6599 -0.0000 0.7513
vn -0.2524 -0.6095 0.7516
vn -0.1287 -0.6471 0.7515
vn -0.2786 0.6726 0.6856
vn -0.1421 0.7138 0.6858
vn 0.7138 0.1420 0.6858
vn 0.7280 -0.0000 0.6856
vn 0.3664 0.5486 0.7516
vn 0.2524 0.6094 0.7516
vn 0.5486 -0.3663 0.7516
vn 0.6099 -0.2525 0.7512
vn -0.7280 -0.0000 0.6856
vn -0.7138 0.1420 0.6858
vn 0.1421 0.7138 0.6858
vn 0.2785 0.6726 0.6856
vn -0.0000 0.6599 0.7513
vn -0.1289 0.6469 0.7516
vn -0.2784 -0.6725 0.6857
vn -0.6726 0.2785 0.6856
vn -0.6051 0.4045 0.6857
vn -0.6094 0.2524 0.7516
vn -0.6471 0.1287 0.7515
vn 0.1289 0.6471 0.7514
vn 0.1421 -0.7138 0.6858
vn -0.0000 -0.7280 0.6856
vn -0.4664 -0.4666 0.7515
vn -0.3665 -0.5485 0.7516
vn -0.4666 0.4665 0.7515
vn -0.5486 0.3666 0.7514
vn 0.7138 -0.1421 0.6858
vn 0.6725 -0.2786 0.6857
vn -0.1421 -0.7138 0.6858
vn 0.3665 -0.5485 0.7515
vn 0.4664 -0.4666 0.7515
vn -0.0000 -0.6596 0.7516
vn 0.4043 0.6054 0.6856
vn 0.5147 0.5146 0.6857
vn 0.6052 -0.4042 0.6858
vn 0.5148 -0.5148 0.6856
vn -0.5146 0.5148 0.6857
vn -0.4044 0.6054 0.6855
vn -0.0000 0.7280 0.6856
vn 0.4665 0.4664 0.7516
vn -0.2524 0.6096 0.7514
vn -0.3663 0.5485 0.7516
vn 0.6096 0.2527 0.7513
vn 0.5486 0.3663 0.7516
vn -0.5149 -0.5146 0.6856
vn -0.7138 -0.1421 0.6858
vn 0.6471 0.1287 0.7515
vn 0.2786 -0.6725 0.6857
vn 0.4042 -0.6052 0.6858
vn -0.6599 -0.0000 0.7513
vn 0.2526 -0.6097 0.7513
vn -0.5486 -0.3663 0.7516
vn 0.1286 -0.6470 0.7515
vn -0.6052 -0.4042 0.6858
vn -0.6099 -0.2525 0.7512
vn -0.6725 -0.2786 0.6857
vn -0.6472 -0.1286 0.7514
vn -0.5537 -0.5537 0.6219
vn -0.4351 -0.6513 0.6217
vn 0.3395 0.5079 0.7917
vn 0.4320 0.4319 0.7917
vn -0.2995 0.7236 0.6218
vn -0.1529 0.7680 0.6219
vn -0.7681 0.1527 0.6218
vn -0.7234 0.2998 0.6219
vn -0.6512 -0.4351 0.6218
vn 0.1530 -0.7680 0.6219
vn -0.0000 -0.7832 0.6217
vn 0.7234 -0.2994 0.6222
vn 0.6512 -0.4351 0.6218
vn 0.7234 0.2998 0.6219
vn -0.0000 0.7832 0.6217
vn 0.1529 0.7680 0.6219
vn -0.6513 0.4352 0.6216
vn -0.7235 -0.2997 0.6218
vn -0.1531 -0.7680 0.6219
vn 0.5537 -0.5537 0.6219
vn 0.7681 0.1529 0.6218
vn 0.2995 0.7236 0.6218
vn -0.5538 0.5538 0.6218
vn -0.7681 -0.1529 0.6218
vn -0.2996 -0.7237 0.6217
vn 0.4351 -0.6513 0.6217
vn 0.7832 -0.0000 0.6217
vn 0.4351 0.6513 0.6216
vn -0.4351 0.6513 0.6216
vn -0.7832 -0.0000 0.6217
vn 0.2998 -0.7234 0.6220
vn 0.7681 -0.1529 0.6218
vn 0.5992 0.1191 0.7917
vn 0.5642 0.2337 0.7919
vn 0.6727 0.2784 0.6855
vn 0.7138 0.1418 0.6858
vn -0.2334 0.5643 0.7919
vn -0.1190 0.5995 0.7915
vn -0.5992 0.1191 0.7917
vn -0.5642 0.2337 0.7919
vn -0.4316 -0.4319 0.7919
vn -0.5078 -0.3394 0.7918
vn 0.2337 -0.5643 0.7918
vn 0.1191 -0.5991 0.7918
vn 0.5992 -0.1190 0.7917
vn 0.5642 -0.2336 0.7919
vn 0.5079 0.3394 0.7917
vn -0.0000 0.6105 0.7920
vn -0.5079 0.3394 0.7917
vn -0.5641 -0.2336 0.7920
vn -0.0000 -0.6109 0.7917
vn -0.1191 -0.5992 0.7917
vn 0.5078 -0.3395 0.7918
vn 0.1191 0.5994 0.7915
vn -0.4319 0.4319 0.7918
vn -0.5993 -0.1189 0.7917
vn -0.2337 -0.5643 0.7918
vn 0.4318 -0.4320 0.7918
vn 0.2334 0.5642 0.7920
vn -0.3395 0.5079 0.7917
vn -0.6108 0.0001 0.7918
vn -0.3393 -0.5079 0.7918
vn 0.3393 -0.5079 0.7918
vn 0.6108 0.0001 0.7918
vn -0.1419 -0.7139 0.6857
vn -0.0000 -0.7281 0.6855
vn 0.1420 -0.7139 0.6857
vn 0.2785 -0.6726 0.6856
vn 0.4043 -0.6052 0.6858
vn 0.5147 -0.5151 0.6854
vn 0.6050 -0.4045 0.6858
vn 0.6727 -0.2785 0.6855
vn 0.7139 -0.1418 0.6857
vn 0.7281 0.0002 0.6854
vn 0.6051 0.4044 0.6857
vn 0.5146 0.5146 0.6858
vn 0.4048 0.6054 0.6853
vn 0.2784 0.6728 0.6854
vn 0.1418 0.7137 0.6859
vn -0.0000 0.7281 0.6855
vn -0.1417 0.7137 0.6859
vn -0.2784 0.6728 0.6855
vn -0.4045 0.6051 0.6857
vn -0.5146 0.5146 0.6858
vn -0.6052 0.4045 0.6857
vn -0.6727 0.2784 0.6855
vn -0.7138 0.1418 0.6858
vn -0.7279 0.0001 0.6857
vn -0.7139 -0.1417 0.6858
vn -0.6728 -0.2785 0.6854
vn -0.6049 -0.4046 0.6858
vn -0.5146 -0.5149 0.6856
vn -0.4043 -0.6052 0.6858
vn -0.2785 -0.6725 0.6857
vn 0.5514 0.1097 0.8270
vn 0.5195 0.2153 0.8269
vn 0.3124 0.4674 0.8270
vn -0.0000 0.5620 0.8272
vn -0.1098 0.5517 0.8268
vn -0.2153 0.5192 0.8271
vn -0.5195 0.2153 0.8269
vn -0.5514 -0.1097 0.8270
vn -0.5195 -0.2153 0.8269
vn -0.3125 -0.4677 0.8268
vn -0.2153 -0.5197 0.8268
vn 0.4561 -0.8891 0.0384
vn -0.4562 -0.8894 0.0294
vn -0.0000 0.9810 0.1941
vn -0.1915 0.9621 0.1941
vn -0.0757 0.3804 -0.9217
vn -0.0000 0.9248 0.3806
vn -0.0000 0.7102 -0.7040
vn -0.1385 0.6965 -0.7040
vn -0.0000 0.8333 0.5528
vn -0.1625 0.8173 0.5527
vn -0.1626 0.8174 -0.5527
vn -0.1385 0.6965 0.7041
vn -0.0000 0.9247 -0.3806
vn -0.0000 -0.5621 0.8270
vn -0.3189 0.7699 -0.5527
vn -0.3754 0.9063 -0.1939
vn -0.3827 0.9239 -0.0000
vn -0.0770 0.1858 -0.9796
vn -0.3754 0.9063 0.1940
vn -0.2142 0.5173 -0.8285
vn -0.3538 0.8544 0.3805
vn -0.5450 0.8157 0.1939
vn -0.3109 0.4654 -0.8287
vn -0.3946 0.5904 -0.7041
vn -0.4630 0.6929 -0.5527
vn -0.1116 0.1671 -0.9796
vn -0.2154 0.3225 -0.9217
vn -0.2902 0.2902 0.9119
vn -0.6937 0.6936 -0.1939
vn -0.7072 0.7071 -0.0000
vn 0.3976 -0.3979 0.8268
vn -0.6937 0.6936 0.1939
vn -0.6540 0.6539 0.3805
vn -0.5022 0.5021 -0.7040
vn -0.5893 0.5892 0.5528
vn -0.5893 0.5892 -0.5528
vn -0.6539 0.6538 -0.3806
vn -0.5905 0.3946 -0.7040
vn -0.7689 0.5138 -0.3806
vn -0.4811 0.3215 0.8156
vn -0.8157 0.5450 -0.1939
vn -0.3412 0.2280 0.9119
vn -0.8315 0.5556 -0.0000
vn -0.3225 0.2154 -0.9217
vn -0.8157 0.5450 0.1939
vn -0.4654 0.3109 -0.8287
vn -0.7689 0.5138 0.3805
vn -0.9063 0.3754 0.1940
vn -0.5170 0.2142 -0.8287
vn -0.8544 0.3538 0.3805
vn -0.6562 0.2718 -0.7040
vn -0.7699 0.3189 -0.5527
vn -0.6561 0.2718 0.7041
vn -0.8544 0.3538 -0.3806
vn -0.5346 0.2215 0.8156
vn -0.9063 0.3754 -0.1939
vn -0.3791 0.1571 0.9119
vn -0.1858 0.0770 -0.9796
vn -0.6965 0.1385 0.7040
vn -0.4027 0.0801 0.9118
vn -0.3804 0.0757 -0.9217
vn -0.9070 0.1804 0.3805
vn -0.6966 0.1386 -0.7040
vn -0.8173 0.1626 -0.5527
vn -0.9248 -0.0000 0.3805
vn -0.7102 -0.0000 -0.7040
vn -0.8333 -0.0000 -0.5527
vn -0.7102 -0.0000 0.7040
vn -0.9248 -0.0000 -0.3806
vn -0.4103 -0.0000 0.9120
vn -0.3804 -0.0757 -0.9217
vn -0.9070 -0.1804 0.3805
vn -0.6966 -0.1386 -0.7040
vn -0.8173 -0.1626 0.5528
vn -0.8173 -0.1626 -0.5528
vn -0.6965 -0.1385 0.7041
vn -0.5676 -0.1129 0.8155
vn -0.4024 -0.0800 0.9119
vn -0.1972 -0.0393 -0.9796
vn -0.6561 -0.2718 0.7041
vn -0.5346 -0.2215 0.8156
vn -0.8544 -0.3539 -0.3805
vn -0.9064 -0.3754 -0.1939
vn -0.3791 -0.1571 0.9119
vn -0.1857 -0.0770 -0.9796
vn -0.3583 -0.1485 -0.9217
vn -0.9063 -0.3754 0.1939
vn -0.8544 -0.3539 0.3805
vn -0.6562 -0.2718 -0.7040
vn -0.7689 -0.5138 0.3805
vn -0.5905 -0.3945 0.7041
vn -0.7689 -0.5138 -0.3805
vn -0.4811 -0.3215 0.8156
vn -0.8157 -0.5451 -0.1938
vn -0.3413 -0.2280 0.9119
vn -0.1672 -0.1117 -0.9796
vn -0.3225 -0.2154 -0.9217
vn -0.8157 -0.5451 0.1939
vn -0.4654 -0.3109 -0.8287
vn 0.4675 0.3121 0.8271
vn 0.3976 0.3973 0.8271
vn -0.7072 -0.7070 -0.0000
vn -0.6938 -0.6936 0.1939
vn -0.2743 -0.2743 -0.9217
vn -0.6540 -0.6539 0.3805
vn -0.5022 -0.5022 -0.7040
vn -0.5893 -0.5892 0.5528
vn -0.5893 -0.5892 -0.5528
vn -0.4092 -0.4092 0.8156
vn -0.6938 -0.6936 -0.1938
vn -0.1421 -0.1421 -0.9796
vn -0.5556 -0.8314 -0.0000
vn -0.5451 -0.8157 0.1939
vn -0.4630 -0.6929 0.5528
vn -0.4630 -0.6929 -0.5528
vn -0.2142 -0.5170 -0.8287
vn -0.3189 -0.7699 0.5527
vn -0.3189 -0.7699 -0.5527
vn -0.3754 -0.9063 -0.1939
vn -0.1484 -0.3583 -0.9217
vn 0.2153 0.5192 0.8271
vn 0.1097 0.5514 0.8270
vn -0.1091 -0.5490 -0.8287
vn -0.1804 -0.9070 0.3806
vn -0.1384 -0.6965 -0.7040
vn -0.1625 -0.8173 -0.5528
vn -0.1384 -0.6965 0.7041
vn -0.1128 -0.5676 0.8155
vn -0.0000 -0.8333 -0.5528
vn -0.0000 -0.5787 0.8155
vn -0.0000 -0.7101 -0.7041
vn 0.1804 -0.9070 0.3805
vn 0.1091 -0.5490 -0.8287
vn 0.1384 -0.6965 -0.7040
vn 0.1625 -0.8173 -0.5528
vn 0.1384 -0.6965 0.7041
vn 0.1128 -0.5676 0.8155
vn 0.0801 -0.4027 0.9118
vn 0.0393 -0.1972 -0.9796
vn 0.0756 -0.3804 -0.9217
vn 0.1570 -0.3793 0.9119
vn 0.3754 -0.9063 -0.1939
vn 0.0768 -0.1857 -0.9796
vn 0.1484 -0.3583 -0.9217
vn 0.3189 -0.7699 -0.5527
vn 0.3539 -0.8544 -0.3805
vn 0.4630 -0.6929 0.5528
vn 0.3946 -0.5904 0.7041
vn 0.4630 -0.6929 -0.5528
vn 0.5137 -0.7689 -0.3805
vn 0.3215 -0.4811 0.8156
vn 0.5450 -0.8157 -0.1938
vn 0.2281 -0.3413 0.9119
vn 0.2155 -0.3224 -0.9217
vn 0.5137 -0.7689 0.3805
vn 0.3946 -0.5905 -0.7040
vn 0.6937 -0.6937 0.1938
vn 0.3957 -0.3957 -0.8287
vn 0.5022 -0.5022 -0.7040
vn 0.6539 -0.6539 -0.3805
vn 0.4092 -0.4092 0.8156
vn 0.6937 -0.6937 -0.1938
vn 0.2903 -0.2902 0.9119
vn 0.1421 -0.1421 -0.9796
vn 0.2743 -0.2743 -0.9217
vn -0.3127 0.4674 0.8269
vn -0.3976 0.3973 0.8271
vn 0.4811 -0.3215 0.8156
vn 0.3412 -0.2280 0.9119
vn 0.8157 -0.5450 -0.1939
vn 0.1672 -0.1117 -0.9796
vn -0.4676 0.3125 0.8269
vn 0.8157 -0.5450 0.1939
vn 0.7690 -0.5137 0.3805
vn 0.5905 -0.3945 -0.7040
vn 0.7689 -0.5137 -0.3805
vn 0.7699 -0.3189 0.5527
vn 0.7699 -0.3189 -0.5527
vn 0.8544 -0.3539 -0.3806
vn 0.5346 -0.2214 0.8156
vn 0.9063 -0.3754 -0.1940
vn 0.3792 -0.1570 0.9119
vn 0.1856 -0.0769 -0.9796
vn 0.3584 -0.1484 -0.9217
vn 0.5174 -0.2143 -0.8285
vn 0.8544 -0.3539 0.3805
vn 0.3804 -0.0757 -0.9217
vn 0.5489 -0.1091 -0.8287
vn 0.9070 -0.1805 0.3805
vn 0.6965 -0.1385 -0.7040
vn 0.8173 -0.1626 0.5527
vn 0.8173 -0.1626 -0.5527
vn 0.6965 -0.1385 0.7041
vn 0.9070 -0.1805 -0.3806
vn 0.5675 -0.1128 0.8156
vn 0.4025 -0.0800 0.9119
vn 0.9808 -0.1950 -0.0000
vn 0.1973 -0.0393 -0.9796
vn 0.9248 -0.0000 -0.3806
vn 0.9810 -0.0000 -0.1938
vn 0.5786 -0.0000 0.8156
vn 0.2010 -0.0000 -0.9796
vn 0.3879 -0.0000 -0.9217
vn -0.5515 0.1097 0.8269
vn -0.5624 -0.0000 0.8268
vn 0.9810 -0.0000 0.1939
vn 0.5596 -0.0000 -0.8288
vn 0.9248 -0.0000 0.3805
vn 0.7102 -0.0000 -0.7040
vn 0.8333 -0.0000 -0.5527
vn 0.9070 0.1805 0.3805
vn 0.8173 0.1626 0.5527
vn 0.6965 0.1385 -0.7040
vn 0.8174 0.1626 -0.5527
vn 0.6965 0.1385 0.7041
vn 0.9070 0.1805 -0.3806
vn 0.5675 0.1128 0.8156
vn 0.4025 0.0800 0.9119
vn 0.9808 0.1950 -0.0000
vn 0.3804 0.0757 -0.9217
vn 0.5489 0.1091 -0.8288
vn 0.9063 0.3754 0.1940
vn 0.3583 0.1484 -0.9217
vn 0.5170 0.2142 -0.8287
vn 0.8544 0.3539 0.3805
vn 0.7700 0.3189 0.5527
vn 0.7700 0.3189 -0.5527
vn 0.8544 0.3539 -0.3806
vn 0.5346 0.2214 0.8156
vn 0.9063 0.3754 -0.1940
vn 0.3791 0.1570 0.9119
vn 0.1857 0.0769 -0.9796
vn 0.4811 0.3215 0.8156
vn 0.7690 0.5137 -0.3806
vn 0.8157 0.5450 -0.1939
vn 0.3411 0.2280 0.9119
vn 0.8315 0.5556 -0.0000
vn 0.1672 0.1116 -0.9796
vn 0.8157 0.5450 0.1940
vn 0.7690 0.5137 0.3805
vn 0.5905 0.3946 -0.7040
vn 0.6929 0.4630 0.5527
vn 0.6929 0.4630 -0.5527
vn 0.5893 0.5892 0.5528
vn 0.5022 0.5021 -0.7040
vn 0.4092 0.4091 0.8156
vn 0.6937 0.6937 -0.1939
vn 0.2901 0.2901 0.9120
vn 0.2743 0.2742 -0.9217
vn 0.6937 0.6937 0.1939
vn 0.3958 0.3957 -0.8287
vn 0.5555 0.8315 -0.0000
vn 0.5450 0.8157 0.1939
vn 0.2154 0.3225 -0.9217
vn 0.3109 0.4654 -0.8287
vn 0.3945 0.5905 -0.7040
vn 0.4629 0.6929 0.5528
vn 0.4629 0.6929 -0.5528
vn 0.5138 0.7689 -0.3805
vn 0.5450 0.8157 -0.1938
vn 0.2279 0.3411 0.9120
vn 0.1116 0.1672 -0.9796
vn 0.3754 0.9064 -0.1939
vn 0.1570 0.3790 0.9120
vn 0.3827 0.9239 -0.0000
vn 0.1484 0.3583 -0.9217
vn 0.3754 0.9063 0.1940
vn 0.3538 0.8544 0.3805
vn 0.3189 0.7699 -0.5527
vn 0.1804 0.9070 0.3805
vn 0.1625 0.8173 0.5527
vn 0.1385 0.6965 -0.7040
vn 0.1625 0.8174 -0.5527
vn 0.1385 0.6965 0.7041
vn 0.1804 0.9070 -0.3805
vn 0.1129 0.5676 0.8156
vn 0.0800 0.4024 0.9119
vn 0.0393 0.1972 -0.9796
vn 0.0757 0.3804 -0.9217
vn 0.1915 0.9621 0.1941
vn -0.1097 -0.5516 0.8269
vn -0.3760 -0.5628 0.7362
vn -0.2588 -0.6253 0.7362
vn 0.2742 0.6611 0.6984
vn 0.3974 0.5952 0.6984
vn 0.4674 -0.3122 0.8271
vn 0.5195 -0.2152 0.8269
vn 0.6725 -0.2786 0.6856
vn 0.6054 -0.4044 0.6856
vn -0.4675 -0.3126 0.8269
vn -0.3976 -0.3977 0.8269
vn -0.5148 -0.5147 0.6857
vn -0.6052 -0.4043 0.6857
vn 0.5516 -0.1098 0.8269
vn 0.5622 -0.0000 0.8270
vn 0.5950 0.3975 0.6985
vn 0.5539 0.5538 0.6217
vn 0.6512 0.4351 0.6218
vn 0.3759 -0.5628 0.7362
vn 0.4787 -0.4787 0.7360
vn -0.5059 0.5059 0.6986
vn -0.3973 0.5951 0.6986
vn 0.6766 -0.0000 0.7363
vn 0.6637 0.1320 0.7363
vn 0.3759 0.5628 0.7362
vn 0.2593 0.6254 0.7359
vn -0.2741 -0.6611 0.6985
vn -0.3975 -0.5951 0.6985
vn -0.2589 0.6253 0.7362
vn 0.3975 -0.5950 0.6985
vn 0.2740 -0.6611 0.6985
vn -0.6636 0.1321 0.7363
vn -0.6770 -0.0000 0.7360
vn 0.7021 -0.1394 0.6983
vn -0.4784 -0.4785 0.7363
vn 0.2587 -0.6252 0.7364
vn -0.2740 0.6613 0.6983
vn 0.6640 -0.1322 0.7360
vn -0.7019 0.1396 0.6985
vn 0.4787 0.4787 0.7360
vn -0.5060 -0.5059 0.6986
vn -0.1323 0.6636 0.7363
vn 0.1397 -0.7017 0.6986
vn -0.6251 0.2588 0.7364
vn 0.6611 -0.2739 0.6985
vn -0.5628 -0.3761 0.7361
vn 0.1321 -0.6637 0.7362
vn -0.1398 0.7018 0.6986
vn 0.6256 -0.2592 0.7358
vn -0.6610 0.2738 0.6986
vn 0.5627 0.3760 0.7362
vn -0.5951 -0.3975 0.6985
vn -0.0000 -0.7156 0.6985
vn 0.5948 -0.3980 0.6985
vn -0.6253 -0.2588 0.7362
vn 0.6610 0.2738 0.6987
vn -0.1322 -0.6638 0.7362
vn -0.0001 0.7155 0.6986
vn 0.1398 0.7018 0.6986
vn 0.5627 -0.3761 0.7361
vn -0.5950 0.3975 0.6985
vn 0.6254 0.2591 0.7360
vn -0.6611 -0.2739 0.6985
vn 0.1320 0.6641 0.7359
vn -0.1397 -0.7017 0.6986
vn -0.4787 0.4787 0.7360
vn 0.5059 -0.5060 0.6986
vn -0.6638 -0.1322 0.7362
vn 0.7019 0.1396 0.6985
vn -0.4045 -0.6051 0.6858
vn -0.2788 -0.6724 0.6857
vn 0.2617 0.6317 0.7297
vn 0.3798 0.5682 0.7300
vn 0.5148 -0.5147 0.6857
vn -0.4834 0.4834 0.7298
vn -0.3796 0.5684 0.7299
vn -0.2616 -0.6318 0.7297
vn -0.3798 -0.5686 0.7297
vn -0.2784 0.6724 0.6858
vn -0.4045 0.6051 0.6858
vn 0.3799 -0.5684 0.7298
vn 0.2615 -0.6315 0.7299
vn 0.6838 -0.0000 0.7297
vn 0.6703 -0.1334 0.7300
vn 0.4835 0.4835 0.7296
vn 0.2786 -0.6724 0.6857
vn -0.2618 0.6317 0.7297
vn -0.4833 -0.4833 0.7300
vn -0.1420 0.7138 0.6859
vn 0.1334 -0.6706 0.7297
vn 0.6317 -0.2618 0.7297
vn 0.5682 0.3798 0.7300
vn -0.1338 0.6703 0.7299
vn 0.6054 0.4042 0.6856
vn -0.0000 0.7280 0.6855
vn 0.5684 -0.3796 0.7299
vn -0.6724 -0.2786 0.6857
vn 0.6317 0.2617 0.7297
vn -0.1421 -0.7137 0.6859
vn 0.1337 0.6704 0.7299
vn 0.6724 0.2783 0.6858
vn 0.4834 -0.4834 0.7298
vn 0.6703 0.1333 0.7300
vn 0.6053 0.4045 0.6856
vn 0.6724 0.2785 0.6858
vn 0.6471 -0.1287 0.7514
vn 0.6596 -0.0000 0.7516
vn -0.2522 -0.6096 0.7515
vn -0.1289 -0.6474 0.7512
vn -0.2786 0.6723 0.6859
vn -0.1425 0.7138 0.6857
vn 0.7140 0.1420 0.6856
vn 0.7277 -0.0000 0.6858
vn 0.3665 0.5486 0.7515
vn 0.2525 0.6096 0.7514
vn 0.5485 -0.3666 0.7515
vn 0.6098 -0.2525 0.7513
vn 0.1424 0.7138 0.6857
vn 0.2785 0.6727 0.6855
vn -0.1286 0.6472 0.7513
vn -0.2786 -0.6725 0.6857
vn -0.4042 -0.6052 0.6858
vn -0.6093 0.2523 0.7518
vn -0.6472 0.1289 0.7513
vn 0.1286 0.6473 0.7513
vn 0.1423 -0.7139 0.6857
vn -0.4665 -0.4666 0.7515
vn -0.3665 -0.5485 0.7515
vn -0.4666 0.4665 0.7514
vn -0.5487 0.3668 0.7513
vn 0.7140 -0.1421 0.6855
vn 0.6723 -0.2786 0.6859
vn 0.3668 -0.5487 0.7513
vn 0.4665 -0.4666 0.7514
vn 0.4045 0.6053 0.6856
vn 0.5147 0.5149 0.6856
vn 0.6054 -0.4043 0.6856
vn 0.5146 -0.5147 0.6857
vn -0.5147 0.5146 0.6857
vn -0.4043 0.6054 0.6856
vn 0.4668 0.4668 0.7511
vn -0.2525 0.6097 0.7514
vn -0.3665 0.5486 0.7515
vn 0.6095 0.2526 0.7515
vn 0.5486 0.3667 0.7514
vn -0.5148 -0.5148 0.6856
vn 0.6468 0.1286 0.7518
vn 0.4045 -0.6051 0.6857
vn -0.6596 -0.0000 0.7516
vn 0.2524 -0.6095 0.7515
vn -0.5487 -0.3667 0.7513
vn 0.1289 -0.6474 0.7512
vn -0.6096 -0.2522 0.7515
vn -0.6471 -0.1287 0.7515
vn -0.5538 -0.5538 0.6218
vn -0.4349 -0.6512 0.6219
vn 0.3397 0.5080 0.7915
vn 0.4316 0.4320 0.7919
vn -0.2999 0.7235 0.6218
vn -0.1530 0.7681 0.6218
vn -0.7681 0.1528 0.6218
vn -0.7236 0.2996 0.6218
vn -0.6512 -0.4349 0.6219
vn 0.1529 -0.7681 0.6218
vn -0.0000 -0.7830 0.6220
vn 0.7235 -0.2998 0.6218
vn 0.6511 -0.4351 0.6219
vn 0.7236 0.2996 0.6218
vn -0.0001 0.7833 0.6216
vn 0.1530 0.7681 0.6218
vn -0.6512 0.4350 0.6218
vn -0.7236 -0.2998 0.6218
vn -0.1529 -0.7681 0.6218
vn 0.5538 -0.5538 0.6218
vn 0.7681 0.1528 0.6218
vn 0.2998 0.7235 0.6218
vn -0.5537 0.5539 0.6217
vn -0.7681 -0.1525 0.6219
vn -0.2999 -0.7234 0.6219
vn 0.4350 -0.6509 0.6222
vn 0.7833 -0.0000 0.6216
vn 0.4349 0.6513 0.6218
vn -0.4349 0.6513 0.6218
vn -0.7834 -0.0000 0.6215
vn 0.2998 -0.7234 0.6219
vn 0.5991 0.1191 0.7917
vn 0.6725 0.2786 0.6856
vn 0.7139 0.1420 0.6857
vn -0.2337 0.5641 0.7919
vn -0.1193 0.5993 0.7916
vn -0.5991 0.1191 0.7917
vn -0.5642 0.2338 0.7918
vn -0.4319 -0.4321 0.7917
vn -0.5077 -0.3393 0.7919
vn 0.2334 -0.5643 0.7919
vn 0.1189 -0.5993 0.7917
vn 0.5991 -0.1191 0.7918
vn 0.5647 -0.2337 0.7916
vn -0.0000 0.6104 0.7921
vn -0.5644 -0.2336 0.7918
vn -0.0000 -0.6107 0.7918
vn -0.1189 -0.5993 0.7917
vn 0.5077 -0.3392 0.7919
vn 0.1192 0.5993 0.7916
vn -0.4317 0.4320 0.7919
vn -0.5991 -0.1191 0.7918
vn -0.2334 -0.5643 0.7919
vn 0.4319 -0.4321 0.7917
vn 0.2337 0.5641 0.7920
vn -0.3396 0.5080 0.7915
vn -0.3394 -0.5077 0.7918
vn 0.3395 -0.5078 0.7918
vn -0.1416 -0.7139 0.6857
vn -0.0000 -0.7279 0.6857
vn 0.1417 -0.7140 0.6857
vn 0.2782 -0.6726 0.6857
vn 0.4045 -0.6052 0.6856
vn 0.5146 -0.5147 0.6858
vn 0.6052 -0.4045 0.6856
vn 0.6723 -0.2782 0.6860
vn 0.7281 -0.0000 0.6855
vn 0.5146 0.5148 0.6857
vn 0.4044 0.6050 0.6858
vn 0.2787 0.6726 0.6856
vn 0.1419 0.7138 0.6859
vn -0.1419 0.7138 0.6859
vn -0.2786 0.6725 0.6856
vn -0.4044 0.6050 0.6859
vn -0.5146 0.5149 0.6856
vn -0.6052 0.4042 0.6858
vn -0.6725 0.2787 0.6856
vn -0.7139 0.1420 0.6857
vn -0.7139 -0.1419 0.6857
vn -0.6725 -0.2784 0.6857
vn -0.6052 -0.4045 0.6856
vn -0.5145 -0.5147 0.6858
vn -0.4045 -0.6052 0.6857
vn -0.2783 -0.6723 0.6860
vn 0.5516 0.1098 0.8269
vn 0.5193 0.2152 0.8270
vn -0.0000 0.5620 0.8271
vn -0.1097 0.5514 0.8270
vn -0.2150 0.5192 0.8272
vn -0.5196 0.2153 0.8269
vn -0.5515 -0.1097 0.8269
vn -0.5196 -0.2154 0.8268
vn -0.3124 -0.4676 0.8269
vn -0.2151 -0.5196 0.8269
vt 0.495188 0.871233
vt 0.494635 0.871729
vt 0.493889 0.870520
vt 0.494427 0.870239
vt 0.498239 0.872953
vt 0.497890 0.873885
vt 0.495969 0.872953
vt 0.496529 0.872143
vt 0.498461 0.872476
vt 0.496834 0.871729
vt 0.495515 0.870969
vt 0.494755 0.870087
vt 0.494150 0.869215
vt 0.494496 0.869162
vt 0.508358 0.872852
vt 0.509503 0.872022
vt 0.510200 0.872551
vt 0.508955 0.873589
vt 0.511056 0.871395
vt 0.511664 0.870105
vt 0.512674 0.870378
vt 0.512019 0.871988
vt 0.502820 0.876176
vt 0.502597 0.874825
vt 0.505025 0.874819
vt 0.505405 0.876089
vt 0.493599 0.869318
vt 0.493696 0.868015
vt 0.494313 0.868105
vt 0.500423 0.873041
vt 0.502558 0.873345
vt 0.502555 0.873857
vt 0.500302 0.873541
vt 0.504788 0.873862
vt 0.504660 0.873342
vt 0.507199 0.874389
vt 0.506768 0.873503
vt 0.506520 0.873028
vt 0.511474 0.866184
vt 0.511519 0.867464
vt 0.511031 0.867653
vt 0.510917 0.866544
vt 0.510572 0.876752
vt 0.512095 0.874788
vt 0.513261 0.876429
vt 0.511848 0.878338
vt 0.514395 0.878559
vt 0.512969 0.881071
vt 0.511073 0.873427
vt 0.513078 0.872890
vt 0.514224 0.874037
vt 0.492890 0.884886
vt 0.494829 0.884854
vt 0.495372 0.890339
vt 0.493156 0.890352
vt 0.508093 0.863969
vt 0.508547 0.863222
vt 0.510086 0.863932
vt 0.509517 0.864605
vt 0.511045 0.864969
vt 0.510448 0.865500
vt 0.512116 0.868661
vt 0.512420 0.867096
vt 0.513553 0.866604
vt 0.513168 0.868578
vt 0.517451 0.876498
vt 0.517302 0.879179
vt 0.516436 0.877046
vt 0.516782 0.873079
vt 0.518280 0.881927
vt 0.517735 0.886942
vt 0.517459 0.886506
vt 0.518054 0.881693
vt 0.517903 0.878370
vt 0.517755 0.880747
vt 0.518190 0.879307
vt 0.517102 0.885294
vt 0.516764 0.868773
vt 0.516053 0.871770
vt 0.516448 0.867888
vt 0.513481 0.854030
vt 0.511796 0.849828
vt 0.510647 0.848671
vt 0.512360 0.854589
vt 0.514301 0.853845
vt 0.512730 0.851379
vt 0.493400 0.866251
vt 0.492530 0.866125
vt 0.492888 0.864063
vt 0.494175 0.864199
vt 0.495485 0.855771
vt 0.494601 0.855864
vt 0.494489 0.854849
vt 0.495878 0.854607
vt 0.493426 0.853425
vt 0.495549 0.853043
vt 0.493180 0.852331
vt 0.495033 0.851855
vt 0.511390 0.893272
vt 0.513746 0.890725
vt 0.514467 0.893902
vt 0.512261 0.897401
vt 0.502149 0.902585
vt 0.501616 0.896380
vt 0.504990 0.895971
vt 0.505764 0.901819
vt 0.493283 0.896614
vt 0.493174 0.903069
vt 0.490480 0.903071
vt 0.490480 0.896609
vt 0.508363 0.895034
vt 0.509298 0.900184
vt 0.498786 0.902921
vt 0.498480 0.896556
vt 0.495819 0.903053
vt 0.495749 0.896620
vt 0.493015 0.908533
vt 0.495710 0.908434
vt 0.509639 0.903962
vt 0.512623 0.900360
vt 0.491581 0.869684
vt 0.491659 0.871217
vt 0.490480 0.871281
vt 0.490482 0.869731
vt 0.493010 0.869451
vt 0.492393 0.869576
vt 0.492378 0.867956
vt 0.493040 0.867966
vt 0.492543 0.871057
vt 0.493258 0.870832
vt 0.491815 0.872697
vt 0.490480 0.872748
vt 0.492886 0.872561
vt 0.503412 0.851704
vt 0.501262 0.853680
vt 0.499967 0.851523
vt 0.501798 0.849463
vt 0.498238 0.847727
vt 0.499475 0.845773
vt 0.500518 0.847682
vt 0.498972 0.849531
vt 0.498917 0.855914
vt 0.499951 0.857889
vt 0.497610 0.859722
vt 0.496933 0.857806
vt 0.495346 0.861540
vt 0.495330 0.859022
vt 0.496802 0.849219
vt 0.497023 0.851358
vt 0.504486 0.850625
vt 0.502752 0.848471
vt 0.503589 0.847944
vt 0.505239 0.849898
vt 0.503692 0.845378
vt 0.503652 0.846547
vt 0.502624 0.846439
vt 0.501765 0.845164
vt 0.504312 0.847842
vt 0.505745 0.849527
vt 0.507641 0.850898
vt 0.507238 0.851304
vt 0.509811 0.851944
vt 0.509550 0.852307
vt 0.512041 0.852524
vt 0.512029 0.852692
vt 0.513977 0.853381
vt 0.513988 0.854329
vt 0.514360 0.854938
vt 0.513567 0.853597
vt 0.515561 0.856408
vt 0.515396 0.856829
vt 0.512624 0.901973
vt 0.509480 0.906259
vt 0.509572 0.906003
vt 0.512667 0.901940
vt 0.512762 0.900133
vt 0.509732 0.904438
vt 0.498774 0.908126
vt 0.502254 0.907479
vt 0.502178 0.910295
vt 0.498716 0.911225
vt 0.506005 0.906245
vt 0.505916 0.908695
vt 0.505904 0.909164
vt 0.502259 0.910984
vt 0.498843 0.912122
vt 0.495799 0.912791
vt 0.495667 0.911726
vt 0.492971 0.911940
vt 0.493058 0.913127
vt 0.490480 0.913245
vt 0.490480 0.912011
vt 0.506294 0.907453
vt 0.502710 0.909445
vt 0.499250 0.910778
vt 0.496116 0.911620
vt 0.493247 0.912081
vt 0.490480 0.912250
vt 0.499926 0.906661
vt 0.496597 0.907622
vt 0.493513 0.908212
vt 0.490480 0.908438
vt 0.503551 0.905255
vt 0.507147 0.903214
vt 0.515053 0.897068
vt 0.515006 0.897264
vt 0.495437 0.867112
vt 0.494697 0.868170
vt 0.495023 0.866864
vt 0.496445 0.865555
vt 0.496792 0.866155
vt 0.499121 0.862516
vt 0.498523 0.861233
vt 0.500879 0.859660
vt 0.501366 0.861403
vt 0.512459 0.860584
vt 0.513755 0.857638
vt 0.514809 0.860514
vt 0.513499 0.862468
vt 0.514991 0.863297
vt 0.515640 0.858329
vt 0.515973 0.861741
vt 0.513746 0.864536
vt 0.512491 0.865488
vt 0.512137 0.863935
vt 0.510489 0.859429
vt 0.511896 0.856232
vt 0.507490 0.856035
vt 0.507426 0.859165
vt 0.508948 0.853618
vt 0.512022 0.854288
vt 0.514730 0.865970
vt 0.514297 0.868482
vt 0.495584 0.876956
vt 0.493788 0.876808
vt 0.493423 0.874286
vt 0.495167 0.874242
vt 0.514295 0.867591
vt 0.515495 0.866146
vt 0.514606 0.859445
vt 0.513488 0.860440
vt 0.515633 0.880032
vt 0.514144 0.883024
vt 0.513697 0.890343
vt 0.515487 0.886456
vt 0.515696 0.873084
vt 0.514406 0.875178
vt 0.517522 0.877923
vt 0.517227 0.873232
vt 0.516659 0.876727
vt 0.516765 0.882271
vt 0.512419 0.868770
vt 0.511764 0.861384
vt 0.509349 0.861894
vt 0.509814 0.869408
vt 0.516911 0.868117
vt 0.516967 0.865578
vt 0.516437 0.860952
vt 0.516478 0.862783
vt 0.518112 0.877203
vt 0.518112 0.874980
vt 0.517783 0.871954
vt 0.517796 0.873869
vt 0.512471 0.876884
vt 0.512039 0.885612
vt 0.517394 0.869921
vt 0.518331 0.877299
vt 0.518311 0.879721
vt 0.518373 0.881300
vt 0.518417 0.878803
vt 0.506276 0.861904
vt 0.505763 0.855951
vt 0.502466 0.855746
vt 0.502726 0.861685
vt 0.509758 0.878034
vt 0.509161 0.887559
vt 0.494820 0.861204
vt 0.490480 0.861186
vt 0.490480 0.869303
vt 0.494706 0.869269
vt 0.517371 0.868374
vt 0.498987 0.861414
vt 0.498835 0.869365
vt 0.516200 0.864558
vt 0.515304 0.858526
vt 0.516898 0.864417
vt 0.516290 0.860346
vt 0.516516 0.870706
vt 0.517734 0.881840
vt 0.498433 0.879279
vt 0.494492 0.879392
vt 0.494195 0.890957
vt 0.497842 0.890511
vt 0.502324 0.879050
vt 0.501584 0.889813
vt 0.511290 0.893824
vt 0.517852 0.884703
vt 0.516808 0.886829
vt 0.516811 0.890053
vt 0.490480 0.879476
vt 0.506525 0.869558
vt 0.506290 0.878677
vt 0.510770 0.855331
vt 0.508578 0.855871
vt 0.515604 0.857561
vt 0.490480 0.891144
vt 0.502725 0.869494
vt 0.505561 0.888887
vt 0.501953 0.863623
vt 0.504204 0.863138
vt 0.504163 0.863770
vt 0.502062 0.864153
vt 0.506250 0.863684
vt 0.506506 0.862953
vt 0.503389 0.878083
vt 0.506141 0.877915
vt 0.504325 0.880832
vt 0.507223 0.880459
vt 0.508646 0.877292
vt 0.507749 0.875573
vt 0.510975 0.882829
vt 0.509954 0.879158
vt 0.513767 0.870790
vt 0.509672 0.874725
vt 0.514930 0.871265
vt 0.515369 0.875403
vt 0.497005 0.884806
vt 0.499602 0.884785
vt 0.500669 0.890158
vt 0.497825 0.890271
vt 0.490480 0.890357
vt 0.490480 0.884905
vt 0.490480 0.880339
vt 0.492592 0.880322
vt 0.494258 0.880319
vt 0.496198 0.880369
vt 0.498616 0.880540
vt 0.515585 0.881012
vt 0.514284 0.884302
vt 0.508383 0.884062
vt 0.512403 0.886803
vt 0.509880 0.888514
vt 0.497639 0.875282
vt 0.500178 0.875894
vt 0.500573 0.877860
vt 0.497913 0.877432
vt 0.501388 0.880745
vt 0.511132 0.862597
vt 0.509381 0.861722
vt 0.502479 0.884777
vt 0.503737 0.889961
vt 0.505462 0.884636
vt 0.506871 0.889507
vt 0.516416 0.891476
vt 0.516673 0.892221
vt 0.517864 0.886391
vt 0.516785 0.891820
vt 0.516580 0.883442
vt 0.516039 0.889825
vt 0.515431 0.887409
vt 0.514835 0.896129
vt 0.518365 0.879460
vt 0.515457 0.868275
vt 0.515833 0.865106
vt 0.516617 0.864016
vt 0.516694 0.864344
vt 0.509132 0.847708
vt 0.514808 0.854110
vt 0.507123 0.846766
vt 0.504580 0.845749
vt 0.501585 0.844792
vt 0.490480 0.843248
vt 0.490480 0.855070
vt 0.494763 0.855153
vt 0.494439 0.843447
vt 0.498871 0.855441
vt 0.498235 0.844012
vt 0.496679 0.862789
vt 0.495595 0.864699
vt 0.494276 0.866514
vt 0.494240 0.857718
vt 0.494451 0.856698
vt 0.495250 0.856428
vt 0.495104 0.857248
vt 0.494244 0.859484
vt 0.493274 0.861756
vt 0.497597 0.853980
vt 0.496086 0.856311
vt 0.496122 0.850960
vt 0.490480 0.908561
vt 0.500153 0.874503
vt 0.493896 0.872314
vt 0.492131 0.874313
vt 0.490480 0.874332
vt 0.515884 0.855941
vt 0.514892 0.855379
vt 0.516268 0.860179
vt 0.516474 0.859986
vt 0.500814 0.844961
vt 0.501630 0.846722
vt 0.502580 0.855812
vt 0.503792 0.857905
vt 0.505147 0.853767
vt 0.506511 0.852281
vt 0.513743 0.855802
vt 0.515121 0.895254
vt 0.513175 0.896198
vt 0.510421 0.900243
vt 0.515288 0.891668
vt 0.508216 0.896475
vt 0.504597 0.898316
vt 0.500766 0.899581
vt 0.497213 0.900505
vt 0.493852 0.901115
vt 0.490480 0.901358
vt 0.499932 0.864253
vt 0.498147 0.864917
vt 0.497980 0.864192
vt 0.499628 0.863453
vt 0.498345 0.865387
vt 0.500105 0.864720
vt 0.501729 0.862661
vt 0.504175 0.860192
vt 0.504236 0.861927
vt 0.506941 0.861484
vt 0.512966 0.856066
vt 0.497450 0.863528
vt 0.496924 0.864730
vt 0.496525 0.864365
vt 0.492331 0.876778
vt 0.490480 0.876785
vt 0.508019 0.872477
vt 0.509128 0.871763
vt 0.485773 0.871233
vt 0.486534 0.870239
vt 0.487071 0.870520
vt 0.486325 0.871729
vt 0.482722 0.872953
vt 0.484431 0.872143
vt 0.484992 0.872953
vt 0.483070 0.873885
vt 0.482500 0.872476
vt 0.484126 0.871729
vt 0.485446 0.870969
vt 0.486206 0.870087
vt 0.486810 0.869215
vt 0.486464 0.869162
vt 0.472604 0.872855
vt 0.472006 0.873589
vt 0.470760 0.872552
vt 0.471458 0.872027
vt 0.469902 0.871395
vt 0.468941 0.871988
vt 0.468286 0.870378
vt 0.469294 0.870101
vt 0.478141 0.876176
vt 0.475556 0.876089
vt 0.475935 0.874819
vt 0.478364 0.874825
vt 0.486647 0.868105
vt 0.487265 0.868015
vt 0.487362 0.869318
vt 0.480538 0.873041
vt 0.480658 0.873541
vt 0.478406 0.873857
vt 0.478402 0.873345
vt 0.476173 0.873862
vt 0.476301 0.873342
vt 0.473762 0.874389
vt 0.474193 0.873504
vt 0.474442 0.873030
vt 0.469487 0.866182
vt 0.470044 0.866540
vt 0.469929 0.867642
vt 0.469442 0.867456
vt 0.470389 0.876752
vt 0.469113 0.878338
vt 0.467700 0.876429
vt 0.468865 0.874788
vt 0.467991 0.881071
vt 0.466565 0.878559
vt 0.469888 0.873427
vt 0.467883 0.872890
vt 0.466736 0.874037
vt 0.488070 0.884886
vt 0.487805 0.890352
vt 0.485589 0.890339
vt 0.486132 0.884854
vt 0.472867 0.863969
vt 0.471444 0.864605
vt 0.470875 0.863932
vt 0.472414 0.863222
vt 0.469916 0.864968
vt 0.470513 0.865499
vt 0.468844 0.868656
vt 0.467793 0.868577
vt 0.467408 0.866604
vt 0.468540 0.867094
vt 0.463510 0.876498
vt 0.464178 0.873079
vt 0.464525 0.877046
vt 0.463659 0.879179
vt 0.462680 0.881927
vt 0.462906 0.881693
vt 0.463501 0.886506
vt 0.463226 0.886942
vt 0.463206 0.880747
vt 0.463057 0.878370
vt 0.462771 0.879307
vt 0.463858 0.885294
vt 0.464197 0.868773
vt 0.464513 0.867888
vt 0.464908 0.871770
vt 0.467479 0.854030
vt 0.468600 0.854589
vt 0.470313 0.848671
vt 0.469164 0.849828
vt 0.466660 0.853845
vt 0.468230 0.851379
vt 0.487563 0.866254
vt 0.486788 0.864203
vt 0.488081 0.864072
vt 0.488437 0.866132
vt 0.485476 0.855771
vt 0.485082 0.854608
vt 0.486472 0.854849
vt 0.486360 0.855864
vt 0.485416 0.853045
vt 0.487539 0.853426
vt 0.485960 0.851865
vt 0.487811 0.852338
vt 0.469570 0.893272
vt 0.468699 0.897401
vt 0.466493 0.893902
vt 0.467215 0.890725
vt 0.478811 0.902585
vt 0.475196 0.901819
vt 0.475971 0.895971
vt 0.479345 0.896380
vt 0.487677 0.896614
vt 0.487786 0.903069
vt 0.471663 0.900184
vt 0.472597 0.895034
vt 0.482174 0.902921
vt 0.482481 0.896556
vt 0.485141 0.903053
vt 0.485212 0.896620
vt 0.487946 0.908533
vt 0.485250 0.908434
vt 0.471322 0.903962
vt 0.468337 0.900360
vt 0.489382 0.869685
vt 0.489302 0.871218
vt 0.487950 0.869451
vt 0.487921 0.867967
vt 0.488587 0.867960
vt 0.488569 0.869578
vt 0.488417 0.871057
vt 0.487702 0.870832
vt 0.489146 0.872697
vt 0.488075 0.872561
vt 0.477558 0.851830
vt 0.479164 0.849516
vt 0.481002 0.851528
vt 0.479703 0.853719
vt 0.482773 0.847734
vt 0.482015 0.849535
vt 0.480465 0.847686
vt 0.481535 0.845779
vt 0.482046 0.855922
vt 0.484029 0.857807
vt 0.483352 0.859724
vt 0.481010 0.857899
vt 0.485633 0.859023
vt 0.485617 0.861542
vt 0.484233 0.849231
vt 0.483967 0.851363
vt 0.476505 0.850699
vt 0.475756 0.849954
vt 0.477368 0.847990
vt 0.478205 0.848502
vt 0.477188 0.845334
vt 0.479222 0.845166
vt 0.478331 0.846465
vt 0.477251 0.846537
vt 0.476621 0.847864
vt 0.475239 0.849568
vt 0.473752 0.851468
vt 0.473342 0.850940
vt 0.471419 0.852481
vt 0.471159 0.852022
vt 0.468931 0.852692
vt 0.468929 0.852568
vt 0.466972 0.854329
vt 0.466983 0.853381
vt 0.466601 0.854938
vt 0.465565 0.856829
vt 0.465400 0.856408
vt 0.467394 0.853597
vt 0.468337 0.901973
vt 0.468293 0.901940
vt 0.471389 0.906003
vt 0.471481 0.906259
vt 0.471228 0.904438
vt 0.468198 0.900133
vt 0.482187 0.908126
vt 0.482245 0.911225
vt 0.478782 0.910295
vt 0.478706 0.907479
vt 0.475044 0.908695
vt 0.474955 0.906245
vt 0.475057 0.909164
vt 0.478702 0.910984
vt 0.482118 0.912122
vt 0.485294 0.911726
vt 0.485162 0.912791
vt 0.487990 0.911940
vt 0.487903 0.913127
vt 0.478251 0.909445
vt 0.474667 0.907453
vt 0.481711 0.910778
vt 0.484845 0.911620
vt 0.487713 0.912081
vt 0.484363 0.907622
vt 0.481034 0.906661
vt 0.487448 0.908212
vt 0.477409 0.905255
vt 0.473813 0.903214
vt 0.465907 0.897068
vt 0.465954 0.897264
vt 0.485524 0.867112
vt 0.485938 0.866864
vt 0.486263 0.868170
vt 0.484169 0.866155
vt 0.484516 0.865555
vt 0.481840 0.862516
vt 0.479595 0.861403
vt 0.480082 0.859665
vt 0.482438 0.861234
vt 0.468501 0.860584
vt 0.467461 0.862468
vt 0.466151 0.860514
vt 0.467205 0.857638
vt 0.465969 0.863297
vt 0.464988 0.861741
vt 0.465320 0.858329
vt 0.467215 0.864536
vt 0.468824 0.863935
vt 0.468470 0.865488
vt 0.469064 0.856232
vt 0.470472 0.859429
vt 0.473473 0.856106
vt 0.473534 0.859165
vt 0.468938 0.854288
vt 0.472019 0.853794
vt 0.466663 0.868482
vt 0.466230 0.865970
vt 0.485376 0.876956
vt 0.485793 0.874242
vt 0.487538 0.874286
vt 0.487172 0.876808
vt 0.466666 0.867591
vt 0.467472 0.860440
vt 0.466354 0.859445
vt 0.465466 0.866146
vt 0.465327 0.880032
vt 0.465474 0.886456
vt 0.467264 0.890343
vt 0.466817 0.883024
vt 0.465264 0.873084
vt 0.466555 0.875178
vt 0.463439 0.877923
vt 0.464196 0.882271
vt 0.464302 0.876727
vt 0.463733 0.873232
vt 0.468541 0.868770
vt 0.471146 0.869408
vt 0.471612 0.861894
vt 0.469197 0.861384
vt 0.464050 0.868117
vt 0.464483 0.862783
vt 0.464524 0.860952
vt 0.463993 0.865578
vt 0.462848 0.877203
vt 0.463164 0.873869
vt 0.463178 0.871954
vt 0.462848 0.874980
vt 0.468921 0.885612
vt 0.468490 0.876884
vt 0.463567 0.869921
vt 0.462630 0.877299
vt 0.462544 0.878803
vt 0.462588 0.881300
vt 0.462650 0.879721
vt 0.474684 0.861904
vt 0.478235 0.861685
vt 0.478494 0.855746
vt 0.475198 0.855951
vt 0.471203 0.878034
vt 0.471800 0.887559
vt 0.486141 0.861204
vt 0.486255 0.869269
vt 0.463589 0.868374
vt 0.481973 0.861414
vt 0.482126 0.869365
vt 0.465657 0.858526
vt 0.464760 0.864558
vt 0.464670 0.860346
vt 0.464063 0.864417
vt 0.464445 0.870706
vt 0.463227 0.881840
vt 0.482527 0.879279
vt 0.483118 0.890511
vt 0.486766 0.890957
vt 0.486468 0.879392
vt 0.478637 0.879050
vt 0.479376 0.889813
vt 0.469671 0.893824
vt 0.463109 0.884703
vt 0.464150 0.890053
vt 0.464153 0.886829
vt 0.474670 0.878677
vt 0.474435 0.869558
vt 0.472383 0.855871
vt 0.470190 0.855331
vt 0.465357 0.857561
vt 0.478235 0.869494
vt 0.475399 0.888887
vt 0.479007 0.863623
vt 0.478899 0.864153
vt 0.476798 0.863770
vt 0.476757 0.863138
vt 0.474711 0.863684
vt 0.474455 0.862953
vt 0.477571 0.878083
vt 0.474820 0.877915
vt 0.476636 0.880832
vt 0.473738 0.880459
vt 0.472315 0.877292
vt 0.473212 0.875573
vt 0.471007 0.879158
vt 0.469986 0.882829
vt 0.467193 0.870790
vt 0.471289 0.874725
vt 0.466031 0.871265
vt 0.465592 0.875403
vt 0.483956 0.884806
vt 0.483136 0.890271
vt 0.480291 0.890158
vt 0.481358 0.884785
vt 0.488369 0.880322
vt 0.486703 0.880319
vt 0.484762 0.880369
vt 0.482345 0.880540
vt 0.466677 0.884302
vt 0.465376 0.881012
vt 0.472577 0.884062
vt 0.471081 0.888514
vt 0.468557 0.886803
vt 0.483321 0.875282
vt 0.483048 0.877432
vt 0.480388 0.877860
vt 0.480782 0.875894
vt 0.479573 0.880745
vt 0.469828 0.862597
vt 0.471579 0.861722
vt 0.477224 0.889961
vt 0.478482 0.884777
vt 0.474090 0.889507
vt 0.475498 0.884636
vt 0.464544 0.891476
vt 0.464287 0.892221
vt 0.464175 0.891820
vt 0.463096 0.886391
vt 0.464380 0.883442
vt 0.465529 0.887409
vt 0.464922 0.889825
vt 0.466126 0.896129
vt 0.462595 0.879460
vt 0.465504 0.868275
vt 0.464343 0.864016
vt 0.465127 0.865106
vt 0.464267 0.864344
vt 0.471828 0.847708
vt 0.466152 0.854110
vt 0.473838 0.846766
vt 0.476380 0.845749
vt 0.479375 0.844792
vt 0.486521 0.843447
vt 0.486198 0.855153
vt 0.482089 0.855441
vt 0.482726 0.844012
vt 0.484282 0.862790
vt 0.485366 0.864700
vt 0.486685 0.866514
vt 0.486723 0.857719
vt 0.485858 0.857249
vt 0.485711 0.856428
vt 0.486512 0.856698
vt 0.486721 0.859486
vt 0.487695 0.861763
vt 0.484875 0.856311
vt 0.483371 0.853981
vt 0.484877 0.850970
vt 0.480807 0.874503
vt 0.487064 0.872314
vt 0.488829 0.874313
vt 0.465077 0.855941
vt 0.464486 0.859986
vt 0.464693 0.860179
vt 0.466069 0.855380
vt 0.480182 0.844964
vt 0.479331 0.846730
vt 0.478383 0.855853
vt 0.477169 0.857927
vt 0.475823 0.853867
vt 0.474473 0.852467
vt 0.467218 0.855802
vt 0.465839 0.895254
vt 0.470540 0.900243
vt 0.467785 0.896198
vt 0.465672 0.891668
vt 0.472744 0.896475
vt 0.480194 0.899581
vt 0.476363 0.898316
vt 0.483747 0.900505
vt 0.487109 0.901115
vt 0.481029 0.864253
vt 0.481332 0.863453
vt 0.482980 0.864192
vt 0.482813 0.864917
vt 0.482615 0.865387
vt 0.480855 0.864720
vt 0.479231 0.862661
vt 0.476725 0.861927
vt 0.476785 0.860192
vt 0.474019 0.861484
vt 0.467994 0.856066
vt 0.483510 0.863528
vt 0.484036 0.864730
vt 0.484435 0.864365
vt 0.488630 0.876778
vt 0.472944 0.872483
vt 0.471834 0.871771
vt 0.511312 0.868744
vt 0.510884 0.868785
vt 0.510907 0.869967
vt 0.510512 0.869895
vt 0.510319 0.871068
vt 0.509933 0.870905
vt 0.470073 0.868771
vt 0.469645 0.868732
vt 0.470441 0.869887
vt 0.470046 0.869959
vt 0.471023 0.870907
vt 0.470637 0.871068
vt 0.491751 0.862685
vt 0.491688 0.864237
vt 0.491580 0.866130
vt 0.491548 0.867984
vt 0.489420 0.867988
vt 0.489393 0.866138
vt 0.489289 0.864246
vt 0.489227 0.862694
vt 0.490490 0.864317
vt 0.490491 0.862918
vt 0.490488 0.866152
vt 0.490485 0.868006
vt 0.494933 0.850730
vt 0.486134 0.850753
vt 0.487881 0.850818
vt 0.486006 0.848883
vt 0.487908 0.848840
vt 0.485963 0.846738
vt 0.487943 0.846771
vt 0.485804 0.843043
vt 0.488007 0.842901
vt 0.493210 0.850798
vt 0.490549 0.850920
vt 0.490611 0.848828
vt 0.493302 0.848814
vt 0.490635 0.846758
vt 0.493313 0.846744
vt 0.490637 0.842759
vt 0.493251 0.842877
vt 0.490494 0.852719
vt 0.495150 0.848854
vt 0.495228 0.846708
vt 0.495381 0.843016
vt 0.497179 0.846825
vt 0.483861 0.846836
vt 0.482638 0.843248
vt 0.498060 0.843114
vt 0.477749 0.844362
vt 0.479758 0.843710
vt 0.480437 0.843593
vt 0.500070 0.843485
vt 0.501236 0.843708
vt 0.503201 0.844307
vt 0.474851 0.849476
vt 0.476128 0.848127
vt 0.507867 0.850830
vt 0.509945 0.852098
vt 0.468637 0.853378
vt 0.471023 0.852123
vt 0.506108 0.849460
vt 0.502458 0.845234
vt 0.503557 0.846260
vt 0.476862 0.847102
vt 0.477343 0.846244
vt 0.473103 0.850847
vt 0.504038 0.847116
vt 0.504797 0.848123
vt 0.478485 0.845264
vt 0.512328 0.853363
vt 0.495602 0.842201
vt 0.496955 0.842451
vt 0.487350 0.842153
vt 0.488834 0.842057
vt 0.492364 0.842042
vt 0.493798 0.842135
vt 0.497740 0.842600
vt 0.485462 0.842209
vt 0.499063 0.843004
vt 0.490604 0.841962
vt 0.500463 0.844225
vt 0.483279 0.842602
vt 0.484079 0.842455
vt 0.480511 0.844264
vt 0.481927 0.843041
vt 0.474672 0.848676
vt 0.474759 0.848687
vt 0.474103 0.848576
vt 0.474016 0.848566
vt 0.475065 0.849009
vt 0.475209 0.848936
vt 0.475007 0.848617
vt 0.474929 0.848656
vt 0.474750 0.849065
vt 0.475840 0.849249
vt 0.476001 0.849236
vt 0.474910 0.849053
vt 0.474693 0.847798
vt 0.474609 0.847822
vt 0.473953 0.847712
vt 0.474037 0.847688
vt 0.474845 0.848680
vt 0.476156 0.849193
vt 0.474780 0.847792
vt 0.474124 0.847681
vt 0.475335 0.848836
vt 0.475440 0.848713
vt 0.475133 0.848496
vt 0.475076 0.848562
vt 0.476299 0.849120
vt 0.474866 0.847802
vt 0.474210 0.847692
vt 0.475519 0.848572
vt 0.475176 0.848419
vt 0.476426 0.849020
vt 0.474949 0.847829
vt 0.474293 0.847719
vt 0.475570 0.848418
vt 0.475203 0.848336
vt 0.476531 0.848897
vt 0.475025 0.847872
vt 0.474369 0.847762
vt 0.475589 0.848257
vt 0.475214 0.848249
vt 0.476610 0.848755
vt 0.475091 0.847930
vt 0.474435 0.847819
vt 0.475577 0.848095
vt 0.475207 0.848161
vt 0.476660 0.848602
vt 0.475145 0.847999
vt 0.474489 0.847888
vt 0.475534 0.847939
vt 0.475184 0.848077
vt 0.476680 0.848441
vt 0.474528 0.847966
vt 0.475462 0.847795
vt 0.476668 0.848279
vt 0.474551 0.848051
vt 0.475363 0.847668
vt 0.476625 0.848123
vt 0.474558 0.848138
vt 0.475241 0.847562
vt 0.476553 0.847979
vt 0.474547 0.848225
vt 0.475101 0.847483
vt 0.476454 0.847852
vt 0.474520 0.848309
vt 0.476332 0.847746
vt 0.474477 0.848385
vt 0.474948 0.847433
vt 0.476192 0.847667
vt 0.474420 0.848452
vt 0.474789 0.847413
vt 0.476039 0.847617
vt 0.474352 0.848506
vt 0.474628 0.847426
vt 0.475879 0.847597
vt 0.474274 0.848546
vt 0.474473 0.847469
vt 0.475719 0.847610
vt 0.474190 0.848569
vt 0.474330 0.847543
vt 0.474531 0.847862
vt 0.475564 0.847653
vt 0.474203 0.847643
vt 0.474462 0.847916
vt 0.475420 0.847727
vt 0.474589 0.848649
vt 0.473934 0.848538
vt 0.474098 0.847766
vt 0.474405 0.847983
vt 0.475294 0.847827
vt 0.474513 0.848606
vt 0.473858 0.848495
vt 0.474019 0.847907
vt 0.474363 0.848059
vt 0.475189 0.847950
vt 0.474447 0.848549
vt 0.473792 0.848438
vt 0.473969 0.848061
vt 0.474335 0.848143
vt 0.475110 0.848091
vt 0.474394 0.848480
vt 0.473738 0.848369
vt 0.473949 0.848221
vt 0.474325 0.848230
vt 0.475059 0.848245
vt 0.474355 0.848402
vt 0.473699 0.848291
vt 0.473961 0.848383
vt 0.474331 0.848317
vt 0.475040 0.848405
vt 0.473675 0.848206
vt 0.474004 0.848539
vt 0.475052 0.848567
vt 0.473669 0.848119
vt 0.474076 0.848683
vt 0.475095 0.848723
vt 0.473680 0.848032
vt 0.474175 0.848811
vt 0.475167 0.848867
vt 0.473707 0.847948
vt 0.474297 0.848916
vt 0.475266 0.848994
vt 0.473875 0.847751
vt 0.473807 0.847806
vt 0.473750 0.847872
vt 0.474437 0.848995
vt 0.475388 0.849100
vt 0.474590 0.849046
vt 0.475528 0.849179
vt 0.475681 0.849230
vt 0.506433 0.848676
vt 0.507089 0.848566
vt 0.507002 0.848576
vt 0.506346 0.848687
vt 0.506040 0.849009
vt 0.506175 0.848656
vt 0.506098 0.848617
vt 0.505896 0.848936
vt 0.506355 0.849065
vt 0.506195 0.849053
vt 0.505104 0.849236
vt 0.505265 0.849249
vt 0.506412 0.847798
vt 0.507068 0.847688
vt 0.507152 0.847712
vt 0.506496 0.847822
vt 0.506259 0.848680
vt 0.504949 0.849193
vt 0.506325 0.847792
vt 0.506981 0.847681
vt 0.505770 0.848836
vt 0.506029 0.848562
vt 0.505972 0.848496
vt 0.505665 0.848713
vt 0.504806 0.849120
vt 0.506239 0.847802
vt 0.506894 0.847692
vt 0.505929 0.848419
vt 0.505585 0.848572
vt 0.504679 0.849020
vt 0.506156 0.847829
vt 0.506812 0.847719
vt 0.505902 0.848336
vt 0.505535 0.848418
vt 0.504574 0.848897
vt 0.506080 0.847872
vt 0.506736 0.847762
vt 0.505891 0.848249
vt 0.505516 0.848257
vt 0.504495 0.848755
vt 0.506014 0.847930
vt 0.506670 0.847819
vt 0.505898 0.848161
vt 0.505527 0.848095
vt 0.504444 0.848602
vt 0.505960 0.847999
vt 0.506616 0.847888
vt 0.505921 0.848077
vt 0.505571 0.847939
vt 0.504425 0.848441
vt 0.506577 0.847966
vt 0.505643 0.847795
vt 0.504437 0.848279
vt 0.506554 0.848051
vt 0.505742 0.847668
vt 0.504480 0.848123
vt 0.506547 0.848138
vt 0.505864 0.847562
vt 0.504552 0.847979
vt 0.506558 0.848225
vt 0.506004 0.847483
vt 0.504651 0.847852
vt 0.506585 0.848309
vt 0.504773 0.847746
vt 0.506628 0.848385
vt 0.506157 0.847433
vt 0.504913 0.847667
vt 0.506685 0.848452
vt 0.506316 0.847413
vt 0.505066 0.847617
vt 0.506753 0.848506
vt 0.506477 0.847426
vt 0.505226 0.847597
vt 0.506831 0.848546
vt 0.506632 0.847469
vt 0.505386 0.847610
vt 0.506915 0.848569
vt 0.506574 0.847862
vt 0.506775 0.847543
vt 0.505541 0.847653
vt 0.506643 0.847916
vt 0.506902 0.847643
vt 0.505685 0.847727
vt 0.506516 0.848649
vt 0.507171 0.848538
vt 0.506699 0.847983
vt 0.507007 0.847766
vt 0.505811 0.847827
vt 0.506591 0.848606
vt 0.507247 0.848495
vt 0.506742 0.848059
vt 0.507086 0.847907
vt 0.505916 0.847950
vt 0.506657 0.848549
vt 0.507313 0.848438
vt 0.506770 0.848143
vt 0.507136 0.848061
vt 0.505995 0.848091
vt 0.506711 0.848480
vt 0.507367 0.848369
vt 0.506780 0.848230
vt 0.507156 0.848221
vt 0.506046 0.848245
vt 0.506750 0.848402
vt 0.507406 0.848291
vt 0.506774 0.848317
vt 0.507144 0.848383
vt 0.506065 0.848405
vt 0.507429 0.848206
vt 0.507101 0.848539
vt 0.506053 0.848567
vt 0.507436 0.848119
vt 0.507029 0.848683
vt 0.506010 0.848723
vt 0.507425 0.848032
vt 0.506930 0.848811
vt 0.505938 0.848867
vt 0.507398 0.847948
vt 0.506808 0.848916
vt 0.505839 0.848994
vt 0.507355 0.847872
vt 0.507298 0.847806
vt 0.507230 0.847751
vt 0.506668 0.848995
vt 0.505717 0.849100
vt 0.506515 0.849046
vt 0.505577 0.849179
vt 0.505424 0.849230
vt 0.512451 0.879211
vt 0.512627 0.879365
vt 0.511044 0.872983
vt 0.511712 0.876402
vt 0.497818 0.846164
vt 0.498300 0.847020
vt 0.512679 0.878707
vt 0.512592 0.877203
vt 0.509657 0.856734
vt 0.508621 0.854842
vt 0.511633 0.868279
vt 0.511159 0.864321
vt 0.496720 0.845138
vt 0.500369 0.849364
vt 0.502129 0.850734
vt 0.510955 0.864248
vt 0.511025 0.868677
vt 0.510530 0.860084
vt 0.512374 0.874885
vt 0.512044 0.871858
vt 0.512165 0.878274
vt 0.499058 0.848028
vt 0.506589 0.853267
vt 0.509153 0.855283
vt 0.494724 0.844130
vt 0.504206 0.852002
vt 0.510552 0.860250
vt 0.482986 0.846244
vt 0.484128 0.845264
vt 0.476666 0.852123
vt 0.478746 0.850847
vt 0.468491 0.874980
vt 0.468273 0.877299
vt 0.468186 0.878803
vt 0.468238 0.879460
vt 0.486154 0.844264
vt 0.469152 0.876498
vt 0.469821 0.873079
vt 0.482505 0.847102
vt 0.470335 0.860179
vt 0.471712 0.855380
vt 0.480493 0.849476
vt 0.470313 0.860346
vt 0.469706 0.864417
vt 0.471208 0.856829
vt 0.468414 0.879307
vt 0.468700 0.878370
vt 0.481771 0.848127
vt 0.474280 0.853378
vt 0.469840 0.868773
vt 0.469910 0.864344
vt 0.472244 0.854938
vt 0.468820 0.871954
vt 0.469232 0.868374
vt 0.482615 0.863282
vt 0.480855 0.862179
vt 0.494755 0.871053
vt 0.495515 0.872512
vt 0.470513 0.863467
vt 0.470044 0.865188
vt 0.510884 0.868901
vt 0.511031 0.867028
vt 0.485524 0.866133
vt 0.484169 0.864551
vt 0.476798 0.860608
vt 0.474711 0.860465
vt 0.509517 0.861988
vt 0.508093 0.860937
vt 0.469929 0.867011
vt 0.500105 0.862179
vt 0.498345 0.863282
vt 0.510448 0.863469
vt 0.472867 0.860937
vt 0.478402 0.876441
vt 0.480538 0.875940
vt 0.504660 0.876436
vt 0.506520 0.875918
vt 0.494496 0.869525
vt 0.506250 0.860465
vt 0.504163 0.860608
vt 0.472944 0.875016
vt 0.474442 0.875922
vt 0.496834 0.873769
vt 0.498461 0.875005
vt 0.508019 0.875006
vt 0.509128 0.873825
vt 0.478899 0.861241
vt 0.486263 0.867883
vt 0.471023 0.872411
vt 0.471834 0.873839
vt 0.510917 0.865195
vt 0.485446 0.872512
vt 0.486206 0.871053
vt 0.502062 0.861241
vt 0.502558 0.876441
vt 0.486464 0.869525
vt 0.500423 0.875940
vt 0.496792 0.864551
vt 0.495437 0.866133
vt 0.476301 0.876437
vt 0.494697 0.867883
vt 0.482500 0.875005
vt 0.484126 0.873769
vt 0.470441 0.870723
vt 0.509933 0.872406
vt 0.510512 0.870736
vt 0.470073 0.868877
vt 0.471444 0.861988
vt 0.490480 0.825163
vt 0.493730 0.825208
vt 0.494237 0.825287
vt 0.490480 0.825072
vt 0.490480 0.828533
vt 0.490480 0.827342
vt 0.494246 0.827583
vt 0.494049 0.828763
vt 0.490480 0.830009
vt 0.493753 0.830174
vt 0.497850 0.826396
vt 0.497940 0.828732
vt 0.490480 0.825968
vt 0.490480 0.826547
vt 0.493293 0.826770
vt 0.493400 0.826132
vt 0.508308 0.835206
vt 0.507131 0.835589
vt 0.508771 0.838258
vt 0.509991 0.838508
vt 0.505345 0.831860
vt 0.504621 0.832653
vt 0.508947 0.836134
vt 0.506087 0.832948
vt 0.503173 0.830261
vt 0.506134 0.834661
vt 0.503624 0.832728
vt 0.508594 0.837129
vt 0.502194 0.828995
vt 0.508091 0.838094
vt 0.508794 0.839219
vt 0.509356 0.839723
vt 0.493811 0.833231
vt 0.490480 0.833122
vt 0.497022 0.830860
vt 0.496564 0.833626
vt 0.497619 0.829737
vt 0.496963 0.825724
vt 0.496103 0.827495
vt 0.496332 0.826736
vt 0.498853 0.828830
vt 0.499009 0.828050
vt 0.499459 0.827057
vt 0.501760 0.829985
vt 0.501590 0.830771
vt 0.499202 0.832112
vt 0.498665 0.834145
vt 0.499744 0.834315
vt 0.500142 0.831583
vt 0.500968 0.834331
vt 0.500468 0.828252
vt 0.500945 0.831142
vt 0.502305 0.834425
vt 0.512590 0.853646
vt 0.513628 0.854354
vt 0.514422 0.857440
vt 0.513597 0.857396
vt 0.511885 0.844188
vt 0.512107 0.846677
vt 0.510551 0.842853
vt 0.510932 0.840567
vt 0.510666 0.839330
vt 0.511132 0.841998
vt 0.506527 0.835890
vt 0.504248 0.833255
vt 0.503629 0.835061
vt 0.505597 0.836071
vt 0.507456 0.837889
vt 0.510330 0.840576
vt 0.486723 0.825287
vt 0.487230 0.825208
vt 0.486912 0.828763
vt 0.486715 0.827583
vt 0.487207 0.830174
vt 0.483020 0.828732
vt 0.483111 0.826396
vt 0.487560 0.826132
vt 0.487993 0.827397
vt 0.472653 0.835206
vt 0.470969 0.838508
vt 0.472190 0.838258
vt 0.473829 0.835589
vt 0.476339 0.832653
vt 0.475615 0.831860
vt 0.474874 0.832948
vt 0.472013 0.836134
vt 0.477787 0.830261
vt 0.477337 0.832728
vt 0.474826 0.834661
vt 0.472366 0.837129
vt 0.478767 0.828995
vt 0.471604 0.839723
vt 0.472167 0.839219
vt 0.474908 0.837410
vt 0.487150 0.833231
vt 0.484396 0.833626
vt 0.483939 0.830860
vt 0.483342 0.829737
vt 0.483998 0.825724
vt 0.484629 0.826736
vt 0.484857 0.827495
vt 0.481951 0.828050
vt 0.482107 0.828830
vt 0.481501 0.827057
vt 0.479201 0.829985
vt 0.479371 0.830771
vt 0.482295 0.834145
vt 0.481759 0.832112
vt 0.481216 0.834315
vt 0.479993 0.834331
vt 0.480819 0.831583
vt 0.480492 0.828252
vt 0.480015 0.831142
vt 0.478656 0.834425
vt 0.470146 0.852663
vt 0.468793 0.856893
vt 0.467370 0.857401
vt 0.468373 0.853652
vt 0.472106 0.845214
vt 0.469511 0.847840
vt 0.470408 0.842862
vt 0.469074 0.844191
vt 0.470028 0.840572
vt 0.468852 0.846683
vt 0.470294 0.839331
vt 0.469829 0.841998
vt 0.474433 0.835890
vt 0.476713 0.833255
vt 0.477332 0.835061
vt 0.475364 0.836071
vt 0.473504 0.837891
vt 0.470631 0.840576
vt 0.476345 0.838745
vt 0.479032 0.836317
vt 0.478241 0.836637
vt 0.504615 0.838744
vt 0.503677 0.837193
vt 0.496282 0.835951
vt 0.493690 0.835867
vt 0.481579 0.836182
vt 0.482422 0.836109
vt 0.477283 0.837193
vt 0.499382 0.836182
vt 0.498539 0.836109
vt 0.501929 0.836317
vt 0.500564 0.836255
vt 0.490480 0.835853
vt 0.487270 0.835867
vt 0.480397 0.836255
vt 0.484679 0.835951
vt 0.502720 0.836637
vt 0.508853 0.845209
vt 0.511448 0.847832
vt 0.512738 0.850296
vt 0.468070 0.858745
vt 0.466881 0.859079
vt 0.514730 0.858933
vt 0.514089 0.859075
vt 0.512172 0.856890
vt 0.512897 0.858742
vt 0.510816 0.852659
vt 0.466545 0.857445
vt 0.466240 0.858937
vt 0.467335 0.854360
vt 0.468221 0.850303
vt 0.492368 0.836392
vt 0.490480 0.836386
vt 0.483219 0.836451
vt 0.482291 0.836622
vt 0.486832 0.836388
vt 0.485483 0.836318
vt 0.500004 0.838137
vt 0.499205 0.836962
vt 0.494128 0.836388
vt 0.481756 0.836962
vt 0.480957 0.838137
vt 0.474078 0.851461
vt 0.473391 0.852948
vt 0.484928 0.836354
vt 0.484139 0.836418
vt 0.498670 0.836622
vt 0.495477 0.836318
vt 0.473754 0.849444
vt 0.507115 0.849335
vt 0.505196 0.840746
vt 0.506884 0.851460
vt 0.496822 0.836418
vt 0.496032 0.836354
vt 0.475886 0.840854
vt 0.488592 0.836392
vt 0.497742 0.836451
vt 0.507573 0.852946
vt 0.477494 0.835640
vt 0.479845 0.833444
vt 0.501116 0.833444
vt 0.498696 0.831728
vt 0.496264 0.830547
vt 0.493780 0.829906
vt 0.490480 0.829709
vt 0.487181 0.829906
vt 0.484696 0.830547
vt 0.482264 0.831728
vt 0.475478 0.837971
vt 0.474096 0.839919
vt 0.473474 0.840914
vt 0.507486 0.840914
vt 0.506865 0.839919
vt 0.505482 0.837971
vt 0.503466 0.835640
vt 0.496843 0.814219
vt 0.497550 0.814162
vt 0.497550 0.823054
vt 0.496843 0.823255
vt 0.490480 0.814367
vt 0.491973 0.814360
vt 0.491973 0.823752
vt 0.490480 0.823774
vt 0.484118 0.814219
vt 0.485069 0.814269
vt 0.485069 0.823432
vt 0.484118 0.823255
vt 0.484118 0.813850
vt 0.483411 0.813908
vt 0.483411 0.822160
vt 0.484118 0.821958
vt 0.490480 0.813703
vt 0.488987 0.813709
vt 0.488987 0.821462
vt 0.490480 0.821439
vt 0.496843 0.813850
vt 0.495891 0.813800
vt 0.495891 0.821781
vt 0.496843 0.821958
vt 0.497985 0.814099
vt 0.497985 0.822835
vt 0.493409 0.814341
vt 0.493409 0.823685
vt 0.486229 0.814311
vt 0.486229 0.823578
vt 0.482975 0.813970
vt 0.482975 0.822379
vt 0.487552 0.813728
vt 0.487552 0.821528
vt 0.494732 0.813759
vt 0.494732 0.821636
vt 0.498133 0.814035
vt 0.498133 0.822607
vt 0.494732 0.814311
vt 0.494732 0.823578
vt 0.487552 0.814341
vt 0.487552 0.823685
vt 0.482828 0.814035
vt 0.482975 0.814099
vt 0.482975 0.822835
vt 0.482828 0.822607
vt 0.486229 0.813759
vt 0.486229 0.821636
vt 0.493409 0.813728
vt 0.493409 0.821528
vt 0.497985 0.813970
vt 0.497986 0.822379
vt 0.495891 0.814269
vt 0.495891 0.823432
vt 0.488987 0.814360
vt 0.488987 0.823752
vt 0.483411 0.814162
vt 0.483411 0.823054
vt 0.485069 0.813800
vt 0.485069 0.821781
vt 0.491973 0.813709
vt 0.491973 0.821462
vt 0.497550 0.813908
vt 0.497550 0.822160
vt 0.496843 0.824002
vt 0.495891 0.823825
vt 0.495891 0.832939
vt 0.496843 0.833115
vt 0.497550 0.825097
vt 0.497985 0.824878
vt 0.497985 0.833992
vt 0.497550 0.834211
vt 0.491973 0.825795
vt 0.493409 0.825729
vt 0.493409 0.834843
vt 0.491973 0.834909
vt 0.485069 0.825476
vt 0.486229 0.825621
vt 0.486229 0.834735
vt 0.485069 0.834590
vt 0.483411 0.824203
vt 0.482975 0.824422
vt 0.482975 0.833536
vt 0.483411 0.833317
vt 0.488987 0.823505
vt 0.487552 0.823571
vt 0.487552 0.832685
vt 0.488987 0.832619
vt 0.494732 0.823680
vt 0.494732 0.832793
vt 0.498133 0.824650
vt 0.498133 0.833764
vt 0.494732 0.825621
vt 0.494732 0.834735
vt 0.487552 0.825729
vt 0.487552 0.834843
vt 0.482828 0.824650
vt 0.482975 0.824878
vt 0.482975 0.833992
vt 0.482828 0.833764
vt 0.486229 0.823680
vt 0.486229 0.832793
vt 0.493409 0.823571
vt 0.493409 0.832685
vt 0.497986 0.824422
vt 0.497986 0.833536
vt 0.495891 0.825476
vt 0.495891 0.834590
vt 0.488987 0.825795
vt 0.488987 0.834909
vt 0.483411 0.825097
vt 0.483411 0.834211
vt 0.485069 0.823825
vt 0.485069 0.832939
vt 0.491973 0.823505
vt 0.491973 0.832619
vt 0.497550 0.824203
vt 0.497550 0.833317
vt 0.496843 0.825299
vt 0.496843 0.834413
vt 0.490480 0.825818
vt 0.490480 0.834932
vt 0.484118 0.825299
vt 0.484118 0.834413
vt 0.484118 0.824002
vt 0.484118 0.833115
vt 0.490480 0.823483
vt 0.490480 0.832597
vt 0.488987 0.834295
vt 0.487552 0.834395
vt 0.487552 0.844226
vt 0.488987 0.844127
vt 0.495891 0.834773
vt 0.494732 0.834556
vt 0.494732 0.844388
vt 0.495891 0.844605
vt 0.497986 0.836348
vt 0.498133 0.836008
vt 0.498133 0.845840
vt 0.497986 0.846180
vt 0.493409 0.837621
vt 0.494732 0.837459
vt 0.494732 0.847291
vt 0.493409 0.847453
vt 0.486229 0.837459
vt 0.487552 0.837621
vt 0.487552 0.847453
vt 0.486229 0.847291
vt 0.482828 0.836008
vt 0.482975 0.836348
vt 0.482975 0.846180
vt 0.482828 0.845840
vt 0.482975 0.835667
vt 0.482975 0.845499
vt 0.486229 0.834556
vt 0.486229 0.844388
vt 0.493409 0.834395
vt 0.493409 0.844226
vt 0.497986 0.835667
vt 0.497986 0.845499
vt 0.495891 0.837242
vt 0.495891 0.847074
vt 0.488987 0.837720
vt 0.488987 0.847552
vt 0.483411 0.836676
vt 0.483411 0.846508
vt 0.485069 0.834773
vt 0.485069 0.844605
vt 0.491973 0.834295
vt 0.491973 0.844127
vt 0.497550 0.835340
vt 0.497550 0.845171
vt 0.496843 0.836978
vt 0.496843 0.846810
vt 0.490480 0.837754
vt 0.490480 0.847585
vt 0.484118 0.836978
vt 0.484118 0.846810
vt 0.484118 0.835038
vt 0.484118 0.844870
vt 0.490480 0.834262
vt 0.490480 0.844094
vt 0.496843 0.835038
vt 0.496843 0.844870
vt 0.497550 0.836676
vt 0.497550 0.846508
vt 0.491973 0.837720
vt 0.491973 0.847552
vt 0.485069 0.837242
vt 0.485069 0.847074
vt 0.483411 0.835340
vt 0.483411 0.845171
vt 0.482975 0.847782
vt 0.482828 0.848122
vt 0.482828 0.862922
vt 0.482975 0.862582
vt 0.497986 0.848463
vt 0.497550 0.848790
vt 0.487552 0.846509
vt 0.486229 0.846670
vt 0.486229 0.861471
vt 0.487552 0.861310
vt 0.494732 0.846670
vt 0.493409 0.846509
vt 0.493409 0.861310
vt 0.494732 0.861471
vt 0.498133 0.848122
vt 0.497986 0.847782
vt 0.497986 0.862582
vt 0.498133 0.862922
vt 0.494732 0.849574
vt 0.495891 0.849357
vt 0.495891 0.864157
vt 0.494732 0.864374
vt 0.487552 0.849735
vt 0.488987 0.849835
vt 0.488987 0.864635
vt 0.487552 0.864536
vt 0.482975 0.848463
vt 0.483411 0.848790
vt 0.483411 0.863591
vt 0.482975 0.863263
vt 0.485069 0.846888
vt 0.485069 0.861688
vt 0.491973 0.846410
vt 0.491973 0.861210
vt 0.497550 0.847454
vt 0.497550 0.862254
vt 0.496843 0.849092
vt 0.496843 0.863892
vt 0.490480 0.849868
vt 0.490480 0.864668
vt 0.484118 0.849092
vt 0.484118 0.863892
vt 0.484118 0.847152
vt 0.484118 0.861953
vt 0.490480 0.846376
vt 0.490480 0.861177
vt 0.496843 0.847152
vt 0.496843 0.861953
vt 0.497550 0.863591
vt 0.491973 0.849835
vt 0.491973 0.864635
vt 0.485069 0.849357
vt 0.485069 0.864157
vt 0.483411 0.847454
vt 0.483411 0.862254
vt 0.488987 0.846410
vt 0.488987 0.861210
vt 0.495891 0.846888
vt 0.495891 0.861688
vt 0.497986 0.863263
vt 0.493409 0.849735
vt 0.493409 0.864536
vt 0.486229 0.849574
vt 0.486229 0.864374
vt 0.491537 0.847052
vt 0.490480 0.847075
vt 0.485486 0.834080
vt 0.485178 0.833925
vt 0.485403 0.822453
vt 0.485698 0.822305
vt 0.492552 0.812039
vt 0.493487 0.812039
vt 0.493487 0.815142
vt 0.492552 0.815164
vt 0.485171 0.814901
vt 0.485067 0.814947
vt 0.485171 0.814993
vt 0.485479 0.815037
vt 0.485980 0.815078
vt 0.486653 0.815113
vt 0.487473 0.815142
vt 0.488409 0.815164
vt 0.489424 0.815178
vt 0.490480 0.815182
vt 0.491536 0.815178
vt 0.494308 0.815113
vt 0.494981 0.815078
vt 0.495481 0.815037
vt 0.495789 0.814993
vt 0.495893 0.814947
vt 0.495789 0.814901
vt 0.495481 0.814857
vt 0.494981 0.814817
vt 0.494308 0.814781
vt 0.493487 0.814752
vt 0.492552 0.814730
vt 0.491536 0.814717
vt 0.490480 0.814712
vt 0.489424 0.814717
vt 0.488409 0.814730
vt 0.487473 0.814752
vt 0.486653 0.814781
vt 0.485980 0.814817
vt 0.485479 0.814857
vt 0.487473 0.812039
vt 0.488409 0.812039
vt 0.485067 0.812043
vt 0.485171 0.812042
vt 0.485171 0.812044
vt 0.488409 0.812048
vt 0.487473 0.812047
vt 0.493487 0.812047
vt 0.492552 0.812048
vt 0.495893 0.812043
vt 0.495789 0.812044
vt 0.494308 0.812040
vt 0.489424 0.812038
vt 0.485479 0.812041
vt 0.486653 0.812047
vt 0.491536 0.812048
vt 0.495481 0.812045
vt 0.494981 0.812040
vt 0.490480 0.812038
vt 0.485980 0.812040
vt 0.485980 0.812046
vt 0.490480 0.812048
vt 0.494981 0.812046
vt 0.495481 0.812041
vt 0.491536 0.812038
vt 0.486653 0.812040
vt 0.485479 0.812045
vt 0.489424 0.812048
vt 0.494308 0.812047
vt 0.495789 0.812042
vt 0.495657 0.822607
vt 0.495557 0.822453
vt 0.495557 0.825726
vt 0.495657 0.825880
vt 0.488499 0.821877
vt 0.489470 0.821832
vt 0.493356 0.821950
vt 0.494141 0.822048
vt 0.495557 0.822761
vt 0.493356 0.823263
vt 0.492461 0.823336
vt 0.488499 0.823336
vt 0.487604 0.823263
vt 0.485403 0.822761
vt 0.485304 0.822607
vt 0.487604 0.821950
vt 0.492461 0.821877
vt 0.494141 0.823165
vt 0.489470 0.823381
vt 0.485698 0.822909
vt 0.486820 0.822048
vt 0.491490 0.821832
vt 0.495263 0.822305
vt 0.494784 0.823046
vt 0.490480 0.823397
vt 0.486176 0.823046
vt 0.486176 0.822168
vt 0.490480 0.821817
vt 0.494784 0.822168
vt 0.495263 0.822909
vt 0.491490 0.823381
vt 0.486820 0.823165
vt 0.485403 0.825726
vt 0.485304 0.825880
vt 0.485403 0.826034
vt 0.485698 0.826182
vt 0.486176 0.826318
vt 0.486820 0.826438
vt 0.487604 0.826536
vt 0.488499 0.826609
vt 0.489470 0.826654
vt 0.490480 0.826669
vt 0.491490 0.826654
vt 0.492461 0.826609
vt 0.493356 0.826536
vt 0.494141 0.826438
vt 0.494784 0.826318
vt 0.495263 0.826182
vt 0.495557 0.826034
vt 0.495263 0.825577
vt 0.494784 0.825441
vt 0.494141 0.825321
vt 0.493356 0.825223
vt 0.492461 0.825150
vt 0.491490 0.825105
vt 0.490480 0.825090
vt 0.489470 0.825105
vt 0.488499 0.825150
vt 0.487604 0.825223
vt 0.486820 0.825321
vt 0.486176 0.825441
vt 0.485698 0.825577
vt 0.492549 0.833002
vt 0.491535 0.832955
vt 0.491535 0.836316
vt 0.492549 0.836386
vt 0.486658 0.833181
vt 0.487477 0.833078
vt 0.495475 0.833449
vt 0.495782 0.833603
vt 0.494975 0.834222
vt 0.494303 0.834347
vt 0.490480 0.834589
vt 0.489426 0.834573
vt 0.485985 0.834222
vt 0.485985 0.833306
vt 0.490480 0.832939
vt 0.494975 0.833306
vt 0.495475 0.834080
vt 0.491535 0.834573
vt 0.486658 0.834347
vt 0.485486 0.833449
vt 0.489426 0.832955
vt 0.494303 0.833181
vt 0.495782 0.833925
vt 0.492549 0.834526
vt 0.487477 0.834450
vt 0.485178 0.833603
vt 0.488412 0.833002
vt 0.493484 0.833078
vt 0.495886 0.833764
vt 0.493484 0.834450
vt 0.488412 0.834526
vt 0.485074 0.833764
vt 0.485178 0.837285
vt 0.485074 0.837526
vt 0.485178 0.837767
vt 0.485486 0.837998
vt 0.485985 0.838211
vt 0.486658 0.838398
vt 0.487477 0.838551
vt 0.488412 0.838665
vt 0.489426 0.838736
vt 0.490480 0.838759
vt 0.491535 0.838736
vt 0.492549 0.838665
vt 0.493484 0.838551
vt 0.494303 0.838398
vt 0.494975 0.838211
vt 0.495475 0.837998
vt 0.495782 0.837767
vt 0.495886 0.837526
vt 0.495782 0.837285
vt 0.495475 0.837054
vt 0.494975 0.836841
vt 0.494303 0.836654
vt 0.493484 0.836500
vt 0.490480 0.836292
vt 0.489426 0.836316
vt 0.488412 0.836386
vt 0.487477 0.836500
vt 0.486658 0.836654
vt 0.485985 0.836841
vt 0.485486 0.837054
vt 0.486650 0.844966
vt 0.485977 0.845153
vt 0.485972 0.848774
vt 0.486646 0.848587
vt 0.486650 0.846713
vt 0.485977 0.846526
vt 0.485476 0.845367
vt 0.489424 0.844628
vt 0.490480 0.844604
vt 0.494310 0.844966
vt 0.494984 0.845153
vt 0.495792 0.846081
vt 0.495484 0.846312
vt 0.492553 0.846981
vt 0.487471 0.846867
vt 0.485168 0.845598
vt 0.488408 0.844698
vt 0.493489 0.844812
vt 0.495896 0.845840
vt 0.493489 0.846867
vt 0.488408 0.846981
vt 0.485168 0.846081
vt 0.485064 0.845840
vt 0.487471 0.844812
vt 0.492553 0.844698
vt 0.495792 0.845598
vt 0.494310 0.846713
vt 0.489424 0.847052
vt 0.485476 0.846312
vt 0.491537 0.844628
vt 0.495484 0.845367
vt 0.494984 0.846526
vt 0.485164 0.849220
vt 0.485059 0.849461
vt 0.485164 0.849702
vt 0.485472 0.849934
vt 0.485972 0.850147
vt 0.486646 0.850335
vt 0.487467 0.850488
vt 0.488403 0.850603
vt 0.489419 0.850673
vt 0.490476 0.850697
vt 0.491532 0.850673
vt 0.492548 0.850603
vt 0.493485 0.850488
vt 0.494305 0.850335
vt 0.494979 0.850147
vt 0.495479 0.849934
vt 0.495788 0.849702
vt 0.495892 0.849461
vt 0.495788 0.849220
vt 0.495479 0.848988
vt 0.494979 0.848774
vt 0.494305 0.848587
vt 0.493485 0.848433
vt 0.492548 0.848319
vt 0.491532 0.848249
vt 0.490476 0.848225
vt 0.489419 0.848249
vt 0.488403 0.848319
vt 0.487467 0.848433
vt 0.485472 0.848988
vt 0.490228 0.838311
vt 0.489668 0.838328
vt 0.489668 0.807883
vt 0.490228 0.807866
vt 0.489129 0.838378
vt 0.489129 0.807933
vt 0.488633 0.838459
vt 0.488633 0.808014
vt 0.488197 0.838569
vt 0.488197 0.808123
vt 0.487840 0.838701
vt 0.487840 0.808257
vt 0.487575 0.838853
vt 0.487575 0.808408
vt 0.487412 0.839018
vt 0.487412 0.808573
vt 0.487357 0.839189
vt 0.487357 0.808744
vt 0.487412 0.839360
vt 0.487412 0.808915
vt 0.487575 0.839525
vt 0.487575 0.809080
vt 0.487840 0.839677
vt 0.487840 0.809232
vt 0.488197 0.839810
vt 0.488197 0.809365
vt 0.488633 0.839919
vt 0.488633 0.809474
vt 0.489129 0.840000
vt 0.489129 0.809555
vt 0.489668 0.840050
vt 0.489668 0.809605
vt 0.490228 0.840067
vt 0.490228 0.809622
vt 0.490788 0.840050
vt 0.490788 0.809605
vt 0.491326 0.840000
vt 0.491326 0.809555
vt 0.491823 0.839919
vt 0.491823 0.809474
vt 0.492258 0.839810
vt 0.492258 0.809365
vt 0.492615 0.839677
vt 0.492615 0.809232
vt 0.492880 0.839525
vt 0.492880 0.809080
vt 0.493044 0.839360
vt 0.493044 0.808915
vt 0.493099 0.839189
vt 0.493099 0.808744
vt 0.493044 0.839018
vt 0.493044 0.808573
vt 0.492880 0.838853
vt 0.492880 0.808408
vt 0.492615 0.838701
vt 0.492615 0.808257
vt 0.492258 0.838569
vt 0.492258 0.808123
vt 0.491823 0.838459
vt 0.491823 0.808014
vt 0.491326 0.838378
vt 0.491326 0.807933
vt 0.490788 0.838328
vt 0.490788 0.807883
vt 0.489129 0.845071
vt 0.489129 0.848324
vt 0.489668 0.848552
vt 0.489668 0.845239
vt 0.490228 0.839374
vt 0.489668 0.839431
vt 0.489129 0.839599
vt 0.488633 0.839873
vt 0.488197 0.840241
vt 0.487840 0.840690
vt 0.487575 0.841202
vt 0.487412 0.841757
vt 0.487357 0.842335
vt 0.487412 0.842913
vt 0.487575 0.843468
vt 0.487840 0.843980
vt 0.488197 0.844429
vt 0.488633 0.844797
vt 0.490228 0.845296
vt 0.490788 0.845239
vt 0.491326 0.845071
vt 0.491823 0.844797
vt 0.492258 0.844429
vt 0.492615 0.843980
vt 0.492880 0.843468
vt 0.493044 0.842913
vt 0.493099 0.842335
vt 0.493044 0.841757
vt 0.492880 0.841202
vt 0.492615 0.840690
vt 0.492258 0.840241
vt 0.491823 0.839873
vt 0.491326 0.839599
vt 0.490788 0.839431
vt 0.490788 0.848552
vt 0.490788 0.849341
vt 0.491326 0.849095
vt 0.491326 0.848324
vt 0.489129 0.840910
vt 0.488633 0.841281
vt 0.492615 0.846846
vt 0.492880 0.846153
vt 0.487412 0.845400
vt 0.487575 0.846153
vt 0.492258 0.841780
vt 0.491823 0.841281
vt 0.490228 0.848629
vt 0.488197 0.841780
vt 0.487840 0.842388
vt 0.493044 0.845400
vt 0.493099 0.844617
vt 0.487840 0.846846
vt 0.488197 0.847454
vt 0.491326 0.840910
vt 0.490788 0.840682
vt 0.491823 0.847953
vt 0.487575 0.843082
vt 0.487412 0.843835
vt 0.493044 0.843835
vt 0.492880 0.843082
vt 0.488633 0.847953
vt 0.489668 0.840682
vt 0.492258 0.847454
vt 0.487357 0.844617
vt 0.492615 0.842388
vt 0.490228 0.840605
vt 0.492258 0.848159
vt 0.494080 0.842309
vt 0.494757 0.842116
vt 0.492615 0.847504
vt 0.488197 0.848159
vt 0.488633 0.848696
vt 0.487412 0.844261
vt 0.487357 0.845104
vt 0.489129 0.841113
vt 0.488633 0.841512
vt 0.492258 0.842049
vt 0.491823 0.841512
vt 0.493044 0.845947
vt 0.493099 0.845104
vt 0.491823 0.848696
vt 0.489129 0.849095
vt 0.487412 0.845947
vt 0.488197 0.842049
vt 0.491326 0.841113
vt 0.493044 0.844261
vt 0.489668 0.849341
vt 0.487575 0.846757
vt 0.487840 0.842704
vt 0.490788 0.840867
vt 0.492880 0.843451
vt 0.490228 0.849424
vt 0.487840 0.847504
vt 0.487575 0.843451
vt 0.490228 0.840784
vt 0.489668 0.840867
vt 0.492615 0.842704
vt 0.492880 0.846757
vt 0.495570 0.841657
vt 0.494742 0.839900
vt 0.494830 0.839515
vt 0.495675 0.841409
vt 0.489165 0.842657
vt 0.490228 0.842682
vt 0.485195 0.841896
vt 0.485698 0.842116
vt 0.485698 0.840701
vt 0.485195 0.840922
vt 0.490228 0.840136
vt 0.489165 0.840160
vt 0.491290 0.840160
vt 0.495260 0.840922
vt 0.494757 0.840701
vt 0.495260 0.841896
vt 0.491290 0.842657
vt 0.486376 0.842309
vt 0.484885 0.841160
vt 0.488143 0.840232
vt 0.494080 0.840508
vt 0.492312 0.842585
vt 0.487201 0.842467
vt 0.484780 0.841409
vt 0.487201 0.840350
vt 0.493254 0.840350
vt 0.493254 0.842467
vt 0.488143 0.842585
vt 0.484885 0.841657
vt 0.486376 0.840508
vt 0.492312 0.840232
vt 0.495570 0.841160
vt 0.491989 0.841340
vt 0.492785 0.841157
vt 0.487671 0.841157
vt 0.488466 0.841340
vt 0.485625 0.839515
vt 0.485714 0.839900
vt 0.487671 0.837872
vt 0.486973 0.838118
vt 0.492785 0.837872
vt 0.491989 0.837689
vt 0.494742 0.839129
vt 0.493482 0.840912
vt 0.489330 0.841452
vt 0.485976 0.840271
vt 0.486401 0.838417
vt 0.491126 0.837577
vt 0.494480 0.838759
vt 0.494054 0.840612
vt 0.490228 0.841490
vt 0.486401 0.840612
vt 0.485976 0.838759
vt 0.490228 0.837539
vt 0.489330 0.837577
vt 0.494054 0.838417
vt 0.494480 0.840271
vt 0.491126 0.841452
vt 0.486973 0.840912
vt 0.485714 0.839129
vt 0.488466 0.837689
vt 0.493482 0.838118
vt 0.496344 0.815598
vt 0.495930 0.815673
vt 0.496082 0.815506
vt 0.496309 0.815465
vt 0.498068 0.815122
vt 0.497817 0.815218
vt 0.497115 0.815257
vt 0.497253 0.815205
vt 0.498190 0.814808
vt 0.498325 0.814840
vt 0.497394 0.815050
vt 0.497320 0.815033
vt 0.496602 0.814936
vt 0.497003 0.814875
vt 0.496670 0.815069
vt 0.496450 0.815103
vt 0.494715 0.815391
vt 0.495026 0.815292
vt 0.495587 0.815297
vt 0.495417 0.815352
vt 0.494207 0.815769
vt 0.494151 0.815720
vt 0.495108 0.815532
vt 0.495138 0.815559
vt 0.495529 0.815734
vt 0.495156 0.815779
vt 0.495658 0.815564
vt 0.495862 0.815540
vt 0.497506 0.815317
vt 0.496945 0.815311
vt 0.498381 0.814889
vt 0.497424 0.815077
vt 0.497376 0.814830
vt 0.496874 0.815045
vt 0.495384 0.815193
vt 0.495783 0.815243
vt 0.494176 0.815655
vt 0.495121 0.815496
vt 0.494825 0.815805
vt 0.495477 0.815579
vt 0.497148 0.815416
vt 0.496749 0.815366
vt 0.498356 0.814954
vt 0.497410 0.815112
vt 0.497706 0.814804
vt 0.497055 0.815030
vt 0.495777 0.815098
vt 0.495998 0.815191
vt 0.494282 0.815576
vt 0.495179 0.815453
vt 0.494551 0.815813
vt 0.495327 0.815583
vt 0.496755 0.815511
vt 0.496534 0.815417
vt 0.498250 0.815033
vt 0.497352 0.815156
vt 0.497981 0.814796
vt 0.497205 0.815026
vt 0.496188 0.815011
vt 0.496223 0.815144
vt 0.494464 0.815487
vt 0.495279 0.815404
vt 0.494342 0.815800
vt 0.495212 0.815576
vt 0.500143 0.860536
vt 0.500029 0.860530
vt 0.499132 0.860968
vt 0.498905 0.861010
vt 0.498686 0.861043
vt 0.498481 0.861068
vt 0.498300 0.861082
vt 0.498150 0.861086
vt 0.498035 0.861079
vt 0.497962 0.861062
vt 0.497931 0.861035
vt 0.497945 0.861000
vt 0.498003 0.860957
vt 0.498102 0.860908
vt 0.498240 0.860855
vt 0.498410 0.860801
vt 0.498606 0.860747
vt 0.498821 0.860695
vt 0.499046 0.860647
vt 0.499273 0.860606
vt 0.499493 0.860573
vt 0.499697 0.860548
vt 0.499878 0.860533
vt 0.500217 0.860553
vt 0.500248 0.860580
vt 0.500234 0.860616
vt 0.500176 0.860659
vt 0.500076 0.860708
vt 0.499939 0.860760
vt 0.499768 0.860815
vt 0.499572 0.860869
vt 0.499357 0.860921
vt 0.483833 0.815538
vt 0.483868 0.815405
vt 0.484095 0.815447
vt 0.484247 0.815613
vt 0.482109 0.815062
vt 0.482924 0.815145
vt 0.483062 0.815197
vt 0.482360 0.815158
vt 0.481987 0.814749
vt 0.482857 0.814973
vt 0.482783 0.814990
vt 0.481852 0.814780
vt 0.483575 0.814876
vt 0.483727 0.815043
vt 0.483507 0.815010
vt 0.483174 0.814815
vt 0.485462 0.815331
vt 0.484760 0.815292
vt 0.484590 0.815238
vt 0.485151 0.815232
vt 0.485970 0.815709
vt 0.485039 0.815499
vt 0.485069 0.815472
vt 0.486026 0.815660
vt 0.484648 0.815674
vt 0.484315 0.815480
vt 0.484519 0.815505
vt 0.485021 0.815719
vt 0.483232 0.815252
vt 0.482671 0.815258
vt 0.482753 0.815017
vt 0.481796 0.814829
vt 0.483303 0.814985
vt 0.482801 0.814770
vt 0.484394 0.815184
vt 0.484793 0.815133
vt 0.485056 0.815436
vt 0.486001 0.815595
vt 0.484700 0.815519
vt 0.485352 0.815746
vt 0.483428 0.815306
vt 0.483029 0.815356
vt 0.482767 0.815053
vt 0.481821 0.814894
vt 0.483122 0.814970
vt 0.482471 0.814744
vt 0.484179 0.815132
vt 0.484400 0.815038
vt 0.484998 0.815394
vt 0.485895 0.815516
vt 0.484850 0.815523
vt 0.485626 0.815753
vt 0.483643 0.815358
vt 0.483422 0.815451
vt 0.482825 0.815096
vt 0.481927 0.814973
vt 0.482972 0.814966
vt 0.482196 0.814737
vt 0.483954 0.815084
vt 0.483989 0.814952
vt 0.484898 0.815345
vt 0.485713 0.815427
vt 0.484965 0.815516
vt 0.485835 0.815741
vt 0.479487 0.860470
vt 0.479373 0.860477
vt 0.480384 0.860909
vt 0.480159 0.860861
vt 0.479944 0.860809
vt 0.479747 0.860755
vt 0.479577 0.860701
vt 0.479440 0.860648
vt 0.479340 0.860600
vt 0.479282 0.860556
vt 0.479268 0.860521
vt 0.479299 0.860494
vt 0.479638 0.860474
vt 0.479818 0.860488
vt 0.480023 0.860513
vt 0.480242 0.860546
vt 0.480469 0.860588
vt 0.480694 0.860635
vt 0.480909 0.860687
vt 0.481106 0.860741
vt 0.481276 0.860796
vt 0.481413 0.860848
vt 0.481513 0.860897
vt 0.481571 0.860940
vt 0.481585 0.860976
vt 0.481554 0.861003
vt 0.481480 0.861020
vt 0.481366 0.861026
vt 0.481215 0.861022
vt 0.481034 0.861008
vt 0.480830 0.860984
vt 0.480610 0.860950
vt 0.476746 0.815878
vt 0.477393 0.815945
vt 0.477485 0.815888
vt 0.476904 0.815779
vt 0.477943 0.816580
vt 0.478088 0.816352
vt 0.477906 0.816340
vt 0.477630 0.816558
vt 0.479841 0.815783
vt 0.479188 0.815890
vt 0.479241 0.815948
vt 0.479933 0.815882
vt 0.477739 0.816316
vt 0.477342 0.816517
vt 0.477593 0.816281
vt 0.477090 0.816457
vt 0.477977 0.815516
vt 0.478107 0.815736
vt 0.478297 0.815724
vt 0.478304 0.815496
vt 0.479670 0.816297
vt 0.479089 0.816188
vt 0.478966 0.816239
vt 0.479459 0.816385
vt 0.476612 0.816089
vt 0.477316 0.816068
vt 0.477336 0.816006
vt 0.476647 0.815982
vt 0.479483 0.815619
vt 0.478980 0.815795
vt 0.479100 0.815839
vt 0.479689 0.815694
vt 0.477371 0.815616
vt 0.477756 0.815793
vt 0.477924 0.815759
vt 0.477662 0.815557
vt 0.479926 0.816094
vt 0.479237 0.816070
vt 0.479180 0.816131
vt 0.479828 0.816198
vt 0.476733 0.816293
vt 0.477386 0.816186
vt 0.477332 0.816128
vt 0.476641 0.816194
vt 0.478944 0.815518
vt 0.478668 0.815736
vt 0.478835 0.815760
vt 0.479232 0.815559
vt 0.478912 0.816519
vt 0.478649 0.816317
vt 0.478466 0.816340
vt 0.478597 0.816560
vt 0.477607 0.815837
vt 0.477114 0.815691
vt 0.479258 0.816008
vt 0.479962 0.815987
vt 0.478270 0.816580
vt 0.478277 0.816352
vt 0.477474 0.816237
vt 0.476884 0.816382
vt 0.478486 0.815724
vt 0.478630 0.815496
vt 0.478818 0.816283
vt 0.479203 0.816460
vt 0.477201 0.853139
vt 0.477113 0.853088
vt 0.477321 0.853183
vt 0.478545 0.853185
vt 0.478377 0.853219
vt 0.477467 0.853218
vt 0.478694 0.853141
vt 0.478816 0.853090
vt 0.477634 0.853242
vt 0.477815 0.853254
vt 0.478004 0.853254
vt 0.478194 0.853242
vt 0.478908 0.853033
vt 0.478965 0.852972
vt 0.478985 0.852910
vt 0.478969 0.852850
vt 0.478915 0.852792
vt 0.478827 0.852741
vt 0.478708 0.852697
vt 0.478562 0.852662
vt 0.478395 0.852638
vt 0.478214 0.852626
vt 0.478024 0.852626
vt 0.477835 0.852638
vt 0.477652 0.852661
vt 0.477483 0.852695
vt 0.477335 0.852739
vt 0.477212 0.852790
vt 0.477121 0.852847
vt 0.477064 0.852908
vt 0.477043 0.852970
vt 0.477060 0.853030
vt 0.504215 0.815878
vt 0.504057 0.815779
vt 0.503476 0.815888
vt 0.503567 0.815945
vt 0.503017 0.816580
vt 0.503331 0.816558
vt 0.503055 0.816340
vt 0.502873 0.816352
vt 0.501120 0.815783
vt 0.501028 0.815882
vt 0.501719 0.815948
vt 0.501773 0.815890
vt 0.503619 0.816517
vt 0.503222 0.816316
vt 0.503870 0.816457
vt 0.503367 0.816281
vt 0.502984 0.815516
vt 0.502657 0.815496
vt 0.502664 0.815724
vt 0.502853 0.815736
vt 0.501291 0.816297
vt 0.501502 0.816385
vt 0.501994 0.816239
vt 0.501872 0.816188
vt 0.504349 0.816089
vt 0.504313 0.815982
vt 0.503624 0.816006
vt 0.503645 0.816068
vt 0.501477 0.815619
vt 0.501271 0.815694
vt 0.501861 0.815839
vt 0.501980 0.815795
vt 0.503590 0.815616
vt 0.503299 0.815557
vt 0.503036 0.815759
vt 0.503205 0.815793
vt 0.501034 0.816094
vt 0.501133 0.816198
vt 0.501780 0.816131
vt 0.501723 0.816070
vt 0.504228 0.816293
vt 0.504320 0.816194
vt 0.503628 0.816128
vt 0.503575 0.816186
vt 0.502017 0.815518
vt 0.501729 0.815559
vt 0.502126 0.815760
vt 0.502293 0.815736
vt 0.502049 0.816519
vt 0.502364 0.816560
vt 0.502494 0.816340
vt 0.502311 0.816317
vt 0.503846 0.815691
vt 0.503353 0.815837
vt 0.500999 0.815987
vt 0.501703 0.816008
vt 0.502691 0.816580
vt 0.502684 0.816352
vt 0.504076 0.816382
vt 0.503487 0.816237
vt 0.502330 0.815496
vt 0.502475 0.815724
vt 0.501758 0.816460
vt 0.502143 0.816283
vt 0.503847 0.853088
vt 0.503759 0.853139
vt 0.503640 0.853183
vt 0.502584 0.853219
vt 0.502415 0.853185
vt 0.503494 0.853218
vt 0.502267 0.853141
vt 0.502144 0.853090
vt 0.503327 0.853242
vt 0.503901 0.853030
vt 0.503917 0.852970
vt 0.503897 0.852908
vt 0.503839 0.852847
vt 0.503748 0.852790
vt 0.503626 0.852739
vt 0.503477 0.852695
vt 0.503309 0.852661
vt 0.503126 0.852638
vt 0.502936 0.852626
vt 0.502747 0.852626
vt 0.502565 0.852638
vt 0.502398 0.852662
vt 0.502253 0.852697
vt 0.502133 0.852741
vt 0.502045 0.852792
vt 0.501992 0.852850
vt 0.501975 0.852910
vt 0.501996 0.852972
vt 0.502053 0.853033
vt 0.502767 0.853242
vt 0.502956 0.853254
vt 0.503145 0.853254
vt 0.821230 0.882000
vt 0.820117 0.892582
vt 0.808896 0.890196
vt 0.811911 0.880203
vt 0.714236 0.054631
vt 0.710513 0.059238
vt 0.708644 0.058019
vt 0.711402 0.052793
vt 0.822171 0.873052
vt 0.814549 0.871487
vt 0.718181 0.049741
vt 0.714315 0.047243
vt 0.823006 0.865113
vt 0.816861 0.863852
vt 0.722463 0.044438
vt 0.717483 0.041219
vt 0.823767 0.857899
vt 0.818959 0.856928
vt 0.727217 0.038555
vt 0.721013 0.034528
vt 0.824480 0.851157
vt 0.820905 0.850455
vt 0.732603 0.031893
vt 0.725102 0.026752
vt 0.825055 0.845762
vt 0.822448 0.845293
vt 0.739119 0.023847
vt 0.729734 0.017926
vt 0.706914 0.063704
vt 0.705985 0.063096
vt 0.313594 0.808017
vt 0.294090 0.854427
vt 0.227186 0.809274
vt 0.252920 0.769407
vt 0.811051 0.861485
vt 0.814422 0.855072
vt 0.712008 0.038925
vt 0.714182 0.031715
vt 0.817539 0.849083
vt 0.716645 0.023368
vt 0.820012 0.844275
vt 0.719609 0.013678
vt 0.704958 0.062678
vt 0.706575 0.057184
vt 0.171319 0.751233
vt 0.202020 0.719306
vt 0.798275 0.885971
vt 0.803120 0.876593
vt 0.708277 0.051502
vt 0.807341 0.868554
vt 0.710062 0.045473
vt 0.795116 0.871413
vt 0.800791 0.864300
vt 0.704947 0.050842
vt 0.705530 0.044567
vt 0.805799 0.858045
vt 0.706176 0.037853
vt 0.810324 0.852398
vt 0.706914 0.030245
vt 0.814507 0.847121
vt 0.707711 0.021615
vt 0.817766 0.842934
vt 0.708769 0.011468
vt 0.703868 0.062472
vt 0.704383 0.056769
vt 0.126112 0.682569
vt 0.160410 0.659583
vt 0.788545 0.879794
vt 0.811898 0.844673
vt 0.815852 0.841242
vt 0.698589 0.021613
vt 0.697668 0.011409
vt 0.702758 0.062479
vt 0.702155 0.056788
vt 0.099313 0.608842
vt 0.135882 0.595386
vt 0.780072 0.871828
vt 0.788190 0.864780
vt 0.701555 0.050884
vt 0.795162 0.858850
vt 0.700892 0.044597
vt 0.801290 0.853672
vt 0.700241 0.037811
vt 0.806823 0.849010
vt 0.699478 0.030258
vt 0.696349 0.045529
vt 0.694363 0.038933
vt 0.797711 0.848503
vt 0.804053 0.845017
vt 0.692184 0.031713
vt 0.809859 0.841766
vt 0.689626 0.023369
vt 0.814411 0.839184
vt 0.686744 0.013491
vt 0.701671 0.062701
vt 0.699970 0.057223
vt 0.773192 0.862294
vt 0.782624 0.856885
vt 0.698232 0.051553
vt 0.790677 0.852393
vt 0.768204 0.851458
vt 0.778673 0.847968
vt 0.697914 0.058093
vt 0.695102 0.052862
vt 0.787527 0.845147
vt 0.692087 0.047343
vt 0.795235 0.842721
vt 0.688829 0.041260
vt 0.802131 0.840567
vt 0.685281 0.034537
vt 0.808445 0.838536
vt 0.681138 0.026836
vt 0.813342 0.836949
vt 0.676369 0.017641
vt 0.700650 0.063135
vt 0.801157 0.835833
vt 0.807719 0.835122
vt 0.679043 0.038687
vt 0.673457 0.031935
vt 0.812777 0.834586
vt 0.666898 0.023761
vt 0.699734 0.063759
vt 0.696065 0.059349
vt 0.765396 0.839625
vt 0.776577 0.838335
vt 0.692280 0.054761
vt 0.785889 0.837373
vt 0.688218 0.049902
vt 0.793968 0.836555
vt 0.683862 0.044626
vt 0.785899 0.829403
vt 0.793962 0.830255
vt 0.684971 0.053231
vt 0.679626 0.048880
vt 0.801153 0.831011
vt 0.673725 0.043994
vt 0.807710 0.831655
vt 0.666962 0.038520
vt 0.812731 0.832189
vt 0.658661 0.031737
vt 0.698956 0.064553
vt 0.694496 0.060944
vt 0.765064 0.827124
vt 0.776576 0.828389
vt 0.689881 0.057181
vt 0.768117 0.815052
vt 0.778711 0.818702
vt 0.693267 0.062815
vt 0.687998 0.060026
vt 0.787546 0.821610
vt 0.682376 0.057091
vt 0.795271 0.824097
vt 0.676335 0.053897
vt 0.802150 0.826303
vt 0.669506 0.050249
vt 0.808424 0.828279
vt 0.661823 0.046191
vt 0.813205 0.829854
vt 0.652574 0.041419
vt 0.698345 0.065482
vt 0.804077 0.821892
vt 0.809828 0.825129
vt 0.666716 0.057234
vt 0.658222 0.054700
vt 0.814174 0.827669
vt 0.648545 0.051820
vt 0.697926 0.066511
vt 0.692432 0.064890
vt 0.773366 0.804189
vt 0.782750 0.809758
vt 0.686705 0.063188
vt 0.790788 0.814382
vt 0.680643 0.061416
vt 0.797806 0.818356
vt 0.674117 0.059442
vt 0.795336 0.807954
vt 0.801417 0.813234
vt 0.679775 0.065981
vt 0.672931 0.065305
vt 0.806863 0.817951
vt 0.665224 0.064614
vt 0.811872 0.822321
vt 0.656569 0.063791
vt 0.815683 0.825756
vt 0.646240 0.062718
vt 0.697720 0.067603
vt 0.692002 0.067085
vt 0.780456 0.794797
vt 0.788451 0.801910
vt 0.686051 0.066545
vt 0.307714 0.178752
vt 0.290827 0.133541
vt 0.361876 0.105011
vt 0.372272 0.153832
vt 0.788979 0.786776
vt 0.795534 0.795411
vt 0.692013 0.069325
vt 0.686098 0.069961
vt 0.801080 0.802602
vt 0.679813 0.070627
vt 0.805974 0.808932
vt 0.672947 0.071317
vt 0.810393 0.814629
vt 0.665332 0.072163
vt 0.814451 0.819923
vt 0.656640 0.073029
vt 0.817594 0.824139
vt 0.646039 0.074102
vt 0.697726 0.068716
vt 0.814515 0.812051
vt 0.817485 0.818057
vt 0.666897 0.079519
vt 0.658392 0.082151
vt 0.819770 0.822813
vt 0.648523 0.085230
vt 0.697953 0.069804
vt 0.692480 0.071513
vt 0.798971 0.780756
vt 0.803654 0.790348
vt 0.686808 0.073291
vt 0.807709 0.798465
vt 0.680776 0.075170
vt 0.811279 0.805600
vt 0.674140 0.077235
vt 0.688116 0.076437
vt 0.682566 0.079461
vt 0.814982 0.795677
vt 0.817123 0.803337
vt 0.676565 0.082755
vt 0.819074 0.810305
vt 0.669887 0.086393
vt 0.820863 0.816821
vt 0.662114 0.090675
vt 0.822231 0.821995
vt 0.652797 0.095857
vt 0.698389 0.070826
vt 0.693348 0.073575
vt 0.809781 0.776764
vt 0.812545 0.786961
vt 0.667378 0.098320
vt 0.659567 0.105121
vt 0.699016 0.071744
vt 0.694606 0.075431
vt 0.507685 0.141100
vt 0.511242 0.090457
vt 0.586329 0.105065
vt 0.575891 0.153893
vt 0.821050 0.774870
vt 0.821869 0.785294
vt 0.690051 0.079242
vt 0.822625 0.794315
vt 0.685215 0.083275
vt 0.823291 0.802244
vt 0.679962 0.087684
vt 0.823897 0.809443
vt 0.674056 0.092631
vt 0.824439 0.816189
vt 0.824855 0.821624
vt 0.829550 0.802295
vt 0.828799 0.809507
vt 0.684203 0.091914
vt 0.679413 0.097894
vt 0.828093 0.816227
vt 0.673974 0.104722
vt 0.827521 0.821622
vt 0.667742 0.112617
vt 0.699808 0.072525
vt 0.696211 0.076995
vt 0.832364 0.775096
vt 0.831307 0.785392
vt 0.692487 0.081608
vt 0.830381 0.794358
vt 0.688506 0.086560
vt 0.840572 0.787223
vt 0.837985 0.795913
vt 0.695321 0.083482
vt 0.692421 0.089070
vt 0.835695 0.803528
vt 0.689245 0.095148
vt 0.833612 0.810459
vt 0.685715 0.101907
vt 0.831677 0.816954
vt 0.681659 0.109731
vt 0.830128 0.822189
vt 0.676897 0.118729
vt 0.700737 0.073133
vt 0.698087 0.078219
vt 0.843495 0.777167
vt 0.835049 0.818319
vt 0.832621 0.823108
vt 0.690194 0.113133
vt 0.687214 0.123007
vt 0.701767 0.073551
vt 0.700163 0.079053
vt 0.854172 0.781308
vt 0.849378 0.790760
vt 0.698477 0.084770
vt 0.845196 0.798815
vt 0.696709 0.090840
vt 0.841515 0.805879
vt 0.694778 0.097436
vt 0.838159 0.812304
vt 0.692631 0.104699
vt 0.846777 0.809309
vt 0.842265 0.814964
vt 0.700686 0.098541
vt 0.699969 0.106123
vt 0.838104 0.820237
vt 0.699236 0.114841
vt 0.834866 0.824430
vt 0.698240 0.125203
vt 0.702855 0.073762
vt 0.702360 0.079462
vt 0.863995 0.787428
vt 0.857415 0.795911
vt 0.701829 0.085377
vt 0.851757 0.803048
vt 0.701279 0.091659
vt 0.864347 0.802574
vt 0.857407 0.808485
vt 0.705230 0.085360
vt 0.705916 0.091629
vt 0.851290 0.813679
vt 0.706695 0.098464
vt 0.845773 0.818350
vt 0.707469 0.106074
vt 0.840693 0.822704
vt 0.708448 0.114696
vt 0.836728 0.826190
vt 0.709607 0.125203
vt 0.703967 0.073753
vt 0.704594 0.079453
vt 0.790219 0.326037
vt 0.822303 0.300606
vt 0.854777 0.370844
vt 0.819497 0.387314
vt 0.872629 0.795411
vt 0.842726 0.825595
vt 0.838274 0.828182
vt 0.717453 0.112902
vt 0.720530 0.122582
vt 0.705053 0.073526
vt 0.706782 0.078990
vt 0.873062 0.446544
vt 0.835756 0.453196
vt 0.879398 0.805129
vt 0.869934 0.810466
vt 0.708573 0.084681
vt 0.861930 0.814938
vt 0.710455 0.090683
vt 0.854866 0.818849
vt 0.712555 0.097218
vt 0.848545 0.822343
vt 0.714843 0.104597
vt 0.857340 0.824622
vt 0.850459 0.826789
vt 0.718028 0.094829
vt 0.721721 0.101585
vt 0.844152 0.828772
vt 0.725943 0.109314
vt 0.839366 0.830373
vt 0.730786 0.118379
vt 0.706074 0.073096
vt 0.708834 0.078104
vt 0.884194 0.815943
vt 0.873922 0.819348
vt 0.711715 0.083329
vt 0.865051 0.822190
vt 0.714727 0.088874
vt 0.710680 0.076849
vt 0.714530 0.081395
vt 0.875968 0.828957
vt 0.866713 0.829946
vt 0.718586 0.086267
vt 0.858626 0.830775
vt 0.722983 0.091500
vt 0.851433 0.831508
vt 0.727961 0.097398
vt 0.844881 0.832147
vt 0.733534 0.104059
vt 0.839874 0.832714
vt 0.740194 0.112176
vt 0.706992 0.072467
vt 0.887050 0.827620
vt 0.733167 0.091959
vt 0.739965 0.097420
vt 0.844887 0.835597
vt 0.839865 0.835098
vt 0.748392 0.104127
vt 0.707769 0.071671
vt 0.712247 0.075253
vt 0.821986 0.593179
vt 0.859209 0.607321
vt 0.832856 0.682621
vt 0.798018 0.658333
vt 0.887511 0.840047
vt 0.876021 0.838871
vt 0.716905 0.078954
vt 0.866702 0.837916
vt 0.721804 0.082917
vt 0.858622 0.837070
vt 0.727216 0.087232
vt 0.851436 0.836320
vt 0.865042 0.845710
vt 0.857325 0.843232
vt 0.724360 0.079038
vt 0.730405 0.082151
vt 0.850435 0.841034
vt 0.737263 0.085653
vt 0.844167 0.838984
vt 0.745036 0.089679
vt 0.839333 0.837430
vt 0.754435 0.094351
vt 0.708379 0.070741
vt 0.713469 0.073384
vt 0.884590 0.852171
vt 0.873944 0.848587
vt 0.718758 0.076101
vt 0.879398 0.863141
vt 0.869897 0.857562
vt 0.714305 0.071312
vt 0.720011 0.072946
vt 0.861831 0.852971
vt 0.726037 0.074721
vt 0.854801 0.848999
vt 0.732655 0.076613
vt 0.848504 0.845459
vt 0.739985 0.078669
vt 0.842755 0.842172
vt 0.748385 0.081086
vt 0.838299 0.839619
vt 0.758385 0.083781
vt 0.708798 0.069710
vt 0.845713 0.849418
vt 0.840709 0.845037
vt 0.741278 0.071327
vt 0.749965 0.072059
vt 0.836798 0.841578
vt 0.760215 0.072769
vt 0.709006 0.068618
vt 0.714719 0.069117
vt 0.872286 0.872696
vt 0.864188 0.865455
vt 0.720625 0.069614
vt 0.857252 0.859403
vt 0.726904 0.070178
vt 0.851177 0.854136
vt 0.733764 0.070723
vt 0.851524 0.864783
vt 0.846620 0.858453
vt 0.726856 0.065547
vt 0.733619 0.064748
vt 0.842177 0.852747
vt 0.741153 0.063902
vt 0.838118 0.847454
vt 0.749778 0.062942
vt 0.834969 0.843289
vt 0.759919 0.061680
vt 0.708993 0.067507
vt 0.714684 0.066885
vt 0.863589 0.880592
vt 0.857112 0.872021
vt 0.720574 0.066229
vt 0.853656 0.886631
vt 0.848967 0.877073
vt 0.714233 0.064700
vt 0.719900 0.062906
vt 0.844894 0.868943
vt 0.725905 0.061013
vt 0.841300 0.861791
vt 0.732324 0.058965
vt 0.838052 0.855332
vt 0.739596 0.056645
vt 0.835062 0.849305
vt 0.747849 0.054051
vt 0.832754 0.844545
vt 0.757516 0.050884
vt 0.708766 0.066418
vt 0.833491 0.857091
vt 0.831694 0.850591
vt 0.736631 0.049859
vt 0.744260 0.045705
vt 0.830288 0.845383
vt 0.753093 0.040789
vt 0.708335 0.065394
vt 0.713363 0.062644
vt 0.842859 0.890655
vt 0.840066 0.880475
vt 0.718551 0.059795
vt 0.837608 0.871741
vt 0.724063 0.056778
vt 0.835450 0.864062
vt 0.730047 0.053498
vt 0.829950 0.873110
vt 0.829278 0.865164
vt 0.721439 0.052995
vt 0.726656 0.048632
vt 0.828671 0.857955
vt 0.732452 0.043776
vt 0.828121 0.851225
vt 0.739193 0.038155
vt 0.827701 0.845858
vt 0.746847 0.031793
vt 0.707706 0.064480
vt 0.712098 0.060807
vt 0.831591 0.892582
vt 0.830718 0.882181
vt 0.716631 0.057015
vt 0.703362 0.068113
vt 0.379290 0.833646
vt 0.367047 0.884752
vt 0.876131 0.148845
vt 0.876614 0.154176
vt 0.873714 0.153577
vt 0.873051 0.149738
vt 0.857435 0.150536
vt 0.858961 0.151014
vt 0.858576 0.154022
vt 0.857476 0.154442
vt 0.859941 0.156934
vt 0.859003 0.157946
vt 0.864124 0.160027
vt 0.863318 0.162135
vt 0.869090 0.159465
vt 0.869886 0.161905
vt 0.872168 0.157036
vt 0.874418 0.158744
vt 0.871531 0.152897
vt 0.871026 0.150315
vt 0.870102 0.148410
vt 0.871676 0.146879
vt 0.868133 0.146616
vt 0.868838 0.143913
vt 0.879555 0.147903
vt 0.879469 0.154714
vt 0.870196 0.150568
vt 0.870175 0.152369
vt 0.856246 0.154724
vt 0.856055 0.150028
vt 0.860225 0.151293
vt 0.859820 0.153533
vt 0.861031 0.151424
vt 0.861253 0.153431
vt 0.860967 0.155743
vt 0.857912 0.159075
vt 0.862558 0.150007
vt 0.861738 0.148616
vt 0.863989 0.152641
vt 0.864124 0.155599
vt 0.862074 0.154892
vt 0.864418 0.157505
vt 0.864402 0.143395
vt 0.864966 0.146052
vt 0.860481 0.146647
vt 0.865498 0.148630
vt 0.863636 0.140634
vt 0.858972 0.144811
vt 0.857465 0.143279
vt 0.863289 0.137563
vt 0.866580 0.152094
vt 0.867257 0.155162
vt 0.873776 0.144612
vt 0.876346 0.141892
vt 0.868391 0.157198
vt 0.869666 0.140965
vt 0.870920 0.137672
vt 0.876505 0.160560
vt 0.870398 0.155454
vt 0.869019 0.153961
vt 0.868387 0.151524
vt 0.869228 0.149435
vt 0.867926 0.148914
vt 0.870344 0.163997
vt 0.862665 0.163701
vt 0.922719 0.063105
vt 0.923560 0.063383
vt 0.923350 0.063833
vt 0.922659 0.063524
vt 0.921881 0.068732
vt 0.920880 0.076109
vt 0.917460 0.075220
vt 0.920354 0.068035
vt 0.922334 0.066281
vt 0.921421 0.065971
vt 0.913763 0.072635
vt 0.919256 0.066639
vt 0.922497 0.064147
vt 0.921994 0.064082
vt 0.922023 0.063504
vt 0.919139 0.061582
vt 0.913805 0.056161
vt 0.920849 0.052504
vt 0.921176 0.059249
vt 0.921679 0.064127
vt 0.921720 0.063807
vt 0.920714 0.063022
vt 0.921706 0.062023
vt 0.920825 0.065349
vt 0.921725 0.064476
vt 0.922068 0.064588
vt 0.924454 0.062786
vt 0.923256 0.062003
vt 0.924653 0.059429
vt 0.926180 0.061434
vt 0.922996 0.064247
vt 0.922790 0.064615
vt 0.922456 0.064613
vt 0.921985 0.063144
vt 0.922931 0.065213
vt 0.922377 0.065173
vt 0.921826 0.064967
vt 0.923417 0.066329
vt 0.924248 0.068829
vt 0.925677 0.075104
vt 0.921469 0.064645
vt 0.918573 0.064320
vt 0.909301 0.066075
vt 0.921350 0.064185
vt 0.921432 0.063621
vt 0.923659 0.064108
vt 0.923440 0.064355
vt 0.933087 0.066758
vt 0.931176 0.071031
vt 0.926257 0.066911
vt 0.927094 0.065045
vt 0.924504 0.065708
vt 0.924986 0.064561
vt 0.928025 0.054306
vt 0.920522 0.064227
vt 0.924789 0.063609
vt 0.923927 0.064487
vt 0.923980 0.063909
vt 0.923549 0.065033
vt 0.926883 0.063234
vt 0.933140 0.063081
vt 0.931906 0.058236
vt 0.923169 0.064573
vt 0.788238 0.089975
vt 0.788040 0.089809
vt 0.788518 0.089690
vt 0.788638 0.089840
vt 0.788003 0.089626
vt 0.788367 0.089548
vt 0.787229 0.088492
vt 0.786176 0.089168
vt 0.785175 0.088481
vt 0.786785 0.087248
vt 0.790995 0.095857
vt 0.793014 0.100878
vt 0.786324 0.101732
vt 0.787409 0.096166
vt 0.786659 0.091364
vt 0.787198 0.090827
vt 0.787811 0.090939
vt 0.787869 0.091827
vt 0.788116 0.090504
vt 0.788434 0.090166
vt 0.788801 0.090579
vt 0.788328 0.090919
vt 0.787963 0.090220
vt 0.787743 0.090449
vt 0.787534 0.090144
vt 0.787729 0.089959
vt 0.787327 0.090008
vt 0.787653 0.089821
vt 0.786902 0.089621
vt 0.787495 0.089288
vt 0.788156 0.088473
vt 0.788066 0.089153
vt 0.785340 0.084730
vt 0.783486 0.087079
vt 0.779282 0.084523
vt 0.782735 0.081475
vt 0.788718 0.089994
vt 0.787747 0.090662
vt 0.786070 0.090512
vt 0.786782 0.090398
vt 0.789004 0.090157
vt 0.788883 0.089567
vt 0.788999 0.089863
vt 0.789343 0.089402
vt 0.789579 0.089869
vt 0.798253 0.086045
vt 0.798954 0.090018
vt 0.793866 0.089870
vt 0.792977 0.088150
vt 0.788920 0.088891
vt 0.788607 0.089295
vt 0.787432 0.090615
vt 0.787227 0.090360
vt 0.787456 0.090355
vt 0.787542 0.090534
vt 0.787898 0.084165
vt 0.786537 0.079774
vt 0.794216 0.081309
vt 0.791278 0.085795
vt 0.782566 0.090718
vt 0.777340 0.090408
vt 0.789660 0.090291
vt 0.789488 0.091020
vt 0.793548 0.093581
vt 0.794147 0.091194
vt 0.798915 0.092768
vt 0.797578 0.096737
vt 0.788837 0.091622
vt 0.785720 0.092409
vt 0.783911 0.094098
vt 0.784929 0.090720
vt 0.789633 0.092965
vt 0.787778 0.093297
vt 0.790656 0.091836
vt 0.790980 0.090598
vt 0.790872 0.089880
vt 0.790471 0.089076
vt 0.788280 0.087272
vt 0.779726 0.097391
vt 0.789582 0.088065
vt 0.886902 0.039165
vt 0.886871 0.040377
vt 0.885861 0.040127
vt 0.886617 0.039062
vt 0.886398 0.038907
vt 0.886246 0.038759
vt 0.886504 0.038747
vt 0.886603 0.038785
vt 0.879973 0.043058
vt 0.883113 0.046273
vt 0.881909 0.049017
vt 0.877975 0.044780
vt 0.882553 0.041077
vt 0.882909 0.038799
vt 0.885192 0.038715
vt 0.885347 0.039399
vt 0.886737 0.038830
vt 0.886629 0.038700
vt 0.886801 0.038718
vt 0.886604 0.038448
vt 0.886918 0.038408
vt 0.886141 0.036201
vt 0.886095 0.033032
vt 0.889394 0.033169
vt 0.887855 0.036209
vt 0.880371 0.038981
vt 0.878054 0.039240
vt 0.880556 0.034859
vt 0.882240 0.036691
vt 0.886730 0.043626
vt 0.887747 0.040103
vt 0.888874 0.042479
vt 0.887212 0.039177
vt 0.884253 0.043208
vt 0.886932 0.038911
vt 0.887100 0.038961
vt 0.887136 0.038883
vt 0.887018 0.038812
vt 0.885245 0.038241
vt 0.883899 0.037755
vt 0.883959 0.035469
vt 0.885261 0.037153
vt 0.886527 0.038672
vt 0.886067 0.038105
vt 0.886449 0.037839
vt 0.887260 0.038627
vt 0.891497 0.038659
vt 0.889231 0.038898
vt 0.889111 0.037511
vt 0.891468 0.035628
vt 0.888558 0.039719
vt 0.890030 0.040857
vt 0.887888 0.038284
vt 0.887145 0.037817
vt 0.887289 0.038971
vt 0.887351 0.038884
vt 0.888001 0.038911
vt 0.887674 0.039137
vt 0.886387 0.038510
vt 0.886351 0.038660
vt 0.886066 0.038537
vt 0.886907 0.049874
vt 0.886668 0.046593
vt 0.890448 0.044975
vt 0.892455 0.048026
vt 0.892404 0.042159
vt 0.896132 0.043988
vt 0.894313 0.038011
vt 0.897713 0.036516
vt 0.893778 0.033660
vt 0.896058 0.031438
vt 0.890855 0.030026
vt 0.892173 0.027733
vt 0.886729 0.029460
vt 0.887362 0.026836
vt 0.882907 0.032527
vt 0.882665 0.029856
vt 0.831439 0.040658
vt 0.831355 0.039882
vt 0.832499 0.038924
vt 0.832584 0.039126
vt 0.833585 0.038603
vt 0.833185 0.038673
vt 0.833191 0.038383
vt 0.833379 0.038272
vt 0.829952 0.043601
vt 0.832426 0.041738
vt 0.832681 0.046432
vt 0.827223 0.044300
vt 0.826138 0.041501
vt 0.829557 0.040245
vt 0.829501 0.041550
vt 0.824650 0.037138
vt 0.828026 0.038421
vt 0.831160 0.038557
vt 0.831490 0.039222
vt 0.834048 0.037890
vt 0.833968 0.038103
vt 0.833661 0.038061
vt 0.833804 0.037870
vt 0.835900 0.037216
vt 0.836264 0.038259
vt 0.834666 0.038101
vt 0.834633 0.037596
vt 0.838084 0.036157
vt 0.839118 0.038061
vt 0.834177 0.037381
vt 0.833058 0.038381
vt 0.833062 0.038430
vt 0.832959 0.038476
vt 0.832929 0.038406
vt 0.839391 0.030802
vt 0.841929 0.033459
vt 0.836855 0.034273
vt 0.832688 0.035682
vt 0.833916 0.035785
vt 0.833658 0.037227
vt 0.833181 0.037204
vt 0.831600 0.036051
vt 0.832758 0.037478
vt 0.831226 0.031956
vt 0.830316 0.028494
vt 0.835084 0.028562
vt 0.834343 0.032546
vt 0.832456 0.038470
vt 0.832547 0.038713
vt 0.833580 0.037837
vt 0.833367 0.037826
vt 0.833134 0.037981
vt 0.832976 0.038213
vt 0.832493 0.038039
vt 0.833293 0.038201
vt 0.833145 0.038311
vt 0.830982 0.037406
vt 0.827612 0.034670
vt 0.828814 0.032479
vt 0.833441 0.038091
vt 0.833534 0.038040
vt 0.837204 0.045432
vt 0.840000 0.049692
vt 0.835204 0.051102
vt 0.843424 0.037483
vt 0.843059 0.043353
vt 0.839184 0.041478
vt 0.829902 0.047742
vt 0.835027 0.041530
vt 0.833949 0.039326
vt 0.834490 0.038713
vt 0.836191 0.039857
vt 0.835018 0.036314
vt 0.832988 0.039414
vt 0.832917 0.038563
vt 0.832998 0.038605
vt 0.833538 0.038146
vt 0.833827 0.038314
vt 0.825510 0.032105
vt 0.827048 0.029677
vt 0.862881 0.083711
vt 0.862269 0.081525
vt 0.865471 0.082159
vt 0.865395 0.084235
vt 0.867202 0.095779
vt 0.863887 0.096347
vt 0.863461 0.093786
vt 0.866124 0.093334
vt 0.868322 0.087319
vt 0.867989 0.085410
vt 0.868861 0.083807
vt 0.869894 0.085849
vt 0.864618 0.088458
vt 0.863833 0.085909
vt 0.865394 0.086098
vt 0.865691 0.088295
vt 0.864299 0.098960
vt 0.868590 0.098431
vt 0.865212 0.091120
vt 0.866356 0.090186
vt 0.864844 0.102853
vt 0.870642 0.101959
vt 0.858305 0.093774
vt 0.859897 0.092438
vt 0.861139 0.093296
vt 0.860205 0.095422
vt 0.857057 0.080834
vt 0.855445 0.079195
vt 0.860330 0.076264
vt 0.861405 0.078612
vt 0.858906 0.091028
vt 0.857272 0.091372
vt 0.856816 0.088859
vt 0.858649 0.089007
vt 0.854476 0.085551
vt 0.851742 0.084493
vt 0.868625 0.080349
vt 0.869613 0.076730
vt 0.873196 0.078377
vt 0.870427 0.081760
vt 0.860155 0.087849
vt 0.859236 0.087078
vt 0.860629 0.084721
vt 0.862010 0.086497
vt 0.860774 0.091495
vt 0.862097 0.091881
vt 0.871051 0.091307
vt 0.868522 0.090062
vt 0.868612 0.088852
vt 0.870903 0.088660
vt 0.863425 0.091808
vt 0.862955 0.088990
vt 0.858781 0.082838
vt 0.853591 0.088577
vt 0.850460 0.088783
vt 0.859313 0.098005
vt 0.855970 0.095976
vt 0.857097 0.086325
vt 0.860143 0.090137
vt 0.859275 0.088946
vt 0.861496 0.089570
vt 0.873596 0.092574
vt 0.872115 0.096012
vt 0.870003 0.093839
vt 0.867861 0.087550
vt 0.867708 0.086647
vt 0.868046 0.088614
vt 0.866932 0.084591
vt 0.867459 0.083039
vt 0.858103 0.101612
vt 0.853630 0.098906
vt 0.865387 0.075673
vt 0.865627 0.078783
vt 0.874878 0.098692
vt 0.872424 0.084001
vt 0.873972 0.088461
vt 0.853777 0.092286
vt 0.850382 0.094272
vt 0.878115 0.088462
vt 0.877162 0.093896
vt 0.867923 0.091624
vt 0.867204 0.089353
vt 0.866703 0.088151
vt 0.866712 0.086593
vt 0.876391 0.081831
vt 0.924191 0.044619
vt 0.926973 0.043962
vt 0.928688 0.047181
vt 0.924396 0.048113
vt 0.920670 0.046530
vt 0.921957 0.043536
vt 0.924803 0.040336
vt 0.925090 0.040467
vt 0.924751 0.040690
vt 0.924590 0.040364
vt 0.924072 0.040222
vt 0.923684 0.040151
vt 0.923693 0.039975
vt 0.924013 0.040031
vt 0.924172 0.042100
vt 0.925527 0.041793
vt 0.930818 0.044055
vt 0.932700 0.047875
vt 0.930140 0.050950
vt 0.925774 0.038664
vt 0.926604 0.036950
vt 0.927555 0.038892
vt 0.926255 0.039622
vt 0.924597 0.040251
vt 0.924728 0.040101
vt 0.925022 0.040178
vt 0.924890 0.040254
vt 0.926078 0.041023
vt 0.928161 0.041971
vt 0.923044 0.041636
vt 0.923665 0.040758
vt 0.924226 0.040918
vt 0.918351 0.042924
vt 0.920903 0.041526
vt 0.927717 0.034194
vt 0.929309 0.031394
vt 0.933436 0.036832
vt 0.929697 0.037943
vt 0.923575 0.038222
vt 0.922977 0.036452
vt 0.924683 0.035929
vt 0.924714 0.037988
vt 0.925360 0.052318
vt 0.919536 0.050533
vt 0.924334 0.040254
vt 0.924288 0.040438
vt 0.923311 0.040085
vt 0.923368 0.040435
vt 0.922480 0.040788
vt 0.922474 0.039860
vt 0.917975 0.032775
vt 0.920269 0.035935
vt 0.919268 0.038901
vt 0.915826 0.037822
vt 0.926284 0.040311
vt 0.928065 0.040359
vt 0.921319 0.039541
vt 0.925307 0.040285
vt 0.924750 0.033131
vt 0.922232 0.033649
vt 0.921484 0.029256
vt 0.925723 0.029317
vt 0.923466 0.039710
vt 0.921873 0.037903
vt 0.922790 0.038960
vt 0.930247 0.041160
vt 0.923938 0.040416
vt 0.923626 0.040329
vt 0.915191 0.044807
vt 0.924353 0.040060
vt 0.925355 0.040089
vt 0.925046 0.039736
vt 0.924532 0.039453
vt 0.923964 0.039455
vt 0.933417 0.043652
vt 0.921324 0.087161
vt 0.921304 0.086371
vt 0.922986 0.086416
vt 0.922761 0.087303
vt 0.922423 0.088979
vt 0.921222 0.088632
vt 0.921492 0.090311
vt 0.920655 0.091644
vt 0.919302 0.090503
vt 0.920355 0.089637
vt 0.918245 0.091286
vt 0.919961 0.092991
vt 0.918852 0.095894
vt 0.917143 0.101737
vt 0.911420 0.097129
vt 0.916369 0.092881
vt 0.920542 0.087200
vt 0.920271 0.088124
vt 0.921007 0.085610
vt 0.920109 0.086892
vt 0.919630 0.086370
vt 0.919340 0.087778
vt 0.916959 0.086837
vt 0.909748 0.082909
vt 0.914299 0.078840
vt 0.918472 0.084994
vt 0.923062 0.090739
vt 0.922671 0.092018
vt 0.923873 0.089385
vt 0.924279 0.087928
vt 0.908957 0.090190
vt 0.916193 0.089514
vt 0.924607 0.087176
vt 0.922862 0.085499
vt 0.924921 0.086574
vt 0.931159 0.078834
vt 0.925826 0.085052
vt 0.923028 0.083644
vt 0.924887 0.076417
vt 0.923063 0.096696
vt 0.924205 0.102313
vt 0.922714 0.093533
vt 0.919882 0.088955
vt 0.918814 0.089018
vt 0.917972 0.089197
vt 0.919387 0.076652
vt 0.920532 0.083857
vt 0.924898 0.092519
vt 0.924236 0.091866
vt 0.924594 0.091154
vt 0.925633 0.091469
vt 0.933675 0.096222
vt 0.930432 0.099951
vt 0.926329 0.094772
vt 0.927288 0.092596
vt 0.918723 0.087635
vt 0.926098 0.087634
vt 0.926503 0.089254
vt 0.925638 0.088904
vt 0.925590 0.087916
vt 0.927369 0.086670
vt 0.928296 0.089088
vt 0.926273 0.090543
vt 0.925401 0.090026
vt 0.927921 0.091157
vt 0.935262 0.088362
vt 0.935195 0.093068
vt 0.933728 0.083118
vt 0.792648 0.118240
vt 0.790913 0.117398
vt 0.792376 0.113692
vt 0.793988 0.115374
vt 0.786164 0.117087
vt 0.784476 0.117251
vt 0.786452 0.109825
vt 0.788316 0.110878
vt 0.801442 0.126338
vt 0.802463 0.128229
vt 0.795598 0.127590
vt 0.795519 0.126122
vt 0.795511 0.124523
vt 0.800132 0.124355
vt 0.798619 0.122574
vt 0.795617 0.123233
vt 0.788899 0.122444
vt 0.787499 0.123154
vt 0.801278 0.114642
vt 0.800041 0.115175
vt 0.799243 0.113917
vt 0.799729 0.113198
vt 0.799713 0.118977
vt 0.800156 0.116573
vt 0.802413 0.117052
vt 0.802020 0.120244
vt 0.790142 0.121845
vt 0.788417 0.116937
vt 0.791582 0.121214
vt 0.805989 0.112248
vt 0.803204 0.113588
vt 0.800876 0.111432
vt 0.802636 0.108752
vt 0.804394 0.121565
vt 0.806807 0.123110
vt 0.805203 0.117173
vt 0.808265 0.117249
vt 0.811782 0.117019
vt 0.809640 0.124345
vt 0.791549 0.104948
vt 0.792671 0.107476
vt 0.790415 0.112356
vt 0.793642 0.110129
vt 0.794633 0.112286
vt 0.795654 0.114043
vt 0.797797 0.115364
vt 0.796721 0.116923
vt 0.797515 0.113408
vt 0.797410 0.111955
vt 0.797402 0.109669
vt 0.797683 0.106721
vt 0.798009 0.103834
vt 0.809345 0.110592
vt 0.804544 0.105756
vt 0.795435 0.119239
vt 0.797532 0.121382
vt 0.792721 0.120407
vt 0.793876 0.121622
vt 0.793356 0.122961
vt 0.795729 0.122424
vt 0.791798 0.124933
vt 0.791167 0.126026
vt 0.792523 0.124005
vt 0.889981 0.131735
vt 0.886851 0.131354
vt 0.887864 0.128280
vt 0.890304 0.129021
vt 0.885736 0.126869
vt 0.883516 0.129720
vt 0.880992 0.126249
vt 0.883936 0.124972
vt 0.880352 0.132056
vt 0.877377 0.127242
vt 0.894195 0.119145
vt 0.893852 0.120081
vt 0.892417 0.119475
vt 0.893426 0.118648
vt 0.891510 0.118540
vt 0.892521 0.118058
vt 0.889707 0.116984
vt 0.888493 0.114198
vt 0.891233 0.114235
vt 0.891378 0.117049
vt 0.895000 0.112673
vt 0.891072 0.111396
vt 0.891265 0.107597
vt 0.896634 0.108866
vt 0.885792 0.124036
vt 0.887005 0.123603
vt 0.888004 0.124718
vt 0.886696 0.125504
vt 0.888452 0.126537
vt 0.888755 0.125986
vt 0.885426 0.134150
vt 0.887426 0.117962
vt 0.885605 0.116006
vt 0.881537 0.117419
vt 0.880446 0.122377
vt 0.876655 0.122065
vt 0.878174 0.115382
vt 0.887329 0.111400
vt 0.885957 0.107805
vt 0.895498 0.122221
vt 0.894988 0.124739
vt 0.893344 0.122996
vt 0.893787 0.121487
vt 0.893606 0.115414
vt 0.890456 0.126759
vt 0.890110 0.125611
vt 0.895791 0.117450
vt 0.898488 0.115855
vt 0.883715 0.113685
vt 0.881283 0.110407
vt 0.899092 0.128108
vt 0.900600 0.124160
vt 0.903363 0.125608
vt 0.900825 0.130022
vt 0.895443 0.119374
vt 0.897260 0.119206
vt 0.897413 0.120798
vt 0.895778 0.120669
vt 0.883775 0.118828
vt 0.885960 0.120229
vt 0.885494 0.122557
vt 0.883172 0.122577
vt 0.893820 0.118315
vt 0.892526 0.117444
vt 0.887763 0.121043
vt 0.887172 0.122235
vt 0.890167 0.122588
vt 0.889058 0.123699
vt 0.892084 0.124439
vt 0.894172 0.128850
vt 0.893172 0.126409
vt 0.889874 0.134665
vt 0.896755 0.126163
vt 0.891312 0.121270
vt 0.889100 0.119673
vt 0.900344 0.120788
vt 0.899759 0.118574
vt 0.903960 0.117365
vt 0.904060 0.121307
vt 0.895334 0.131225
vt 0.896204 0.133353
vt 0.890410 0.118991
vt 0.891885 0.120348
vt 0.897436 0.122971
vt 0.902047 0.113066
vt 0.848755 0.145948
vt 0.847684 0.145117
vt 0.848372 0.140742
vt 0.850485 0.142081
vt 0.847291 0.147268
vt 0.847500 0.147382
vt 0.847409 0.147519
vt 0.847257 0.147489
vt 0.848015 0.147604
vt 0.849030 0.147610
vt 0.849356 0.148076
vt 0.848130 0.147748
vt 0.846058 0.147589
vt 0.846588 0.147561
vt 0.846729 0.147681
vt 0.846240 0.147951
vt 0.846910 0.147778
vt 0.846595 0.148299
vt 0.847193 0.147897
vt 0.847185 0.148534
vt 0.847513 0.147807
vt 0.847931 0.148306
vt 0.847629 0.147687
vt 0.848139 0.147935
vt 0.847675 0.147626
vt 0.845044 0.147863
vt 0.845230 0.146857
vt 0.846290 0.147248
vt 0.847610 0.147575
vt 0.847607 0.147510
vt 0.847995 0.147383
vt 0.847802 0.147063
vt 0.847376 0.146737
vt 0.847057 0.147243
vt 0.846945 0.146704
vt 0.846905 0.147336
vt 0.846601 0.146920
vt 0.846755 0.147449
vt 0.849057 0.146954
vt 0.846662 0.145314
vt 0.845777 0.145958
vt 0.838676 0.145359
vt 0.842893 0.146326
vt 0.843150 0.148239
vt 0.838614 0.149211
vt 0.847500 0.147540
vt 0.847516 0.147578
vt 0.851794 0.145590
vt 0.851142 0.138754
vt 0.854310 0.142985
vt 0.846036 0.141518
vt 0.844958 0.138026
vt 0.848502 0.137352
vt 0.847106 0.147467
vt 0.851435 0.148914
vt 0.855823 0.148686
vt 0.855765 0.152775
vt 0.853303 0.149439
vt 0.840848 0.140795
vt 0.843801 0.143660
vt 0.846934 0.147532
vt 0.847018 0.147467
vt 0.848013 0.151058
vt 0.850132 0.149523
vt 0.847056 0.147546
vt 0.848530 0.155659
vt 0.844142 0.153527
vt 0.845936 0.149611
vt 0.845266 0.148676
vt 0.843586 0.149769
vt 0.847402 0.147591
vt 0.851064 0.147793
vt 0.855774 0.146086
vt 0.852836 0.153476
vt 0.849518 0.148681
vt 0.847221 0.147578
vt 0.837021 0.152759
vt 0.849113 0.161107
vt 0.841873 0.157996
vt 0.853918 0.158884
vt 0.834356 0.082401
vt 0.831524 0.085087
vt 0.827132 0.080267
vt 0.833373 0.076395
vt 0.835102 0.085418
vt 0.833191 0.086899
vt 0.835627 0.086839
vt 0.834144 0.087807
vt 0.836295 0.088264
vt 0.835083 0.088794
vt 0.837056 0.089700
vt 0.835821 0.089898
vt 0.837188 0.091404
vt 0.835743 0.091371
vt 0.837303 0.092312
vt 0.835627 0.092152
vt 0.837067 0.093206
vt 0.835239 0.092871
vt 0.837006 0.095069
vt 0.834554 0.094553
vt 0.837969 0.102470
vt 0.832537 0.101564
vt 0.841640 0.084426
vt 0.838634 0.082119
vt 0.840451 0.076684
vt 0.846341 0.079786
vt 0.839945 0.086487
vt 0.837900 0.085215
vt 0.839209 0.087055
vt 0.837674 0.086714
vt 0.839477 0.087806
vt 0.837905 0.088030
vt 0.840140 0.089024
vt 0.838545 0.089474
vt 0.840238 0.090166
vt 0.838771 0.090969
vt 0.840071 0.091140
vt 0.839004 0.091756
vt 0.840540 0.091482
vt 0.839242 0.092392
vt 0.847564 0.096895
vt 0.844491 0.100836
vt 0.839955 0.094012
vt 0.841684 0.092595
vt 0.830938 0.088408
vt 0.831371 0.091159
vt 0.823734 0.094175
vt 0.823839 0.086852
vt 0.832664 0.088941
vt 0.833219 0.090583
vt 0.833849 0.090517
vt 0.833479 0.089221
vt 0.834531 0.089413
vt 0.834815 0.090287
vt 0.850232 0.087197
vt 0.842780 0.088208
vt 0.842327 0.086702
vt 0.849107 0.083881
vt 0.841068 0.088617
vt 0.840547 0.087620
vt 0.834505 0.091490
vt 0.833965 0.091949
vt 0.849725 0.091876
vt 0.842899 0.090306
vt 0.841140 0.089923
vt 0.832648 0.093173
vt 0.827753 0.098771
vt 0.834972 0.091237
vt 0.809503 0.038966
vt 0.809766 0.038913
vt 0.809975 0.039020
vt 0.809704 0.039264
vt 0.809403 0.038800
vt 0.809727 0.038760
vt 0.806525 0.037925
vt 0.807653 0.038353
vt 0.807681 0.038885
vt 0.806458 0.039058
vt 0.804698 0.035595
vt 0.803847 0.038899
vt 0.806476 0.040184
vt 0.803175 0.042012
vt 0.811930 0.038391
vt 0.810807 0.038586
vt 0.810577 0.037750
vt 0.811493 0.036778
vt 0.809729 0.038612
vt 0.809935 0.038394
vt 0.810048 0.038726
vt 0.808399 0.031979
vt 0.807551 0.027842
vt 0.811955 0.027904
vt 0.811123 0.032476
vt 0.808810 0.038873
vt 0.808586 0.038972
vt 0.808419 0.038835
vt 0.808743 0.038808
vt 0.812073 0.040377
vt 0.810709 0.039405
vt 0.807871 0.039398
vt 0.815564 0.031626
vt 0.817625 0.036896
vt 0.814111 0.037933
vt 0.813145 0.034841
vt 0.810098 0.046170
vt 0.809470 0.050798
vt 0.804084 0.049642
vt 0.805489 0.045462
vt 0.809963 0.042587
vt 0.807222 0.042181
vt 0.809194 0.040248
vt 0.810116 0.040040
vt 0.812063 0.041261
vt 0.809246 0.039353
vt 0.808294 0.039923
vt 0.808844 0.039151
vt 0.809219 0.038968
vt 0.808979 0.038898
vt 0.809188 0.038814
vt 0.808977 0.038808
vt 0.813737 0.044059
vt 0.815511 0.048077
vt 0.809876 0.037060
vt 0.808843 0.036877
vt 0.808736 0.034926
vt 0.810426 0.035359
vt 0.805463 0.033582
vt 0.800842 0.033986
vt 0.806247 0.028574
vt 0.815393 0.039984
vt 0.808640 0.038750
vt 0.808874 0.038688
vt 0.807968 0.037535
vt 0.807054 0.036115
vt 0.801092 0.046300
vt 0.809459 0.038645
vt 0.800288 0.041540
vt 0.818955 0.041450
vt 0.809516 0.038160
vt 0.809036 0.038155
vt 0.808616 0.038397
vt 0.808377 0.038685
vt 0.809177 0.038660
vt 0.936424 0.154418
vt 0.941096 0.151782
vt 0.943334 0.153632
vt 0.940885 0.158760
vt 0.943474 0.150238
vt 0.944426 0.151191
vt 0.944343 0.149632
vt 0.944826 0.150088
vt 0.944766 0.149346
vt 0.945019 0.149640
vt 0.945034 0.149124
vt 0.945166 0.149284
vt 0.939692 0.148299
vt 0.942769 0.148886
vt 0.945275 0.150354
vt 0.945201 0.151645
vt 0.945691 0.150463
vt 0.945911 0.151800
vt 0.947553 0.159862
vt 0.944805 0.159721
vt 0.944992 0.154633
vt 0.946295 0.155000
vt 0.946160 0.148261
vt 0.946071 0.148366
vt 0.945898 0.148269
vt 0.945919 0.148040
vt 0.953431 0.141023
vt 0.957321 0.147890
vt 0.951701 0.148604
vt 0.949869 0.144979
vt 0.948065 0.146671
vt 0.948814 0.148783
vt 0.940426 0.145783
vt 0.942843 0.147393
vt 0.942895 0.144089
vt 0.944181 0.145868
vt 0.946431 0.145771
vt 0.946587 0.143413
vt 0.946960 0.147539
vt 0.946147 0.146896
vt 0.947342 0.148777
vt 0.948361 0.150613
vt 0.947073 0.149729
vt 0.947166 0.151559
vt 0.946431 0.150338
vt 0.948717 0.154560
vt 0.951155 0.152161
vt 0.956032 0.154504
vt 0.951602 0.158788
vt 0.946035 0.149625
vt 0.946404 0.149176
vt 0.945600 0.149800
vt 0.940624 0.139723
vt 0.946626 0.138178
vt 0.935400 0.146650
vt 0.937351 0.142966
vt 0.946185 0.148579
vt 0.945972 0.148561
vt 0.944800 0.146912
vt 0.945986 0.147598
vt 0.945203 0.147666
vt 0.945561 0.148117
vt 0.944832 0.148237
vt 0.944056 0.147918
vt 0.945682 0.148333
vt 0.946387 0.148042
vt 0.946459 0.148660
vt 0.945134 0.148767
vt 0.944659 0.148798
vt 0.945351 0.148430
vt 0.943975 0.148842
vt 0.945315 0.148816
vt 0.945480 0.148517
vt 0.945728 0.148767
vt 0.945467 0.149024
vt 0.945457 0.149503
vt 0.945307 0.149774
vt 0.945308 0.149414
vt 0.946003 0.148937
vt 0.945646 0.149232
vt 0.799970 0.063791
vt 0.800252 0.058802
vt 0.806484 0.060842
vt 0.806140 0.062742
vt 0.808437 0.061837
vt 0.808266 0.062708
vt 0.809429 0.062251
vt 0.809118 0.062848
vt 0.809721 0.062651
vt 0.809471 0.062982
vt 0.812023 0.064378
vt 0.811434 0.063470
vt 0.811722 0.063086
vt 0.812489 0.063653
vt 0.808948 0.064711
vt 0.808255 0.063680
vt 0.809280 0.063405
vt 0.809755 0.063867
vt 0.811751 0.062613
vt 0.812572 0.062494
vt 0.811562 0.062075
vt 0.812152 0.061349
vt 0.810927 0.061713
vt 0.810987 0.060560
vt 0.810201 0.061816
vt 0.809462 0.060840
vt 0.823940 0.062155
vt 0.820821 0.069451
vt 0.814277 0.064620
vt 0.814503 0.062213
vt 0.803305 0.054202
vt 0.810000 0.051056
vt 0.810975 0.057736
vt 0.807598 0.058581
vt 0.807458 0.066229
vt 0.806279 0.064560
vt 0.800727 0.067390
vt 0.803420 0.071216
vt 0.810147 0.062990
vt 0.809733 0.063181
vt 0.811438 0.062969
vt 0.811417 0.062618
vt 0.811316 0.062313
vt 0.817615 0.053290
vt 0.813422 0.059635
vt 0.811123 0.063144
vt 0.812102 0.067178
vt 0.814501 0.074230
vt 0.809597 0.074160
vt 0.809798 0.067725
vt 0.811187 0.064857
vt 0.810134 0.065112
vt 0.810933 0.063777
vt 0.810747 0.063242
vt 0.810396 0.063924
vt 0.810420 0.063310
vt 0.810340 0.062216
vt 0.810960 0.062074
vt 0.810618 0.062796
vt 0.811099 0.062635
vt 0.813467 0.066201
vt 0.817689 0.072700
vt 0.810040 0.063342
vt 0.922988 0.141691
vt 0.925883 0.141159
vt 0.924506 0.143292
vt 0.923108 0.143651
vt 0.924778 0.150311
vt 0.926095 0.152728
vt 0.922433 0.151618
vt 0.922487 0.150121
vt 0.918373 0.152381
vt 0.920130 0.150600
vt 0.914603 0.150148
vt 0.917484 0.149178
vt 0.912994 0.145802
vt 0.916414 0.146135
vt 0.914570 0.142005
vt 0.917941 0.143229
vt 0.919072 0.140243
vt 0.921092 0.142586
vt 0.929656 0.142729
vt 0.927201 0.139260
vt 0.932105 0.141763
vt 0.926685 0.144075
vt 0.922217 0.139356
vt 0.916905 0.138732
vt 0.912026 0.141246
vt 0.910388 0.145766
vt 0.911548 0.150921
vt 0.914918 0.154965
vt 0.922243 0.157095
vt 0.928358 0.156473
vt 0.932589 0.152120
vt 0.929679 0.150388
vt 0.922404 0.148931
vt 0.922397 0.147703
vt 0.922696 0.147322
vt 0.923316 0.148319
vt 0.919806 0.146321
vt 0.920336 0.148059
vt 0.922461 0.147294
vt 0.922546 0.147106
vt 0.922338 0.145724
vt 0.922718 0.145943
vt 0.922679 0.146259
vt 0.922527 0.146213
vt 0.922358 0.146372
vt 0.921913 0.145921
vt 0.922155 0.146626
vt 0.921540 0.146503
vt 0.922148 0.147050
vt 0.921538 0.147343
vt 0.922312 0.147293
vt 0.921937 0.147696
vt 0.921353 0.148830
vt 0.922491 0.146692
vt 0.922453 0.146943
vt 0.921913 0.144544
vt 0.920650 0.144835
vt 0.922659 0.146550
vt 0.922567 0.146528
vt 0.922598 0.146422
vt 0.922676 0.146441
vt 0.922875 0.146430
vt 0.922823 0.146217
vt 0.923847 0.145738
vt 0.923316 0.145260
vt 0.922627 0.146696
vt 0.922591 0.146919
vt 0.922901 0.146709
vt 0.922845 0.147026
vt 0.927768 0.146607
vt 0.924246 0.146562
vt 0.923979 0.147606
vt 0.922451 0.147099
vt 0.926953 0.149031
vt 0.931056 0.147023
vt 0.934080 0.147199
vt 0.922872 0.145070
vt 0.950117 0.116410
vt 0.951119 0.116028
vt 0.951637 0.117085
vt 0.951198 0.117330
vt 0.951888 0.120749
vt 0.951067 0.122329
vt 0.949539 0.122329
vt 0.951353 0.120427
vt 0.950260 0.113789
vt 0.952561 0.113933
vt 0.952223 0.116343
vt 0.954486 0.114616
vt 0.953266 0.116708
vt 0.956914 0.116520
vt 0.954557 0.118000
vt 0.957459 0.120455
vt 0.954592 0.120250
vt 0.953727 0.121316
vt 0.955984 0.122948
vt 0.953662 0.123355
vt 0.952807 0.121773
vt 0.949572 0.125078
vt 0.955256 0.128004
vt 0.945951 0.130037
vt 0.952497 0.120705
vt 0.952278 0.120086
vt 0.952459 0.120189
vt 0.952497 0.119885
vt 0.952637 0.119970
vt 0.948078 0.114401
vt 0.952947 0.120240
vt 0.961985 0.125129
vt 0.957263 0.108253
vt 0.962453 0.112422
vt 0.964970 0.119544
vt 0.953256 0.118621
vt 0.952695 0.117642
vt 0.953288 0.119879
vt 0.952600 0.118850
vt 0.952330 0.118031
vt 0.952063 0.118179
vt 0.952004 0.117926
vt 0.952087 0.117712
vt 0.952706 0.119729
vt 0.952238 0.118928
vt 0.951761 0.118141
vt 0.951785 0.117797
vt 0.952431 0.119669
vt 0.951935 0.118956
vt 0.950906 0.117818
vt 0.952170 0.119757
vt 0.949020 0.117118
vt 0.950800 0.119098
vt 0.948169 0.119530
vt 0.944682 0.115424
vt 0.943218 0.108807
vt 0.947895 0.107391
vt 0.942579 0.120140
vt 0.937248 0.112451
vt 0.945258 0.125319
vt 0.934832 0.120178
vt 0.938070 0.127903
vt 0.952780 0.107268
vt 0.952155 0.117266
vt 0.951895 0.117573
vt 0.790247 0.063293
vt 0.790791 0.063250
vt 0.790775 0.063805
vt 0.790324 0.063523
vt 0.790128 0.063419
vt 0.790049 0.063316
vt 0.793746 0.065300
vt 0.791690 0.064419
vt 0.791930 0.063170
vt 0.794594 0.062780
vt 0.790491 0.064511
vt 0.790109 0.063853
vt 0.789371 0.064835
vt 0.789384 0.063888
vt 0.788103 0.064239
vt 0.788591 0.063560
vt 0.787515 0.063346
vt 0.788092 0.063103
vt 0.787523 0.062635
vt 0.788046 0.062747
vt 0.787643 0.062210
vt 0.788120 0.062558
vt 0.792606 0.068239
vt 0.791243 0.066010
vt 0.789334 0.071017
vt 0.789312 0.067235
vt 0.784886 0.069804
vt 0.786886 0.066047
vt 0.782936 0.064821
vt 0.786109 0.063909
vt 0.783307 0.061662
vt 0.786221 0.062339
vt 0.786563 0.061374
vt 0.784465 0.059433
vt 0.789401 0.063408
vt 0.789885 0.063483
vt 0.789801 0.063229
vt 0.778946 0.060511
vt 0.781506 0.056004
vt 0.783273 0.072250
vt 0.778947 0.065714
vt 0.788799 0.063163
vt 0.789401 0.063095
vt 0.789987 0.063084
vt 0.798595 0.067168
vt 0.794751 0.071773
vt 0.788214 0.062790
vt 0.788374 0.062920
vt 0.788860 0.062883
vt 0.789548 0.062804
vt 0.790702 0.062730
vt 0.789363 0.055235
vt 0.786149 0.056905
vt 0.785016 0.051687
vt 0.790503 0.049108
vt 0.788311 0.062736
vt 0.788511 0.062760
vt 0.788898 0.062572
vt 0.790132 0.061903
vt 0.792183 0.061916
vt 0.789326 0.073871
vt 0.788448 0.062459
vt 0.788967 0.061571
vt 0.791232 0.060084
vt 0.795372 0.059748
vt 0.793440 0.056084
vt 0.796809 0.050417
vt 0.788124 0.061762
vt 0.787419 0.060259
vt 0.789058 0.059518
vt 0.799835 0.055670
vt 0.799754 0.061386
vt 0.940371 0.066290
vt 0.943235 0.065151
vt 0.944470 0.067096
vt 0.942430 0.070091
vt 0.947926 0.063000
vt 0.948840 0.060813
vt 0.950043 0.062969
vt 0.948638 0.063758
vt 0.946842 0.062656
vt 0.947549 0.063804
vt 0.946798 0.063763
vt 0.945698 0.062771
vt 0.944564 0.060957
vt 0.946667 0.060137
vt 0.946787 0.064347
vt 0.946137 0.064261
vt 0.946184 0.063726
vt 0.945730 0.072340
vt 0.946505 0.067929
vt 0.945589 0.065097
vt 0.946736 0.065401
vt 0.949619 0.070589
vt 0.948421 0.067128
vt 0.949797 0.065251
vt 0.952650 0.066440
vt 0.951443 0.075120
vt 0.945190 0.076896
vt 0.945518 0.064104
vt 0.945501 0.063701
vt 0.947808 0.065270
vt 0.950152 0.056336
vt 0.953091 0.061122
vt 0.944676 0.063288
vt 0.944876 0.064318
vt 0.942823 0.062535
vt 0.939933 0.061260
vt 0.935810 0.067530
vt 0.935933 0.058920
vt 0.948125 0.063984
vt 0.957038 0.068465
vt 0.957272 0.058681
vt 0.939699 0.073743
vt 0.948579 0.064623
vt 0.947475 0.064331
vt 0.947998 0.064327
vt 0.939220 0.052656
vt 0.942066 0.057547
vt 0.945845 0.055457
vt 0.944875 0.049288
vt 0.951655 0.050523
vt 0.911454 0.125940
vt 0.916861 0.130483
vt 0.915349 0.134095
vt 0.907664 0.127989
vt 0.921789 0.131395
vt 0.923307 0.135380
vt 0.927763 0.108858
vt 0.931562 0.112891
vt 0.927245 0.115476
vt 0.924869 0.112971
vt 0.933625 0.116791
vt 0.928628 0.118004
vt 0.934602 0.121005
vt 0.929644 0.120669
vt 0.921515 0.111354
vt 0.922044 0.106821
vt 0.925250 0.123366
vt 0.923560 0.122521
vt 0.923961 0.120499
vt 0.925615 0.120620
vt 0.923502 0.125805
vt 0.929567 0.124752
vt 0.927049 0.128838
vt 0.930487 0.131728
vt 0.917944 0.124044
vt 0.918731 0.123201
vt 0.919487 0.124381
vt 0.918132 0.124626
vt 0.917897 0.114441
vt 0.914624 0.115374
vt 0.912427 0.112760
vt 0.917078 0.111128
vt 0.923673 0.119215
vt 0.925180 0.118937
vt 0.916497 0.117628
vt 0.915106 0.119586
vt 0.912555 0.118192
vt 0.916091 0.123748
vt 0.915105 0.122016
vt 0.916402 0.122286
vt 0.916874 0.123580
vt 0.924391 0.117244
vt 0.922848 0.115723
vt 0.921820 0.116863
vt 0.921082 0.117373
vt 0.920191 0.117056
vt 0.920422 0.116342
vt 0.920770 0.114886
vt 0.921378 0.118996
vt 0.922055 0.118261
vt 0.922717 0.119500
vt 0.922573 0.120470
vt 0.918521 0.116440
vt 0.919093 0.117562
vt 0.920019 0.118078
vt 0.916011 0.106973
vt 0.919803 0.121713
vt 0.920743 0.120172
vt 0.922090 0.121686
vt 0.921018 0.123112
vt 0.921990 0.124333
vt 0.919917 0.125522
vt 0.933993 0.126081
vt 0.916859 0.120129
vt 0.922946 0.117953
vt 0.920635 0.127447
vt 0.917827 0.127211
vt 0.917551 0.122550
vt 0.917295 0.123551
vt 0.905428 0.114177
vt 0.909842 0.109457
vt 0.909391 0.116552
vt 0.909241 0.121689
vt 0.912976 0.121777
vt 0.914497 0.124526
vt 0.918209 0.120759
vt 0.917950 0.118555
vt 0.919146 0.119215
vt 0.918090 0.125435
vt 0.904308 0.121186
vt 0.950331 0.077221
vt 0.948352 0.082876
vt 0.944042 0.083257
vt 0.943671 0.077126
vt 0.948844 0.098672
vt 0.952374 0.097372
vt 0.955513 0.100450
vt 0.949699 0.102677
vt 0.954732 0.094795
vt 0.955999 0.091125
vt 0.962096 0.089326
vt 0.959718 0.096281
vt 0.950263 0.092739
vt 0.950819 0.091461
vt 0.952645 0.091416
vt 0.951944 0.093525
vt 0.950525 0.094972
vt 0.949492 0.093424
vt 0.949297 0.088480
vt 0.948839 0.089323
vt 0.947970 0.089061
vt 0.947887 0.088382
vt 0.948518 0.095638
vt 0.948331 0.093802
vt 0.946064 0.094671
vt 0.947002 0.093243
vt 0.946243 0.092139
vt 0.946684 0.092025
vt 0.947060 0.092734
vt 0.944139 0.097785
vt 0.942241 0.101789
vt 0.947700 0.092899
vt 0.948435 0.092715
vt 0.944883 0.092745
vt 0.947198 0.090295
vt 0.947590 0.090109
vt 0.947687 0.090960
vt 0.947071 0.091070
vt 0.949140 0.092477
vt 0.947208 0.092071
vt 0.946518 0.091175
vt 0.947886 0.092084
vt 0.948694 0.091675
vt 0.936140 0.096077
vt 0.935534 0.086831
vt 0.940269 0.089086
vt 0.940943 0.094158
vt 0.947255 0.089563
vt 0.946783 0.090280
vt 0.947368 0.092699
vt 0.951990 0.088689
vt 0.950075 0.087047
vt 0.951510 0.083791
vt 0.954729 0.086335
vt 0.947845 0.086756
vt 0.959371 0.081668
vt 0.949571 0.092354
vt 0.949823 0.091528
vt 0.954521 0.078471
vt 0.948465 0.090845
vt 0.948985 0.090727
vt 0.949580 0.090335
vt 0.949249 0.091568
vt 0.948452 0.089926
vt 0.948096 0.090162
vt 0.947995 0.089525
vt 0.947722 0.089721
vt 0.950503 0.089697
vt 0.937935 0.080516
vt 0.941109 0.085671
vt 0.944356 0.090916
vt 0.945947 0.091212
vt 0.944446 0.089266
vt 0.946004 0.090222
vt 0.945527 0.087608
vt 0.858837 0.125659
vt 0.856606 0.124141
vt 0.857773 0.122686
vt 0.859243 0.124024
vt 0.850660 0.121508
vt 0.851664 0.124641
vt 0.848791 0.126512
vt 0.847178 0.121933
vt 0.858721 0.129863
vt 0.863594 0.128333
vt 0.865535 0.130605
vt 0.859180 0.132415
vt 0.862545 0.115260
vt 0.865927 0.112336
vt 0.868755 0.116320
vt 0.864787 0.117103
vt 0.868996 0.119376
vt 0.872659 0.115453
vt 0.872738 0.119624
vt 0.854542 0.119168
vt 0.855549 0.117662
vt 0.856240 0.117989
vt 0.855353 0.118912
vt 0.850685 0.118346
vt 0.853310 0.119157
vt 0.853397 0.121085
vt 0.853974 0.123177
vt 0.850026 0.111751
vt 0.852374 0.114514
vt 0.847620 0.117188
vt 0.854497 0.116798
vt 0.865373 0.119289
vt 0.856938 0.118565
vt 0.855568 0.119699
vt 0.858134 0.119564
vt 0.856388 0.120973
vt 0.855518 0.125941
vt 0.854223 0.128063
vt 0.858632 0.127569
vt 0.859774 0.120945
vt 0.859464 0.118407
vt 0.861042 0.119462
vt 0.861534 0.110810
vt 0.863504 0.106706
vt 0.869592 0.109509
vt 0.858255 0.110930
vt 0.858515 0.106783
vt 0.857412 0.117086
vt 0.858191 0.117607
vt 0.861932 0.118155
vt 0.860386 0.117315
vt 0.862976 0.117614
vt 0.863662 0.119165
vt 0.862643 0.118990
vt 0.862285 0.120497
vt 0.861120 0.116580
vt 0.858394 0.116001
vt 0.859534 0.116098
vt 0.859116 0.116785
vt 0.858310 0.116608
vt 0.863497 0.121427
vt 0.861740 0.123969
vt 0.861205 0.122324
vt 0.855401 0.111857
vt 0.854166 0.108151
vt 0.858239 0.114543
vt 0.856532 0.115062
vt 0.857141 0.116366
vt 0.870645 0.125236
vt 0.867544 0.123728
vt 0.862207 0.125845
vt 0.864787 0.122323
vt 0.854551 0.120483
vt 0.855263 0.122049
vt 0.853081 0.130599
vt 0.860094 0.114623
vt 0.950509 0.038702
vt 0.949537 0.037948
vt 0.950255 0.037326
vt 0.951391 0.038600
vt 0.944256 0.029978
vt 0.950908 0.030298
vt 0.949942 0.033296
vt 0.945741 0.032330
vt 0.948245 0.037263
vt 0.948673 0.036356
vt 0.947004 0.036892
vt 0.946477 0.035967
vt 0.954751 0.033143
vt 0.952367 0.035287
vt 0.951701 0.042257
vt 0.950571 0.041260
vt 0.944942 0.038185
vt 0.942782 0.037364
vt 0.954209 0.044795
vt 0.956625 0.046058
vt 0.949195 0.049099
vt 0.948211 0.046743
vt 0.954044 0.037897
vt 0.948746 0.040188
vt 0.946985 0.039330
vt 0.948086 0.043644
vt 0.946595 0.043390
vt 0.948168 0.044840
vt 0.945837 0.044844
vt 0.944310 0.042036
vt 0.943034 0.042713
vt 0.936283 0.034396
vt 0.938948 0.035305
vt 0.940846 0.043756
vt 0.938512 0.043586
vt 0.945356 0.042911
vt 0.956929 0.037434
vt 0.945215 0.046420
vt 0.944467 0.049031
vt 0.942995 0.045560
vt 0.941237 0.047491
vt 0.944326 0.044196
vt 0.892628 0.082853
vt 0.893129 0.084556
vt 0.891182 0.085001
vt 0.889567 0.083588
vt 0.886630 0.085706
vt 0.885947 0.089138
vt 0.882534 0.089285
vt 0.883283 0.084478
vt 0.884472 0.093808
vt 0.880686 0.095830
vt 0.878349 0.089611
vt 0.887627 0.096918
vt 0.889725 0.093987
vt 0.891739 0.094953
vt 0.891073 0.098298
vt 0.896852 0.083498
vt 0.895719 0.084889
vt 0.891575 0.091285
vt 0.893168 0.091664
vt 0.893078 0.092656
vt 0.891769 0.092541
vt 0.893611 0.090401
vt 0.895636 0.090369
vt 0.895061 0.091546
vt 0.894593 0.085722
vt 0.893793 0.085575
vt 0.893532 0.085245
vt 0.895150 0.085466
vt 0.891829 0.089874
vt 0.899975 0.096625
vt 0.902943 0.093805
vt 0.906910 0.096166
vt 0.903572 0.100052
vt 0.897219 0.093685
vt 0.897318 0.097675
vt 0.895679 0.094503
vt 0.897242 0.090886
vt 0.895970 0.088617
vt 0.897526 0.088504
vt 0.898913 0.085404
vt 0.899631 0.088623
vt 0.897011 0.086173
vt 0.891621 0.079651
vt 0.898617 0.080577
vt 0.887467 0.092176
vt 0.889360 0.091288
vt 0.890564 0.092751
vt 0.878851 0.083157
vt 0.883280 0.077581
vt 0.886981 0.080889
vt 0.889382 0.086648
vt 0.890580 0.075465
vt 0.895879 0.086630
vt 0.890571 0.090953
vt 0.888873 0.088997
vt 0.890536 0.089440
vt 0.890966 0.087572
vt 0.892341 0.088138
vt 0.893225 0.086441
vt 0.894501 0.086871
vt 0.894119 0.088668
vt 0.892256 0.085774
vt 0.904261 0.089188
vt 0.908712 0.089769
vt 0.899005 0.091560
vt 0.896014 0.092547
vt 0.894871 0.093202
vt 0.902605 0.083591
vt 0.906570 0.082022
vt 0.894440 0.092306
vt 0.884640 0.100372
vt 0.890936 0.092100
vt 0.891887 0.093427
vt 0.889997 0.103213
vt 0.899804 0.102179
vt 0.893448 0.093519
vt 0.893899 0.095063
vt 0.894520 0.098361
vt 0.895537 0.103292
vt 0.900267 0.077023
vt 0.836606 0.062017
vt 0.835705 0.061501
vt 0.837115 0.060623
vt 0.837698 0.061176
vt 0.838195 0.060231
vt 0.838433 0.060795
vt 0.832299 0.062956
vt 0.833986 0.060597
vt 0.834179 0.062978
vt 0.836530 0.064255
vt 0.835595 0.065575
vt 0.834857 0.064216
vt 0.835328 0.063227
vt 0.833918 0.064648
vt 0.837783 0.062830
vt 0.838807 0.061726
vt 0.840267 0.062319
vt 0.839369 0.063595
vt 0.839425 0.061020
vt 0.840794 0.061581
vt 0.833811 0.056034
vt 0.830848 0.052585
vt 0.835689 0.051360
vt 0.837014 0.055294
vt 0.829964 0.058653
vt 0.825694 0.056874
vt 0.838141 0.065352
vt 0.845365 0.070762
vt 0.841474 0.073676
vt 0.840962 0.071436
vt 0.843556 0.069052
vt 0.846948 0.066789
vt 0.844331 0.065983
vt 0.841887 0.063050
vt 0.841423 0.064492
vt 0.841891 0.062237
vt 0.832300 0.065211
vt 0.828827 0.066235
vt 0.828267 0.063232
vt 0.846252 0.060468
vt 0.843929 0.061937
vt 0.842171 0.059976
vt 0.843624 0.057218
vt 0.845169 0.053938
vt 0.848910 0.058548
vt 0.844346 0.063816
vt 0.847100 0.063507
vt 0.842742 0.062270
vt 0.841378 0.061084
vt 0.825277 0.067443
vt 0.824275 0.063406
vt 0.841698 0.076263
vt 0.835080 0.076168
vt 0.836364 0.073466
vt 0.837113 0.067052
vt 0.850577 0.063006
vt 0.850216 0.067844
vt 0.840267 0.069647
vt 0.839451 0.068176
vt 0.840527 0.066504
vt 0.842033 0.067602
vt 0.842791 0.065234
vt 0.837967 0.058781
vt 0.836191 0.059344
vt 0.843073 0.063539
vt 0.839754 0.058836
vt 0.839502 0.060254
vt 0.834665 0.066784
vt 0.837057 0.070703
vt 0.837023 0.068775
vt 0.833652 0.067981
vt 0.831356 0.070055
vt 0.828751 0.072318
vt 0.847133 0.072914
vt 0.840012 0.055446
vt 0.840241 0.051549
vt 0.850778 0.066503
vt 0.855241 0.064656
vt 0.858112 0.068916
vt 0.856111 0.073364
vt 0.850918 0.056725
vt 0.855000 0.059330
vt 0.872035 0.066385
vt 0.867526 0.064978
vt 0.868165 0.059977
vt 0.872250 0.057793
vt 0.860441 0.062226
vt 0.859857 0.062382
vt 0.859351 0.062138
vt 0.860094 0.061406
vt 0.862468 0.062604
vt 0.861841 0.062738
vt 0.861815 0.062201
vt 0.862501 0.062201
vt 0.861184 0.062799
vt 0.861196 0.062214
vt 0.861196 0.061102
vt 0.857976 0.061295
vt 0.859262 0.059181
vt 0.863343 0.061821
vt 0.863103 0.062842
vt 0.862357 0.063593
vt 0.861196 0.063854
vt 0.865226 0.061141
vt 0.864709 0.063735
vt 0.862340 0.061263
vt 0.861469 0.058587
vt 0.858121 0.054653
vt 0.861330 0.066384
vt 0.859441 0.065510
vt 0.860126 0.063681
vt 0.861939 0.070812
vt 0.862306 0.075378
vt 0.858137 0.063581
vt 0.863401 0.065626
vt 0.865327 0.068690
vt 0.863547 0.059492
vt 0.862472 0.053940
vt 0.856843 0.048787
vt 0.859378 0.063003
vt 0.859970 0.062730
vt 0.860495 0.062755
vt 0.866179 0.056180
vt 0.863682 0.047815
vt 0.869211 0.051406
vt 0.867919 0.072435
vt 0.837265 0.116265
vt 0.840501 0.115720
vt 0.842269 0.119004
vt 0.838681 0.118894
vt 0.831437 0.114197
vt 0.832730 0.115342
vt 0.832097 0.115976
vt 0.831087 0.115317
vt 0.830031 0.115819
vt 0.830533 0.115936
vt 0.829885 0.116305
vt 0.829486 0.116031
vt 0.829935 0.115024
vt 0.829674 0.113546
vt 0.829936 0.111713
vt 0.832125 0.112802
vt 0.833177 0.109983
vt 0.829945 0.108660
vt 0.827907 0.121431
vt 0.827864 0.120517
vt 0.828711 0.120821
vt 0.829579 0.121690
vt 0.827455 0.122959
vt 0.830329 0.123307
vt 0.826717 0.125392
vt 0.830946 0.125834
vt 0.825455 0.128287
vt 0.831218 0.128823
vt 0.834543 0.125431
vt 0.836323 0.128073
vt 0.832383 0.116712
vt 0.833399 0.116179
vt 0.833970 0.117476
vt 0.832065 0.117575
vt 0.819597 0.108700
vt 0.826485 0.108050
vt 0.828089 0.111222
vt 0.823667 0.110985
vt 0.833647 0.114370
vt 0.835696 0.112231
vt 0.835111 0.114970
vt 0.837816 0.113541
vt 0.823237 0.123423
vt 0.825179 0.121401
vt 0.820629 0.125757
vt 0.831214 0.116120
vt 0.831028 0.116549
vt 0.820569 0.121596
vt 0.816731 0.122702
vt 0.813166 0.116061
vt 0.817901 0.116403
vt 0.824410 0.114633
vt 0.822939 0.117177
vt 0.819907 0.112157
vt 0.830392 0.117022
vt 0.829286 0.118648
vt 0.827761 0.118199
vt 0.828109 0.117103
vt 0.829802 0.117527
vt 0.827920 0.119611
vt 0.827364 0.119491
vt 0.827294 0.118086
vt 0.825925 0.119529
vt 0.827250 0.120329
vt 0.826501 0.120617
vt 0.829008 0.115109
vt 0.827723 0.115471
vt 0.826334 0.113712
vt 0.828351 0.113499
vt 0.834159 0.118923
vt 0.833475 0.120649
vt 0.831135 0.119522
vt 0.831768 0.118341
vt 0.830397 0.120786
vt 0.829010 0.120091
vt 0.823786 0.119954
vt 0.826576 0.116209
vt 0.825853 0.117782
vt 0.828478 0.116391
vt 0.832115 0.122391
vt 0.837853 0.122634
vt 0.814576 0.110970
vt 0.841073 0.124021
vt 0.828968 0.116641
vt 0.827570 0.116906
vt 0.890856 0.063903
vt 0.886759 0.063387
vt 0.889375 0.058007
vt 0.893064 0.061661
vt 0.896332 0.064027
vt 0.896091 0.064052
vt 0.895648 0.063757
vt 0.896147 0.063512
vt 0.895006 0.059851
vt 0.894158 0.054574
vt 0.899330 0.052148
vt 0.897451 0.057889
vt 0.900274 0.065368
vt 0.900277 0.063563
vt 0.904059 0.061521
vt 0.903858 0.065146
vt 0.895749 0.062441
vt 0.894712 0.063174
vt 0.892602 0.071596
vt 0.891036 0.074069
vt 0.887066 0.069197
vt 0.889665 0.068025
vt 0.905366 0.052747
vt 0.901598 0.058144
vt 0.898861 0.061804
vt 0.898612 0.065342
vt 0.898439 0.064491
vt 0.899607 0.066608
vt 0.898400 0.065968
vt 0.902241 0.067723
vt 0.897886 0.065674
vt 0.897744 0.065820
vt 0.897637 0.065684
vt 0.897646 0.065573
vt 0.896791 0.061690
vt 0.897654 0.063560
vt 0.897843 0.065333
vt 0.897553 0.064966
vt 0.895121 0.064307
vt 0.893445 0.064235
vt 0.909166 0.057958
vt 0.896660 0.063379
vt 0.897072 0.064464
vt 0.897541 0.065400
vt 0.897285 0.065130
vt 0.896309 0.064436
vt 0.895879 0.064384
vt 0.896267 0.064187
vt 0.893120 0.066503
vt 0.895285 0.065466
vt 0.896632 0.064178
vt 0.896870 0.064717
vt 0.897451 0.065591
vt 0.897053 0.065301
vt 0.896354 0.066382
vt 0.895205 0.068234
vt 0.909079 0.064026
vt 0.906589 0.069004
vt 0.896577 0.064408
vt 0.896580 0.064849
vt 0.897399 0.065925
vt 0.896775 0.065655
vt 0.900687 0.069690
vt 0.903536 0.073189
vt 0.898789 0.075331
vt 0.897956 0.071330
vt 0.896394 0.064216
vt 0.896146 0.065064
vt 0.897415 0.066551
vt 0.897480 0.068065
vt 0.898868 0.067315
vt 0.898062 0.066250
vt 0.855157 0.034766
vt 0.857079 0.032282
vt 0.858996 0.034985
vt 0.857672 0.036286
vt 0.864592 0.044036
vt 0.865905 0.046413
vt 0.861320 0.047530
vt 0.861750 0.045015
vt 0.857364 0.041431
vt 0.861369 0.043154
vt 0.855487 0.044463
vt 0.861046 0.034115
vt 0.860958 0.030403
vt 0.863635 0.042639
vt 0.861884 0.027776
vt 0.870626 0.030304
vt 0.868231 0.031787
vt 0.868258 0.040464
vt 0.865893 0.039934
vt 0.864953 0.034652
vt 0.851187 0.037884
vt 0.854104 0.037693
vt 0.853414 0.046234
vt 0.858241 0.040203
vt 0.861183 0.041972
vt 0.858510 0.036733
vt 0.859778 0.038746
vt 0.857731 0.037689
vt 0.859614 0.035774
vt 0.860738 0.035134
vt 0.863032 0.035938
vt 0.861300 0.037512
vt 0.863675 0.040647
vt 0.862576 0.041390
vt 0.870491 0.039774
vt 0.864499 0.039559
vt 0.856849 0.037787
vt 0.852355 0.033204
vt 0.855470 0.029570
vt 0.864963 0.041672
vt 0.866564 0.042705
vt 0.868708 0.044191
vt 0.813314 0.090543
vt 0.813795 0.090872
vt 0.812841 0.091534
vt 0.812659 0.090936
vt 0.810799 0.090674
vt 0.811459 0.090880
vt 0.811347 0.091080
vt 0.810841 0.091139
vt 0.811669 0.090978
vt 0.811552 0.091152
vt 0.811917 0.091166
vt 0.811820 0.091643
vt 0.811251 0.091438
vt 0.810584 0.091983
vt 0.809746 0.091299
vt 0.808887 0.093588
vt 0.803539 0.097735
vt 0.800731 0.093521
vt 0.807486 0.091832
vt 0.811428 0.092575
vt 0.810520 0.094681
vt 0.807118 0.100817
vt 0.819445 0.079786
vt 0.815936 0.085837
vt 0.814527 0.082390
vt 0.814215 0.074477
vt 0.808949 0.082215
vt 0.805291 0.075073
vt 0.813820 0.087066
vt 0.814490 0.088213
vt 0.805889 0.086320
vt 0.799331 0.081231
vt 0.811024 0.087222
vt 0.806801 0.089712
vt 0.799274 0.088629
vt 0.809515 0.089070
vt 0.811947 0.089484
vt 0.813206 0.089271
vt 0.813345 0.090135
vt 0.813065 0.090190
vt 0.813695 0.089533
vt 0.809516 0.090307
vt 0.811024 0.090198
vt 0.812394 0.090404
vt 0.813289 0.090325
vt 0.813118 0.090409
vt 0.811706 0.090686
vt 0.812526 0.090636
vt 0.813485 0.090313
vt 0.811889 0.090890
vt 0.813966 0.090299
vt 0.815045 0.090427
vt 0.814709 0.091630
vt 0.813086 0.092823
vt 0.823490 0.093727
vt 0.820717 0.099158
vt 0.816358 0.093513
vt 0.817248 0.091175
vt 0.813790 0.102125
vt 0.813336 0.095385
vt 0.813969 0.089955
vt 0.814906 0.089612
vt 0.816980 0.088760
vt 0.823595 0.086338
vt 0.813539 0.090143
vt 0.891547 0.153449
vt 0.890980 0.152970
vt 0.891214 0.152086
vt 0.891691 0.152388
vt 0.892211 0.151698
vt 0.892893 0.152093
vt 0.892293 0.153064
vt 0.893989 0.151794
vt 0.893903 0.152722
vt 0.893426 0.152421
vt 0.893596 0.151655
vt 0.879750 0.152612
vt 0.884934 0.153068
vt 0.886172 0.156324
vt 0.882120 0.158028
vt 0.896142 0.149776
vt 0.894305 0.148130
vt 0.895272 0.144336
vt 0.899131 0.146282
vt 0.893671 0.159748
vt 0.897990 0.157548
vt 0.901750 0.161100
vt 0.893956 0.164168
vt 0.889729 0.148398
vt 0.888114 0.150697
vt 0.885102 0.149193
vt 0.888052 0.145197
vt 0.891995 0.144017
vt 0.891164 0.137961
vt 0.895524 0.138348
vt 0.885461 0.139146
vt 0.893323 0.150929
vt 0.893142 0.150646
vt 0.893336 0.150225
vt 0.893816 0.150956
vt 0.888776 0.154776
vt 0.890392 0.156134
vt 0.888970 0.158833
vt 0.880093 0.145273
vt 0.892124 0.147575
vt 0.892820 0.153973
vt 0.892686 0.154468
vt 0.892163 0.153890
vt 0.892546 0.153827
vt 0.893302 0.151337
vt 0.900482 0.153077
vt 0.905713 0.152721
vt 0.893434 0.153450
vt 0.892929 0.153301
vt 0.894421 0.152966
vt 0.894733 0.152026
vt 0.900959 0.149600
vt 0.896534 0.151712
vt 0.891244 0.154498
vt 0.890305 0.153719
vt 0.894845 0.154786
vt 0.893031 0.156141
vt 0.893802 0.153719
vt 0.887991 0.152914
vt 0.896010 0.153276
vt 0.901740 0.140719
vt 0.905809 0.145977
vt 0.892567 0.150850
vt 0.892430 0.150146
vt 0.891772 0.151398
vt 0.891364 0.150816
vt 0.892811 0.151201
vt 0.890626 0.152697
vt 0.890696 0.151839
vt 0.889842 0.152802
vt 0.890740 0.149883
vt 0.892316 0.149194
vt 0.893664 0.149624
vt 0.889795 0.151411
vt 0.886698 0.162241
vt 0.969916 0.062292
vt 0.970307 0.063875
vt 0.969439 0.063577
vt 0.969430 0.062932
vt 0.971039 0.061242
vt 0.970034 0.059495
vt 0.972511 0.056869
vt 0.973524 0.059945
vt 0.967259 0.062341
vt 0.967237 0.062819
vt 0.966091 0.062847
vt 0.966052 0.062275
vt 0.968591 0.062805
vt 0.967369 0.060873
vt 0.969029 0.061432
vt 0.968552 0.063374
vt 0.969496 0.064478
vt 0.968710 0.064558
vt 0.967602 0.057907
vt 0.965660 0.061126
vt 0.965410 0.063543
vt 0.964833 0.064329
vt 0.964681 0.063869
vt 0.965306 0.063003
vt 0.967575 0.066437
vt 0.966265 0.066713
vt 0.966027 0.064595
vt 0.967247 0.064413
vt 0.964884 0.073515
vt 0.968704 0.073758
vt 0.969144 0.077238
vt 0.963999 0.076994
vt 0.968010 0.069000
vt 0.970057 0.068183
vt 0.972302 0.071361
vt 0.965379 0.065020
vt 0.964749 0.065498
vt 0.973686 0.068023
vt 0.976479 0.069118
vt 0.974344 0.073806
vt 0.971433 0.066724
vt 0.964298 0.064848
vt 0.964285 0.065556
vt 0.962568 0.062070
vt 0.962242 0.063355
vt 0.960408 0.063091
vt 0.960455 0.061180
vt 0.968267 0.052858
vt 0.963640 0.053594
vt 0.963993 0.048146
vt 0.969265 0.048221
vt 0.966164 0.069176
vt 0.968993 0.066085
vt 0.963930 0.063151
vt 0.964635 0.062021
vt 0.963336 0.060194
vt 0.961469 0.056870
vt 0.964755 0.058608
vt 0.974648 0.053500
vt 0.976491 0.058098
vt 0.970088 0.065553
vt 0.962741 0.071422
vt 0.964822 0.068590
vt 0.964326 0.064333
vt 0.963588 0.064017
vt 0.965447 0.066783
vt 0.964530 0.066847
vt 0.963900 0.066365
vt 0.963548 0.065208
vt 0.962373 0.065232
vt 0.963113 0.066798
vt 0.961922 0.067407
vt 0.960840 0.065503
vt 0.977571 0.063435
vt 0.974442 0.063839
vt 0.971901 0.063867
vt 0.961320 0.074381
vt 0.962092 0.068987
vt 0.959962 0.071189
vt 0.959290 0.068780
vt 0.957835 0.065724
vt 0.957472 0.062245
vt 0.957860 0.058751
vt 0.960418 0.052325
vt 0.963733 0.067677
vt 0.618960 0.667149
vt 0.583019 0.691137
vt 0.524842 0.586128
vt 0.540864 0.575386
vt 0.870330 0.989220
vt 0.854560 0.989310
vt 0.852456 0.914143
vt 0.868224 0.914052
vt 0.538328 0.991119
vt 0.524588 0.991197
vt 0.525762 0.916011
vt 0.539413 0.915933
vt 0.838778 0.989400
vt 0.822984 0.989491
vt 0.820920 0.914323
vt 0.836685 0.914233
vt 0.362859 0.992319
vt 0.350465 0.992283
vt 0.351580 0.906315
vt 0.363964 0.906351
vt 0.375269 0.691145
vt 0.339349 0.667172
vt 0.416125 0.575546
vt 0.432142 0.586198
vt 0.259809 0.518468
vt 0.259814 0.475258
vt 0.380744 0.490045
vt 0.380718 0.509304
vt 0.339341 0.326465
vt 0.375262 0.302469
vt 0.432258 0.412900
vt 0.416241 0.423622
vt 0.543103 0.285899
vt 0.583012 0.302387
vt 0.524937 0.412810
vt 0.507137 0.405445
vt 0.690082 0.432711
vt 0.698528 0.475087
vt 0.576394 0.489744
vt 0.572641 0.470876
vt 0.649530 0.636577
vt 0.554500 0.561749
vt 0.415162 0.707634
vt 0.449952 0.593552
vt 0.268246 0.560851
vt 0.384463 0.528211
vt 0.308784 0.357022
vt 0.402611 0.437269
vt 0.500736 0.277483
vt 0.488237 0.401728
vt 0.673529 0.392792
vt 0.565268 0.453081
vt 0.673547 0.600651
vt 0.565209 0.545716
vt 0.457520 0.716057
vt 0.468858 0.597300
vt 0.284794 0.600755
vt 0.391822 0.545967
vt 0.284774 0.392971
vt 0.391892 0.453311
vt 0.457544 0.277491
vt 0.468963 0.401748
vt 0.649520 0.356880
vt 0.554579 0.437069
vt 0.690088 0.560718
vt 0.572598 0.527911
vt 0.543093 0.707648
vt 0.500723 0.716094
vt 0.488137 0.597290
vt 0.507036 0.593502
vt 0.308805 0.636659
vt 0.402517 0.561959
vt 0.268246 0.432874
vt 0.384515 0.471097
vt 0.415181 0.285936
vt 0.450062 0.405515
vt 0.618946 0.326353
vt 0.540959 0.423501
vt 0.698528 0.518319
vt 0.576371 0.509013
vt 0.585653 0.812438
vt 0.516009 0.826587
vt 0.509192 0.798645
vt 0.570229 0.784163
vt 0.214661 0.698723
vt 0.174654 0.644093
vt 0.199005 0.633171
vt 0.234264 0.680243
vt 0.155505 0.382909
vt 0.182019 0.323895
vt 0.202723 0.341238
vt 0.179354 0.395068
vt 0.382285 0.174433
vt 0.446298 0.164764
vt 0.442532 0.196457
vt 0.384140 0.205409
vt 0.677944 0.230298
vt 0.724375 0.269998
vt 0.698626 0.292531
vt 0.656473 0.256055
vt 0.814324 0.501952
vt 0.806228 0.567920
vt 0.770490 0.563541
vt 0.779049 0.504516
vt 0.648884 0.783664
vt 0.627235 0.758230
vt 0.262308 0.745794
vt 0.278124 0.723701
vt 0.140815 0.447488
vt 0.166699 0.453803
vt 0.323167 0.195377
vt 0.330366 0.224734
vt 0.625855 0.199994
vt 0.608740 0.227953
vt 0.809290 0.436815
vt 0.774322 0.444700
vt 0.704592 0.742526
vt 0.677594 0.721171
vt 0.317199 0.784047
vt 0.328491 0.758466
vt 0.140177 0.514831
vt 0.165724 0.513782
vt 0.267199 0.228224
vt 0.279282 0.253416
vt 0.570147 0.179083
vt 0.557470 0.208533
vt 0.791795 0.374891
vt 0.758963 0.388369
vt 0.750519 0.691094
vt 0.719295 0.674801
vt 0.448354 0.827258
vt 0.380538 0.812447
vt 0.385712 0.784146
vt 0.446783 0.797551
vt 0.152100 0.579652
vt 0.176561 0.573344
vt 0.218794 0.272526
vt 0.235464 0.294238
vt 0.509676 0.165644
vt 0.501415 0.197902
vt 0.762963 0.318658
vt 0.733308 0.337061
vt 0.784793 0.631966
vt 0.750635 0.621434
vt 0.016287 0.149985
vt 0.016287 0.117183
vt 0.069443 0.111585
vt 0.069443 0.144304
vt 0.910568 0.249026
vt 0.910568 0.219114
vt 0.977533 0.215766
vt 0.977533 0.245919
vt 0.910568 0.837832
vt 0.910568 0.820962
vt 0.977533 0.821717
vt 0.977533 0.838719
vt 0.016287 0.785745
vt 0.016287 0.762395
vt 0.069443 0.768951
vt 0.069443 0.792412
vt 0.016287 0.214532
vt 0.016287 0.182476
vt 0.069443 0.176722
vt 0.069443 0.208739
vt 0.910568 0.429353
vt 0.910568 0.399281
vt 0.977533 0.397438
vt 0.977533 0.427751
vt 0.910568 0.938431
vt 0.910568 0.924885
vt 0.977533 0.926705
vt 0.977533 0.940399
vt 0.016287 0.651935
vt 0.016287 0.630256
vt 0.069443 0.634361
vt 0.069443 0.656597
vt 0.016286 0.857170
vt 0.016287 0.833336
vt 0.069443 0.840048
vt 0.069443 0.863877
vt 0.910568 0.518049
vt 0.910568 0.488915
vt 0.977533 0.487919
vt 0.977533 0.517402
vt 0.016287 0.519661
vt 0.016287 0.496289
vt 0.069443 0.495710
vt 0.069443 0.519996
vt 0.016287 0.695253
vt 0.016287 0.673574
vt 0.069443 0.678727
vt 0.069443 0.700857
vt 0.910568 0.677294
vt 0.910568 0.652904
vt 0.977533 0.653436
vt 0.977533 0.677883
vt 0.910568 0.459294
vt 0.977533 0.457995
vt 0.016287 0.447033
vt 0.016287 0.420842
vt 0.069443 0.417456
vt 0.069443 0.444565
vt 0.910568 0.803233
vt 0.910568 0.784611
vt 0.977533 0.785212
vt 0.977533 0.803885
vt 0.910568 0.627587
vt 0.910568 0.601383
vt 0.977533 0.601611
vt 0.977533 0.627999
vt 0.016287 0.276894
vt 0.016287 0.245991
vt 0.069443 0.240260
vt 0.069443 0.271302
vt 0.016287 0.472126
vt 0.069443 0.470611
vt 0.910568 0.911300
vt 0.910568 0.897582
vt 0.977533 0.899076
vt 0.977533 0.912971
vt 0.910568 0.853838
vt 0.977533 0.854846
vt 0.016287 0.084253
vt 0.016287 0.051272
vt 0.069443 0.045763
vt 0.069443 0.078710
vt 0.016287 0.336968
vt 0.016287 0.307251
vt 0.069443 0.301865
vt 0.069443 0.331866
vt 0.910568 0.951965
vt 0.977533 0.954065
vt 0.016287 0.739502
vt 0.016287 0.717172
vt 0.069443 0.723187
vt 0.069443 0.745846
vt 0.016287 0.809496
vt 0.069443 0.816202
vt 0.910568 0.369139
vt 0.977533 0.367051
vt 0.910568 0.574366
vt 0.910568 0.546582
vt 0.977533 0.546262
vt 0.977533 0.574337
vt 0.910568 0.339049
vt 0.910568 0.309005
vt 0.977533 0.306453
vt 0.977533 0.336737
vt 0.016287 0.542443
vt 0.069443 0.543630
vt 0.757437 0.584191
vt 0.735086 0.636475
vt 0.684042 0.608591
vt 0.701888 0.566772
vt 0.506376 0.786538
vt 0.449535 0.786546
vt 0.455057 0.728716
vt 0.500670 0.728739
vt 0.248691 0.684428
vt 0.216738 0.637614
vt 0.268354 0.609516
vt 0.292817 0.646959
vt 0.191408 0.415671
vt 0.212994 0.361117
vt 0.265161 0.388557
vt 0.247817 0.431493
vt 0.386502 0.214901
vt 0.445729 0.203740
vt 0.451069 0.263334
vt 0.405929 0.271588
vt 0.663407 0.273663
vt 0.706563 0.314690
vt 0.660910 0.351439
vt 0.624662 0.317683
vt 0.767439 0.528507
vt 0.711220 0.522235
vt 0.562149 0.775623
vt 0.545435 0.719989
vt 0.289154 0.723659
vt 0.325138 0.678652
vt 0.181940 0.471451
vt 0.240690 0.476233
vt 0.333815 0.237892
vt 0.361963 0.289373
vt 0.614280 0.239249
vt 0.586054 0.291045
vt 0.769771 0.471568
vt 0.711691 0.476708
vt 0.614800 0.754201
vt 0.587679 0.702818
vt 0.336203 0.755520
vt 0.362697 0.703971
vt 0.181954 0.529133
vt 0.241185 0.523075
vt 0.286614 0.270476
vt 0.322782 0.315981
vt 0.561353 0.216121
vt 0.544025 0.273325
vt 0.759231 0.415550
vt 0.703208 0.431935
vt 0.702952 0.683347
vt 0.662341 0.723086
vt 0.625790 0.677887
vt 0.658333 0.646075
vt 0.388395 0.776606
vt 0.405177 0.721221
vt 0.194191 0.585053
vt 0.249239 0.567091
vt 0.245227 0.312410
vt 0.290729 0.348657
vt 0.504054 0.203714
vt 0.498444 0.262410
vt 0.737914 0.362589
vt 0.686076 0.389629
vt 0.016286 0.018347
vt 0.069443 0.012833
vt 0.910568 0.723121
vt 0.910568 0.700688
vt 0.977533 0.701312
vt 0.977533 0.723739
vt 0.910568 0.883516
vt 0.910568 0.868981
vt 0.977533 0.870131
vt 0.977533 0.884815
vt 0.910568 0.765068
vt 0.910568 0.744570
vt 0.977533 0.745170
vt 0.977533 0.765658
vt 0.016287 0.608588
vt 0.016287 0.586842
vt 0.069443 0.589600
vt 0.069443 0.612047
vt 0.016287 0.393783
vt 0.069443 0.389622
vt 0.016287 0.564807
vt 0.069443 0.566807
vt 0.910568 0.278984
vt 0.977533 0.276169
vt 0.016287 0.365827
vt 0.069443 0.361120
vt 0.417354 0.426708
vt 0.432929 0.416033
vt 0.441328 0.432496
vt 0.428241 0.441225
vt 0.287674 0.992102
vt 0.274825 0.992065
vt 0.275036 0.906094
vt 0.288126 0.906132
vt 0.223885 0.991917
vt 0.211552 0.991881
vt 0.211350 0.905910
vt 0.223726 0.905946
vt 0.163665 0.991743
vt 0.152037 0.991710
vt 0.152455 0.905740
vt 0.163971 0.905773
vt 0.106782 0.991579
vt 0.095705 0.991547
vt 0.096673 0.905579
vt 0.107664 0.905611
vt 0.052995 0.991423
vt 0.042700 0.991393
vt 0.043737 0.905426
vt 0.054092 0.905456
vt 0.375269 0.992355
vt 0.376392 0.906388
vt 0.313054 0.992175
vt 0.300437 0.992138
vt 0.301121 0.906170
vt 0.313961 0.906207
vt 0.236450 0.991954
vt 0.236334 0.905983
vt 0.175404 0.991777
vt 0.175564 0.905807
vt 0.117902 0.991611
vt 0.118672 0.905643
vt 0.063393 0.991454
vt 0.064481 0.905486
vt 0.387679 0.992391
vt 0.388819 0.906423
vt 0.325602 0.992211
vt 0.326604 0.906244
vt 0.249161 0.991990
vt 0.249149 0.906020
vt 0.187290 0.991812
vt 0.187286 0.905840
vt 0.129177 0.991644
vt 0.129827 0.905675
vt 0.073989 0.991484
vt 0.075060 0.905517
vt 0.021905 0.991333
vt 0.011455 0.991304
vt 0.012501 0.905336
vt 0.022959 0.905366
vt 0.338055 0.992247
vt 0.339152 0.906280
vt 0.261967 0.992027
vt 0.262058 0.906056
vt 0.199348 0.991846
vt 0.199206 0.905875
vt 0.140556 0.991676
vt 0.141094 0.905708
vt 0.084773 0.991516
vt 0.085810 0.905548
vt 0.032328 0.991364
vt 0.033374 0.905396
vt 0.386066 0.081160
vt 0.377270 0.081222
vt 0.378763 0.023400
vt 0.387587 0.023337
vt 0.506516 0.408735
vt 0.524004 0.416320
vt 0.517556 0.432831
vt 0.502935 0.426638
vt 0.569294 0.474708
vt 0.572298 0.493054
vt 0.558674 0.495909
vt 0.555933 0.480797
vt 0.549484 0.560682
vt 0.536313 0.573136
vt 0.528663 0.562214
vt 0.539787 0.551839
vt 0.451300 0.589101
vt 0.434594 0.582472
vt 0.442125 0.570032
vt 0.456302 0.575607
vt 0.388428 0.528552
vt 0.384406 0.510540
vt 0.400101 0.510287
vt 0.403361 0.525189
vt 0.404226 0.440243
vt 0.417187 0.452376
vt 0.487854 0.404870
vt 0.487364 0.423431
vt 0.562694 0.457117
vt 0.550189 0.466324
vt 0.560018 0.545894
vt 0.548661 0.539578
vt 0.486690 0.592544
vt 0.468860 0.592439
vt 0.471274 0.578479
vt 0.486524 0.578521
vt 0.395839 0.545291
vt 0.409503 0.539064
vt 0.394039 0.456093
vt 0.408567 0.465402
vt 0.468871 0.404870
vt 0.471477 0.423378
vt 0.552669 0.441047
vt 0.541652 0.453120
vt 0.567520 0.529278
vt 0.554935 0.525818
vt 0.504304 0.589321
vt 0.501528 0.575796
vt 0.406309 0.560194
vt 0.418260 0.551462
vt 0.387192 0.473569
vt 0.402719 0.479812
vt 0.450326 0.408658
vt 0.455938 0.426449
vt 0.539605 0.427244
vt 0.530639 0.441802
vt 0.571664 0.511467
vt 0.558326 0.511094
vt 0.521058 0.582778
vt 0.515742 0.570273
vt 0.419392 0.572744
vt 0.429271 0.561889
vt 0.383959 0.491992
vt 0.399866 0.494955
vt 0.524925 0.558171
vt 0.512845 0.566208
vt 0.499403 0.571738
vt 0.485145 0.574562
vt 0.470618 0.574562
vt 0.456370 0.571758
vt 0.442957 0.566208
vt 0.430872 0.558161
vt 0.420583 0.547876
vt 0.412491 0.535782
vt 0.406946 0.522394
vt 0.404102 0.508151
vt 0.404102 0.493639
vt 0.406916 0.479396
vt 0.412461 0.465978
vt 0.420498 0.453854
vt 0.430758 0.443539
vt 0.442813 0.435393
vt 0.456295 0.429853
vt 0.470578 0.427018
vt 0.485159 0.427038
vt 0.499442 0.429873
vt 0.512915 0.435512
vt 0.525010 0.443609
vt 0.535304 0.453933
vt 0.543365 0.465998
vt 0.548921 0.479455
vt 0.551755 0.493719
vt 0.551730 0.508240
vt 0.548881 0.522493
vt 0.543306 0.535881
vt 0.535219 0.547946
vt 0.342280 0.081470
vt 0.333456 0.081533
vt 0.334987 0.023710
vt 0.343754 0.023648
vt 0.296612 0.081794
vt 0.287119 0.081861
vt 0.289080 0.024035
vt 0.298535 0.023968
vt 0.248209 0.082137
vt 0.238181 0.082208
vt 0.239836 0.024384
vt 0.249931 0.024313
vt 0.196604 0.082502
vt 0.186021 0.082577
vt 0.187714 0.024754
vt 0.198288 0.024679
vt 0.132178 0.082959
vt 0.121280 0.083036
vt 0.123241 0.025211
vt 0.134101 0.025134
vt 0.394851 0.081097
vt 0.396373 0.023275
vt 0.351028 0.081408
vt 0.352502 0.023586
vt 0.306000 0.081727
vt 0.307885 0.023902
vt 0.258104 0.082067
vt 0.259902 0.024242
vt 0.207148 0.082428
vt 0.208804 0.024604
vt 0.143038 0.082882
vt 0.144971 0.025057
vt 0.088546 0.083268
vt 0.077647 0.083345
vt 0.079609 0.025520
vt 0.090536 0.025442
vt 0.359766 0.081346
vt 0.361230 0.023524
vt 0.315264 0.081661
vt 0.317062 0.023837
vt 0.267874 0.081997
vt 0.269740 0.024172
vt 0.217607 0.082354
vt 0.219234 0.024530
vt 0.153889 0.082805
vt 0.155783 0.024980
vt 0.099444 0.083191
vt 0.101472 0.025365
vt 0.368513 0.081284
vt 0.369987 0.023462
vt 0.324460 0.081596
vt 0.326106 0.023773
vt 0.277511 0.081929
vt 0.279453 0.024104
vt 0.227961 0.082280
vt 0.229578 0.024457
vt 0.175342 0.082653
vt 0.164625 0.082729
vt 0.166491 0.024904
vt 0.177122 0.024829
vt 0.110372 0.083114
vt 0.112361 0.025288
vt 0.083013 0.529032
vt 0.120419 0.525496
vt 0.084124 0.448386
vt 0.121041 0.454768
vt 0.098425 0.370583
vt 0.135831 0.385227
vt 0.128777 0.298938
vt 0.160904 0.323919
vt 0.172144 0.232117
vt 0.200099 0.265178
vt 0.226540 0.175007
vt 0.249351 0.214920
vt 0.434635 0.090457
vt 0.438127 0.141117
vt 0.657324 0.133459
vt 0.640518 0.178770
vt 0.721236 0.177698
vt 0.698633 0.217896
vt 0.777391 0.230096
vt 0.749688 0.263785
vt 0.875283 0.527959
vt 0.834825 0.525145
vt 0.789768 0.748857
vt 0.760518 0.716878
vt 0.733926 0.806913
vt 0.711694 0.766126
vt 0.671780 0.851099
vt 0.652836 0.805829
vt 0.604843 0.883555
vt 0.593358 0.831560
vt 0.523564 0.899391
vt 0.519918 0.845495
vt 0.445141 0.900320
vt 0.449556 0.846696
vt 0.699293 0.990198
vt 0.684159 0.990285
vt 0.683252 0.915110
vt 0.698147 0.915025
vt 0.946595 0.089135
vt 0.894586 0.150802
vt 0.566205 0.990959
vt 0.552181 0.991039
vt 0.553155 0.915854
vt 0.567039 0.915775
vt 0.441937 0.991670
vt 0.427976 0.991750
vt 0.429355 0.916562
vt 0.443319 0.916483
vt 0.775965 0.989760
vt 0.760462 0.989848
vt 0.758677 0.914679
vt 0.774079 0.914591
vt 0.639102 0.990542
vt 0.624207 0.990627
vt 0.624297 0.915448
vt 0.638939 0.915364
vt 0.510927 0.991275
vt 0.497269 0.991353
vt 0.498601 0.916166
vt 0.512180 0.916089
vt 0.807219 0.989581
vt 0.791543 0.989671
vt 0.789579 0.914502
vt 0.805202 0.914413
vt 0.714469 0.990111
vt 0.713117 0.914940
vt 0.580420 0.990878
vt 0.581100 0.915695
vt 0.886109 0.989130
vt 0.883997 0.913962
vt 0.455876 0.991590
vt 0.457271 0.916403
vt 0.654070 0.990457
vt 0.653660 0.915280
vt 0.729713 0.990024
vt 0.728186 0.914853
vt 0.594852 0.990795
vt 0.595355 0.915613
vt 0.414002 0.991830
vt 0.415374 0.916642
vt 0.469785 0.991511
vt 0.471209 0.916323
vt 0.669101 0.990371
vt 0.668434 0.915195
vt 0.745044 0.989936
vt 0.743375 0.914766
vt 0.609462 0.990712
vt 0.609763 0.915531
vt 0.483577 0.991432
vt 0.484964 0.916244
vt 0.859026 0.869362
vt 0.865992 0.877430
vt 0.856548 0.883988
vt 0.851325 0.874932
vt 0.714577 0.054770
vt 0.710813 0.059377
vt 0.708943 0.058144
vt 0.711735 0.052907
vt 0.853141 0.862542
vt 0.846776 0.867029
vt 0.718583 0.049867
vt 0.714695 0.047326
vt 0.847923 0.856494
vt 0.842797 0.860113
vt 0.722940 0.044541
vt 0.717919 0.041257
vt 0.843183 0.851003
vt 0.839186 0.853843
vt 0.727795 0.038616
vt 0.721527 0.034493
vt 0.838757 0.845877
vt 0.835809 0.848005
vt 0.733319 0.031889
vt 0.725719 0.026609
vt 0.835218 0.841785
vt 0.833104 0.843365
vt 0.740024 0.023744
vt 0.730484 0.017634
vt 0.707183 0.063835
vt 0.706257 0.063222
vt 0.378883 0.834385
vt 0.367943 0.884627
vt 0.445515 0.899335
vt 0.448922 0.847407
vt 0.837094 0.862726
vt 0.834732 0.855875
vt 0.712386 0.038922
vt 0.714604 0.031620
vt 0.832513 0.849515
vt 0.717123 0.023140
vt 0.830712 0.844441
vt 0.720153 0.013262
vt 0.705229 0.062800
vt 0.706870 0.057297
vt 0.523977 0.898431
vt 0.519843 0.846810
vt 0.846174 0.888841
vt 0.842659 0.878866
vt 0.708594 0.051596
vt 0.839697 0.870274
vt 0.710408 0.045528
vt 0.833388 0.881145
vt 0.832104 0.872127
vt 0.705247 0.050923
vt 0.705839 0.044606
vt 0.830986 0.864188
vt 0.706490 0.037830
vt 0.829980 0.857024
vt 0.707234 0.030125
vt 0.829016 0.850374
vt 0.708030 0.021361
vt 0.828211 0.845151
vt 0.709078 0.011015
vt 0.704138 0.062591
vt 0.704671 0.056875
vt 0.604764 0.882061
vt 0.593324 0.832690
vt 0.834980 0.891692
vt 0.825452 0.850586
vt 0.825681 0.845374
vt 0.698757 0.021392
vt 0.697748 0.011015
vt 0.703025 0.062598
vt 0.702433 0.056892
vt 0.672050 0.850894
vt 0.653626 0.805584
vt 0.823349 0.892387
vt 0.823798 0.881630
vt 0.701834 0.050965
vt 0.824272 0.872483
vt 0.701163 0.044638
vt 0.824710 0.864468
vt 0.700496 0.037793
vt 0.825117 0.857244
vt 0.699699 0.030157
vt 0.696589 0.045586
vt 0.694567 0.038946
vt 0.818493 0.863520
vt 0.820315 0.856516
vt 0.692325 0.031671
vt 0.821945 0.850068
vt 0.689670 0.023244
vt 0.823208 0.845000
vt 0.686636 0.013246
vt 0.701933 0.062821
vt 0.700234 0.057332
vt 0.811675 0.890838
vt 0.814224 0.880253
vt 0.698492 0.051640
vt 0.816491 0.871310
vt 0.800364 0.887016
vt 0.805021 0.877001
vt 0.698170 0.058207
vt 0.695349 0.052959
vt 0.809055 0.868623
vt 0.692305 0.047423
vt 0.812587 0.861350
vt 0.688999 0.041321
vt 0.815762 0.854855
vt 0.685373 0.034576
vt 0.818628 0.848871
vt 0.681109 0.026846
vt 0.820856 0.844228
vt 0.676155 0.017609
vt 0.700906 0.063258
vt 0.811650 0.852308
vt 0.815649 0.847046
vt 0.679130 0.038815
vt 0.673426 0.032090
vt 0.818755 0.843004
vt 0.666682 0.023968
vt 0.699982 0.063885
vt 0.696315 0.059466
vt 0.789828 0.880919
vt 0.796575 0.871903
vt 0.692519 0.054870
vt 0.802276 0.864472
vt 0.688427 0.050010
vt 0.807233 0.858034
vt 0.684024 0.044738
vt 0.796483 0.858986
vt 0.802644 0.853706
vt 0.685184 0.053365
vt 0.679801 0.049040
vt 0.808140 0.848995
vt 0.673844 0.044199
vt 0.813123 0.844663
vt 0.666996 0.038801
vt 0.816982 0.841376
vt 0.658560 0.032170
vt 0.699201 0.064678
vt 0.694741 0.061065
vt 0.780514 0.872563
vt 0.789341 0.865068
vt 0.690121 0.057300
vt 0.773843 0.862061
vt 0.783765 0.856866
vt 0.693512 0.062937
vt 0.688239 0.060151
vt 0.791944 0.852435
vt 0.682605 0.057240
vt 0.799061 0.848523
vt 0.676543 0.054086
vt 0.805397 0.845030
vt 0.669683 0.050500
vt 0.811153 0.841814
vt 0.661961 0.046537
vt 0.815604 0.839407
vt 0.652671 0.041912
vt 0.698586 0.065606
vt 0.803505 0.840593
vt 0.809819 0.838618
vt 0.666964 0.057498
vt 0.658468 0.055056
vt 0.814672 0.837183
vt 0.648801 0.052293
vt 0.698161 0.066638
vt 0.692676 0.065010
vt 0.769549 0.850801
vt 0.780031 0.847794
vt 0.686950 0.063319
vt 0.788908 0.845115
vt 0.680890 0.061570
vt 0.796619 0.842733
vt 0.674367 0.059637
vt 0.787347 0.837394
vt 0.795363 0.836586
vt 0.680043 0.066128
vt 0.673221 0.065490
vt 0.802538 0.835851
vt 0.665541 0.064860
vt 0.809168 0.835192
vt 0.656915 0.064122
vt 0.814304 0.834757
vt 0.646604 0.063149
vt 0.697949 0.067733
vt 0.692245 0.067204
vt 0.767575 0.839210
vt 0.778229 0.838265
vt 0.686303 0.066673
vt 0.818257 0.387535
vt 0.854973 0.371680
vt 0.823717 0.298504
vt 0.789988 0.323496
vt 0.767575 0.827512
vt 0.778351 0.828655
vt 0.692253 0.069439
vt 0.686354 0.070078
vt 0.787386 0.829544
vt 0.680098 0.070757
vt 0.795350 0.830313
vt 0.673272 0.071474
vt 0.802532 0.830995
vt 0.665712 0.072368
vt 0.809179 0.831659
vt 0.657089 0.073313
vt 0.814420 0.832239
vt 0.646478 0.074516
vt 0.697949 0.068847
vt 0.803473 0.826221
vt 0.809887 0.828161
vt 0.667325 0.079661
vt 0.658974 0.082331
vt 0.814928 0.829734
vt 0.649078 0.085655
vt 0.698174 0.069932
vt 0.692713 0.071623
vt 0.770037 0.816114
vt 0.780228 0.819275
vt 0.687062 0.073396
vt 0.788914 0.821883
vt 0.681065 0.075278
vt 0.796556 0.824167
vt 0.674482 0.077353
vt 0.688363 0.076525
vt 0.682849 0.079535
vt 0.791865 0.814678
vt 0.798907 0.818360
vt 0.676905 0.082816
vt 0.805316 0.821704
vt 0.670312 0.086449
vt 0.811289 0.824849
vt 0.662633 0.090751
vt 0.816002 0.827377
vt 0.653774 0.095893
vt 0.698607 0.070953
vt 0.693575 0.073679
vt 0.774534 0.805511
vt 0.783850 0.810482
vt 0.667899 0.098199
vt 0.660326 0.104829
vt 0.699231 0.071869
vt 0.694823 0.075531
vt 0.699530 0.217379
vt 0.723622 0.177284
vt 0.658688 0.133821
vt 0.638484 0.177959
vt 0.780874 0.796008
vt 0.789021 0.802552
vt 0.690282 0.079316
vt 0.796105 0.808180
vt 0.685477 0.083316
vt 0.802332 0.813121
vt 0.680275 0.087686
vt 0.807987 0.817603
vt 0.674449 0.092579
vt 0.813268 0.821812
vt 0.817510 0.825210
vt 0.806652 0.808602
vt 0.811384 0.814081
vt 0.684463 0.091868
vt 0.679729 0.097760
vt 0.815788 0.819181
vt 0.674376 0.104464
vt 0.819317 0.823271
vt 0.668261 0.112160
vt 0.700020 0.072647
vt 0.696416 0.077092
vt 0.788791 0.787929
vt 0.795557 0.795751
vt 0.692697 0.081670
vt 0.801446 0.802566
vt 0.688734 0.086576
vt 0.803235 0.790267
vt 0.807784 0.798102
vt 0.695505 0.083541
vt 0.692606 0.089072
vt 0.811751 0.804977
vt 0.689437 0.095074
vt 0.815367 0.811235
vt 0.685926 0.101726
vt 0.818760 0.817075
vt 0.681903 0.109403
vt 0.821501 0.821766
vt 0.677183 0.118191
vt 0.700947 0.073255
vt 0.698278 0.078316
vt 0.797926 0.781252
vt 0.822055 0.815562
vt 0.823864 0.820591
vt 0.690265 0.112799
vt 0.687257 0.122462
vt 0.701973 0.073673
vt 0.700344 0.079153
vt 0.808255 0.776332
vt 0.811840 0.786293
vt 0.698632 0.084835
vt 0.814831 0.794848
vt 0.696847 0.090842
vt 0.817446 0.802359
vt 0.694895 0.097361
vt 0.819818 0.809196
vt 0.692726 0.104516
vt 0.823540 0.800885
vt 0.824560 0.808035
vt 0.700728 0.098495
vt 0.699950 0.105979
vt 0.825535 0.814661
vt 0.699140 0.114561
vt 0.826353 0.819872
vt 0.698047 0.124729
vt 0.703062 0.073886
vt 0.702528 0.079572
vt 0.819430 0.773392
vt 0.821087 0.783982
vt 0.701957 0.085457
vt 0.822400 0.792981
vt 0.701369 0.091686
vt 0.830675 0.783509
vt 0.830220 0.792598
vt 0.705340 0.085464
vt 0.705968 0.091695
vt 0.829805 0.800599
vt 0.706674 0.098474
vt 0.829420 0.807806
vt 0.707352 0.106009
vt 0.829096 0.814474
vt 0.708209 0.114525
vt 0.828900 0.819734
vt 0.709205 0.124875
vt 0.704171 0.073881
vt 0.704754 0.079576
vt 0.371262 0.152480
vt 0.360429 0.103927
vt 0.289816 0.133631
vt 0.307507 0.178489
vt 0.831138 0.772589
vt 0.832587 0.814982
vt 0.831401 0.819986
vt 0.717109 0.112884
vt 0.719979 0.122466
vt 0.705260 0.073656
vt 0.706939 0.079126
vt 0.226023 0.176941
vt 0.249947 0.216431
vt 0.842825 0.774323
vt 0.840232 0.784851
vt 0.708670 0.084816
vt 0.838005 0.793729
vt 0.710482 0.090800
vt 0.836010 0.801540
vt 0.712490 0.097306
vt 0.834220 0.808528
vt 0.714656 0.104643
vt 0.841903 0.803695
vt 0.838762 0.810185
vt 0.717947 0.095010
vt 0.721506 0.101765
vt 0.835872 0.816128
vt 0.725547 0.109486
vt 0.833740 0.820706
vt 0.730145 0.118521
vt 0.706287 0.073226
vt 0.708992 0.078258
vt 0.853957 0.778228
vt 0.849416 0.788026
vt 0.711809 0.083501
vt 0.845413 0.796422
vt 0.714747 0.089050
vt 0.710846 0.077019
vt 0.714635 0.081600
vt 0.857803 0.793103
vt 0.852196 0.800520
vt 0.718620 0.086502
vt 0.847260 0.806973
vt 0.722920 0.091774
vt 0.842862 0.812711
vt 0.727766 0.097719
vt 0.838830 0.817920
vt 0.733157 0.104437
vt 0.835793 0.821953
vt 0.739553 0.112617
vt 0.707208 0.072601
vt 0.864396 0.784120
vt 0.733045 0.092409
vt 0.739686 0.097995
vt 0.841347 0.820289
vt 0.837523 0.823605
vt 0.747862 0.104882
vt 0.707989 0.071813
vt 0.712425 0.075438
vt 0.160369 0.324284
vt 0.128438 0.297799
vt 0.098491 0.370912
vt 0.135189 0.386042
vt 0.873763 0.792257
vt 0.865062 0.799838
vt 0.717034 0.079187
vt 0.857991 0.805980
vt 0.721874 0.083203
vt 0.851843 0.811288
vt 0.727203 0.087590
vt 0.846370 0.816012
vt 0.862538 0.812525
vt 0.855446 0.816455
vt 0.724481 0.079362
vt 0.730473 0.082568
vt 0.849121 0.819975
vt 0.737260 0.086199
vt 0.843323 0.823143
vt 0.744934 0.090402
vt 0.838860 0.825603
vt 0.754193 0.095331
vt 0.708605 0.070887
vt 0.713665 0.073579
vt 0.880621 0.802677
vt 0.870727 0.807997
vt 0.718917 0.076356
vt 0.885082 0.813971
vt 0.874509 0.817092
vt 0.714519 0.071512
vt 0.720209 0.073211
vt 0.865638 0.819837
vt 0.726220 0.075064
vt 0.857924 0.822246
vt 0.732821 0.077061
vt 0.851025 0.824419
vt 0.740131 0.079257
vt 0.844682 0.826364
vt 0.748506 0.081871
vt 0.839751 0.827868
vt 0.758479 0.084846
vt 0.709028 0.069860
vt 0.852004 0.829170
vt 0.845373 0.829826
vt 0.741575 0.071905
vt 0.750309 0.072822
vt 0.840158 0.830317
vt 0.760634 0.073789
vt 0.709242 0.068771
vt 0.714955 0.069317
vt 0.887194 0.825701
vt 0.876366 0.826662
vt 0.720863 0.069877
vt 0.867197 0.827583
vt 0.727153 0.070520
vt 0.859190 0.828409
vt 0.734031 0.071168
vt 0.867203 0.835447
vt 0.859224 0.834695
vt 0.727165 0.065866
vt 0.733979 0.065155
vt 0.852012 0.834032
vt 0.741586 0.064422
vt 0.845367 0.833380
vt 0.750313 0.063612
vt 0.840158 0.832832
vt 0.760606 0.062554
vt 0.709237 0.067659
vt 0.714939 0.067081
vt 0.887011 0.837458
vt 0.876316 0.836324
vt 0.720851 0.066478
vt 0.884623 0.848848
vt 0.874430 0.845729
vt 0.714504 0.064887
vt 0.720208 0.063133
vt 0.865703 0.843139
vt 0.726263 0.061294
vt 0.858020 0.840866
vt 0.732756 0.059309
vt 0.851079 0.838818
vt 0.740130 0.057068
vt 0.844630 0.836882
vt 0.748523 0.054576
vt 0.839565 0.835316
vt 0.758393 0.051541
vt 0.709016 0.066569
vt 0.849243 0.843354
vt 0.843267 0.840223
vt 0.737223 0.050164
vt 0.745015 0.046053
vt 0.838497 0.837698
vt 0.754070 0.041188
vt 0.708592 0.065539
vt 0.713648 0.062815
vt 0.880170 0.859495
vt 0.870822 0.854565
vt 0.718881 0.059994
vt 0.862758 0.850376
vt 0.724456 0.057009
vt 0.855673 0.846692
vt 0.730525 0.053764
vt 0.858511 0.856902
vt 0.852251 0.851951
vt 0.721846 0.053171
vt 0.727149 0.048811
vt 0.846577 0.847463
vt 0.733059 0.043954
vt 0.841291 0.843268
vt 0.739961 0.038320
vt 0.837085 0.839917
vt 0.747828 0.031931
vt 0.707970 0.064618
vt 0.712393 0.060963
vt 0.873857 0.869047
vt 0.865664 0.862559
vt 0.716971 0.057184
vt 0.703598 0.068244
vt 0.312519 0.807893
vt 0.294268 0.854426
vt 0.498307 0.718001
vt 0.455052 0.718001
vt 0.468841 0.597348
vt 0.488125 0.597338
vt 0.876883 0.990524
vt 0.867283 0.990579
vt 0.869277 0.912761
vt 0.878877 0.912707
vt 0.654357 0.991797
vt 0.630089 0.991936
vt 0.632726 0.914114
vt 0.657106 0.913975
vt 0.857819 0.990633
vt 0.848548 0.990687
vt 0.850551 0.912869
vt 0.859810 0.912816
vt 0.348104 0.992718
vt 0.334764 0.992680
vt 0.334462 0.907201
vt 0.347749 0.907240
vt 0.282167 0.602372
vt 0.265674 0.562408
vt 0.384422 0.528200
vt 0.391786 0.545985
vt 0.282442 0.394520
vt 0.306509 0.358624
vt 0.402638 0.437257
vt 0.391912 0.453269
vt 0.455287 0.279375
vt 0.498422 0.279435
vt 0.488255 0.401836
vt 0.468997 0.401816
vt 0.646965 0.358773
vt 0.670984 0.394610
vt 0.565279 0.453269
vt 0.554588 0.437257
vt 0.687677 0.562408
vt 0.671174 0.602349
vt 0.565275 0.545855
vt 0.572649 0.528059
vt 0.540750 0.709533
vt 0.507043 0.593581
vt 0.306144 0.638335
vt 0.402483 0.561977
vt 0.265853 0.434439
vt 0.384527 0.471065
vt 0.412959 0.287724
vt 0.450094 0.405584
vt 0.616424 0.328297
vt 0.540971 0.423650
vt 0.696063 0.520025
vt 0.576407 0.509171
vt 0.580698 0.692947
vt 0.524859 0.586186
vt 0.336682 0.668937
vt 0.416090 0.575595
vt 0.257363 0.476807
vt 0.380734 0.490003
vt 0.373048 0.304183
vt 0.432298 0.412939
vt 0.580542 0.304391
vt 0.524959 0.412959
vt 0.696026 0.476830
vt 0.576412 0.489933
vt 0.616643 0.668877
vt 0.540911 0.575485
vt 0.412605 0.709570
vt 0.372612 0.693044
vt 0.432112 0.586276
vt 0.449923 0.593621
vt 0.257303 0.520025
vt 0.380689 0.509312
vt 0.337107 0.328126
vt 0.416275 0.423640
vt 0.540716 0.287873
vt 0.507153 0.405584
vt 0.687551 0.434476
vt 0.572649 0.471055
vt 0.647189 0.638298
vt 0.554553 0.561887
vt 0.704251 0.742488
vt 0.648308 0.783288
vt 0.627004 0.758828
vt 0.677739 0.721306
vt 0.317468 0.783587
vt 0.262937 0.745685
vt 0.277225 0.724064
vt 0.328418 0.758658
vt 0.139742 0.514147
vt 0.141086 0.447779
vt 0.165900 0.453986
vt 0.164955 0.514196
vt 0.267687 0.228764
vt 0.322411 0.195780
vt 0.329630 0.224897
vt 0.278712 0.253084
vt 0.569885 0.178964
vt 0.625815 0.200015
vt 0.609828 0.227272
vt 0.557956 0.207374
vt 0.791711 0.375696
vt 0.808887 0.436961
vt 0.774497 0.445180
vt 0.759530 0.388315
vt 0.750278 0.691259
vt 0.719509 0.675281
vt 0.380491 0.812118
vt 0.385839 0.785120
vt 0.151906 0.579932
vt 0.176185 0.573823
vt 0.218854 0.272899
vt 0.234765 0.294452
vt 0.510080 0.165442
vt 0.501459 0.197537
vt 0.762694 0.318752
vt 0.733866 0.336414
vt 0.784527 0.632383
vt 0.751028 0.621317
vt 0.449382 0.826906
vt 0.446545 0.798200
vt 0.174855 0.643726
vt 0.198207 0.633558
vt 0.182485 0.324263
vt 0.202851 0.341773
vt 0.445922 0.165012
vt 0.442521 0.196015
vt 0.724656 0.270514
vt 0.699108 0.292678
vt 0.805849 0.567880
vt 0.770997 0.563721
vt 0.585744 0.812506
vt 0.515777 0.826915
vt 0.509034 0.799445
vt 0.570499 0.784762
vt 0.214858 0.698230
vt 0.233522 0.681003
vt 0.155609 0.383616
vt 0.178763 0.395722
vt 0.379998 0.174382
vt 0.384521 0.205058
vt 0.677042 0.230683
vt 0.657331 0.255867
vt 0.814666 0.501998
vt 0.779633 0.504324
vt 0.013955 0.053765
vt 0.013955 0.042251
vt 0.065187 0.036378
vt 0.065187 0.047852
vt 0.908599 0.952734
vt 0.908599 0.927312
vt 0.977214 0.929690
vt 0.977214 0.955318
vt 0.908599 0.720060
vt 0.908599 0.693301
vt 0.977214 0.694153
vt 0.977214 0.721163
vt 0.013955 0.719470
vt 0.013955 0.684290
vt 0.065187 0.689833
vt 0.065187 0.725210
vt 0.013955 0.077918
vt 0.013955 0.065621
vt 0.065187 0.059760
vt 0.065187 0.072137
vt 0.908599 0.322550
vt 0.908599 0.304876
vt 0.977214 0.303935
vt 0.977214 0.321625
vt 0.908599 0.901812
vt 0.908599 0.876256
vt 0.977214 0.878278
vt 0.977214 0.904001
vt 0.013955 0.509732
vt 0.013955 0.475171
vt 0.065187 0.478472
vt 0.065187 0.513508
vt 0.013955 0.825243
vt 0.013955 0.789929
vt 0.065187 0.795854
vt 0.065187 0.831197
vt 0.908599 0.379459
vt 0.908599 0.359791
vt 0.977214 0.358683
vt 0.977214 0.378240
vt 0.013955 0.306914
vt 0.013955 0.276397
vt 0.065187 0.275673
vt 0.065187 0.306926
vt 0.013955 0.579021
vt 0.013955 0.544327
vt 0.065187 0.548520
vt 0.065187 0.583591
vt 0.908599 0.511320
vt 0.908599 0.487670
vt 0.977214 0.486494
vt 0.977214 0.510284
vt 0.908599 0.340814
vt 0.977214 0.339839
vt 0.013955 0.221020
vt 0.013955 0.196827
vt 0.065187 0.193815
vt 0.065187 0.218790
vt 0.908599 0.666514
vt 0.908599 0.639778
vt 0.977214 0.640012
vt 0.977214 0.667077
vt 0.908599 0.464727
vt 0.908599 0.442485
vt 0.977214 0.441143
vt 0.977214 0.463451
vt 0.013955 0.104833
vt 0.013955 0.090909
vt 0.065187 0.085262
vt 0.065187 0.099371
vt 0.013955 0.247657
vt 0.065187 0.246186
vt 0.908599 0.850656
vt 0.908599 0.824939
vt 0.977214 0.826605
vt 0.977214 0.852511
vt 0.908599 0.746679
vt 0.977214 0.747977
vt 0.013955 0.030916
vt 0.013955 0.019593
vt 0.065187 0.013731
vt 0.065187 0.025049
vt 0.013955 0.136636
vt 0.013955 0.119990
vt 0.065187 0.114836
vt 0.065187 0.131875
vt 0.013955 0.649104
vt 0.013955 0.613964
vt 0.065187 0.618910
vt 0.065187 0.654368
vt 0.013955 0.754662
vt 0.065187 0.760500
vt 0.908599 0.287714
vt 0.977214 0.286690
vt 0.908599 0.420856
vt 0.908599 0.399863
vt 0.977214 0.398537
vt 0.977214 0.419497
vt 0.908599 0.270932
vt 0.908599 0.254299
vt 0.977214 0.252990
vt 0.977214 0.269784
vt 0.013955 0.338973
vt 0.065187 0.339703
vt 0.702730 0.682774
vt 0.661728 0.722543
vt 0.625586 0.677504
vt 0.659057 0.646086
vt 0.388525 0.776116
vt 0.336444 0.754895
vt 0.363202 0.704374
vt 0.405007 0.721497
vt 0.194579 0.585051
vt 0.182767 0.529188
vt 0.240403 0.522887
vt 0.249740 0.567746
vt 0.245225 0.312925
vt 0.285772 0.271214
vt 0.323578 0.316289
vt 0.291063 0.349585
vt 0.503929 0.204557
vt 0.561156 0.216791
vt 0.543300 0.272851
vt 0.497679 0.263166
vt 0.737515 0.363163
vt 0.758018 0.415736
vt 0.703535 0.431027
vt 0.685280 0.389130
vt 0.734944 0.635618
vt 0.684286 0.608720
vt 0.449259 0.785585
vt 0.454910 0.728590
vt 0.216962 0.637442
vt 0.267575 0.609809
vt 0.213749 0.361630
vt 0.265723 0.388561
vt 0.445338 0.204159
vt 0.451019 0.262860
vt 0.706475 0.315429
vt 0.661088 0.351375
vt 0.756611 0.583896
vt 0.702107 0.567114
vt 0.506063 0.785961
vt 0.500550 0.728637
vt 0.248966 0.684276
vt 0.293150 0.647505
vt 0.192452 0.415354
vt 0.248486 0.431575
vt 0.387860 0.215554
vt 0.405166 0.271972
vt 0.662236 0.273736
vt 0.624132 0.318158
vt 0.767209 0.528889
vt 0.710947 0.521502
vt 0.614263 0.753078
vt 0.561780 0.774578
vt 0.545706 0.720106
vt 0.587626 0.702863
vt 0.289321 0.723945
vt 0.325442 0.679427
vt 0.182031 0.471877
vt 0.239967 0.476913
vt 0.333955 0.238280
vt 0.362114 0.290053
vt 0.614637 0.240184
vt 0.586023 0.291467
vt 0.768071 0.471846
vt 0.710873 0.475693
vt 0.013955 0.860556
vt 0.065187 0.866545
vt 0.908599 0.560861
vt 0.908599 0.535695
vt 0.977214 0.534849
vt 0.977214 0.560237
vt 0.908599 0.799072
vt 0.908599 0.772970
vt 0.977214 0.774357
vt 0.977214 0.800570
vt 0.908599 0.613131
vt 0.908599 0.586723
vt 0.977214 0.586361
vt 0.977214 0.613053
vt 0.013955 0.440662
vt 0.013955 0.406235
vt 0.065187 0.408361
vt 0.065187 0.443414
vt 0.013955 0.174869
vt 0.065187 0.171151
vt 0.013955 0.372207
vt 0.065187 0.373661
vt 0.908599 0.237745
vt 0.977214 0.236263
vt 0.908599 0.221202
vt 0.977214 0.219570
vt 0.013955 0.154887
vt 0.065187 0.150595
vt 0.384649 0.490011
vt 0.388274 0.471875
vt 0.403603 0.478260
vt 0.400509 0.493382
vt 0.269789 0.992492
vt 0.257180 0.992456
vt 0.257514 0.906979
vt 0.270010 0.907015
vt 0.207556 0.992313
vt 0.195051 0.992276
vt 0.196081 0.906801
vt 0.208363 0.906837
vt 0.145496 0.992133
vt 0.133429 0.992098
vt 0.135234 0.906626
vt 0.147197 0.906660
vt 0.088217 0.991968
vt 0.078051 0.991938
vt 0.080148 0.906467
vt 0.090279 0.906496
vt 0.040261 0.991829
vt 0.031179 0.991803
vt 0.033138 0.906331
vt 0.042246 0.906357
vt 0.361469 0.992757
vt 0.361140 0.907278
vt 0.295366 0.992566
vt 0.282526 0.992529
vt 0.282619 0.907052
vt 0.295373 0.907089
vt 0.219958 0.992348
vt 0.220618 0.906873
vt 0.157760 0.992168
vt 0.159298 0.906696
vt 0.098933 0.991999
vt 0.100884 0.906527
vt 0.049404 0.991855
vt 0.051440 0.906383
vt 0.374885 0.992796
vt 0.374574 0.907317
vt 0.308379 0.992604
vt 0.308265 0.907126
vt 0.232308 0.992384
vt 0.232874 0.906908
vt 0.170101 0.992204
vt 0.171476 0.906730
vt 0.110088 0.992031
vt 0.111978 0.906559
vt 0.058709 0.991882
vt 0.060797 0.906411
vt 0.388293 0.992835
vt 0.387990 0.907356
vt 0.321503 0.992642
vt 0.321312 0.907163
vt 0.244684 0.992420
vt 0.245138 0.906944
vt 0.182555 0.992241
vt 0.183740 0.906766
vt 0.121612 0.992064
vt 0.123494 0.906592
vt 0.068256 0.991910
vt 0.070361 0.906439
vt 0.022123 0.991777
vt 0.013032 0.991750
vt 0.014966 0.906278
vt 0.024056 0.906305
vt 0.124639 0.079807
vt 0.112765 0.079892
vt 0.115829 0.022629
vt 0.127703 0.022545
vt 0.432916 0.415774
vt 0.449531 0.408409
vt 0.455246 0.425138
vt 0.441254 0.431279
vt 0.520602 0.414186
vt 0.536031 0.424364
vt 0.527530 0.438531
vt 0.514673 0.430074
vt 0.570448 0.489007
vt 0.570438 0.508004
vt 0.555932 0.507938
vt 0.555985 0.492187
vt 0.520488 0.583485
vt 0.503499 0.590487
vt 0.500134 0.576749
vt 0.514351 0.570859
vt 0.432677 0.582911
vt 0.417573 0.572523
vt 0.428119 0.561940
vt 0.440762 0.570607
vt 0.384524 0.508502
vt 0.400402 0.508777
vt 0.418013 0.426239
vt 0.428665 0.440030
vt 0.503538 0.407309
vt 0.500434 0.424352
vt 0.566756 0.470421
vt 0.552988 0.476761
vt 0.549136 0.559935
vt 0.535907 0.573212
vt 0.527209 0.562244
vt 0.538160 0.551157
vt 0.449455 0.590104
vt 0.454829 0.576560
vt 0.387930 0.526676
vt 0.403239 0.523888
vt 0.405300 0.439401
vt 0.417959 0.451065
vt 0.485535 0.404037
vt 0.485393 0.421554
vt 0.559562 0.453003
vt 0.547057 0.462309
vt 0.559562 0.544190
vt 0.546832 0.538026
vt 0.467285 0.593835
vt 0.469774 0.579641
vt 0.394759 0.543836
vt 0.408988 0.538141
vt 0.395247 0.454791
vt 0.409470 0.463955
vt 0.467304 0.404401
vt 0.470138 0.421826
vt 0.549184 0.437468
vt 0.538450 0.449388
vt 0.566746 0.526647
vt 0.552838 0.523438
vt 0.485526 0.593969
vt 0.485083 0.579683
vt 0.404765 0.559303
vt 0.417370 0.550979
vt 0.534445 0.547292
vt 0.524161 0.557527
vt 0.512076 0.565594
vt 0.498649 0.571164
vt 0.484385 0.573988
vt 0.469854 0.573988
vt 0.455611 0.571154
vt 0.442203 0.565624
vt 0.430118 0.557567
vt 0.419833 0.547302
vt 0.411747 0.535237
vt 0.406167 0.521800
vt 0.403343 0.507567
vt 0.403323 0.493025
vt 0.406147 0.478782
vt 0.411677 0.465324
vt 0.419744 0.453230
vt 0.429989 0.442915
vt 0.442123 0.434839
vt 0.455561 0.429249
vt 0.469864 0.426424
vt 0.484445 0.426444
vt 0.498748 0.429329
vt 0.512205 0.434928
vt 0.524310 0.443055
vt 0.534565 0.453339
vt 0.542631 0.465434
vt 0.548191 0.478891
vt 0.551006 0.493134
vt 0.550976 0.507636
vt 0.548112 0.521879
vt 0.542522 0.535257
vt 0.384358 0.077967
vt 0.376624 0.078022
vt 0.377317 0.020776
vt 0.385032 0.020721
vt 0.345343 0.078243
vt 0.337275 0.078301
vt 0.338178 0.021053
vt 0.346160 0.020996
vt 0.303719 0.078538
vt 0.294933 0.078601
vt 0.296400 0.021349
vt 0.305081 0.021287
vt 0.257362 0.078867
vt 0.247390 0.078938
vt 0.249613 0.021681
vt 0.259412 0.021611
vt 0.194208 0.079314
vt 0.182927 0.079394
vt 0.185637 0.022134
vt 0.196813 0.022055
vt 0.136474 0.079724
vt 0.139490 0.022461
vt 0.392092 0.077912
vt 0.392756 0.020666
vt 0.353288 0.078187
vt 0.354057 0.020940
vt 0.312323 0.078477
vt 0.313570 0.021227
vt 0.267103 0.078798
vt 0.269010 0.021543
vt 0.205307 0.079236
vt 0.207854 0.021976
vt 0.148233 0.079640
vt 0.151192 0.022378
vt 0.088961 0.080060
vt 0.077068 0.080145
vt 0.080103 0.022882
vt 0.091996 0.022798
vt 0.361108 0.078132
vt 0.361858 0.020885
vt 0.320783 0.078417
vt 0.321897 0.021168
vt 0.276625 0.078730
vt 0.278360 0.021477
vt 0.216205 0.079159
vt 0.218696 0.021900
vt 0.159916 0.079557
vt 0.162826 0.022296
vt 0.100882 0.079976
vt 0.103927 0.022713
vt 0.368861 0.078077
vt 0.369583 0.020830
vt 0.329072 0.078359
vt 0.330080 0.021110
vt 0.285918 0.078664
vt 0.287490 0.021412
vt 0.237228 0.079010
vt 0.226836 0.079083
vt 0.229317 0.021824
vt 0.239584 0.021752
vt 0.171493 0.079475
vt 0.174298 0.022214
vt 0.736153 0.805958
vt 0.711478 0.766474
vt 0.790236 0.749043
vt 0.760251 0.716906
vt 0.832201 0.682245
vt 0.798006 0.658706
vt 0.860432 0.608093
vt 0.823356 0.594044
vt 0.873786 0.529479
vt 0.835316 0.525412
vt 0.871890 0.449653
vt 0.833576 0.455666
vt 0.779362 0.232871
vt 0.749900 0.266052
vt 0.587150 0.104017
vt 0.576157 0.152972
vt 0.511777 0.088831
vt 0.508015 0.139493
vt 0.435305 0.088831
vt 0.438911 0.139335
vt 0.171492 0.232383
vt 0.200814 0.264901
vt 0.082906 0.448939
vt 0.121360 0.454226
vt 0.082423 0.529226
vt 0.121253 0.524350
vt 0.097303 0.608744
vt 0.134962 0.593798
vt 0.127195 0.684133
vt 0.162070 0.659558
vt 0.171186 0.752151
vt 0.201730 0.718820
vt 0.227692 0.809762
vt 0.252578 0.768950
vt 0.798865 0.990971
vt 0.796695 0.990983
vt 0.799766 0.913159
vt 0.801960 0.913146
vt 0.698369 0.991545
vt 0.677200 0.991666
vt 0.680051 0.913844
vt 0.701315 0.913722
vt 0.467234 0.992867
vt 0.439400 0.993026
vt 0.441820 0.915206
vt 0.469654 0.915047
vt 0.823417 0.990830
vt 0.816511 0.990870
vt 0.818781 0.913050
vt 0.825588 0.913011
vt 0.776050 0.991101
vt 0.764578 0.991167
vt 0.767676 0.913343
vt 0.779127 0.913277
vt 0.604518 0.992082
vt 0.577966 0.992234
vt 0.580438 0.914413
vt 0.607069 0.914261
vt 0.839602 0.990738
vt 0.831161 0.990786
vt 0.833257 0.912967
vt 0.841636 0.912920
vt 0.804347 0.990630
vt 0.805844 0.914398
vt 0.717786 0.991434
vt 0.720835 0.913610
vt 0.886489 0.990470
vt 0.888489 0.912652
vt 0.495073 0.992708
vt 0.497499 0.914888
vt 0.785259 0.991049
vt 0.788321 0.913224
vt 0.806551 0.990927
vt 0.809029 0.913106
vt 0.735362 0.991334
vt 0.738457 0.913510
vt 0.411561 0.993186
vt 0.413990 0.915365
vt 0.522866 0.992549
vt 0.525326 0.914728
vt 0.792144 0.991009
vt 0.795215 0.913185
vt 0.810780 0.990903
vt 0.813148 0.913082
vt 0.750991 0.991244
vt 0.754108 0.913420
vt 0.550634 0.992390
vt 0.553073 0.914570
s 1
usemtl limbs.001
f 769/1/1 770/2/2 771/3/3 772/4/4
f 776/5/5 775/6/6 778/7/7 779/8/8
f 770/2/2 769/1/1 779/8/8 778/7/7
f 773/9/9 776/5/5 779/8/8 777/10/10
f 769/1/1 780/11/11 777/10/10 779/8/8
f 780/11/11 769/1/1 772/4/4 781/12/12
f 783/13/13 782/14/14 781/12/12 772/4/4
f 790/15/15 785/16/16 787/17/17 791/18/18
f 786/19/19 789/20/20 815/21/21 812/22/22
f 1170/23/23 793/24/24 799/25/25 1175/26/26
f 783/13/13 1056/27/27 929/28/28 1036/29/29
f 797/30/30 796/31/31 795/32/32 794/33/33
f 793/24/24 795/32/32 798/34/34 799/25/25
f 795/32/32 796/31/31 800/35/35 798/34/34
f 801/36/36 799/25/25 798/34/34 802/37/37
f 802/37/37 798/34/34 800/35/35 803/38/38
f 840/39/39 843/40/40 792/41/41 841/42/42
f 805/43/43 806/44/44 807/45/45 808/46/46
f 807/45/45 809/47/47 810/48/48 808/46/46
f 787/17/17 786/19/19 812/22/22 813/49/49
f 813/49/49 812/22/22 814/50/50 806/44/44
f 817/51/51 807/45/45 806/44/44 814/50/50
f 820/52/52 823/53/53 824/54/54 821/55/55
f 834/56/56 842/57/57 836/58/58 835/59/59
f 838/60/60 840/39/39 841/42/42 839/61/61
f 788/62/62 844/63/63 1072/64/64 1073/65/65
f 835/59/59 836/58/58 838/60/60 839/61/61
f 852/66/66 853/67/67 854/68/68 855/69/69
f 865/70/70 857/71/71 856/72/72 866/73/73
f 853/67/67 852/66/66 860/74/74 867/75/75
f 861/76/76 866/73/73 867/75/75 860/74/74
f 866/73/73 856/72/72 862/77/77 867/75/75
f 870/78/78 855/69/69 864/79/79 868/80/80
f 882/81/81 883/82/82 872/83/83 871/84/84
f 875/85/85 874/86/86 883/82/82 882/81/81
f 888/87/87 890/88/88 889/89/89 885/90/90
f 892/91/91 895/92/92 897/93/93 893/94/94
f 893/94/94 897/93/93 899/95/95 901/96/96
f 899/95/95 900/97/97 898/98/98 901/96/96
f 905/99/99 902/100/100 904/101/101 906/102/102
f 911/103/103 912/104/104 913/105/105 914/106/106
f 910/107/107 915/108/108 1595/109/109 1596/110/110
f 914/106/106 913/105/105 920/111/111 925/112/112
f 919/113/113 924/114/114 912/104/104 911/103/103
f 918/115/115 909/116/116 924/114/114 919/113/113
f 916/117/117 915/108/108 918/115/115 917/118/118
f 915/108/108 910/107/107 909/116/116 918/115/115
f 925/112/112 920/111/111 905/99/99 906/102/102
f 926/119/119 925/112/112 906/102/102 907/120/120
f 933/121/121 934/122/122 1598/123/123 1597/124/124
f 927/125/125 932/126/126 931/127/127 930/128/128
f 934/122/122 933/121/121 932/126/126 935/129/129
f 927/125/125 928/130/130 935/129/129 932/126/126
f 934/122/122 937/131/131 1599/132/132 1598/123/123
f 934/122/122 935/129/129 938/133/133 937/131/131
f 944/134/134 946/135/135 947/136/136 945/137/137
f 948/138/138 949/139/139 950/140/140 951/141/141
f 956/142/142 954/143/143 958/144/144 961/145/145
f 958/144/144 960/146/146 962/147/147 961/145/145
f 955/148/148 948/138/138 951/141/141 957/149/149
f 945/137/137 947/136/136 951/141/141 950/140/140
f 970/150/150 973/151/151 974/152/152 971/153/153
f 965/154/154 966/155/155 969/156/156 968/157/157
f 974/152/152 969/156/156 966/155/155 975/158/158
f 975/158/158 976/159/159 971/153/153 974/152/152
f 971/153/153 976/159/159 979/160/160 972/161/161
f 972/161/161 979/160/160 980/162/162 977/163/163
f 977/163/163 980/162/162 981/164/164 978/165/165
f 978/165/165 981/164/164 982/166/166 983/167/167
f 985/168/168 987/169/169 988/170/170 986/171/171
f 990/172/172 996/173/173 993/174/174 992/175/175
f 990/172/172 989/176/176 997/177/177 996/173/173
f 1000/178/178 1002/179/179 1003/180/180 1001/181/181
f 1002/179/179 995/182/182 994/183/183 1003/180/180
f 996/173/173 1004/184/184 994/183/183 993/174/174
f 994/183/183 1004/184/184 1005/185/185 1003/180/180
f 1003/180/180 1005/185/185 1006/186/186 1001/181/181
f 1001/181/181 1006/186/186 1007/187/187 999/188/188
f 998/189/189 1008/190/190 1602/191/191 1603/192/192
f 999/188/188 1007/187/187 1008/190/190 998/189/189
f 1005/185/185 1004/184/184 1009/193/193 1010/194/194
f 1006/186/186 1005/185/185 1010/194/194 1011/195/195
f 1007/187/187 1006/186/186 1011/195/195 1012/196/196
f 1602/191/191 1008/190/190 1013/197/197 1601/198/198
f 1008/190/190 1007/187/187 1012/196/196 1013/197/197
f 996/173/173 997/177/177 1009/193/193 1004/184/184
f 1012/196/196 1011/195/195 1015/199/199 1016/200/200
f 1601/198/198 1013/197/197 1017/201/201 1600/202/202
f 1013/197/197 1012/196/196 1016/200/200 1017/201/201
f 1010/194/194 1018/203/203 1015/199/199 1011/195/195
f 1009/193/193 1019/204/204 1018/203/203 1010/194/194
f 991/205/205 990/172/172 992/175/175 1023/206/206
f 1030/207/207 1029/208/208 1036/29/29 1037/209/209
f 1030/207/207 1037/209/209 1035/210/210 1034/211/211
f 1038/212/212 1042/213/213 1043/214/214 1039/215/215
f 1045/216/216 1048/217/217 1049/218/218 1046/219/219
f 1051/220/220 1049/218/218 1050/221/221 1052/222/222
f 1054/223/223 1046/219/219 1049/218/218 1051/220/220
f 1054/223/223 1055/224/224 1047/225/225 1046/219/219
f 1048/217/217 1045/216/216 1044/226/226 1061/227/227
f 1060/228/228 1061/227/227 1044/226/226 1058/229/229
f 1060/228/228 1064/230/230 1065/231/231 1061/227/227
f 1073/65/65 1072/64/64 1053/232/232 1074/233/233
f 1051/220/220 1053/232/232 1072/64/64 1054/223/223
f 1081/234/234 1080/235/235 1082/236/236 1077/237/237
f 1086/238/238 1087/239/239 1088/240/240 1089/241/241
f 1090/242/242 1091/243/243 1092/244/244 1093/245/245
f 1095/246/246 1096/247/247 1091/243/243 1090/242/242
f 1097/248/248 1098/249/249 1099/250/250 1100/251/251
f 1105/252/252 1106/253/253 1107/254/254 1108/255/255
f 1109/256/256 1110/257/257 1111/258/258 1112/259/259
f 1099/250/250 1090/242/242 1093/245/245 1100/251/251
f 1115/260/260 1116/261/261 1117/262/262 1118/263/263
f 1089/241/241 1106/253/253 1105/252/252 1086/238/238
f 1096/247/247 1119/264/264 1120/265/265 1091/243/243
f 1097/248/248 1118/263/263 1123/266/266 1098/249/249
f 1121/267/267 1124/268/268 1125/269/269 1122/270/270
f 1130/271/271 1131/272/272 1132/273/273 1133/274/274
f 1134/275/275 1135/276/276 1120/265/265 1119/264/264
f 1103/277/277 1608/278/278 1609/279/279 1140/280/280
f 1118/263/263 1117/262/262 1102/281/281 1123/266/266
f 1129/282/282 1103/277/277 1140/280/280 1141/283/283
f 1087/239/239 1142/284/284 1126/285/285 1088/240/240
f 1110/257/257 1101/286/286 1143/287/287 1111/258/258
f 1144/288/288 1095/246/246 1090/242/242 1099/250/250
f 1101/286/286 1110/257/257 1123/266/266 1102/281/281
f 1116/261/261 1115/260/260 1124/268/268 1121/267/267
f 1096/247/247 1095/246/246 1087/239/239 1086/238/238
f 1145/289/289 1115/260/260 1118/263/263 1097/248/248
f 1147/290/290 1148/291/291 1084/292/292 1083/293/293
f 1149/294/294 1147/290/290 1083/293/293 1139/295/295
f 1091/243/243 1120/265/265 1113/296/296 1092/244/244
f 1115/260/260 1145/289/289 1146/297/297 1124/268/268
f 1146/297/297 1145/289/289 1136/298/298 1138/299/299
f 1098/249/249 1109/256/256 1144/288/288 1099/250/250
f 1086/238/238 1105/252/252 1119/264/264 1096/247/247
f 1140/280/280 1609/279/279 1612/300/300 1148/291/291
f 1108/255/255 1152/301/301 1153/302/302 1134/275/275
f 1141/283/283 1140/280/280 1148/291/291 1147/290/290
f 1105/252/252 1108/255/255 1134/275/275 1119/264/264
f 1106/253/253 1154/303/303 1155/304/304 1107/254/254
f 1126/285/285 1142/284/284 1112/259/259 1127/305/305
f 1612/300/300 1611/306/306 1084/292/292 1148/291/291
f 1130/271/271 1133/274/274 1156/307/307 1152/301/301
f 1130/271/271 1107/254/254 1155/304/304 1131/272/272
f 1112/259/259 1142/284/284 1144/288/288 1109/256/256
f 1152/301/301 1156/307/307 1149/294/294 1153/302/302
f 1156/307/307 1141/283/283 1147/290/290 1149/294/294
f 1153/302/302 1149/294/294 1139/295/295 1151/308/308
f 1153/302/302 1151/308/308 1135/276/276 1134/275/275
f 1110/257/257 1109/256/256 1098/249/249 1123/266/266
f 1145/289/289 1097/248/248 1100/251/251 1136/298/298
f 1129/282/282 1141/283/283 1156/307/307 1133/274/274
f 1130/271/271 1152/301/301 1108/255/255 1107/254/254
f 1095/246/246 1144/288/288 1142/284/284 1087/239/239
f 1161/309/309 1163/310/310 1158/311/311 1160/312/312
f 1157/313/313 1158/311/311 1163/310/310 1164/314/314
f 1171/315/315 1170/23/23 1175/26/26 1176/316/316
f 1173/317/317 1171/315/315 1176/316/316 1166/318/318
f 1167/319/319 1176/316/316 1175/26/26 1168/320/320
f 1168/320/320 1175/26/26 799/25/25 801/36/36
f 810/48/48 827/321/321 811/322/322 808/46/46
f 1167/319/319 805/43/43 811/322/322
f 812/22/22 815/21/21 1075/323/323 814/50/50
f 791/18/18 787/17/17 813/49/49 1169/324/324
f 816/325/325 817/51/51 814/50/50 1075/323/323
f 807/45/45 817/51/51 828/326/326 809/47/47
f 817/51/51 816/325/325 864/79/79 828/326/326
f 805/43/43 1169/324/324 813/49/49 806/44/44
f 818/327/327 819/328/328 847/329/329 923/330/330
f 820/52/52 821/55/55 1592/331/331 1591/332/332
f 820/52/52 1591/332/332 1607/333/333 822/334/334
f 823/53/53 818/327/327 923/330/330 824/54/54
f 822/334/334 833/335/335 823/53/53 820/52/52
f 818/327/327 823/53/53 833/335/335 832/336/336
f 818/327/327 832/336/336 849/337/337 819/328/328
f 809/47/47 921/338/338 825/339/339 810/48/48
f 826/340/340 827/321/321 908/341/341 851/342/342
f 827/321/321 810/48/48 825/339/339 908/341/341
f 809/47/47 828/326/326 854/68/68 921/338/338
f 783/13/13 772/4/4 771/3/3 1056/27/27
f 775/6/6 830/343/343 1077/237/237 778/7/7
f 830/343/343 829/344/344 1172/345/345 831/346/346
f 830/343/343 831/346/346 1081/234/234 1077/237/237
f 1081/234/234 831/346/346 849/337/337 832/336/336
f 1172/345/345 850/347/347 849/337/337 831/346/346
f 832/336/336 833/335/335 1080/235/235 1081/234/234
f 836/58/58 837/348/348 1047/225/225 838/60/60
f 840/39/39 838/60/60 1047/225/225 1055/224/224
f 840/39/39 1055/224/224 844/63/63 843/40/40
f 842/57/57 1165/349/349 837/348/348 836/58/58
f 819/328/328 845/350/350 846/351/351 847/329/329
f 845/350/350 1174/352/352 848/353/353 846/351/351
f 819/328/328 849/337/337 850/347/347 845/350/350
f 848/353/353 1174/352/352 826/340/340 851/342/342
f 1022/354/354 856/72/72 857/71/71 858/355/355
f 857/71/71 859/356/356 1024/357/357 858/355/355
f 922/358/358 862/77/77 863/359/359 903/360/360
f 862/77/77 856/72/72 1022/354/354 863/359/359
f 904/101/101 863/359/359 1022/354/354 1021/361/361
f 855/69/69 854/68/68 828/326/326 864/79/79
f 853/67/67 922/358/358 921/338/338 854/68/68
f 1094/362/362 865/70/70 866/73/73 861/76/76
f 867/75/75 862/77/77 922/358/358 853/67/67
f 816/325/325 1076/363/363 868/80/80 864/79/79
f 1076/363/363 942/364/364 869/365/365 868/80/80
f 943/366/366 870/78/78 868/80/80 869/365/365
f 871/84/84 872/83/83 873/367/367 1154/303/303
f 874/86/86 875/85/85 1128/368/368 987/169/169
f 1154/303/303 873/367/367 876/369/369 1155/304/304
f 1155/304/304 876/369/369 877/370/370 1131/272/272
f 1131/272/272 877/370/370 878/371/371 1132/273/273
f 1593/372/372 1594/373/373 1104/374/374 879/375/375
f 880/376/376 881/377/377 879/375/375 1104/374/374
f 1132/273/273 878/371/371 881/377/377 880/376/376
f 959/378/378 1070/379/379 885/90/90 960/146/146
f 888/87/87 885/90/90 1070/379/379 1041/380/380
f 884/381/381 896/382/382 1177/383/383 963/384/384
f 884/381/381 963/384/384 962/147/147 886/385/385
f 960/146/146 887/386/386 886/385/385 962/147/147
f 960/146/146 885/90/90 889/89/89 887/386/386
f 892/91/91 893/94/94 894/387/387 891/388/388
f 955/148/148 957/149/149 1179/389/389
f 957/149/149 894/387/387 893/94/94 901/96/96
f 896/382/382 895/92/92 892/91/91 1177/383/383
f 902/100/100 903/360/360 863/359/359 904/101/101
f 906/102/102 904/101/101 1021/361/361 907/120/120
f 908/341/341 825/339/339 903/360/360 902/100/100
f 821/55/55 824/54/54 909/116/116 910/107/107
f 915/108/108 916/117/117 1604/390/390 1595/109/109
f 917/118/118 918/115/115 919/113/113 1000/178/178
f 1000/178/178 919/113/113 911/103/103 1002/179/179
f 920/111/111 848/353/353 851/342/342 905/99/99
f 921/338/338 922/358/358 903/360/360 825/339/339
f 824/54/54 923/330/330 924/114/114 909/116/116
f 847/329/329 846/351/351 913/105/105 912/104/104
f 923/330/330 847/329/329 912/104/104 924/114/114
f 846/351/351 848/353/353 920/111/111 913/105/105
f 821/55/55 910/107/107 1596/110/110 1592/331/331
f 851/342/342 908/341/341 902/100/100 905/99/99
f 995/182/182 914/106/106 925/112/112 926/119/119
f 1002/179/179 911/103/103 914/106/106 995/182/182
f 829/344/344 830/343/343 775/6/6 774/391/391
f 888/87/87 1041/380/380 929/28/28 930/128/128
f 1078/392/392 928/130/130 771/3/3 770/2/2
f 927/125/125 930/128/128 929/28/28 1056/27/27
f 888/87/87 930/128/128 931/127/127 890/88/88
f 936/393/393 1605/394/394 1599/132/132 937/131/131
f 936/393/393 937/131/131 938/133/133 1082/236/236
f 1078/392/392 938/133/133 935/129/129 928/130/130
f 1071/395/395 939/396/396 940/397/397 941/398/398
f 869/365/365 942/364/364 1052/222/222 941/398/398
f 869/365/365 941/398/398 940/397/397 943/366/366
f 970/150/150 944/134/134 945/137/137 973/151/151
f 967/399/399 952/400/400 950/140/140 949/139/139
f 1063/401/401 953/402/402 1043/214/214 954/143/143
f 946/135/135 944/134/134 1062/403/403 1063/401/401
f 946/135/135 1063/401/401 954/143/143 956/142/142
f 947/136/136 946/135/135 956/142/142 894/387/387
f 951/141/141 947/136/136 894/387/387 957/149/149
f 954/143/143 1043/214/214 1042/213/213 958/144/144
f 1042/213/213 959/378/378 960/146/146 958/144/144
f 891/388/388 961/145/145 962/147/147 963/384/384
f 956/142/142 961/145/145 891/388/388 894/387/387
f 973/151/151 945/137/137 950/140/140 952/400/400
f 970/150/150 964/404/404 1062/403/403 944/134/134
f 967/399/399 968/157/157 969/156/156 952/400/400
f 970/150/150 971/153/153 972/161/161 964/404/404
f 973/151/151 952/400/400 969/156/156 974/152/152
f 964/404/404 972/161/161 977/163/163 1064/230/230
f 977/163/163 978/165/165 1065/231/231 1064/230/230
f 978/165/165 983/167/167 984/405/405 1065/231/231
f 982/166/166 939/396/396 1071/395/395 983/167/167
f 984/405/405 983/167/167 1071/395/395 1050/221/221
f 1137/406/406 989/176/176 990/172/172 991/205/205
f 926/119/119 907/120/120 992/175/175 993/174/174
f 926/119/119 993/174/174 994/183/183 995/182/182
f 916/117/117 998/189/189 1603/192/192 1604/390/390
f 916/117/117 917/118/118 999/188/188 998/189/189
f 1000/178/178 1001/181/181 999/188/188 917/118/118
f 997/177/177 989/176/176 1014/407/407 1114/408/408
f 997/177/177 1114/408/408 1019/204/204 1009/193/193
f 989/176/176 1137/406/406 1020/409/409 1014/407/407
f 1021/361/361 1022/354/354 858/355/355 1023/206/206
f 1138/299/299 1137/406/406 991/205/205 1024/357/357
f 1024/357/357 991/205/205 1023/206/206 858/355/355
f 1114/408/408 1113/296/296 1025/410/410 1019/204/204
f 1018/203/203 1150/411/411 1026/412/412 1015/199/199
f 1019/204/204 1025/410/410 1150/411/411 1018/203/203
f 1015/199/199 1026/412/412 1085/413/413 1016/200/200
f 1600/202/202 1017/201/201 1027/414/414 1610/415/415
f 907/120/120 1021/361/361 1023/206/206 992/175/175
f 1016/200/200 1085/413/413 1027/414/414 1017/201/201
f 927/125/125 1056/27/27 771/3/3 928/130/130
f 1031/416/416 1068/417/417 1032/418/418 1033/419/419
f 1028/420/420 1034/211/211 1035/210/210 1068/417/417
f 1159/421/421 1028/420/420 1068/417/417 1031/416/416
f 783/13/13 1036/29/29 1029/208/208 782/14/14
f 1033/419/419 1038/212/212 1039/215/215 1040/422/422
f 1041/380/380 1037/209/209 1036/29/29 929/28/28
f 1165/349/349 1044/226/226 1045/216/216 837/348/348
f 837/348/348 1045/216/216 1046/219/219 1047/225/225
f 1048/217/217 984/405/405 1050/221/221 1049/218/218
f 1053/232/232 1051/220/220 1052/222/222 942/364/364
f 1040/422/422 1039/215/215 1057/423/423 1162/424/424
f 953/402/402 1057/423/423 1039/215/215 1043/214/214
f 1162/424/424 1057/423/423 1058/229/229 1059/425/425
f 1060/228/228 1058/229/229 1057/423/423 953/402/402
f 1062/403/403 1060/228/228 953/402/402 1063/401/401
f 964/404/404 1064/230/230 1060/228/228 1062/403/403
f 1061/227/227 1065/231/231 1178/426/426
f 1038/212/212 1033/419/419 1032/418/418 1066/427/427
f 1042/213/213 1038/212/212 1066/427/427 959/378/378
f 1067/428/428 1032/418/418 1068/417/417 1035/210/210
f 1069/429/429 1066/427/427 1032/418/418 1067/428/428
f 1066/427/427 1069/429/429 1070/379/379 959/378/378
f 1050/221/221 1071/395/395 941/398/398 1052/222/222
f 788/62/62 1073/65/65 815/21/21 789/20/20
f 1073/65/65 1074/233/233 1075/323/323 815/21/21
f 1055/224/224 1054/223/223 1072/64/64 844/63/63
f 942/364/364 1076/363/363 1074/233/233 1053/232/232
f 1076/363/363 816/325/325 1075/323/323 1074/233/233
f 1035/210/210 1070/379/379 1069/429/429 1067/428/428
f 1041/380/380 1070/379/379 1035/210/210 1037/209/209
f 1165/349/349 1059/425/425 1058/229/229 1044/226/226
f 778/7/7 1077/237/237 1078/392/392 770/2/2
f 936/393/393 1079/430/430 1606/431/431 1605/394/394
f 1079/430/430 822/334/334 1607/333/333 1606/431/431
f 833/335/335 822/334/334 1079/430/430 1080/235/235
f 1080/235/235 1079/430/430 936/393/393 1082/236/236
f 1077/237/237 1082/236/236 938/133/133 1078/392/392
f 1083/293/293 1084/292/292 1027/414/414 1085/413/413
f 1594/373/373 1608/278/278 1103/277/277 1104/374/374
f 1092/244/244 1113/296/296 1114/408/408 1014/407/407
f 1093/245/245 1092/244/244 1014/407/407 1020/409/409
f 1088/240/240 1126/285/285 875/85/85 882/81/81
f 1127/305/305 988/170/170 987/169/169 1128/368/368
f 1129/282/282 880/376/376 1104/374/374 1103/277/277
f 1084/292/292 1611/306/306 1610/415/415 1027/414/414
f 1136/298/298 1020/409/409 1137/406/406 1138/299/299
f 1026/412/412 1139/295/295 1083/293/293 1085/413/413
f 1100/251/251 1093/245/245 1020/409/409 1136/298/298
f 1125/269/269 859/356/356 857/71/71 865/70/70
f 1112/259/259 1111/258/258 988/170/170 1127/305/305
f 1124/268/268 1146/297/297 859/356/356 1125/269/269
f 1113/296/296 1120/265/265 1135/276/276 1025/410/410
f 1150/411/411 1151/308/308 1139/295/295 1026/412/412
f 1089/241/241 1088/240/240 882/81/81 871/84/84
f 1127/305/305 1128/368/368 875/85/85 1126/285/285
f 1129/282/282 1133/274/274 1132/273/273 880/376/376
f 1089/241/241 871/84/84 1154/303/303 1106/253/253
f 859/356/356 1146/297/297 1138/299/299 1024/357/357
f 1122/270/270 1125/269/269 865/70/70 1094/362/362
f 1025/410/410 1135/276/276 1151/308/308 1150/411/411
f 1111/258/258 1143/287/287 986/171/171 988/170/170
f 1031/416/416 1033/419/419 1040/422/422 1161/309/309
f 1162/424/424 1163/310/310 1161/309/309 1040/422/422
f 1164/314/314 1163/310/310 1162/424/424 1059/425/425
f 1164/314/314 1059/425/425 1165/349/349 842/57/57
f 1159/421/421 1031/416/416 1161/309/309 1160/312/312
f 1157/313/313 1164/314/314 842/57/57 834/56/56
f 827/321/321 826/340/340 1166/318/318 811/322/322
f 805/43/43 1167/319/319 1168/320/320 1169/324/324
f 1170/23/23 829/344/344 774/391/391 793/24/24
f 1171/315/315 1172/345/345 829/344/344 1170/23/23
f 1171/315/315 1173/317/317 850/347/347 1172/345/345
f 845/350/350 850/347/347 1173/317/317 1174/352/352
f 1174/352/352 1173/317/317 1166/318/318 826/340/340
f 811/322/322 1166/318/318 1176/316/316 1167/319/319
f 1169/324/324 1168/320/320 801/36/36 791/18/18
f 793/24/24 774/391/391 794/33/33 795/32/32
f 774/391/391 775/6/6 776/5/5 794/33/33
f 773/9/9 797/30/30 794/33/33 776/5/5
f 804/432/432 784/433/433 785/16/16 790/15/15
f 790/15/15 802/37/37 803/38/38 804/432/432
f 791/18/18 801/36/36 802/37/37 790/15/15
f 963/384/384 1177/383/383 891/388/388
f 1177/383/383 892/91/91 891/388/388
f 1048/217/217 1061/227/227 1178/426/426
f 984/405/405 1048/217/217 1178/426/426
f 1065/231/231 984/405/405 1178/426/426
f 957/149/149 901/96/96 898/98/98 1179/389/389
f 805/43/43 808/46/46 811/322/322
f 1180/434/434 1183/435/435 1182/436/436 1181/437/437
f 1187/438/438 1190/439/439 1189/440/440 1186/441/441
f 1181/437/437 1189/440/440 1190/439/439 1180/434/434
f 1184/442/442 1188/443/443 1190/439/439 1187/438/438
f 1180/434/434 1190/439/439 1188/443/443 1191/444/444
f 1191/444/444 1192/445/445 1183/435/435 1180/434/434
f 1194/446/446 1183/435/435 1192/445/445 1193/447/447
f 1201/448/448 1202/449/449 1198/450/450 1196/451/451
f 1197/452/452 1223/453/453 1226/454/454 1200/455/455
f 1581/456/456 1586/457/457 1210/458/458 1204/459/459
f 1194/446/446 1447/460/460 1340/461/461 1467/462/462
f 1208/463/463 1205/464/464 1206/465/465 1207/466/466
f 1204/459/459 1210/458/458 1209/467/467 1206/465/465
f 1206/465/465 1209/467/467 1211/468/468 1207/466/466
f 1212/469/469 1213/470/470 1209/467/467 1210/458/458
f 1213/470/470 1214/471/471 1211/468/468 1209/467/467
f 1251/472/472 1252/473/473 1203/474/474 1254/475/475
f 1216/476/476 1219/477/477 1218/478/478 1217/479/479
f 1218/478/478 1219/477/477 1221/480/480 1220/481/481
f 1198/450/450 1224/482/482 1223/453/453 1197/452/452
f 1224/482/482 1217/479/479 1225/483/483 1223/453/453
f 1228/484/484 1225/483/483 1217/479/479 1218/478/478
f 1231/485/485 1232/486/486 1235/487/487 1234/488/488
f 1245/489/489 1246/490/490 1247/491/491 1253/492/492
f 1249/493/493 1250/494/494 1252/473/473 1251/472/472
f 1199/495/495 1484/496/496 1483/497/497 1255/498/498
f 1246/490/490 1250/494/494 1249/493/493 1247/491/491
f 1263/499/499 1266/500/500 1265/501/501 1264/502/502
f 1276/503/503 1277/504/504 1267/505/505 1268/506/506
f 1264/502/502 1278/507/507 1271/508/508 1263/499/499
f 1272/509/509 1271/508/508 1278/507/507 1277/504/504
f 1277/504/504 1278/507/507 1273/510/510 1267/505/505
f 1281/511/511 1279/512/512 1275/513/513 1266/500/500
f 1293/514/514 1282/515/515 1283/516/516 1294/517/517
f 1286/518/518 1293/514/514 1294/517/517 1285/519/519
f 1299/520/520 1296/521/521 1300/522/522 1301/523/523
f 1303/524/524 1304/525/525 1308/526/526 1306/527/527
f 1304/525/525 1312/528/528 1310/529/529 1308/526/526
f 1310/529/529 1312/528/528 1309/530/530 1311/531/531
f 1316/532/532 1317/533/533 1315/534/534 1313/535/535
f 1322/536/536 1325/537/537 1324/538/538 1323/539/539
f 1321/540/540 1596/110/110 1595/109/109 1326/541/541
f 1325/537/537 1336/542/542 1331/543/543 1324/538/538
f 1330/544/544 1322/536/536 1323/539/539 1335/545/545
f 1329/546/546 1330/544/544 1335/545/545 1320/547/547
f 1327/548/548 1328/549/549 1329/546/546 1326/541/541
f 1326/541/541 1329/546/546 1320/547/547 1321/540/540
f 1336/542/542 1317/533/533 1316/532/532 1331/543/543
f 1337/550/550 1318/551/551 1317/533/533 1336/542/542
f 1344/552/552 1597/124/124 1598/123/123 1345/553/553
f 1338/554/554 1341/555/555 1342/556/556 1343/557/557
f 1345/553/553 1346/558/558 1343/557/557 1344/552/552
f 1338/554/554 1343/557/557 1346/558/558 1339/559/559
f 1345/553/553 1598/123/123 1599/132/132 1348/560/560
f 1345/553/553 1348/560/560 1349/561/561 1346/558/558
f 1355/562/562 1356/563/563 1358/564/564 1357/565/565
f 1359/566/566 1362/567/567 1361/568/568 1360/569/569
f 1367/570/570 1372/571/571 1369/572/572 1365/573/573
f 1369/572/572 1372/571/571 1373/574/574 1371/575/575
f 1366/576/576 1368/577/577 1362/567/567 1359/566/566
f 1356/563/563 1361/568/568 1362/567/567 1358/564/564
f 1381/578/578 1382/579/579 1385/580/580 1384/581/581
f 1376/582/582 1379/583/583 1380/584/584 1377/585/585
f 1385/580/580 1386/586/586 1377/585/585 1380/584/584
f 1386/586/586 1385/580/580 1382/579/579 1387/587/587
f 1382/579/579 1383/588/588 1390/589/589 1387/587/587
f 1383/588/588 1388/590/590 1391/591/591 1390/589/589
f 1388/590/590 1389/592/592 1392/593/593 1391/591/591
f 1389/592/592 1394/594/594 1393/595/595 1392/593/593
f 1396/596/596 1397/597/597 1399/598/598 1398/599/599
f 1401/600/600 1403/601/601 1404/602/602 1407/603/603
f 1401/600/600 1407/603/603 1408/604/604 1400/605/605
f 1411/606/606 1412/607/607 1414/608/608 1413/609/609
f 1413/609/609 1414/608/608 1405/610/610 1406/611/611
f 1407/603/603 1404/602/602 1405/610/610 1415/612/612
f 1405/610/610 1414/608/608 1416/613/613 1415/612/612
f 1414/608/608 1412/607/607 1417/614/614 1416/613/613
f 1412/607/607 1410/615/615 1418/616/616 1417/614/614
f 1409/617/617 1603/192/192 1602/191/191 1419/618/618
f 1410/615/615 1409/617/617 1419/618/618 1418/616/616
f 1416/613/613 1421/619/619 1420/620/620 1415/612/612
f 1417/614/614 1422/621/621 1421/619/619 1416/613/613
f 1418/616/616 1423/622/622 1422/621/621 1417/614/614
f 1602/191/191 1601/198/198 1424/623/623 1419/618/618
f 1419/618/618 1424/623/623 1423/622/622 1418/616/616
f 1407/603/603 1415/612/612 1420/620/620 1408/604/604
f 1423/622/622 1427/624/624 1426/625/625 1422/621/621
f 1601/198/198 1600/202/202 1428/626/626 1424/623/623
f 1424/623/623 1428/626/626 1427/624/624 1423/622/622
f 1421/619/619 1422/621/621 1426/625/625 1429/627/627
f 1420/620/620 1421/619/619 1429/627/627 1430/628/628
f 1402/629/629 1434/630/630 1403/601/601 1401/600/600
f 1441/631/631 1448/632/632 1447/460/460 1440/633/633
f 1441/631/631 1445/634/634 1446/635/635 1448/632/632
f 1449/636/636 1450/637/637 1454/638/638 1453/639/639
f 1456/640/640 1457/641/641 1460/642/642 1459/643/643
f 1462/644/644 1463/645/645 1461/646/646 1460/642/642
f 1465/647/647 1462/644/644 1460/642/642 1457/641/641
f 1465/647/647 1457/641/641 1458/648/648 1466/649/649
f 1459/643/643 1472/650/650 1455/651/651 1456/640/640
f 1471/652/652 1469/653/653 1455/651/651 1472/650/650
f 1471/652/652 1472/650/650 1476/654/654 1475/655/655
f 1484/496/496 1485/656/656 1464/657/657 1483/497/497
f 1462/644/644 1465/647/647 1483/497/497 1464/657/657
f 1492/658/658 1488/659/659 1493/660/660 1491/661/661
f 1497/662/662 1500/663/663 1499/664/664 1498/665/665
f 1501/666/666 1504/667/667 1503/668/668 1502/669/669
f 1506/670/670 1501/666/666 1502/669/669 1507/671/671
f 1508/672/672 1511/673/673 1510/674/674 1509/675/675
f 1516/676/676 1519/677/677 1518/678/678 1517/679/679
f 1520/680/680 1523/681/681 1522/682/682 1521/683/683
f 1510/674/674 1511/673/673 1504/667/667 1501/666/666
f 1526/684/684 1529/685/685 1528/686/686 1527/687/687
f 1500/663/663 1497/662/662 1516/676/676 1517/679/679
f 1507/671/671 1502/669/669 1531/688/688 1530/689/689
f 1508/672/672 1509/675/675 1534/690/690 1529/685/685
f 1532/691/691 1533/692/692 1536/693/693 1535/694/694
f 1541/695/695 1544/696/696 1543/697/697 1542/698/698
f 1545/699/699 1530/689/689 1531/688/688 1546/700/700
f 1514/701/701 1551/702/702 1609/279/279 1608/278/278
f 1529/685/685 1534/690/690 1513/703/703 1528/686/686
f 1540/704/704 1552/705/705 1551/702/702 1514/701/701
f 1498/665/665 1499/664/664 1537/706/706 1553/707/707
f 1521/683/683 1522/682/682 1554/708/708 1512/709/709
f 1555/710/710 1510/674/674 1501/666/666 1506/670/670
f 1512/709/709 1513/703/703 1534/690/690 1521/683/683
f 1527/687/687 1532/691/691 1535/694/694 1526/684/684
f 1507/671/671 1497/662/662 1498/665/665 1506/670/670
f 1556/711/711 1508/672/672 1529/685/685 1526/684/684
f 1558/712/712 1494/713/713 1495/714/714 1559/715/715
f 1560/716/716 1550/717/717 1494/713/713 1558/712/712
f 1502/669/669 1503/668/668 1524/718/718 1531/688/688
f 1526/684/684 1535/694/694 1557/719/719 1556/711/711
f 1557/719/719 1549/720/720 1547/721/721 1556/711/711
f 1509/675/675 1510/674/674 1555/710/710 1520/680/680
f 1497/662/662 1507/671/671 1530/689/689 1516/676/676
f 1551/702/702 1559/715/715 1612/300/300 1609/279/279
f 1519/677/677 1545/699/699 1564/722/722 1563/723/723
f 1552/705/705 1558/712/712 1559/715/715 1551/702/702
f 1516/676/676 1530/689/689 1545/699/699 1519/677/677
f 1517/679/679 1518/678/678 1566/724/724 1565/725/725
f 1537/706/706 1538/726/726 1523/681/681 1553/707/707
f 1612/300/300 1559/715/715 1495/714/714 1611/306/306
f 1541/695/695 1563/723/723 1567/727/727 1544/696/696
f 1541/695/695 1542/698/698 1566/724/724 1518/678/678
f 1523/681/681 1520/680/680 1555/710/710 1553/707/707
f 1563/723/723 1564/722/722 1560/716/716 1567/727/727
f 1567/727/727 1560/716/716 1558/712/712 1552/705/705
f 1564/722/722 1562/728/728 1550/717/717 1560/716/716
f 1564/722/722 1545/699/699 1546/700/700 1562/728/728
f 1521/683/683 1534/690/690 1509/675/675 1520/680/680
f 1556/711/711 1547/721/721 1511/673/673 1508/672/672
f 1540/704/704 1544/696/696 1567/727/727 1552/705/705
f 1541/695/695 1518/678/678 1519/677/677 1563/723/723
f 1506/670/670 1498/665/665 1553/707/707 1555/710/710
f 1572/729/729 1571/730/730 1569/731/731 1574/732/732
f 1568/733/733 1575/734/734 1574/732/732 1569/731/731
f 1582/735/735 1587/736/736 1586/457/457 1581/456/456
f 1584/737/737 1577/738/738 1587/736/736 1582/735/735
f 1578/739/739 1579/740/740 1586/457/457 1587/736/736
f 1579/740/740 1212/469/469 1210/458/458 1586/457/457
f 1221/480/480 1219/477/477 1222/741/741 1238/742/742
f 1578/739/739 1222/741/741 1216/476/476
f 1223/453/453 1225/483/483 1486/743/743 1226/454/454
f 1202/449/449 1580/744/744 1224/482/482 1198/450/450
f 1227/745/745 1486/743/743 1225/483/483 1228/484/484
f 1218/478/478 1220/481/481 1239/746/746 1228/484/484
f 1228/484/484 1239/746/746 1275/513/513 1227/745/745
f 1216/476/476 1217/479/479 1224/482/482 1580/744/744
f 1229/747/747 1334/748/748 1258/749/749 1230/750/750
f 1231/485/485 1591/332/332 1592/331/331 1232/486/486
f 1231/485/485 1233/751/751 1607/333/333 1591/332/332
f 1234/488/488 1235/487/487 1334/748/748 1229/747/747
f 1233/751/751 1231/485/485 1234/488/488 1244/752/752
f 1229/747/747 1243/753/753 1244/752/752 1234/488/488
f 1229/747/747 1230/750/750 1260/754/754 1243/753/753
f 1220/481/481 1221/480/480 1236/755/755 1332/756/756
f 1237/757/757 1262/758/758 1319/759/759 1238/742/742
f 1238/742/742 1319/759/759 1236/755/755 1221/480/480
f 1220/481/481 1332/756/756 1265/501/501 1239/746/746
f 1194/446/446 1467/462/462 1182/436/436 1183/435/435
f 1186/441/441 1189/440/440 1488/659/659 1241/760/760
f 1241/760/760 1242/761/761 1583/762/762 1240/763/763
f 1241/760/760 1488/659/659 1492/658/658 1242/761/761
f 1492/658/658 1243/753/753 1260/754/754 1242/761/761
f 1583/762/762 1242/761/761 1260/754/754 1261/764/764
f 1243/753/753 1492/658/658 1491/661/661 1244/752/752
f 1247/491/491 1249/493/493 1458/648/648 1248/765/765
f 1251/472/472 1466/649/649 1458/648/648 1249/493/493
f 1251/472/472 1254/475/475 1255/498/498 1466/649/649
f 1253/492/492 1247/491/491 1248/765/765 1576/766/766
f 1230/750/750 1258/749/749 1257/767/767 1256/768/768
f 1256/768/768 1257/767/767 1259/769/769 1585/770/770
f 1230/750/750 1256/768/768 1261/764/764 1260/754/754
f 1259/769/769 1262/758/758 1237/757/757 1585/770/770
f 1433/771/771 1269/772/772 1268/506/506 1267/505/505
f 1268/506/506 1269/772/772 1435/773/773 1270/774/774
f 1333/775/775 1314/776/776 1274/777/777 1273/510/510
f 1273/510/510 1274/777/777 1433/771/771 1267/505/505
f 1315/534/534 1432/778/778 1433/771/771 1274/777/777
f 1266/500/500 1275/513/513 1239/746/746 1265/501/501
f 1264/502/502 1265/501/501 1332/756/756 1333/775/775
f 1505/779/779 1272/509/509 1277/504/504 1276/503/503
f 1278/507/507 1264/502/502 1333/775/775 1273/510/510
f 1227/745/745 1275/513/513 1279/512/512 1487/780/780
f 1487/780/780 1279/512/512 1280/781/781 1353/782/782
f 1354/783/783 1280/781/781 1279/512/512 1281/511/511
f 1282/515/515 1565/725/725 1284/784/784 1283/516/516
f 1285/519/519 1398/599/599 1539/785/785 1286/518/518
f 1565/725/725 1566/724/724 1287/786/786 1284/784/784
f 1566/724/724 1542/698/698 1288/787/787 1287/786/786
f 1542/698/698 1543/697/697 1289/788/788 1288/787/787
f 1593/372/372 1290/789/789 1515/790/790 1594/373/373
f 1291/791/791 1515/790/790 1290/789/789 1292/792/792
f 1543/697/697 1291/791/791 1292/792/792 1289/788/788
f 1370/793/793 1371/575/575 1296/521/521 1481/794/794
f 1299/520/520 1452/795/795 1481/794/794 1296/521/521
f 1295/796/796 1374/797/797 1588/798/798 1307/799/799
f 1295/796/796 1297/800/800 1373/574/574 1374/797/797
f 1371/575/575 1373/574/574 1297/800/800 1298/801/801
f 1371/575/575 1298/801/801 1300/522/522 1296/521/521
f 1303/524/524 1302/802/802 1305/803/803 1304/525/525
f 1366/576/576 1590/804/804 1368/577/577
f 1368/577/577 1312/528/528 1304/525/525 1305/803/803
f 1307/799/799 1588/798/798 1303/524/524 1306/527/527
f 1313/535/535 1315/534/534 1274/777/777 1314/776/776
f 1317/533/533 1318/551/551 1432/778/778 1315/534/534
f 1319/759/759 1313/535/535 1314/776/776 1236/755/755
f 1232/486/486 1321/540/540 1320/547/547 1235/487/487
f 1326/541/541 1595/109/109 1604/390/390 1327/548/548
f 1328/549/549 1411/606/606 1330/544/544 1329/546/546
f 1411/606/606 1413/609/609 1322/536/536 1330/544/544
f 1331/543/543 1316/532/532 1262/758/758 1259/769/769
f 1332/756/756 1236/755/755 1314/776/776 1333/775/775
f 1235/487/487 1320/547/547 1335/545/545 1334/748/748
f 1258/749/749 1323/539/539 1324/538/538 1257/767/767
f 1334/748/748 1335/545/545 1323/539/539 1258/749/749
f 1257/767/767 1324/538/538 1331/543/543 1259/769/769
f 1232/486/486 1592/331/331 1596/110/110 1321/540/540
f 1262/758/758 1316/532/532 1313/535/535 1319/759/759
f 1406/611/611 1337/550/550 1336/542/542 1325/537/537
f 1413/609/609 1406/611/611 1325/537/537 1322/536/536
f 1240/763/763 1185/805/805 1186/441/441 1241/760/760
f 1299/520/520 1341/555/555 1340/461/461 1452/795/795
f 1489/806/806 1181/437/437 1182/436/436 1339/559/559
f 1338/554/554 1467/462/462 1340/461/461 1341/555/555
f 1299/520/520 1301/523/523 1342/556/556 1341/555/555
f 1347/807/807 1348/560/560 1599/132/132 1605/394/394
f 1347/807/807 1493/660/660 1349/561/561 1348/560/560
f 1489/806/806 1339/559/559 1346/558/558 1349/561/561
f 1482/808/808 1352/809/809 1351/810/810 1350/811/811
f 1280/781/781 1352/809/809 1463/645/645 1353/782/782
f 1280/781/781 1354/783/783 1351/810/810 1352/809/809
f 1381/578/578 1384/581/581 1356/563/563 1355/562/562
f 1378/812/812 1360/569/569 1361/568/568 1363/813/813
f 1474/814/814 1365/573/573 1454/638/638 1364/815/815
f 1357/565/565 1474/814/814 1473/816/816 1355/562/562
f 1357/565/565 1367/570/570 1365/573/573 1474/814/814
f 1358/564/564 1305/803/803 1367/570/570 1357/565/565
f 1362/567/567 1368/577/577 1305/803/803 1358/564/564
f 1365/573/573 1369/572/572 1453/639/639 1454/638/638
f 1453/639/639 1369/572/572 1371/575/575 1370/793/793
f 1302/802/802 1374/797/797 1373/574/574 1372/571/571
f 1367/570/570 1305/803/803 1302/802/802 1372/571/571
f 1384/581/581 1363/813/813 1361/568/568 1356/563/563
f 1381/578/578 1355/562/562 1473/816/816 1375/817/817
f 1378/812/812 1363/813/813 1380/584/584 1379/583/583
f 1381/578/578 1375/817/817 1383/588/588 1382/579/579
f 1384/581/581 1385/580/580 1380/584/584 1363/813/813
f 1375/817/817 1475/655/655 1388/590/590 1383/588/588
f 1388/590/590 1475/655/655 1476/654/654 1389/592/592
f 1389/592/592 1476/654/654 1395/818/818 1394/594/594
f 1393/595/595 1394/594/594 1482/808/808 1350/811/811
f 1395/818/818 1461/646/646 1482/808/808 1394/594/594
f 1548/819/819 1402/629/629 1401/600/600 1400/605/605
f 1337/550/550 1404/602/602 1403/601/601 1318/551/551
f 1337/550/550 1406/611/611 1405/610/610 1404/602/602
f 1327/548/548 1604/390/390 1603/192/192 1409/617/617
f 1327/548/548 1409/617/617 1410/615/615 1328/549/549
f 1411/606/606 1328/549/549 1410/615/615 1412/607/607
f 1408/604/604 1525/820/820 1425/821/821 1400/605/605
f 1408/604/604 1420/620/620 1430/628/628 1525/820/820
f 1400/605/605 1425/821/821 1431/822/822 1548/819/819
f 1432/778/778 1434/630/630 1269/772/772 1433/771/771
f 1549/720/720 1435/773/773 1402/629/629 1548/819/819
f 1435/773/773 1269/772/772 1434/630/630 1402/629/629
f 1525/820/820 1430/628/628 1436/823/823 1524/718/718
f 1429/627/627 1426/625/625 1437/824/824 1561/825/825
f 1430/628/628 1429/627/627 1561/825/825 1436/823/823
f 1426/625/625 1427/624/624 1496/826/826 1437/824/824
f 1600/202/202 1610/415/415 1438/827/827 1428/626/626
f 1318/551/551 1403/601/601 1434/630/630 1432/778/778
f 1427/624/624 1428/626/626 1438/827/827 1496/826/826
f 1338/554/554 1339/559/559 1182/436/436 1467/462/462
f 1442/828/828 1444/829/829 1443/830/830 1479/831/831
f 1439/832/832 1479/831/831 1446/635/635 1445/634/634
f 1570/833/833 1442/828/828 1479/831/831 1439/832/832
f 1194/446/446 1193/447/447 1440/633/633 1447/460/460
f 1444/829/829 1451/834/834 1450/637/637 1449/636/636
f 1452/795/795 1340/461/461 1447/460/460 1448/632/632
f 1576/766/766 1248/765/765 1456/640/640 1455/651/651
f 1248/765/765 1458/648/648 1457/641/641 1456/640/640
f 1459/643/643 1460/642/642 1461/646/646 1395/818/818
f 1464/657/657 1353/782/782 1463/645/645 1462/644/644
f 1451/834/834 1573/835/835 1468/836/836 1450/637/637
f 1364/815/815 1454/638/638 1450/637/637 1468/836/836
f 1573/835/835 1470/837/837 1469/653/653 1468/836/836
f 1471/652/652 1364/815/815 1468/836/836 1469/653/653
f 1473/816/816 1474/814/814 1364/815/815 1471/652/652
f 1375/817/817 1473/816/816 1471/652/652 1475/655/655
f 1472/650/650 1589/838/838 1476/654/654
f 1449/636/636 1477/839/839 1443/830/830 1444/829/829
f 1453/639/639 1370/793/793 1477/839/839 1449/636/636
f 1478/840/840 1446/635/635 1479/831/831 1443/830/830
f 1480/841/841 1478/840/840 1443/830/830 1477/839/839
f 1477/839/839 1370/793/793 1481/794/794 1480/841/841
f 1461/646/646 1463/645/645 1352/809/809 1482/808/808
f 1199/495/495 1200/455/455 1226/454/454 1484/496/496
f 1484/496/496 1226/454/454 1486/743/743 1485/656/656
f 1466/649/649 1255/498/498 1483/497/497 1465/647/647
f 1353/782/782 1464/657/657 1485/656/656 1487/780/780
f 1487/780/780 1485/656/656 1486/743/743 1227/745/745
f 1446/635/635 1478/840/840 1480/841/841 1481/794/794
f 1452/795/795 1448/632/632 1446/635/635 1481/794/794
f 1576/766/766 1455/651/651 1469/653/653 1470/837/837
f 1189/440/440 1181/437/437 1489/806/806 1488/659/659
f 1347/807/807 1605/394/394 1606/431/431 1490/842/842
f 1490/842/842 1606/431/431 1607/333/333 1233/751/751
f 1244/752/752 1491/661/661 1490/842/842 1233/751/751
f 1491/661/661 1493/660/660 1347/807/807 1490/842/842
f 1488/659/659 1489/806/806 1349/561/561 1493/660/660
f 1494/713/713 1496/826/826 1438/827/827 1495/714/714
f 1594/373/373 1515/790/790 1514/701/701 1608/278/278
f 1503/668/668 1425/821/821 1525/820/820 1524/718/718
f 1504/667/667 1431/822/822 1425/821/821 1503/668/668
f 1499/664/664 1293/514/514 1286/518/518 1537/706/706
f 1538/726/726 1539/785/785 1398/599/599 1399/598/598
f 1540/704/704 1514/701/701 1515/790/790 1291/791/791
f 1495/714/714 1438/827/827 1610/415/415 1611/306/306
f 1547/721/721 1549/720/720 1548/819/819 1431/822/822
f 1437/824/824 1496/826/826 1494/713/713 1550/717/717
f 1511/673/673 1547/721/721 1431/822/822 1504/667/667
f 1536/693/693 1276/503/503 1268/506/506 1270/774/774
f 1523/681/681 1538/726/726 1399/598/598 1522/682/682
f 1535/694/694 1536/693/693 1270/774/774 1557/719/719
f 1524/718/718 1436/823/823 1546/700/700 1531/688/688
f 1561/825/825 1437/824/824 1550/717/717 1562/728/728
f 1500/663/663 1282/515/515 1293/514/514 1499/664/664
f 1538/726/726 1537/706/706 1286/518/518 1539/785/785
f 1540/704/704 1291/791/791 1543/697/697 1544/696/696
f 1500/663/663 1517/679/679 1565/725/725 1282/515/515
f 1270/774/774 1435/773/773 1549/720/720 1557/719/719
f 1533/692/692 1505/779/779 1276/503/503 1536/693/693
f 1436/823/823 1561/825/825 1562/728/728 1546/700/700
f 1522/682/682 1399/598/598 1397/597/597 1554/708/708
f 1442/828/828 1572/729/729 1451/834/834 1444/829/829
f 1573/835/835 1451/834/834 1572/729/729 1574/732/732
f 1575/734/734 1470/837/837 1573/835/835 1574/732/732
f 1575/734/734 1253/492/492 1576/766/766 1470/837/837
f 1570/833/833 1571/730/730 1572/729/729 1442/828/828
f 1568/733/733 1245/489/489 1253/492/492 1575/734/734
f 1238/742/742 1222/741/741 1577/738/738 1237/757/757
f 1216/476/476 1580/744/744 1579/740/740 1578/739/739
f 1581/456/456 1204/459/459 1185/805/805 1240/763/763
f 1582/735/735 1581/456/456 1240/763/763 1583/762/762
f 1582/735/735 1583/762/762 1261/764/764 1584/737/737
f 1256/768/768 1585/770/770 1584/737/737 1261/764/764
f 1585/770/770 1237/757/757 1577/738/738 1584/737/737
f 1222/741/741 1578/739/739 1587/736/736 1577/738/738
f 1580/744/744 1202/449/449 1212/469/469 1579/740/740
f 1204/459/459 1206/465/465 1205/464/464 1185/805/805
f 1185/805/805 1205/464/464 1187/438/438 1186/441/441
f 1184/442/442 1187/438/438 1205/464/464 1208/463/463
f 1215/843/843 1201/448/448 1196/451/451 1195/844/844
f 1201/448/448 1215/843/843 1214/471/471 1213/470/470
f 1202/449/449 1201/448/448 1213/470/470 1212/469/469
f 1374/797/797 1302/802/802 1588/798/798
f 1588/798/798 1302/802/802 1303/524/524
f 1459/643/643 1589/838/838 1472/650/650
f 1395/818/818 1589/838/838 1459/643/643
f 1476/654/654 1589/838/838 1395/818/818
f 1368/577/577 1590/804/804 1309/530/530 1312/528/528
f 1216/476/476 1222/741/741 1219/477/477
f 792/41/41 843/40/40 1614/845/845 1613/846/846
f 1613/846/846 1614/845/845 1616/847/847 1615/848/848
f 1615/848/848 1616/847/847 1618/849/849 1617/850/850
f 1617/850/850 1618/849/849 785/16/16 784/433/433
f 1618/849/849 786/19/19 787/17/17 785/16/16
f 786/19/19 1618/849/849 1616/847/847 789/20/20
f 1614/845/845 788/62/62 789/20/20 1616/847/847
f 843/40/40 844/63/63 788/62/62 1614/845/845
f 1254/475/475 1203/474/474 1620/851/851 1619/852/852
f 1619/852/852 1620/851/851 1622/853/853 1621/854/854
f 1621/854/854 1622/853/853 1624/855/855 1623/856/856
f 1623/856/856 1624/855/855 1195/844/844 1196/451/451
f 1197/452/452 1623/856/856 1196/451/451 1198/450/450
f 1623/856/856 1197/452/452 1200/455/455 1621/854/854
f 1199/495/495 1619/852/852 1621/854/854 1200/455/455
f 1255/498/498 1254/475/475 1619/852/852 1199/495/495
f 1636/857/857 887/386/386 889/89/89 1635/858/858
f 1635/858/858 889/89/89 890/88/88 1634/859/859
f 931/127/127 1633/860/860 1634/859/859 890/88/88
f 1633/860/860 931/127/127 932/126/126 933/121/121
f 1342/556/556 1629/861/861 1344/552/552 1343/557/557
f 1629/861/861 1342/556/556 1301/523/523 1630/862/862
f 1300/522/522 1631/863/863 1630/862/862 1301/523/523
f 1298/801/801 1632/864/864 1631/863/863 1300/522/522
f 1627/865/865 1631/863/863 1632/864/864 1628/866/866
f 1626/867/867 1630/862/862 1631/863/863 1627/865/865
f 1625/868/868 1629/861/861 1630/862/862 1626/867/867
f 1344/552/552 1629/861/861 1625/868/868 1597/124/124
f 1633/860/860 933/121/121 1597/124/124 1625/868/868
f 1633/860/860 1625/868/868 1626/867/867 1634/859/859
f 1634/859/859 1626/867/867 1627/865/865 1635/858/858
f 1635/858/858 1627/865/865 1628/866/866 1636/857/857
f 1638/869/869 1179/389/389 898/98/98
f 1590/804/804 1637/870/870 1309/530/530
f 1309/530/530 1637/870/870 1650/871/871 1311/531/531
f 1650/871/871 1637/870/870 1639/872/872 1651/873/873
f 1651/873/873 1639/872/872 1641/874/874 1652/875/875
f 1652/875/875 1641/874/874 1643/876/876 1653/877/877
f 1654/878/878 1645/879/879 1647/880/880 1655/881/881
f 1655/881/881 1647/880/880 1648/882/882 1656/883/883
f 1656/883/883 1648/882/882 1649/884/884 1657/885/885
f 1645/879/879 1650/871/871 1651/873/873 1647/880/880
f 1647/880/880 1651/873/873 1652/875/875 1648/882/882
f 1648/882/882 1652/875/875 1653/877/877 1649/884/884
f 1311/531/531 1650/871/871 1645/879/879 1646/886/886
f 1638/869/869 1654/878/878 1655/881/881 1640/887/887
f 1640/887/887 1655/881/881 1656/883/883 1642/888/888
f 1642/888/888 1656/883/883 1657/885/885 1644/889/889
f 1179/389/389 1638/869/869 1640/887/887 955/148/148
f 1637/870/870 1590/804/804 1366/576/576 1639/872/872
f 1642/888/888 1658/890/890 955/148/148 1640/887/887
f 1658/890/890 948/138/138 955/148/148
f 1639/872/872 1366/576/576 1659/891/891 1641/874/874
f 1359/566/566 1659/891/891 1366/576/576
f 1659/891/891 1359/566/566 1360/569/569 1661/892/892
f 1641/874/874 1659/891/891 1661/892/892 1643/876/876
f 1644/889/889 1660/893/893 1658/890/890 1642/888/888
f 948/138/138 1658/890/890 1660/893/893 949/139/139
f 1379/583/583 1376/582/582 1662/894/894 1664/895/895
f 1378/812/812 1379/583/583 1664/895/895 1663/896/896
f 1661/892/892 1360/569/569 1378/812/812 1663/896/896
f 949/139/139 1660/893/893 1666/897/897 967/399/399
f 965/154/154 968/157/157 1667/898/898 1665/899/899
f 968/157/157 967/399/399 1666/897/897 1667/898/898
f 1646/886/886 1645/879/879 1654/878/878 900/97/97
f 900/97/97 1654/878/878 1638/869/869 898/98/98
f 1646/886/886 1310/529/529 1311/531/531
f 899/95/95 1646/886/886 900/97/97
f 1386/586/586 1387/587/587 1678/900/900 1677/901/901
f 980/162/162 979/160/160 1672/902/902 1673/903/903
f 1391/591/591 1392/593/593 1681/904/904 1680/905/905
f 979/160/160 976/159/159 1671/906/906 1672/902/902
f 965/154/154 1665/899/899 1683/907/907 1668/908/908
f 1376/582/582 1377/585/585 1676/909/909 1675/910/910
f 1390/589/589 1391/591/591 1680/905/905 1679/911/911
f 975/158/158 966/155/155 1669/912/912 1670/913/913
f 1387/587/587 1390/589/589 1679/911/911 1678/900/900
f 1662/894/894 1376/582/582 1675/910/910 1682/914/914
f 976/159/159 975/158/158 1670/913/913 1671/906/906
f 981/164/164 980/162/162 1673/903/903 1674/915/915
f 966/155/155 965/154/154 1668/908/908 1669/912/912
f 1377/585/585 1386/586/586 1677/901/901 1676/909/909
f 981/164/164 1674/915/915 939/396/396 982/166/166
f 1681/904/904 1392/593/593 1393/595/595 1350/811/811
f 1666/897/897 1660/893/893 1689/916/916 1695/917/917
f 1653/877/877 1643/876/876 1684/918/918 1687/919/919
f 1644/889/889 1657/885/885 1688/920/920 1685/921/921
f 1667/898/898 1666/897/897 1695/917/917 1696/922/922
f 1643/876/876 1661/892/892 1690/923/923 1684/918/918
f 1665/899/899 1667/898/898 1696/922/922 1694/924/924
f 1649/884/884 1653/877/877 1687/919/919 1686/925/925
f 1660/893/893 1644/889/889 1685/921/921 1689/916/916
f 1657/885/885 1649/884/884 1686/925/925 1688/920/920
f 1683/907/907 1665/899/899 1694/924/924 1698/926/926
f 1663/896/896 1664/895/895 1693/927/927 1692/928/928
f 1662/894/894 1682/914/914 1697/929/929 1691/930/930
f 1661/892/892 1663/896/896 1692/928/928 1690/923/923
f 1664/895/895 1662/894/894 1691/930/930 1693/927/927
f 1794/931/931 1700/932/932 1796/933/933 1826/934/934
f 1705/935/935 1707/936/936 1766/937/937 1765/938/938
f 1701/939/939 1702/940/940 1704/941/941 1703/942/942
f 1780/943/943 1781/944/944 1813/945/945 1812/946/946
f 1703/942/942 1705/935/935 1765/938/938 1699/947/947
f 1703/942/942 1704/941/941 1706/948/948 1705/935/935
f 1779/949/949 1780/943/943 1812/946/946 1811/950/950
f 1709/951/951 1711/952/952 1768/953/953 1767/954/954
f 1705/935/935 1706/948/948 1708/955/955 1707/936/936
f 1778/956/956 1779/949/949 1811/950/950 1810/957/957
f 1711/952/952 1713/958/958 1769/959/959 1768/953/953
f 1707/936/936 1708/955/955 1710/960/960 1709/951/951
f 1777/961/961 1778/956/956 1810/957/957 1809/962/962
f 1713/958/958 1715/963/963 1770/964/964 1769/959/959
f 1709/951/951 1710/960/960 1712/965/965 1711/952/952
f 1776/966/966 1777/961/961 1809/962/962 1808/967/967
f 1715/963/963 1717/968/968 1771/969/969 1770/964/964
f 1711/952/952 1712/965/965 1714/970/970 1713/958/958
f 1775/971/971 1776/966/966 1808/967/967 1807/972/972
f 1717/968/968 1719/973/973 1772/974/974 1771/969/969
f 1713/958/958 1714/970/970 1716/975/975 1715/963/963
f 1774/976/976 1775/971/971 1807/972/972 1806/977/977
f 1719/973/973 1721/978/978 1773/979/979 1772/974/974
f 1715/963/963 1716/975/975 1718/980/980 1717/968/968
f 1773/979/979 1774/976/976 1806/977/977 1805/981/981
f 1721/978/978 1723/982/982 1774/976/976 1773/979/979
f 1717/968/968 1718/980/980 1720/983/983 1719/973/973
f 1772/974/974 1773/979/979 1805/981/981 1804/984/984
f 1723/982/982 1725/985/985 1775/971/971 1774/976/976
f 1719/973/973 1720/983/983 1722/986/986 1721/978/978
f 1771/969/969 1772/974/974 1804/984/984 1803/987/987
f 1725/985/985 1727/988/988 1776/966/966 1775/971/971
f 1721/978/978 1722/986/986 1724/989/989 1723/982/982
f 1770/964/964 1771/969/969 1803/987/987 1802/990/990
f 1727/988/988 1729/991/991 1777/961/961 1776/966/966
f 1723/982/982 1724/989/989 1726/992/992 1725/985/985
f 1769/959/959 1770/964/964 1802/990/990 1801/993/993
f 1701/939/939 1703/942/942 1699/947/947 1700/932/932
f 1725/985/985 1726/992/992 1728/994/994 1727/988/988
f 1768/953/953 1769/959/959 1801/993/993 1800/995/995
f 1729/991/991 1731/996/996 1778/956/956 1777/961/961
f 1727/988/988 1728/994/994 1730/997/997 1729/991/991
f 1767/954/954 1768/953/953 1800/995/995 1799/998/998
f 1731/996/996 1733/999/999 1779/949/949 1778/956/956
f 1729/991/991 1730/997/997 1732/1000/1000 1731/996/996
f 1766/937/937 1767/954/954 1799/998/998 1798/1001/1001
f 1733/999/999 1735/1002/1002 1780/943/943 1779/949/949
f 1731/996/996 1732/1000/1000 1734/1003/1003 1733/999/999
f 1765/938/938 1766/937/937 1798/1001/1001 1797/1004/1004
f 1735/1002/1002 1737/1005/1005 1781/944/944 1780/943/943
f 1733/999/999 1734/1003/1003 1736/1006/1006 1735/1002/1002
f 1699/947/947 1765/938/938 1797/1004/1004 1795/1007/1007
f 1737/1005/1005 1739/1008/1008 1782/1009/1009 1781/944/944
f 1735/1002/1002 1736/1006/1006 1738/1010/1010 1737/1005/1005
f 1700/932/932 1699/947/947 1795/1007/1007 1796/933/933
f 1739/1008/1008 1741/1011/1011 1783/1012/1012 1782/1009/1009
f 1737/1005/1005 1738/1010/1010 1740/1013/1013 1739/1008/1008
f 1793/1014/1014 1794/931/931 1826/934/934 1825/1015/1015
f 1741/1011/1011 1743/1016/1016 1784/1017/1017 1783/1012/1012
f 1739/1008/1008 1740/1013/1013 1742/1018/1018 1741/1011/1011
f 1792/1019/1019 1793/1014/1014 1825/1015/1015 1824/1020/1020
f 1743/1016/1016 1745/1021/1021 1785/1022/1022 1784/1017/1017
f 1741/1011/1011 1742/1018/1018 1744/1023/1023 1743/1016/1016
f 1791/1024/1024 1792/1019/1019 1824/1020/1020 1823/1025/1025
f 1745/1021/1021 1747/1026/1026 1786/1027/1027 1785/1022/1022
f 1743/1016/1016 1744/1023/1023 1746/1028/1028 1745/1021/1021
f 1790/1029/1029 1791/1024/1024 1823/1025/1025 1822/1030/1030
f 1747/1026/1026 1749/1031/1031 1787/1032/1032 1786/1027/1027
f 1745/1021/1021 1746/1028/1028 1748/1033/1033 1747/1026/1026
f 1789/1034/1034 1790/1029/1029 1822/1030/1030 1821/1035/1035
f 1749/1031/1031 1751/1036/1036 1788/1037/1037 1787/1032/1032
f 1747/1026/1026 1748/1033/1033 1750/1038/1038 1749/1031/1031
f 1788/1037/1037 1789/1034/1034 1821/1035/1035 1820/1039/1039
f 1751/1036/1036 1753/1040/1040 1789/1034/1034 1788/1037/1037
f 1749/1031/1031 1750/1038/1038 1752/1041/1041 1751/1036/1036
f 1787/1032/1032 1788/1037/1037 1820/1039/1039 1819/1042/1042
f 1753/1040/1040 1755/1043/1043 1790/1029/1029 1789/1034/1034
f 1751/1036/1036 1752/1041/1041 1754/1044/1044 1753/1040/1040
f 1786/1027/1027 1787/1032/1032 1819/1042/1042 1818/1045/1045
f 1755/1043/1043 1757/1046/1046 1791/1024/1024 1790/1029/1029
f 1753/1040/1040 1754/1044/1044 1756/1047/1047 1755/1043/1043
f 1785/1022/1022 1786/1027/1027 1818/1045/1045 1817/1048/1048
f 1757/1046/1046 1759/1049/1049 1792/1019/1019 1791/1024/1024
f 1755/1043/1043 1756/1047/1047 1758/1050/1050 1757/1046/1046
f 1796/933/933 1795/1007/1007 1797/1004/1004 1798/1001/1001 1799/998/998 1800/995/995 1801/993/993 1802/990/990 1803/987/987 1804/984/984 1805/981/981 1806/977/977 1807/972/972 1808/967/967 1809/962/962 1810/957/957 1811/950/950 1812/946/946 1813/945/945 1814/1051/1051 1815/1052/1052 1816/1053/1053 1817/1048/1048 1818/1045/1045 1819/1042/1042 1820/1039/1039 1821/1035/1035 1822/1030/1030 1823/1025/1025 1824/1020/1020 1825/1015/1015 1826/934/934
f 1759/1049/1049 1761/1054/1054 1793/1014/1014 1792/1019/1019
f 1757/1046/1046 1758/1050/1050 1760/1055/1055 1759/1049/1049
f 1763/1056/1056 1701/939/939 1700/932/932 1794/931/931
f 1784/1017/1017 1785/1022/1022 1817/1048/1048 1816/1053/1053
f 1759/1049/1049 1760/1055/1055 1762/1057/1057 1761/1054/1054
f 1704/941/941 1702/940/940 1764/1058/1058 1762/1057/1057 1760/1055/1055 1758/1050/1050 1756/1047/1047 1754/1044/1044 1752/1041/1041 1750/1038/1038 1748/1033/1033 1746/1028/1028 1744/1023/1023 1742/1018/1018 1740/1013/1013 1738/1010/1010 1736/1006/1006 1734/1003/1003 1732/1000/1000 1730/997/997 1728/994/994 1726/992/992 1724/989/989 1722/986/986 1720/983/983 1718/980/980 1716/975/975 1714/970/970 1712/965/965 1710/960/960 1708/955/955 1706/948/948
f 1763/1056/1056 1764/1058/1058 1702/940/940 1701/939/939
f 1761/1054/1054 1762/1057/1057 1764/1058/1058 1763/1056/1056
f 1781/944/944 1782/1009/1009 1814/1051/1051 1813/945/945
f 1707/936/936 1709/951/951 1767/954/954 1766/937/937
f 1761/1054/1054 1763/1056/1056 1794/931/931 1793/1014/1014
f 1782/1009/1009 1783/1012/1012 1815/1052/1052 1814/1051/1051
f 1783/1012/1012 1784/1017/1017 1816/1053/1053 1815/1052/1052
f 1922/1059/1059 1954/1060/1060 1924/1061/1061 1828/1062/1062
f 1833/1063/1063 1893/1064/1064 1894/1065/1065 1835/1066/1066
f 1829/1067/1067 1831/1068/1068 1832/1069/1069 1830/1070/1070
f 1908/1071/1071 1940/1072/1072 1941/1073/1073 1909/1074/1074
f 1831/1068/1068 1827/1075/1075 1893/1064/1064 1833/1063/1063
f 1831/1068/1068 1833/1063/1063 1834/1076/1076 1832/1069/1069
f 1907/1077/1077 1939/1078/1078 1940/1072/1072 1908/1071/1071
f 1837/1079/1079 1895/1080/1080 1896/1081/1081 1839/1082/1082
f 1833/1063/1063 1835/1066/1066 1836/1083/1083 1834/1076/1076
f 1906/1084/1084 1938/1085/1085 1939/1078/1078 1907/1077/1077
f 1839/1082/1082 1896/1081/1081 1897/1086/1086 1841/1087/1087
f 1835/1066/1066 1837/1079/1079 1838/1088/1088 1836/1083/1083
f 1905/1089/1089 1937/1090/1090 1938/1085/1085 1906/1084/1084
f 1841/1087/1087 1897/1086/1086 1898/1091/1091 1843/1092/1092
f 1837/1079/1079 1839/1082/1082 1840/1093/1093 1838/1088/1088
f 1904/1094/1094 1936/1095/1095 1937/1090/1090 1905/1089/1089
f 1843/1092/1092 1898/1091/1091 1899/1096/1096 1845/1097/1097
f 1839/1082/1082 1841/1087/1087 1842/1098/1098 1840/1093/1093
f 1903/1099/1099 1935/1100/1100 1936/1095/1095 1904/1094/1094
f 1845/1097/1097 1899/1096/1096 1900/1101/1101 1847/1102/1102
f 1841/1087/1087 1843/1092/1092 1844/1103/1103 1842/1098/1098
f 1902/1104/1104 1934/1105/1105 1935/1100/1100 1903/1099/1099
f 1847/1102/1102 1900/1101/1101 1901/1106/1106 1849/1107/1107
f 1843/1092/1092 1845/1097/1097 1846/1108/1108 1844/1103/1103
f 1901/1106/1106 1933/1109/1109 1934/1105/1105 1902/1104/1104
f 1849/1107/1107 1901/1106/1106 1902/1104/1104 1851/1110/1110
f 1845/1097/1097 1847/1102/1102 1848/1111/1111 1846/1108/1108
f 1900/1101/1101 1932/1112/1112 1933/1109/1109 1901/1106/1106
f 1851/1110/1110 1902/1104/1104 1903/1099/1099 1853/1113/1113
f 1847/1102/1102 1849/1107/1107 1850/1114/1114 1848/1111/1111
f 1899/1096/1096 1931/1115/1115 1932/1112/1112 1900/1101/1101
f 1853/1113/1113 1903/1099/1099 1904/1094/1094 1855/1116/1116
f 1849/1107/1107 1851/1110/1110 1852/1117/1117 1850/1114/1114
f 1898/1091/1091 1930/1118/1118 1931/1115/1115 1899/1096/1096
f 1855/1116/1116 1904/1094/1094 1905/1089/1089 1857/1119/1119
f 1851/1110/1110 1853/1113/1113 1854/1120/1120 1852/1117/1117
f 1897/1086/1086 1929/1121/1121 1930/1118/1118 1898/1091/1091
f 1829/1067/1067 1828/1062/1062 1827/1075/1075 1831/1068/1068
f 1853/1113/1113 1855/1116/1116 1856/1122/1122 1854/1120/1120
f 1896/1081/1081 1928/1123/1123 1929/1121/1121 1897/1086/1086
f 1857/1119/1119 1905/1089/1089 1906/1084/1084 1859/1124/1124
f 1855/1116/1116 1857/1119/1119 1858/1125/1125 1856/1122/1122
f 1895/1080/1080 1927/1126/1126 1928/1123/1123 1896/1081/1081
f 1859/1124/1124 1906/1084/1084 1907/1077/1077 1861/1127/1127
f 1857/1119/1119 1859/1124/1124 1860/1128/1128 1858/1125/1125
f 1894/1065/1065 1926/1129/1129 1927/1126/1126 1895/1080/1080
f 1861/1127/1127 1907/1077/1077 1908/1071/1071 1863/1130/1130
f 1859/1124/1124 1861/1127/1127 1862/1131/1131 1860/1128/1128
f 1893/1064/1064 1925/1132/1132 1926/1129/1129 1894/1065/1065
f 1863/1130/1130 1908/1071/1071 1909/1074/1074 1865/1133/1133
f 1861/1127/1127 1863/1130/1130 1864/1134/1134 1862/1131/1131
f 1827/1075/1075 1923/1135/1135 1925/1132/1132 1893/1064/1064
f 1865/1133/1133 1909/1074/1074 1910/1136/1136 1867/1137/1137
f 1863/1130/1130 1865/1133/1133 1866/1138/1138 1864/1134/1134
f 1828/1062/1062 1924/1061/1061 1923/1135/1135 1827/1075/1075
f 1867/1137/1137 1910/1136/1136 1911/1139/1139 1869/1140/1140
f 1865/1133/1133 1867/1137/1137 1868/1141/1141 1866/1138/1138
f 1921/1142/1142 1953/1143/1143 1954/1060/1060 1922/1059/1059
f 1869/1140/1140 1911/1139/1139 1912/1144/1144 1871/1145/1145
f 1867/1137/1137 1869/1140/1140 1870/1146/1146 1868/1141/1141
f 1920/1147/1147 1952/1148/1148 1953/1143/1143 1921/1142/1142
f 1871/1145/1145 1912/1144/1144 1913/1149/1149 1873/1150/1150
f 1869/1140/1140 1871/1145/1145 1872/1151/1151 1870/1146/1146
f 1919/1152/1152 1951/1153/1153 1952/1148/1148 1920/1147/1147
f 1873/1150/1150 1913/1149/1149 1914/1154/1154 1875/1155/1155
f 1871/1145/1145 1873/1150/1150 1874/1156/1156 1872/1151/1151
f 1918/1157/1157 1950/1158/1158 1951/1153/1153 1919/1152/1152
f 1875/1155/1155 1914/1154/1154 1915/1159/1159 1877/1160/1160
f 1873/1150/1150 1875/1155/1155 1876/1161/1161 1874/1156/1156
f 1917/1162/1162 1949/1163/1163 1950/1158/1158 1918/1157/1157
f 1877/1160/1160 1915/1159/1159 1916/1164/1164 1879/1165/1165
f 1875/1155/1155 1877/1160/1160 1878/1166/1166 1876/1161/1161
f 1916/1164/1164 1948/1167/1167 1949/1163/1163 1917/1162/1162
f 1879/1165/1165 1916/1164/1164 1917/1162/1162 1881/1168/1168
f 1877/1160/1160 1879/1165/1165 1880/1169/1169 1878/1166/1166
f 1915/1159/1159 1947/1170/1170 1948/1167/1167 1916/1164/1164
f 1881/1168/1168 1917/1162/1162 1918/1157/1157 1883/1171/1171
f 1879/1165/1165 1881/1168/1168 1882/1172/1172 1880/1169/1169
f 1914/1154/1154 1946/1173/1173 1947/1170/1170 1915/1159/1159
f 1883/1171/1171 1918/1157/1157 1919/1152/1152 1885/1174/1174
f 1881/1168/1168 1883/1171/1171 1884/1175/1175 1882/1172/1172
f 1913/1149/1149 1945/1176/1176 1946/1173/1173 1914/1154/1154
f 1885/1174/1174 1919/1152/1152 1920/1147/1147 1887/1177/1177
f 1883/1171/1171 1885/1174/1174 1886/1178/1178 1884/1175/1175
f 1924/1061/1061 1954/1060/1060 1953/1143/1143 1952/1148/1148 1951/1153/1153 1950/1158/1158 1949/1163/1163 1948/1167/1167 1947/1170/1170 1946/1173/1173 1945/1176/1176 1944/1179/1179 1943/1180/1180 1942/1181/1181 1941/1073/1073 1940/1072/1072 1939/1078/1078 1938/1085/1085 1937/1090/1090 1936/1095/1095 1935/1100/1100 1934/1105/1105 1933/1109/1109 1932/1112/1112 1931/1115/1115 1930/1118/1118 1929/1121/1121 1928/1123/1123 1927/1126/1126 1926/1129/1129 1925/1132/1132 1923/1135/1135
f 1887/1177/1177 1920/1147/1147 1921/1142/1142 1889/1182/1182
f 1885/1174/1174 1887/1177/1177 1888/1183/1183 1886/1178/1178
f 1891/1184/1184 1922/1059/1059 1828/1062/1062 1829/1067/1067
f 1912/1144/1144 1944/1179/1179 1945/1176/1176 1913/1149/1149
f 1887/1177/1177 1889/1182/1182 1890/1185/1185 1888/1183/1183
f 1832/1069/1069 1834/1076/1076 1836/1083/1083 1838/1088/1088 1840/1093/1093 1842/1098/1098 1844/1103/1103 1846/1108/1108 1848/1111/1111 1850/1114/1114 1852/1117/1117 1854/1120/1120 1856/1122/1122 1858/1125/1125 1860/1128/1128 1862/1131/1131 1864/1134/1134 1866/1138/1138 1868/1141/1141 1870/1146/1146 1872/1151/1151 1874/1156/1156 1876/1161/1161 1878/1166/1166 1880/1169/1169 1882/1172/1172 1884/1175/1175 1886/1178/1178 1888/1183/1183 1890/1185/1185 1892/1186/1186 1830/1070/1070
f 1891/1184/1184 1829/1067/1067 1830/1070/1070 1892/1186/1186
f 1889/1182/1182 1891/1184/1184 1892/1186/1186 1890/1185/1185
f 1909/1074/1074 1941/1073/1073 1942/1181/1181 1910/1136/1136
f 1835/1066/1066 1894/1065/1065 1895/1080/1080 1837/1079/1079
f 1889/1182/1182 1921/1142/1142 1922/1059/1059 1891/1184/1184
f 1910/1136/1136 1942/1181/1181 1943/1180/1180 1911/1139/1139
f 1911/1139/1139 1943/1180/1180 1944/1179/1179 1912/1144/1144
f 1094/362/362 861/76/76 1958/1187/1187 1965/1188/1188
f 852/66/66 855/69/69 1956/1189/1189 1955/1190/1190
f 1669/912/912 1668/908/908 1973/1191/1191 1974/1192/1192
f 1121/267/267 1122/270/270 1971/1193/1193 1970/1194/1194
f 985/168/168 986/171/171 1964/1195/1195 1963/1196/1196
f 1101/286/286 1102/281/281 1967/1197/1197 1966/1198/1198
f 1668/908/908 1683/907/907 1980/1199/1199 1973/1191/1191
f 1672/902/902 1671/906/906 1976/1200/1200 1977/1201/1201
f 870/78/78 943/366/366 1962/1202/1202 1959/1203/1203
f 943/366/366 940/397/397 1961/1204/1204 1962/1202/1202
f 1117/262/262 1116/261/261 1968/1205/1205 1969/1206/1206
f 861/76/76 860/74/74 1957/1207/1207 1958/1187/1187
f 1670/913/913 1669/912/912 1974/1192/1192 1975/1208/1208
f 939/396/396 1674/915/915 1979/1209/1209 1960/1210/1210
f 1683/907/907 1698/926/926 1981/1211/1211 1980/1199/1199
f 860/74/74 852/66/66 1955/1190/1190 1957/1207/1207
f 1671/906/906 1670/913/913 1975/1208/1208 1976/1200/1200
f 940/397/397 939/396/396 1960/1210/1210 1961/1204/1204
f 855/69/69 870/78/78 1959/1203/1203 1956/1189/1189
f 1674/915/915 1673/903/903 1978/1212/1212 1979/1209/1209
f 1102/281/281 1117/262/262 1969/1206/1206 1967/1197/1197
f 986/171/171 1143/287/287 1972/1213/1213 1964/1195/1195
f 1116/261/261 1121/267/267 1970/1194/1194 1968/1205/1205
f 1122/270/270 1094/362/362 1965/1188/1188 1971/1193/1193
f 1673/903/903 1672/902/902 1977/1201/1201 1978/1212/1212
f 1143/287/287 1101/286/286 1966/1198/1198 1972/1213/1213
f 1682/914/914 1675/910/910 2000/1214/1214 2007/1215/1215
f 1679/911/911 1680/905/905 2005/1216/1216 2004/1217/1217
f 1532/691/691 1527/687/687 1995/1218/1218 1997/1219/1219
f 1505/779/779 1533/692/692 1998/1220/1220 1992/1221/1221
f 1697/929/929 1682/914/914 2007/1215/1215 2008/1222/1222
f 1266/500/500 1263/499/499 1982/1223/1223 1983/1224/1224
f 1675/910/910 1676/909/909 2001/1225/1225 2000/1214/1214
f 1350/811/811 1351/810/810 1988/1226/1226 1987/1227/1227
f 1678/900/900 1679/911/911 2004/1217/1217 2003/1228/1228
f 1512/709/709 1554/708/708 1999/1229/1229 1993/1230/1230
f 1554/708/708 1397/597/597 1991/1231/1231 1999/1229/1229
f 1272/509/509 1505/779/779 1992/1221/1221 1985/1232/1232
f 1271/508/508 1272/509/509 1985/1232/1232 1984/1233/1233
f 1533/692/692 1532/691/691 1997/1219/1219 1998/1220/1220
f 1676/909/909 1677/901/901 2002/1234/1234 2001/1225/1225
f 1681/904/904 1350/811/811 1987/1227/1227 2006/1235/1235
f 1263/499/499 1271/508/508 1984/1233/1233 1982/1223/1223
f 1354/783/783 1281/511/511 1986/1236/1236 1989/1237/1237
f 1397/597/597 1396/596/596 1990/1238/1238 1991/1231/1231
f 1281/511/511 1266/500/500 1983/1224/1224 1986/1236/1236
f 1677/901/901 1678/900/900 2003/1228/1228 2002/1234/1234
f 1680/905/905 1681/904/904 2006/1235/1235 2005/1216/1216
f 1527/687/687 1528/686/686 1996/1239/1239 1995/1218/1218
f 1513/703/703 1512/709/709 1993/1230/1230 1994/1240/1240
f 1351/810/810 1354/783/783 1989/1237/1237 1988/1226/1226
f 1528/686/686 1513/703/703 1994/1240/1240 1996/1239/1239
f 1999/1229/1229 1988/1226/1226 1989/1237/1237 1993/1230/1230
f 1993/1230/1230 1989/1237/1237 1986/1236/1236 1994/1240/1240
f 1983/1224/1224 1996/1239/1239 1994/1240/1240 1986/1236/1236
f 1982/1223/1223 1995/1218/1218 1996/1239/1239 1983/1224/1224
f 1995/1218/1218 1982/1223/1223 1984/1233/1233 1997/1219/1219
f 1997/1219/1219 1984/1233/1233 1985/1232/1232 1998/1220/1220
f 1985/1232/1232 1992/1221/1221 1998/1220/1220
f 1961/1204/1204 1972/1213/1213 1966/1198/1198 1962/1202/1202
f 1962/1202/1202 1966/1198/1198 1967/1197/1197 1959/1203/1203
f 1969/1206/1206 1956/1189/1189 1959/1203/1203 1967/1197/1197
f 1968/1205/1205 1955/1190/1190 1956/1189/1189 1969/1206/1206
f 1955/1190/1190 1968/1205/1205 1970/1194/1194 1957/1207/1207
f 1957/1207/1207 1970/1194/1194 1971/1193/1193 1958/1187/1187
f 1965/1188/1188 1958/1187/1187 1971/1193/1193
f 1972/1213/1213 1961/1204/1204 1964/1195/1195
f 1961/1204/1204 1963/1196/1196 1964/1195/1195
f 1988/1226/1226 1999/1229/1229 1991/1231/1231
f 1990/1238/1238 1988/1226/1226 1991/1231/1231
f 887/386/386 1636/857/857 2025/857/1241 2011/386/1242
f 896/382/382 884/381/381 2009/381/1243 2013/382/1244
f 1306/527/527 1308/526/526 2021/526/1245 2019/527/1246
f 897/93/93 895/92/92 2012/92/1247 2014/93/1248
f 1632/864/864 1298/801/801 2018/801/1249 2024/864/1250
f 1310/529/529 1646/886/886 2026/886/1251 2022/529/1252
f 1298/801/801 1297/800/800 2017/800/1253 2018/801/1249
f 886/385/385 887/386/386 2011/386/1242 2010/385/1254
f 1636/857/857 1628/866/866 2023/866/1255 2025/857/1241
f 1646/886/886 899/95/95 2015/95/1256 2026/886/1251
f 1628/866/866 1632/864/864 2024/864/1250 2023/866/1255
f 1307/799/799 1306/527/527 2019/527/1246 2020/799/1257
f 895/92/92 896/382/382 2013/382/1244 2012/92/1247
f 1308/526/526 1310/529/529 2022/529/1252 2021/526/1245
f 899/95/95 897/93/93 2014/93/1248 2015/95/1256
f 884/381/381 886/385/385 2010/385/1254 2009/381/1243
f 1297/800/800 1295/796/796 2016/796/1258 2017/800/1253
f 1295/796/796 1307/799/799 2020/799/1257 2016/796/1258
f 2009/381/1243 2010/385/1254 2011/386/1242 2025/857/1241 2023/866/1255 2024/864/1250 2018/801/1249 2017/800/1253 2016/796/1258 2020/799/1257 2019/527/1246 2021/526/1245 2022/529/1252 2026/886/1251 2015/95/1256 2014/93/1248 2012/92/1247 2013/382/1244
f 1570/833/833 1439/832/832 2067/1241/1259 2073/1242/1260
f 780/11/11 781/12/12 2030/1243/1261 2029/1244/1262
f 1252/473/473 1250/494/494 2065/1245/1263 2066/1246/1264
f 792/41/41 1613/846/846 2075/1247/1265 2033/1248/1266
f 1445/634/634 1441/631/631 2069/1249/1267 2070/1250/1268
f 1568/733/733 1569/731/731 2072/1251/1269 2071/1252/1270
f 834/56/56 835/59/59 2040/1253/1271 2039/1254/1272
f 1439/832/832 1445/634/634 2070/1250/1268 2067/1241/1259
f 1203/474/474 1252/473/473 2066/1246/1264 2057/1255/1273
f 1028/420/420 1159/421/421 2049/1256/1274 2043/1257/1275
f 835/59/59 839/61/61 2041/1258/1276 2040/1253/1271
f 1245/489/489 1568/733/733 2071/1252/1270 2063/1259/1277
f 1208/463/463 1207/466/466 2058/1260/1278 2059/1261/1279
f 803/38/38 800/35/35 2036/1262/1280 2037/1263/1281
f 781/12/12 782/14/14 2031/1264/1282 2030/1243/1261
f 1158/311/311 1157/313/313 2047/1265/1283 2048/1266/1284
f 1214/471/471 1215/843/843 2062/1267/1285 2061/1268/1286
f 773/9/9 777/10/10 2028/1269/1287 2027/1270/1288
f 784/433/433 804/432/432 2038/1271/1289 2032/1272/1290
f 1571/730/730 1570/833/833 2073/1242/1260 2074/1273/1291
f 1441/631/631 1440/633/633 2068/1274/1292 2069/1249/1267
f 1195/844/844 1624/855/855 2080/1275/1293 2056/1276/1294
f 839/61/61 841/42/42 2042/1277/1295 2041/1258/1276
f 1192/445/445 1191/444/444 2053/1278/1296 2054/1279/1297
f 1159/421/421 1160/312/312 2050/1280/1298 2049/1256/1274
f 800/35/35 796/31/31 2034/1281/1299 2036/1262/1280
f 1440/633/633 1193/447/447 2055/1282/1300 2068/1274/1292
f 797/30/30 773/9/9 2027/1270/1288 2035/1283/1301
f 841/42/42 792/41/41 2033/1248/1266 2042/1277/1295
f 777/10/10 780/11/11 2029/1244/1262 2028/1269/1287
f 1215/843/843 1195/844/844 2056/1276/1294 2062/1267/1285
f 1030/207/207 1034/211/211 2046/1284/1302 2045/1285/1303
f 1211/468/468 1214/471/471 2061/1268/1286 2060/1286/1304
f 1193/447/447 1192/445/445 2054/1279/1297 2055/1282/1300
f 782/14/14 1029/208/208 2044/1287/1305 2031/1264/1282
f 1034/211/211 1028/420/420 2043/1257/1275 2046/1284/1302
f 1188/443/443 1184/442/442 2051/1288/1306 2052/1289/1307
f 1624/855/855 1622/853/853 2079/1290/1308 2080/1275/1293
f 1184/442/442 1208/463/463 2059/1261/1279 2051/1288/1306
f 1615/848/848 1617/850/850 2077/1291/1309 2076/1292/1310
f 1569/731/731 1571/730/730 2074/1273/1291 2072/1251/1269
f 1029/208/208 1030/207/207 2045/1285/1303 2044/1287/1305
f 1207/466/466 1211/468/468 2060/1286/1304 2058/1260/1278
f 1617/850/850 784/433/433 2032/1272/1290 2077/1291/1309
f 1191/444/444 1188/443/443 2052/1289/1307 2053/1278/1296
f 1160/312/312 1158/311/311 2048/1266/1284 2050/1280/1298
f 1622/853/853 1620/851/851 2078/1293/1311 2079/1290/1308
f 1246/490/490 1245/489/489 2063/1259/1277 2064/1294/1312
f 796/31/31 797/30/30 2035/1283/1301 2034/1281/1299
f 1250/494/494 1246/490/490 2064/1294/1312 2065/1245/1263
f 1613/846/846 1615/848/848 2076/1292/1310 2075/1247/1265
f 804/432/432 803/38/38 2037/1263/1281 2038/1271/1289
f 1157/313/313 834/56/56 2039/1254/1272 2047/1265/1283
f 1620/851/851 1203/474/474 2057/1255/1273 2078/1293/1311
f 2027/1270/1288 2028/1269/1287 2029/1244/1262 2030/1243/1261 2031/1264/1282 2044/1287/1305 2045/1285/1303 2046/1284/1302 2043/1257/1275 2049/1256/1274 2050/1280/1298 2048/1266/1284 2047/1265/1283 2039/1254/1272 2040/1253/1271 2041/1258/1276 2042/1277/1295 2033/1248/1266 2075/1247/1265 2076/1292/1310 2077/1291/1309 2032/1272/1290 2038/1271/1289 2037/1263/1281 2036/1262/1280 2034/1281/1299 2035/1283/1301
f 2052/1289/1307 2051/1288/1306 2059/1261/1279 2058/1260/1278 2060/1286/1304 2061/1268/1286 2062/1267/1285 2056/1276/1294 2080/1275/1293 2079/1290/1308 2078/1293/1311 2057/1255/1273 2066/1246/1264 2065/1245/1263 2064/1294/1312 2063/1259/1277 2071/1252/1270 2072/1251/1269 2074/1273/1291 2073/1242/1260 2067/1241/1259 2070/1250/1268 2069/1249/1267 2068/1274/1292 2055/1282/1300 2054/1279/1297 2053/1278/1296
f 2206/1295/1313 2089/1296/1314 2090/1297/1315 2207/1298/1316
f 2208/1299/1317 2209/1300/1318 2091/1301/1319 2092/1302/1320
f 2205/1303/1321 2208/1299/1317 2092/1302/1320 2087/1304/1322
f 2090/1297/1315 2094/1305/1323 2093/1306/1324 2091/1301/1319
f 2207/1298/1316 2090/1297/1315 2091/1301/1319 2209/1300/1318
f 2210/1307/1325 2211/1308/1326 2095/1309/1327 2096/1310/1328
f 2128/1311/1329 2124/1312/1330 2126/1313/1331 2129/1314/1332
f 2124/1312/1330 2128/1311/1329 2131/1315/1333 2127/1316/1334
f 2128/1311/1329 2135/1317/1335 2136/1318/1336 2131/1315/1333
f 2133/1319/1337 2136/1318/1336 2137/1320/1338 2134/1321/1339
f 2137/1320/1338 2136/1318/1336 2135/1317/1335 2138/1322/1340
f 2131/1315/1333 2136/1318/1336 2133/1319/1337 2130/1323/1341
f 2126/1313/1331 2085/1324/1342 2120/1325/1343 2114/1326/1344
f 2205/1303/1321 2087/1304/1322 2123/1327/1345 2212/1328/1346
f 2087/1304/1322 2088/1329/1347 2121/1330/1348 2123/1327/1345
f 2105/1331/1349 2092/1302/1320 2091/1301/1319 2093/1306/1324
f 2087/1304/1322 2092/1302/1320 2105/1331/1349 2088/1329/1347
f 2090/1297/1315 2089/1296/1314 2102/1332/1350 2094/1305/1323
f 2096/1310/1328 2095/1309/1327 2082/1333/1351 2097/1334/1352
f 2089/1296/1314 2096/1310/1328 2097/1334/1352 2102/1332/1350
f 2206/1295/1313 2210/1307/1325 2096/1310/1328 2089/1296/1314
f 2097/1334/1352 2082/1333/1351 2084/1335/1353 2132/1336/1354
f 2102/1332/1350 2097/1334/1352 2132/1336/1354 2103/1337/1355
f 2098/1338/1356 2132/1336/1354 2084/1335/1353 2083/1339/1357
f 2088/1329/1347 2099/1340/1358 2122/1341/1359 2121/1330/1348
f 2110/1342/1360 2099/1340/1358 2100/1343/1361 2101/1344/1362
f 2102/1332/1350 2103/1337/1355 2104/1345/1363 2094/1305/1323
f 2088/1329/1347 2105/1331/1349 2100/1343/1361 2099/1340/1358
f 2093/1306/1324 2094/1305/1323 2104/1345/1363 2106/1346/1364
f 2100/1343/1361 2105/1331/1349 2093/1306/1324 2106/1346/1364
f 2101/1344/1362 2100/1343/1361 2106/1346/1364 2111/1347/1365
f 2238/1348/1366 2109/1349/1367 2081/1350/1368 2240/1351/1369
f 2116/1352/1370 2113/1353/1371 2117/1354/1372 2141/1355/1373
f 2118/1356/1374 2115/1357/1375 2116/1352/1370 2141/1355/1373
f 2124/1312/1330 2125/1358/1376 2085/1324/1342 2126/1313/1331
f 2125/1358/1376 2124/1312/1330 2127/1316/1334 2086/1359/1377
f 2098/1338/1356 2083/1339/1357 2086/1359/1377 2127/1316/1334
f 2130/1323/1341 2098/1338/1356 2127/1316/1334 2131/1315/1333
f 2130/1323/1341 2103/1337/1355 2132/1336/1354 2098/1338/1356
f 2103/1337/1355 2130/1323/1341 2133/1319/1337 2104/1345/1363
f 2104/1345/1363 2133/1319/1337 2134/1321/1339 2106/1346/1364
f 2118/1356/1374 2135/1317/1335 2128/1311/1329 2129/1314/1332
f 2111/1347/1365 2106/1346/1364 2134/1321/1339 2139/1360/1378
f 2137/1320/1338 2112/1361/1379 2139/1360/1378 2134/1321/1339
f 2137/1320/1338 2138/1322/1340 2140/1362/1380 2112/1361/1379
f 2138/1322/1340 2141/1355/1373 2117/1354/1372 2140/1362/1380
f 2118/1356/1374 2141/1355/1373 2138/1322/1340 2135/1317/1335
f 2118/1356/1374 2129/1314/1332 2142/1363/1381 2115/1357/1375
f 2126/1313/1331 2114/1326/1344 2142/1363/1381 2129/1314/1332
f 2206/1295/1313 2207/1298/1316 2152/1364/1382 2151/1365/1383
f 2208/1299/1317 2154/1366/1384 2153/1367/1385 2209/1300/1318
f 2205/1303/1321 2149/1368/1386 2154/1366/1384 2208/1299/1317
f 2152/1364/1382 2153/1367/1385 2155/1369/1387 2156/1370/1388
f 2207/1298/1316 2209/1300/1318 2153/1367/1385 2152/1364/1382
f 2210/1307/1325 2158/1371/1389 2157/1372/1390 2211/1308/1326
f 2190/1373/1391 2191/1374/1392 2188/1375/1393 2186/1376/1394
f 2186/1376/1394 2189/1377/1395 2193/1378/1396 2190/1373/1391
f 2190/1373/1391 2193/1378/1396 2198/1379/1397 2197/1380/1398
f 2195/1381/1399 2196/1382/1400 2199/1383/1401 2198/1379/1397
f 2199/1383/1401 2200/1384/1402 2197/1380/1398 2198/1379/1397
f 2193/1378/1396 2192/1385/1403 2195/1381/1399 2198/1379/1397
f 2188/1375/1393 2176/1386/1404 2182/1387/1405 2147/1388/1406
f 2205/1303/1321 2212/1328/1346 2185/1389/1407 2149/1368/1386
f 2149/1368/1386 2185/1389/1407 2183/1390/1408 2150/1391/1409
f 2167/1392/1410 2155/1369/1387 2153/1367/1385 2154/1366/1384
f 2149/1368/1386 2150/1391/1409 2167/1392/1410 2154/1366/1384
f 2152/1364/1382 2156/1370/1388 2164/1393/1411 2151/1365/1383
f 2158/1371/1389 2159/1394/1412 2144/1395/1413 2157/1372/1390
f 2151/1365/1383 2164/1393/1411 2159/1394/1412 2158/1371/1389
f 2206/1295/1313 2151/1365/1383 2158/1371/1389 2210/1307/1325
f 2159/1394/1412 2194/1396/1414 2146/1397/1415 2144/1395/1413
f 2164/1393/1411 2165/1398/1416 2194/1396/1414 2159/1394/1412
f 2160/1399/1417 2145/1400/1418 2146/1397/1415 2194/1396/1414
f 2150/1391/1409 2183/1390/1408 2184/1401/1419 2161/1402/1420
f 2172/1403/1421 2163/1404/1422 2162/1405/1423 2161/1402/1420
f 2164/1393/1411 2156/1370/1388 2166/1406/1424 2165/1398/1416
f 2150/1391/1409 2161/1402/1420 2162/1405/1423 2167/1392/1410
f 2155/1369/1387 2168/1407/1425 2166/1406/1424 2156/1370/1388
f 2162/1405/1423 2168/1407/1425 2155/1369/1387 2167/1392/1410
f 2163/1404/1422 2173/1408/1426 2168/1407/1425 2162/1405/1423
f 2169/1409/1427 2170/1410/1428 2242/1411/1429 2245/1412/1430
f 2227/1413/1431 2169/1409/1427 2245/1412/1430 2244/1414/1432
f 2244/1414/1432 2179/1415/1433 2227/1413/1431
f 2178/1416/1434 2203/1417/1435 2179/1415/1433 2175/1418/1436
f 2180/1419/1437 2203/1417/1435 2178/1416/1434 2177/1420/1438
f 2186/1376/1394 2188/1375/1393 2147/1388/1406 2187/1421/1439
f 2187/1421/1439 2148/1422/1440 2189/1377/1395 2186/1376/1394
f 2160/1399/1417 2189/1377/1395 2148/1422/1440 2145/1400/1418
f 2192/1385/1403 2193/1378/1396 2189/1377/1395 2160/1399/1417
f 2192/1385/1403 2160/1399/1417 2194/1396/1414 2165/1398/1416
f 2165/1398/1416 2166/1406/1424 2195/1381/1399 2192/1385/1403
f 2166/1406/1424 2168/1407/1425 2196/1382/1400 2195/1381/1399
f 2180/1419/1437 2191/1374/1392 2190/1373/1391 2197/1380/1398
f 2173/1408/1426 2201/1423/1441 2196/1382/1400 2168/1407/1425
f 2199/1383/1401 2196/1382/1400 2201/1423/1441 2174/1424/1442
f 2199/1383/1401 2174/1424/1442 2202/1425/1443 2200/1384/1402
f 2200/1384/1402 2202/1425/1443 2179/1415/1433 2203/1417/1435
f 2180/1419/1437 2197/1380/1398 2200/1384/1402 2203/1417/1435
f 2180/1419/1437 2177/1420/1438 2204/1426/1444 2191/1374/1392
f 2188/1375/1393 2191/1374/1392 2204/1426/1444 2176/1386/1404
f 2179/1415/1433 2202/1425/1443 2232/1427/1445 2227/1413/1431
f 2201/1423/1441 2173/1408/1426 2225/1428/1446 2231/1429/1447
f 2112/1361/1379 2140/1362/1380 2222/1430/1448 2216/1431/1449
f 2123/1327/1345 2121/1330/1348 2218/1432/1450 2220/1433/1451
f 2224/1434/1452 2172/1403/1421 2184/1401/1419 2229/1435/1453
f 2202/1425/1443 2174/1424/1442 2226/1436/1454 2232/1427/1445
f 2110/1342/1360 2214/1437/1455 2219/1438/1456 2122/1341/1359
f 2121/1330/1348 2122/1341/1359 2219/1438/1456 2218/1432/1450
f 2101/1344/1362 2111/1347/1365 2215/1439/1457 2213/1440/1458
f 2185/1389/1407 2212/1328/1346 2233/1441/1459 2230/1442/1460
f 2173/1408/1426 2163/1404/1422 2223/1443/1461 2225/1428/1446
f 2161/1402/1420 2184/1401/1419 2172/1403/1421
f 2110/1342/1360 2101/1344/1362 2213/1440/1458 2214/1437/1455
f 2183/1390/1408 2185/1389/1407 2230/1442/1460 2228/1444/1462
f 2122/1341/1359 2099/1340/1358 2110/1342/1360
f 2163/1404/1422 2172/1403/1421 2224/1434/1452 2223/1443/1461
f 2139/1360/1378 2112/1361/1379 2216/1431/1449 2221/1445/1463
f 2174/1424/1442 2201/1423/1441 2231/1429/1447 2226/1436/1454
f 2184/1401/1419 2183/1390/1408 2228/1444/1462 2229/1435/1453
f 2140/1362/1380 2117/1354/1372 2217/1446/1464 2222/1430/1448
f 2212/1328/1346 2123/1327/1345 2220/1433/1451 2233/1441/1459
f 2111/1347/1365 2139/1360/1378 2221/1445/1463 2215/1439/1457
f 2238/1348/1366 2239/1447/1465 2119/1448/1466 2109/1349/1367
f 2117/1354/1372 2113/1353/1371 2119/1448/1466 2239/1447/1465
f 2242/1411/1429 2170/1410/1428 2237/1449/1467 2243/1450/1468
f 2240/1351/1369 2081/1350/1368 2234/1451/1469 2241/1452/1470
f 2108/1453/1471 2240/1351/1369 2241/1452/1470 2235/1454/1472
f 2107/1455/1473 2217/1446/1464 2239/1447/1465 2238/1348/1366
f 2107/1455/1473 2238/1348/1366 2240/1351/1369 2108/1453/1471
f 2217/1446/1464 2117/1354/1372 2239/1447/1465
f 2143/1456/1474 2242/1411/1429 2243/1450/1468 2236/1457/1475
f 2245/1412/1430 2242/1411/1429 2143/1456/1474 2171/1458/1476
f 2244/1414/1432 2245/1412/1430 2171/1458/1476 2181/1459/1477
f 2181/1459/1477 2175/1418/1436 2179/1415/1433 2244/1414/1432
f 2233/1441/1459 2220/1433/1451 2257/1460/1478 2270/1461/1479
f 2231/1429/1447 2225/1428/1446 2262/1462/1480 2268/1463/1481
f 2229/1435/1453 2228/1444/1462 2265/1464/1482 2266/1465/1483
f 2216/1431/1449 2222/1430/1448 2259/1466/1484 2253/1467/1485
f 2220/1433/1451 2218/1432/1450 2255/1468/1486 2257/1460/1478
f 2232/1427/1445 2226/1436/1454 2263/1469/1487 2269/1470/1488
f 2237/1449/1467 2170/1410/1428 2249/1471/1489 2272/1472/1490
f 2223/1443/1461 2224/1434/1452 2261/1473/1491 2260/1474/1492
f 2221/1445/1463 2216/1431/1449 2253/1467/1485 2258/1475/1493
f 2218/1432/1450 2219/1438/1456 2256/1476/1494 2255/1468/1486
f 2226/1436/1454 2231/1429/1447 2268/1463/1481 2263/1469/1487
f 2170/1410/1428 2169/1409/1427 2248/1477/1495 2249/1471/1489
f 2224/1434/1452 2229/1435/1453 2266/1465/1483 2261/1473/1491
f 2217/1446/1464 2107/1455/1473 2246/1478/1496 2254/1479/1497
f 2222/1430/1448 2217/1446/1464 2254/1479/1497 2259/1466/1484
f 2107/1455/1473 2108/1453/1471 2247/1480/1498 2246/1478/1496
f 2214/1437/1455 2213/1440/1458 2250/1481/1499 2251/1482/1500
f 2227/1413/1431 2232/1427/1445 2269/1470/1488 2264/1483/1501
f 2219/1438/1456 2214/1437/1455 2251/1482/1500 2256/1476/1494
f 2169/1409/1427 2227/1413/1431 2264/1483/1501 2248/1477/1495
f 2230/1442/1460 2233/1441/1459 2270/1461/1479 2267/1484/1502
f 2213/1440/1458 2215/1439/1457 2252/1485/1503 2250/1481/1499
f 2108/1453/1471 2235/1454/1472 2271/1486/1504 2247/1480/1498
f 2225/1428/1446 2223/1443/1461 2260/1474/1492 2262/1462/1480
f 2228/1444/1462 2230/1442/1460 2267/1484/1502 2265/1464/1482
f 2215/1439/1457 2221/1445/1463 2258/1475/1493 2252/1485/1503
f 2145/1400/1418 2148/1422/1440 2285/1487/1505 2282/1488/1506
f 2274/1489/1507 2275/1490/1508 2273/1491/1509 2278/1492/1510 2289/1493/1511 2286/1494/1512 2281/1495/1513 2283/1496/1514 2282/1488/1506 2285/1487/1505 2288/1497/1515 2284/1498/1516 2287/1499/1517 2279/1500/1518 2276/1501/1519 2280/1502/1520 2277/1503/1521
f 2083/1339/1357 2084/1335/1353 2275/1490/1508 2274/1489/1507
f 2147/1388/1406 2182/1387/1405 2287/1499/1517 2284/1498/1516
f 2082/1333/1351 2095/1309/1327 2278/1492/1510 2273/1491/1509
f 2125/1358/1376 2086/1359/1377 2277/1503/1521 2280/1502/1520
f 2146/1397/1415 2145/1400/1418 2282/1488/1506 2283/1496/1514
f 2084/1335/1353 2082/1333/1351 2273/1491/1509 2275/1490/1508
f 2095/1309/1327 2211/1308/1326 2289/1493/1511 2278/1492/1510
f 2144/1395/1413 2146/1397/1415 2283/1496/1514 2281/1495/1513
f 2157/1372/1390 2144/1395/1413 2281/1495/1513 2286/1494/1512
f 2148/1422/1440 2187/1421/1439 2288/1497/1515 2285/1487/1505
f 2085/1324/1342 2125/1358/1376 2280/1502/1520 2276/1501/1519
f 2120/1325/1343 2085/1324/1342 2276/1501/1519 2279/1500/1518
f 2211/1308/1326 2157/1372/1390 2286/1494/1512 2289/1493/1511
f 2182/1387/1405 2120/1325/1343 2279/1500/1518 2287/1499/1517
f 2086/1359/1377 2083/1339/1357 2274/1489/1507 2277/1503/1521
f 2187/1421/1439 2147/1388/1406 2284/1498/1516 2288/1497/1515
usemtl spine/throat/hoses.001
f 20/1504/1522 19/1505/1523 51/1506/1524 52/1507/1525
f 25/1508/1526 24/1509/1527 56/1510/1528 57/1511/1529
f 30/1512/1530 29/1513/1531 61/1514/1532 62/1515/1533
f 4/1516/1534 3/1517/1535 35/1518/1536 36/1519/1537
f 9/1520/1538 8/1521/1539 40/1522/1540 41/1523/1541
f 14/1524/1542 13/1525/1543 45/1526/1544 46/1527/1545
f 19/1505/1523 18/1528/1546 50/1529/1547 51/1506/1524
f 24/1509/1527 23/1530/1548 55/1531/1549 56/1510/1528
f 29/1513/1531 28/1532/1550 60/1533/1551 61/1514/1532
f 3/1517/1535 2/1534/1552 34/1535/1553 35/1518/1536
f 8/1521/1539 7/1536/1554 39/1537/1555 40/1522/1540
f 13/1525/1543 12/1538/1556 44/1539/1557 45/1526/1544
f 18/1528/1546 17/1540/1558 49/1541/1559 50/1529/1547
f 23/1530/1548 22/1542/1560 54/1543/1561 55/1531/1549
f 28/1532/1550 27/1544/1562 59/1545/1563 60/1533/1551
f 1/1546/1564 32/1547/1565 64/1548/1566 33/1549/1567
f 2/1534/1552 1/1546/1564 33/1549/1567 34/1535/1553
f 7/1536/1554 6/1550/1568 38/1551/1569 39/1537/1555
f 12/1538/1556 11/1552/1570 43/1553/1571 44/1539/1557
f 17/1540/1558 16/1554/1572 48/1555/1573 49/1541/1559
f 22/1542/1560 21/1556/1574 53/1557/1575 54/1543/1561
f 27/1544/1562 26/1558/1576 58/1559/1577 59/1545/1563
f 32/1547/1565 31/1560/1578 63/1561/1579 64/1548/1566
f 6/1550/1568 5/1562/1580 37/1563/1581 38/1551/1569
f 11/1552/1570 10/1564/1582 42/1565/1583 43/1553/1571
f 16/1554/1572 15/1566/1584 47/1567/1585 48/1555/1573
f 21/1556/1574 20/1504/1522 52/1507/1525 53/1557/1575
f 26/1558/1576 25/1508/1526 57/1511/1529 58/1559/1577
f 31/1560/1578 30/1512/1530 62/1515/1533 63/1561/1579
f 5/1562/1580 4/1516/1534 36/1519/1537 37/1563/1581
f 10/1564/1582 9/1520/1538 41/1523/1541 42/1565/1583
f 15/1566/1584 14/1524/1542 46/1527/1545 47/1567/1585
f 78/1568/1586 77/1569/1587 109/1570/1588 110/1571/1589
f 83/1572/1590 82/1573/1591 114/1574/1592 115/1575/1593
f 88/1576/1594 87/1577/1595 119/1578/1596 120/1579/1597
f 93/1580/1598 92/1581/1599 124/1582/1600 125/1583/1601
f 67/1584/1602 66/1585/1603 98/1586/1604 99/1587/1605
f 72/1588/1606 71/1589/1607 103/1590/1608 104/1591/1609
f 77/1569/1587 76/1592/1610 108/1593/1611 109/1570/1588
f 82/1573/1591 81/1594/1612 113/1595/1613 114/1574/1592
f 87/1577/1595 86/1596/1614 118/1597/1615 119/1578/1596
f 92/1581/1599 91/1598/1616 123/1599/1617 124/1582/1600
f 65/1600/1618 96/1601/1619 128/1602/1620 97/1603/1621
f 66/1585/1603 65/1600/1618 97/1603/1621 98/1586/1604
f 71/1589/1607 70/1604/1622 102/1605/1623 103/1590/1608
f 76/1592/1610 75/1606/1624 107/1607/1625 108/1593/1611
f 81/1594/1612 80/1608/1626 112/1609/1627 113/1595/1613
f 86/1596/1614 85/1610/1628 117/1611/1629 118/1597/1615
f 91/1598/1616 90/1612/1630 122/1613/1631 123/1599/1617
f 96/1601/1619 95/1614/1632 127/1615/1633 128/1602/1620
f 70/1604/1622 69/1616/1634 101/1617/1635 102/1605/1623
f 75/1606/1624 74/1618/1636 106/1619/1637 107/1607/1625
f 80/1608/1626 79/1620/1638 111/1621/1639 112/1609/1627
f 85/1610/1628 84/1622/1640 116/1623/1641 117/1611/1629
f 90/1612/1630 89/1624/1642 121/1625/1643 122/1613/1631
f 95/1614/1632 94/1626/1644 126/1627/1645 127/1615/1633
f 69/1616/1634 68/1628/1646 100/1629/1647 101/1617/1635
f 74/1618/1636 73/1630/1648 105/1631/1649 106/1619/1637
f 79/1620/1638 78/1568/1586 110/1571/1589 111/1621/1639
f 84/1622/1640 83/1572/1590 115/1575/1593 116/1623/1641
f 89/1624/1642 88/1576/1594 120/1579/1597 121/1625/1643
f 94/1626/1644 93/1580/1598 125/1583/1601 126/1627/1645
f 68/1628/1646 67/1584/1602 99/1587/1605 100/1629/1647
f 73/1630/1648 72/1588/1606 104/1591/1609 105/1631/1649
f 136/1632/1650 135/1633/1651 167/1634/1652 168/1635/1653
f 141/1636/1654 140/1637/1655 172/1638/1656 173/1639/1657
f 146/1640/1658 145/1641/1659 177/1642/1660 178/1643/1661
f 151/1644/1662 150/1645/1663 182/1646/1664 183/1647/1665
f 156/1648/1666 155/1649/1667 187/1650/1668 188/1651/1669
f 129/1652/1670 160/1653/1671 192/1654/1672 161/1655/1673
f 130/1656/1674 129/1652/1670 161/1655/1673 162/1657/1675
f 135/1633/1651 134/1658/1676 166/1659/1677 167/1634/1652
f 140/1637/1655 139/1660/1678 171/1661/1679 172/1638/1656
f 145/1641/1659 144/1662/1680 176/1663/1681 177/1642/1660
f 150/1645/1663 149/1664/1682 181/1665/1683 182/1646/1664
f 155/1649/1667 154/1666/1684 186/1667/1685 187/1650/1668
f 160/1653/1671 159/1668/1686 191/1669/1687 192/1654/1672
f 134/1658/1676 133/1670/1688 165/1671/1689 166/1659/1677
f 139/1660/1678 138/1672/1690 170/1673/1691 171/1661/1679
f 144/1662/1680 143/1674/1692 175/1675/1693 176/1663/1681
f 149/1664/1682 148/1676/1694 180/1677/1695 181/1665/1683
f 154/1666/1684 153/1678/1696 185/1679/1697 186/1667/1685
f 159/1668/1686 158/1680/1698 190/1681/1699 191/1669/1687
f 133/1670/1688 132/1682/1700 164/1683/1701 165/1671/1689
f 138/1672/1690 137/1684/1702 169/1685/1703 170/1673/1691
f 143/1674/1692 142/1686/1704 174/1687/1705 175/1675/1693
f 148/1676/1694 147/1688/1706 179/1689/1707 180/1677/1695
f 153/1678/1696 152/1690/1708 184/1691/1709 185/1679/1697
f 158/1680/1698 157/1692/1710 189/1693/1711 190/1681/1699
f 132/1682/1700 131/1694/1712 163/1695/1713 164/1683/1701
f 137/1684/1702 136/1632/1650 168/1635/1653 169/1685/1703
f 142/1686/1704 141/1636/1654 173/1639/1657 174/1687/1705
f 147/1688/1706 146/1640/1658 178/1643/1661 179/1689/1707
f 152/1690/1708 151/1644/1662 183/1647/1665 184/1691/1709
f 157/1692/1710 156/1648/1666 188/1651/1669 189/1693/1711
f 131/1694/1712 130/1656/1674 162/1657/1675 163/1695/1713
f 194/1696/1714 193/1697/1715 225/1698/1716 226/1699/1717
s 0
f 210/1700/1718 211/1701/1719 270/1701/1720 271/1700/1719
s 1
f 199/1702/1721 198/1703/1722 230/1704/1723 231/1705/1724
f 204/1706/1725 203/1707/1726 235/1708/1727 236/1709/1728
f 209/1710/1729 208/1711/1730 240/1712/1731 241/1713/1732
f 214/1714/1733 213/1715/1734 245/1716/1735 246/1717/1736
f 219/1718/1737 218/1719/1738 250/1720/1739 251/1721/1740
f 224/1722/1741 223/1723/1742 255/1724/1743 256/1725/1744
f 198/1703/1722 197/1726/1745 229/1727/1746 230/1704/1723
f 203/1707/1726 202/1728/1747 234/1729/1748 235/1708/1727
f 208/1711/1730 207/1730/1749 239/1731/1750 240/1712/1731
f 213/1715/1734 212/1732/1751 244/1733/1752 245/1716/1735
f 218/1719/1738 217/1734/1753 249/1735/1754 250/1720/1739
f 223/1723/1742 222/1736/1755 254/1737/1756 255/1724/1743
f 197/1726/1745 196/1738/1757 228/1739/1758 229/1727/1746
f 202/1728/1747 201/1740/1759 233/1741/1760 234/1729/1748
f 207/1730/1749 206/1742/1761 238/1743/1762 239/1731/1750
f 212/1732/1751 211/1701/1763 243/1744/1764 244/1733/1752
f 217/1734/1753 216/1745/1765 248/1746/1766 249/1735/1754
f 222/1736/1755 221/1747/1767 253/1748/1768 254/1737/1756
f 196/1738/1757 195/1749/1769 227/1750/1770 228/1739/1758
f 201/1740/1759 200/1751/1771 232/1752/1772 233/1741/1760
f 206/1742/1761 205/1753/1773 237/1754/1774 238/1743/1762
f 211/1701/1763 210/1700/1775 242/1755/1776 243/1744/1764
f 216/1745/1765 215/1756/1777 247/1757/1778 248/1746/1766
f 221/1747/1767 220/1758/1779 252/1759/1780 253/1748/1768
f 195/1749/1769 194/1696/1714 226/1699/1717 227/1750/1770
f 200/1751/1771 199/1702/1721 231/1705/1724 232/1752/1772
f 205/1753/1773 204/1706/1725 236/1709/1728 237/1754/1774
f 210/1700/1775 209/1710/1729 241/1713/1732 242/1755/1776
f 215/1756/1777 214/1714/1733 246/1717/1736 247/1757/1778
f 220/1758/1779 219/1718/1737 251/1721/1740 252/1759/1780
f 193/1697/1715 224/1722/1741 256/1725/1744 225/1698/1716
s 0
f 205/1753/1773 206/1742/1781 275/1742/1782 276/1753/1719
f 200/1751/1771 201/1740/1781 280/1740/1783 281/1751/1719
f 195/1749/1784 196/1738/1781 285/1738/1785 286/1749/1719
f 221/1747/1786 222/1736/1719 259/1736/1782 260/1747/1719
f 216/1745/1765 217/1734/1719 264/1734/1783 265/1745/1719
f 211/1701/1763 212/1732/1719 269/1732/1782 270/1701/1719
f 206/1742/1761 207/1730/1781 274/1730/1720 275/1742/1719
f 201/1740/1787 202/1728/1781 279/1728/1788 280/1740/1719
f 196/1738/1757 197/1726/1781 284/1726/1789 285/1738/1719
f 222/1736/1790 223/1723/1719 258/1723/1720 259/1736/1719
f 217/1734/1791 218/1719/1719 263/1719/1792 264/1734/1719
f 212/1732/1793 213/1715/1719 268/1715/1794 269/1732/1719
f 207/1730/1749 208/1711/1781 273/1711/1795 274/1730/1719
f 202/1728/1796 203/1707/1781 278/1707/1797 279/1728/1719
f 197/1726/1745 198/1703/1781 283/1703/1798 284/1726/1719
f 223/1723/1742 224/1722/1781 257/1722/1795 258/1723/1719
f 218/1719/1799 219/1718/1719 262/1718/1800 263/1719/1719
f 213/1715/1801 214/1714/1719 267/1714/1798 268/1715/1719
f 208/1711/1802 209/1710/1781 272/1710/1803 273/1711/1719
f 203/1707/1726 204/1706/1781 277/1706/1804 278/1707/1719
f 198/1703/1805 199/1702/1781 282/1702/1800 283/1703/1719
s 1
f 288/1697/1806 287/1696/1807 286/1749/1720 285/1738/1782 284/1726/1808 283/1703/1804 282/1702/1800 281/1751/1788 280/1740/1809 279/1728/1788 278/1707/1800 277/1706/1804 276/1753/1808 275/1742/1782 274/1730/1810 273/1711/1811 272/1710/1812 271/1700/1813 270/1701/1720 269/1732/1814 268/1715/1794 267/1714/1804 266/1756/1800 265/1745/1815 264/1734/1809 263/1719/1788 262/1718/1816 261/1758/1804 260/1747/1794 259/1736/1782 258/1723/1720 257/1722/1795
s 0
f 193/1697/1817 194/1696/1781 287/1696/1795 288/1697/1719
s 1
f 149/1664/1682 150/1645/1663 5531/1645/1818 5530/1664/1818
f 92/1581/1599 93/1580/1598 5442/1580/1819 5441/1581/1820
f 30/1512/1530 31/1560/1578 5476/1560/1821 5475/1512/1822
f 185/1679/1697 184/1691/1709 504/1760/1823 505/1761/1824
f 128/1602/1620 127/1615/1633 447/1762/1825 448/1763/1826
f 35/1518/1536 34/1535/1553 354/1764/1827 355/1765/1828
s 0
f 224/1722/1829 193/1697/1781 288/1697/1806 257/1722/1719
f 219/1718/1737 220/1758/1719 261/1758/1798 262/1718/1719
f 214/1714/1733 215/1756/1719 266/1756/1800 267/1714/1719
f 209/1710/1830 210/1700/1719 271/1700/1795 272/1710/1719
f 204/1706/1831 205/1753/1781 276/1753/1789 277/1706/1719
f 199/1702/1832 200/1751/1781 281/1751/1792 282/1702/1719
f 194/1696/1833 195/1749/1781 286/1749/1720 287/1696/1719
f 220/1758/1779 221/1747/1719 260/1747/1794 261/1758/1719
f 215/1756/1834 216/1745/1719 265/1745/1792 266/1756/1719
s 1
f 311/1766/1835 310/1767/1836 342/1768/1837 343/1769/1838
f 322/1770/1839 321/1771/1840 352/1772/1841 351/1773/1842 350/1774/1843 349/1775/1844 348/1776/1845 347/1777/1846 346/1778/1847 345/1779/1848 344/1780/1849 343/1769/1838 342/1768/1837 341/1781/1850 340/1782/1851 339/1783/1852 338/1784/1853 337/1785/1854 336/1786/1855 335/1787/1856 334/1788/1857 333/1789/1858 332/1790/1859 331/1791/1860 330/1792/1861 329/1793/1862 328/1794/1863 327/1795/1864 326/1796/1865 325/1797/1866 324/1798/1867 323/1799/1868
f 316/1800/1869 315/1801/1870 347/1777/1846 348/1776/1845
f 289/1802/1871 320/1803/1872 352/1772/1841 321/1771/1840
f 290/1804/1873 289/1802/1871 321/1771/1840 322/1770/1839
f 295/1805/1874 294/1806/1875 326/1796/1865 327/1795/1864
f 300/1807/1876 299/1808/1877 331/1791/1860 332/1790/1859
f 305/1809/1878 304/1810/1879 336/1786/1855 337/1785/1854
f 310/1767/1836 309/1811/1880 341/1781/1850 342/1768/1837
f 315/1801/1870 314/1812/1881 346/1778/1847 347/1777/1846
f 320/1803/1872 319/1813/1882 351/1773/1842 352/1772/1841
f 294/1806/1875 293/1814/1883 325/1797/1866 326/1796/1865
f 299/1808/1877 298/1815/1884 330/1792/1861 331/1791/1860
f 304/1810/1879 303/1816/1885 335/1787/1856 336/1786/1855
f 309/1811/1880 308/1817/1886 340/1782/1851 341/1781/1850
f 314/1812/1881 313/1818/1887 345/1779/1848 346/1778/1847
f 319/1813/1882 318/1819/1888 350/1774/1843 351/1773/1842
f 293/1814/1883 292/1820/1889 324/1798/1867 325/1797/1866
f 298/1815/1884 297/1821/1890 329/1793/1862 330/1792/1861
f 303/1816/1885 302/1822/1891 334/1788/1857 335/1787/1856
f 308/1817/1886 307/1823/1892 339/1783/1852 340/1782/1851
f 313/1818/1887 312/1824/1893 344/1780/1849 345/1779/1848
f 318/1819/1888 317/1825/1894 349/1775/1844 350/1774/1843
f 292/1820/1889 291/1826/1895 323/1799/1868 324/1798/1867
f 297/1821/1890 296/1827/1896 328/1794/1863 329/1793/1862
f 302/1822/1891 301/1828/1897 333/1789/1858 334/1788/1857
f 307/1823/1892 306/1829/1898 338/1784/1853 339/1783/1852
f 312/1824/1893 311/1766/1835 343/1769/1838 344/1780/1849
f 317/1825/1894 316/1800/1869 348/1776/1845 349/1775/1844
f 291/1826/1895 290/1804/1873 322/1770/1839 323/1799/1868
f 296/1827/1896 295/1805/1874 327/1795/1864 328/1794/1863
f 301/1828/1897 300/1807/1876 332/1790/1859 333/1789/1858
f 306/1829/1898 305/1809/1878 337/1785/1854 338/1784/1853
f 369/1830/1899 368/1831/1900 400/1832/1901 401/1833/1902
f 40/1522/1540 39/1537/1555 359/1834/1903 360/1835/1904
f 45/1526/1544 44/1539/1557 364/1836/1905 365/1837/1906
f 50/1529/1547 49/1541/1559 369/1830/1899 370/1838/1907
f 55/1531/1549 54/1543/1561 374/1839/1908 375/1840/1909
f 60/1533/1551 59/1545/1563 379/1841/1910 380/1842/1911
f 33/1549/1567 64/1548/1566 384/1843/1912 353/1844/1913
f 34/1535/1553 33/1549/1567 353/1844/1913 354/1764/1827
f 39/1537/1555 38/1551/1569 358/1845/1914 359/1834/1903
f 44/1539/1557 43/1553/1571 363/1846/1915 364/1836/1905
f 49/1541/1559 48/1555/1573 368/1831/1900 369/1830/1899
f 54/1543/1561 53/1557/1575 373/1847/1916 374/1839/1908
f 59/1545/1563 58/1559/1577 378/1848/1917 379/1841/1910
f 64/1548/1566 63/1561/1579 383/1849/1918 384/1843/1912
f 38/1551/1569 37/1563/1581 357/1850/1919 358/1845/1914
f 43/1553/1571 42/1565/1583 362/1851/1920 363/1846/1915
f 48/1555/1573 47/1567/1585 367/1852/1921 368/1831/1900
f 53/1557/1575 52/1507/1525 372/1853/1922 373/1847/1916
f 58/1559/1577 57/1511/1529 377/1854/1923 378/1848/1917
f 63/1561/1579 62/1515/1533 382/1855/1924 383/1849/1918
f 37/1563/1581 36/1519/1537 356/1856/1925 357/1850/1919
f 42/1565/1583 41/1523/1541 361/1857/1926 362/1851/1920
f 47/1567/1585 46/1527/1545 366/1858/1927 367/1852/1921
f 52/1507/1525 51/1506/1524 371/1859/1928 372/1853/1922
f 57/1511/1529 56/1510/1528 376/1860/1929 377/1854/1923
f 62/1515/1533 61/1514/1532 381/1861/1930 382/1855/1924
f 36/1519/1537 35/1518/1536 355/1765/1828 356/1856/1925
f 41/1523/1541 40/1522/1540 360/1835/1904 361/1857/1926
f 46/1527/1545 45/1526/1544 365/1837/1906 366/1858/1927
f 51/1506/1524 50/1529/1547 370/1838/1907 371/1859/1928
f 56/1510/1528 55/1531/1549 375/1840/1909 376/1860/1929
f 61/1514/1532 60/1533/1551 380/1842/1911 381/1861/1930
f 386/1862/1931 385/1863/1932 416/1864/1933 415/1865/1934 414/1866/1935 413/1867/1936 412/1868/1937 411/1869/1938 410/1870/1939 409/1871/1940 408/1872/1941 407/1873/1942 406/1874/1943 405/1875/1944 404/1876/1945 403/1877/1946 402/1878/1947 401/1833/1902 400/1832/1901 399/1879/1948 398/1880/1949 397/1881/1950 396/1882/1951 395/1883/1952 394/1884/1953 393/1885/1954 392/1886/1955 391/1887/1956 390/1888/1957 389/1889/1958 388/1890/1959 387/1891/1960
f 374/1839/1908 373/1847/1916 405/1875/1944 406/1874/1943
f 379/1841/1910 378/1848/1917 410/1870/1939 411/1869/1938
f 384/1843/1912 383/1849/1918 415/1865/1934 416/1864/1933
f 358/1845/1914 357/1850/1919 389/1889/1958 390/1888/1957
f 363/1846/1915 362/1851/1920 394/1884/1953 395/1883/1952
f 368/1831/1900 367/1852/1921 399/1879/1948 400/1832/1901
f 373/1847/1916 372/1853/1922 404/1876/1945 405/1875/1944
f 378/1848/1917 377/1854/1923 409/1871/1940 410/1870/1939
f 383/1849/1918 382/1855/1924 414/1866/1935 415/1865/1934
f 357/1850/1919 356/1856/1925 388/1890/1959 389/1889/1958
f 362/1851/1920 361/1857/1926 393/1885/1954 394/1884/1953
f 367/1852/1921 366/1858/1927 398/1880/1949 399/1879/1948
f 372/1853/1922 371/1859/1928 403/1877/1946 404/1876/1945
f 377/1854/1923 376/1860/1929 408/1872/1941 409/1871/1940
f 382/1855/1924 381/1861/1930 413/1867/1936 414/1866/1935
f 356/1856/1925 355/1765/1828 387/1891/1960 388/1890/1959
f 361/1857/1926 360/1835/1904 392/1886/1955 393/1885/1954
f 366/1858/1927 365/1837/1906 397/1881/1950 398/1880/1949
f 371/1859/1928 370/1838/1907 402/1878/1947 403/1877/1946
f 376/1860/1929 375/1840/1909 407/1873/1942 408/1872/1941
f 381/1861/1930 380/1842/1911 412/1868/1937 413/1867/1936
f 355/1765/1828 354/1764/1827 386/1862/1931 387/1891/1960
f 360/1835/1904 359/1834/1903 391/1887/1956 392/1886/1955
f 365/1837/1906 364/1836/1905 396/1882/1951 397/1881/1950
f 370/1838/1907 369/1830/1899 401/1833/1902 402/1878/1947
f 375/1840/1909 374/1839/1908 406/1874/1943 407/1873/1942
f 380/1842/1911 379/1841/1910 411/1869/1938 412/1868/1937
f 353/1844/1913 384/1843/1912 416/1864/1933 385/1863/1932
f 354/1764/1827 353/1844/1913 385/1863/1932 386/1862/1931
f 359/1834/1903 358/1845/1914 390/1888/1957 391/1887/1956
f 364/1836/1905 363/1846/1915 395/1883/1952 396/1882/1951
f 427/1892/1961 426/1893/1962 458/1894/1963 459/1895/1964
f 102/1605/1623 101/1617/1635 421/1896/1965 422/1897/1966
f 107/1607/1625 106/1619/1637 426/1893/1962 427/1892/1961
f 112/1609/1627 111/1621/1639 431/1898/1967 432/1899/1968
f 117/1611/1629 116/1623/1641 436/1900/1969 437/1901/1970
f 122/1613/1631 121/1625/1643 441/1902/1971 442/1903/1972
f 127/1615/1633 126/1627/1645 446/1904/1973 447/1762/1825
f 101/1617/1635 100/1629/1647 420/1905/1974 421/1896/1965
f 106/1619/1637 105/1631/1649 425/1906/1975 426/1893/1962
f 111/1621/1639 110/1571/1589 430/1907/1976 431/1898/1967
f 116/1623/1641 115/1575/1593 435/1908/1977 436/1900/1969
f 121/1625/1643 120/1579/1597 440/1909/1978 441/1902/1971
f 126/1627/1645 125/1583/1601 445/1910/1979 446/1904/1973
f 100/1629/1647 99/1587/1605 419/1911/1980 420/1905/1974
f 105/1631/1649 104/1591/1609 424/1912/1981 425/1906/1975
f 110/1571/1589 109/1570/1588 429/1913/1982 430/1907/1976
f 115/1575/1593 114/1574/1592 434/1914/1983 435/1908/1977
f 120/1579/1597 119/1578/1596 439/1915/1984 440/1909/1978
f 125/1583/1601 124/1582/1600 444/1916/1985 445/1910/1979
f 99/1587/1605 98/1586/1604 418/1917/1986 419/1911/1980
f 104/1591/1609 103/1590/1608 423/1918/1987 424/1912/1981
f 109/1570/1588 108/1593/1611 428/1919/1988 429/1913/1982
f 114/1574/1592 113/1595/1613 433/1920/1989 434/1914/1983
f 119/1578/1596 118/1597/1615 438/1921/1990 439/1915/1984
f 124/1582/1600 123/1599/1617 443/1922/1991 444/1916/1985
f 97/1603/1621 128/1602/1620 448/1763/1826 417/1923/1992
f 98/1586/1604 97/1603/1621 417/1923/1992 418/1917/1986
f 103/1590/1608 102/1605/1623 422/1897/1966 423/1918/1987
f 108/1593/1611 107/1607/1625 427/1892/1961 428/1919/1988
f 113/1595/1613 112/1609/1627 432/1899/1968 433/1920/1989
f 118/1597/1615 117/1611/1629 437/1901/1970 438/1921/1990
f 123/1599/1617 122/1613/1631 442/1903/1972 443/1922/1991
f 450/1924/1993 449/1925/1994 480/1926/1995 479/1927/1996 478/1928/1997 477/1929/1998 476/1930/1999 475/1931/2000 474/1932/2001 473/1933/2002 472/1934/2003 471/1935/2004 470/1936/2005 469/1937/2006 468/1938/2007 467/1939/2008 466/1940/2009 465/1941/2010 464/1942/2011 463/1943/2012 462/1944/2013 461/1945/2014 460/1946/2015 459/1895/1964 458/1894/1963 457/1947/2016 456/1948/2017 455/1949/2018 454/1950/2019 453/1951/2020 452/1952/2021 451/1953/2022
f 432/1899/1968 431/1898/1967 463/1943/2012 464/1942/2011
f 437/1901/1970 436/1900/1969 468/1938/2007 469/1937/2006
f 442/1903/1972 441/1902/1971 473/1933/2002 474/1932/2001
f 447/1762/1825 446/1904/1973 478/1928/1997 479/1927/1996
f 421/1896/1965 420/1905/1974 452/1952/2021 453/1951/2020
f 426/1893/1962 425/1906/1975 457/1947/2016 458/1894/1963
f 431/1898/1967 430/1907/1976 462/1944/2013 463/1943/2012
f 436/1900/1969 435/1908/1977 467/1939/2008 468/1938/2007
f 441/1902/1971 440/1909/1978 472/1934/2003 473/1933/2002
f 446/1904/1973 445/1910/1979 477/1929/1998 478/1928/1997
f 420/1905/1974 419/1911/1980 451/1953/2022 452/1952/2021
f 425/1906/1975 424/1912/1981 456/1948/2017 457/1947/2016
f 430/1907/1976 429/1913/1982 461/1945/2014 462/1944/2013
f 435/1908/1977 434/1914/1983 466/1940/2009 467/1939/2008
f 440/1909/1978 439/1915/1984 471/1935/2004 472/1934/2003
f 445/1910/1979 444/1916/1985 476/1930/1999 477/1929/1998
f 419/1911/1980 418/1917/1986 450/1924/1993 451/1953/2022
f 424/1912/1981 423/1918/1987 455/1949/2018 456/1948/2017
f 429/1913/1982 428/1919/1988 460/1946/2015 461/1945/2014
f 434/1914/1983 433/1920/1989 465/1941/2010 466/1940/2009
f 439/1915/1984 438/1921/1990 470/1936/2005 471/1935/2004
f 444/1916/1985 443/1922/1991 475/1931/2000 476/1930/1999
f 417/1923/1992 448/1763/1826 480/1926/1995 449/1925/1994
f 418/1917/1986 417/1923/1992 449/1925/1994 450/1924/1993
f 423/1918/1987 422/1897/1966 454/1950/2019 455/1949/2018
f 428/1919/1988 427/1892/1961 459/1895/1964 460/1946/2015
f 433/1920/1989 432/1899/1968 464/1942/2011 465/1941/2010
f 438/1921/1990 437/1901/1970 469/1937/2006 470/1936/2005
f 443/1922/1991 442/1903/1972 474/1932/2001 475/1931/2000
f 448/1763/1826 447/1762/1825 479/1927/1996 480/1926/1995
f 422/1897/1966 421/1896/1965 453/1951/2020 454/1950/2019
f 485/1954/2023 484/1955/2024 516/1956/2025 517/1957/2026
f 190/1681/1699 189/1693/1711 509/1958/2027 510/1959/2028
f 164/1683/1701 163/1695/1713 483/1960/2029 484/1955/2024
f 169/1685/1703 168/1635/1653 488/1961/2030 489/1962/2031
f 174/1687/1705 173/1639/1657 493/1963/2032 494/1964/2033
f 179/1689/1707 178/1643/1661 498/1965/2034 499/1966/2035
f 184/1691/1709 183/1647/1665 503/1967/2036 504/1760/1823
f 189/1693/1711 188/1651/1669 508/1968/2037 509/1958/2027
f 163/1695/1713 162/1657/1675 482/1969/2038 483/1960/2029
f 168/1635/1653 167/1634/1652 487/1970/2039 488/1961/2030
f 173/1639/1657 172/1638/1656 492/1971/2040 493/1963/2032
f 178/1643/1661 177/1642/1660 497/1972/2041 498/1965/2034
f 183/1647/1665 182/1646/1664 502/1973/2042 503/1967/2036
f 188/1651/1669 187/1650/1668 507/1974/2043 508/1968/2037
f 161/1655/1673 192/1654/1672 512/1975/2044 481/1976/2045
f 162/1657/1675 161/1655/1673 481/1976/2045 482/1969/2038
f 167/1634/1652 166/1659/1677 486/1977/2046 487/1970/2039
f 172/1638/1656 171/1661/1679 491/1978/2047 492/1971/2040
f 177/1642/1660 176/1663/1681 496/1979/2048 497/1972/2041
f 182/1646/1664 181/1665/1683 501/1980/2049 502/1973/2042
f 187/1650/1668 186/1667/1685 506/1981/2050 507/1974/2043
f 192/1654/1672 191/1669/1687 511/1982/2051 512/1975/2044
f 166/1659/1677 165/1671/1689 485/1954/2023 486/1977/2046
f 171/1661/1679 170/1673/1691 490/1983/2052 491/1978/2047
f 176/1663/1681 175/1675/1693 495/1984/2053 496/1979/2048
f 181/1665/1683 180/1677/1695 500/1985/2054 501/1980/2049
f 186/1667/1685 185/1679/1697 505/1761/1824 506/1981/2050
f 191/1669/1687 190/1681/1699 510/1959/2028 511/1982/2051
f 165/1671/1689 164/1683/1701 484/1955/2024 485/1954/2023
f 170/1673/1691 169/1685/1703 489/1962/2031 490/1983/2052
f 175/1675/1693 174/1687/1705 494/1964/2033 495/1984/2053
f 180/1677/1695 179/1689/1707 499/1966/2035 500/1985/2054
f 514/1986/2055 513/1987/2056 544/1988/2057 543/1989/2058 542/1990/2059 541/1991/2060 540/1992/2061 539/1993/2062 538/1994/2063 537/1995/2064 536/1996/2065 535/1997/2066 534/1998/2067 533/1999/2068 532/2000/2069 531/2001/2070 530/2002/2071 529/2003/2072 528/2004/2073 527/2005/2074 526/2006/2075 525/2007/2076 524/2008/2077 523/2009/2078 522/2010/2079 521/2011/2080 520/2012/2081 519/2013/2082 518/2014/2083 517/1957/2026 516/1956/2025 515/2015/2084
f 490/1983/2052 489/1962/2031 521/2011/2080 522/2010/2079
f 495/1984/2053 494/1964/2033 526/2006/2075 527/2005/2074
f 500/1985/2054 499/1966/2035 531/2001/2070 532/2000/2069
f 505/1761/1824 504/1760/1823 536/1996/2065 537/1995/2064
f 510/1959/2028 509/1958/2027 541/1991/2060 542/1990/2059
f 484/1955/2024 483/1960/2029 515/2015/2084 516/1956/2025
f 489/1962/2031 488/1961/2030 520/2012/2081 521/2011/2080
f 494/1964/2033 493/1963/2032 525/2007/2076 526/2006/2075
f 499/1966/2035 498/1965/2034 530/2002/2071 531/2001/2070
f 504/1760/1823 503/1967/2036 535/1997/2066 536/1996/2065
f 509/1958/2027 508/1968/2037 540/1992/2061 541/1991/2060
f 483/1960/2029 482/1969/2038 514/1986/2055 515/2015/2084
f 488/1961/2030 487/1970/2039 519/2013/2082 520/2012/2081
f 493/1963/2032 492/1971/2040 524/2008/2077 525/2007/2076
f 498/1965/2034 497/1972/2041 529/2003/2072 530/2002/2071
f 503/1967/2036 502/1973/2042 534/1998/2067 535/1997/2066
f 508/1968/2037 507/1974/2043 539/1993/2062 540/1992/2061
f 481/1976/2045 512/1975/2044 544/1988/2057 513/1987/2056
f 482/1969/2038 481/1976/2045 513/1987/2056 514/1986/2055
f 487/1970/2039 486/1977/2046 518/2014/2083 519/2013/2082
f 492/1971/2040 491/1978/2047 523/2009/2078 524/2008/2077
f 497/1972/2041 496/1979/2048 528/2004/2073 529/2003/2072
f 502/1973/2042 501/1980/2049 533/1999/2068 534/1998/2067
f 507/1974/2043 506/1981/2050 538/1994/2063 539/1993/2062
f 512/1975/2044 511/1982/2051 543/1989/2058 544/1988/2057
f 486/1977/2046 485/1954/2023 517/1957/2026 518/2014/2083
f 491/1978/2047 490/1983/2052 522/2010/2079 523/2009/2078
f 496/1979/2048 495/1984/2053 527/2005/2074 528/2004/2073
f 501/1980/2049 500/1985/2054 532/2000/2069 533/1999/2068
f 506/1981/2050 505/1761/1824 537/1995/2064 538/1994/2063
f 511/1982/2051 510/1959/2028 542/1990/2059 543/1989/2058
f 609/2016/2085 610/2017/2086 548/2018/2087 546/2019/2088
f 610/2017/2086 611/2020/2089 550/2021/2090 548/2018/2087
f 611/2020/2089 612/2022/2091 552/2023/2092 550/2021/2090
f 612/2022/2091 613/2024/2093 554/2025/2094 552/2023/2092
f 613/2024/2093 614/2026/2095 556/2027/2096 554/2025/2094
f 614/2026/2095 615/2028/2097 558/2029/2098 556/2027/2096
f 615/2028/2097 616/2030/2099 560/2031/2100 558/2029/2098
f 616/2030/2099 617/2032/2101 562/2033/2102 560/2031/2100
f 617/2032/2101 618/2034/2103 564/2035/2104 562/2033/2102
f 618/2034/2103 619/2036/2105 566/2037/2106 564/2035/2104
f 619/2036/2105 620/2038/2107 568/2039/2108 566/2037/2106
f 620/2038/2107 621/2040/2109 570/2041/2110 568/2039/2108
f 621/2040/2109 622/2042/2111 572/2043/2112 570/2041/2110
f 622/2042/2111 623/2044/2113 574/2045/2114 572/2043/2112
f 623/2044/2113 624/2046/2115 576/2047/2116 574/2045/2114
f 624/2046/2115 625/2048/2117 578/2049/2118 576/2047/2116
f 625/2048/2117 626/2050/2119 580/2051/2120 578/2049/2118
f 626/2050/2119 627/2052/2121 582/2053/2122 580/2051/2120
f 627/2052/2121 628/2054/2123 584/2055/2124 582/2053/2122
f 628/2054/2123 629/2056/2125 586/2057/2126 584/2055/2124
f 629/2056/2125 630/2058/2127 588/2059/2128 586/2057/2126
f 630/2058/2127 631/2060/2129 590/2061/2130 588/2059/2128
f 631/2060/2129 632/2062/2131 592/2063/2132 590/2061/2130
f 632/2062/2131 633/2064/2133 594/2065/2134 592/2063/2132
f 633/2064/2133 634/2066/2135 596/2067/2136 594/2065/2134
f 634/2066/2135 635/2068/2137 598/2069/2138 596/2067/2136
f 635/2068/2137 636/2070/2139 600/2071/2140 598/2069/2138
f 636/2070/2139 637/2072/2141 602/2073/2142 600/2071/2140
f 637/2072/2141 638/2074/2143 604/2075/2144 602/2073/2142
f 638/2074/2143 639/2076/2145 606/2077/2146 604/2075/2144
f 640/2078/2147 609/2016/2085 546/2019/2088 608/2079/2148
f 639/2076/2145 640/2078/2147 608/2079/2148 606/2077/2146
f 573/2080/2149 655/2081/2150 656/2082/2151 575/2083/2152
f 545/2084/2153 547/2085/2154 610/2017/2086 609/2016/2085
f 547/2085/2154 549/2086/2155 611/2020/2089 610/2017/2086
f 549/2086/2155 551/2087/2156 612/2022/2091 611/2020/2089
f 551/2087/2156 553/2088/2157 613/2024/2093 612/2022/2091
f 553/2088/2157 555/2089/2158 614/2026/2095 613/2024/2093
f 555/2089/2158 557/2090/2159 615/2028/2097 614/2026/2095
f 557/2090/2159 559/2091/2160 616/2030/2099 615/2028/2097
f 559/2091/2160 561/2092/2161 617/2032/2101 616/2030/2099
f 561/2092/2161 563/2093/2162 618/2034/2103 617/2032/2101
f 563/2093/2162 565/2094/2163 619/2036/2105 618/2034/2103
f 565/2094/2163 567/2095/2164 620/2038/2107 619/2036/2105
f 567/2095/2164 569/2096/2165 621/2040/2109 620/2038/2107
f 569/2096/2165 571/2097/2166 622/2042/2111 621/2040/2109
f 571/2097/2166 573/2080/2149 623/2044/2113 622/2042/2111
f 573/2080/2149 575/2083/2152 624/2046/2115 623/2044/2113
f 575/2083/2152 577/2098/2167 625/2048/2117 624/2046/2115
f 577/2098/2167 579/2099/2168 626/2050/2119 625/2048/2117
f 579/2099/2168 581/2100/2169 627/2052/2121 626/2050/2119
f 581/2100/2169 583/2101/2170 628/2054/2123 627/2052/2121
f 583/2101/2170 585/2102/2171 629/2056/2125 628/2054/2123
f 585/2102/2171 587/2103/2172 630/2058/2127 629/2056/2125
f 587/2103/2172 589/2104/2173 631/2060/2129 630/2058/2127
f 589/2104/2173 591/2105/2174 632/2062/2131 631/2060/2129
f 591/2105/2174 593/2106/2175 633/2064/2133 632/2062/2131
f 593/2106/2175 595/2107/2176 634/2066/2135 633/2064/2133
f 595/2107/2176 597/2108/2177 635/2068/2137 634/2066/2135
f 597/2108/2177 599/2109/2178 636/2070/2139 635/2068/2137
f 599/2109/2178 601/2110/2179 637/2072/2141 636/2070/2139
f 601/2110/2179 603/2111/2180 638/2074/2143 637/2072/2141
f 603/2111/2180 605/2112/2181 639/2076/2145 638/2074/2143
f 607/2113/2182 545/2084/2153 609/2016/2085 640/2078/2147
f 605/2112/2181 607/2113/2182 640/2078/2147 639/2076/2145
f 658/2114/2183 690/2115/2184 691/2116/2185 659/2117/2186
f 549/2086/2155 643/2118/2187 644/2119/2188 551/2087/2156
f 587/2103/2172 662/2120/2189 663/2121/2190 589/2104/2173
f 563/2093/2162 650/2122/2191 651/2123/2192 565/2094/2163
f 601/2110/2179 669/2124/2193 670/2125/2194 603/2111/2180
f 577/2098/2167 657/2126/2195 658/2114/2183 579/2099/2168
f 553/2088/2157 645/2127/2196 646/2128/2197 555/2089/2158
f 591/2105/2174 664/2129/2198 665/2130/2199 593/2106/2175
f 567/2095/2164 652/2131/2200 653/2132/2201 569/2096/2165
f 605/2112/2181 671/2133/2202 672/2134/2203 607/2113/2182
f 581/2100/2169 659/2117/2186 660/2135/2204 583/2101/2170
f 557/2090/2159 647/2136/2205 648/2137/2206 559/2091/2160
f 595/2107/2176 666/2138/2207 667/2139/2208 597/2108/2177
f 571/2097/2166 654/2140/2209 655/2081/2150 573/2080/2149
f 547/2085/2154 642/2141/2210 643/2118/2187 549/2086/2155
f 585/2102/2171 661/2142/2211 662/2120/2189 587/2103/2172
f 561/2092/2161 649/2143/2212 650/2122/2191 563/2093/2162
f 599/2109/2178 668/2144/2213 669/2124/2193 601/2110/2179
f 575/2083/2152 656/2082/2151 657/2126/2195 577/2098/2167
f 551/2087/2156 644/2119/2188 645/2127/2196 553/2088/2157
f 589/2104/2173 663/2121/2190 664/2129/2198 591/2105/2174
f 545/2084/2153 641/2145/2214 642/2141/2210 547/2085/2154
f 565/2094/2163 651/2123/2192 652/2131/2200 567/2095/2164
f 603/2111/2180 670/2125/2194 671/2133/2202 605/2112/2181
f 579/2099/2168 658/2114/2183 659/2117/2186 581/2100/2169
f 555/2089/2158 646/2128/2197 647/2136/2205 557/2090/2159
f 593/2106/2175 665/2130/2199 666/2138/2207 595/2107/2176
f 569/2096/2165 653/2132/2201 654/2140/2209 571/2097/2166
f 607/2113/2182 672/2134/2203 641/2145/2214 545/2084/2153
f 583/2101/2170 660/2135/2204 661/2142/2211 585/2102/2171
f 559/2091/2160 648/2137/2206 649/2143/2212 561/2092/2161
f 597/2108/2177 667/2139/2208 668/2144/2213 599/2109/2178
f 693/2146/2215 725/2147/2216 726/2148/2217 694/2149/2218
f 653/2132/2201 685/2150/2219 686/2151/2220 654/2140/2209
f 648/2137/2206 680/2152/2221 681/2153/2222 649/2143/2212
f 643/2118/2187 675/2154/2223 676/2155/2224 644/2119/2188
f 669/2124/2193 701/2156/2225 702/2157/2226 670/2125/2194
f 664/2129/2198 696/2158/2227 697/2159/2228 665/2130/2199
f 659/2117/2186 691/2116/2185 692/2160/2229 660/2135/2204
f 654/2140/2209 686/2151/2220 687/2161/2230 655/2081/2150
f 649/2143/2212 681/2153/2222 682/2162/2231 650/2122/2191
f 644/2119/2188 676/2155/2224 677/2163/2232 645/2127/2196
f 670/2125/2194 702/2157/2226 703/2164/2233 671/2133/2202
f 665/2130/2199 697/2159/2228 698/2165/2234 666/2138/2207
f 660/2135/2204 692/2160/2229 693/2146/2215 661/2142/2211
f 655/2081/2150 687/2161/2230 688/2166/2235 656/2082/2151
f 650/2122/2191 682/2162/2231 683/2167/2236 651/2123/2192
f 645/2127/2196 677/2163/2232 678/2168/2237 646/2128/2197
f 671/2133/2202 703/2164/2233 704/2169/2238 672/2134/2203
f 666/2138/2207 698/2165/2234 699/2170/2239 667/2139/2208
f 661/2142/2211 693/2146/2215 694/2149/2218 662/2120/2189
f 656/2082/2151 688/2166/2235 689/2171/2240 657/2126/2195
f 651/2123/2192 683/2167/2236 684/2172/2241 652/2131/2200
f 646/2128/2197 678/2168/2237 679/2173/2242 647/2136/2205
f 641/2145/2214 673/2174/2243 674/2175/2244 642/2141/2210
f 672/2134/2203 704/2169/2238 673/2174/2243 641/2145/2214
f 667/2139/2208 699/2170/2239 700/2176/2245 668/2144/2213
f 662/2120/2189 694/2149/2218 695/2177/2246 663/2121/2190
f 657/2126/2195 689/2171/2240 690/2115/2184 658/2114/2183
f 652/2131/2200 684/2172/2241 685/2150/2219 653/2132/2201
f 647/2136/2205 679/2173/2242 680/2152/2221 648/2137/2206
f 642/2141/2210 674/2175/2244 675/2154/2223 643/2118/2187
f 668/2144/2213 700/2176/2245 701/2156/2225 669/2124/2193
f 663/2121/2190 695/2177/2246 696/2158/2227 664/2129/2198
f 728/2178/2247 760/2179/2248 761/2180/2249 729/2181/2250
f 688/2166/2235 720/2182/2251 721/2183/2252 689/2171/2240
f 683/2167/2236 715/2184/2253 716/2185/2254 684/2172/2241
f 678/2168/2237 710/2186/2255 711/2187/2256 679/2173/2242
f 673/2174/2243 705/2188/2257 706/2189/2258 674/2175/2244
f 704/2169/2238 736/2190/2259 705/2188/2257 673/2174/2243
f 699/2170/2239 731/2191/2260 732/2192/2261 700/2176/2245
f 694/2149/2218 726/2148/2217 727/2193/2262 695/2177/2246
f 689/2171/2240 721/2183/2252 722/2194/2263 690/2115/2184
f 684/2172/2241 716/2185/2254 717/2195/2264 685/2150/2219
f 679/2173/2242 711/2187/2256 712/2196/2265 680/2152/2221
f 674/2175/2244 706/2189/2258 707/2197/2266 675/2154/2223
f 700/2176/2245 732/2192/2261 733/2198/2267 701/2156/2225
f 695/2177/2246 727/2193/2262 728/2178/2247 696/2158/2227
f 690/2115/2184 722/2194/2263 723/2199/2268 691/2116/2185
f 685/2150/2219 717/2195/2264 718/2200/2269 686/2151/2220
f 680/2152/2221 712/2196/2265 713/2201/2270 681/2153/2222
f 675/2154/2223 707/2197/2266 708/2202/2271 676/2155/2224
f 701/2156/2225 733/2198/2267 734/2203/2272 702/2157/2226
f 696/2158/2227 728/2178/2247 729/2181/2250 697/2159/2228
f 691/2116/2185 723/2199/2268 724/2204/2273 692/2160/2229
f 686/2151/2220 718/2200/2269 719/2205/2274 687/2161/2230
f 681/2153/2222 713/2201/2270 714/2206/2275 682/2162/2231
f 676/2155/2224 708/2202/2271 709/2207/2276 677/2163/2232
f 702/2157/2226 734/2203/2272 735/2208/2277 703/2164/2233
f 697/2159/2228 729/2181/2250 730/2209/2278 698/2165/2234
f 692/2160/2229 724/2204/2273 725/2147/2216 693/2146/2215
f 687/2161/2230 719/2205/2274 720/2182/2251 688/2166/2235
f 682/2162/2231 714/2206/2275 715/2184/2253 683/2167/2236
f 677/2163/2232 709/2207/2276 710/2186/2255 678/2168/2237
f 703/2164/2233 735/2208/2277 736/2190/2259 704/2169/2238
f 698/2165/2234 730/2209/2278 731/2191/2260 699/2170/2239
f 723/2199/2268 755/2210/2279 756/2211/2280 724/2204/2273
f 718/2200/2269 750/2212/2281 751/2213/2282 719/2205/2274
f 713/2201/2270 745/2214/2283 746/2215/2284 714/2206/2275
f 708/2202/2271 740/2216/2285 741/2217/2286 709/2207/2276
f 734/2203/2272 766/2218/2287 767/2219/2288 735/2208/2277
f 729/2181/2250 761/2180/2249 762/2220/2289 730/2209/2278
f 724/2204/2273 756/2211/2280 757/2221/2290 725/2147/2216
f 719/2205/2274 751/2213/2282 752/2222/2291 720/2182/2251
f 714/2206/2275 746/2215/2284 747/2223/2292 715/2184/2253
f 709/2207/2276 741/2217/2286 742/2224/2293 710/2186/2255
f 735/2208/2277 767/2219/2288 768/2225/2294 736/2190/2259
f 730/2209/2278 762/2220/2289 763/2226/2295 731/2191/2260
f 725/2147/2216 757/2221/2290 758/2227/2296 726/2148/2217
f 720/2182/2251 752/2222/2291 753/2228/2297 721/2183/2252
f 715/2184/2253 747/2223/2292 748/2229/2298 716/2185/2254
f 710/2186/2255 742/2224/2293 743/2230/2299 711/2187/2256
f 705/2188/2257 737/2231/2300 738/2232/2301 706/2189/2258
f 736/2190/2259 768/2225/2294 737/2231/2300 705/2188/2257
f 731/2191/2260 763/2226/2295 764/2233/2302 732/2192/2261
f 726/2148/2217 758/2227/2296 759/2234/2303 727/2193/2262
f 721/2183/2252 753/2228/2297 754/2235/2304 722/2194/2263
f 716/2185/2254 748/2229/2298 749/2236/2305 717/2195/2264
f 711/2187/2256 743/2230/2299 744/2237/2306 712/2196/2265
f 706/2189/2258 738/2232/2301 739/2238/2307 707/2197/2266
f 732/2192/2261 764/2233/2302 765/2239/2308 733/2198/2267
f 727/2193/2262 759/2234/2303 760/2179/2248 728/2178/2247
f 722/2194/2263 754/2235/2304 755/2210/2279 723/2199/2268
f 717/2195/2264 749/2236/2305 750/2212/2281 718/2200/2269
f 712/2196/2265 744/2237/2306 745/2214/2283 713/2201/2270
f 707/2197/2266 739/2238/2307 740/2216/2285 708/2202/2271
f 733/2198/2267 765/2239/2308 766/2218/2287 734/2203/2272
f 66/1585/1603 67/1584/1602 5416/1584/2309 5415/1585/2310
f 71/1589/1607 72/1588/1606 5421/1588/2311 5420/1589/2311
f 76/1592/1610 77/1569/1587 5426/1569/1819 5425/1592/2311
f 81/1594/1612 82/1573/1591 5431/1573/2312 5430/1594/2311
f 86/1596/1614 87/1577/1595 5436/1577/2313 5435/1596/2314
f 91/1598/1616 92/1581/1599 5441/1581/1820 5440/1598/2309
f 96/1601/1619 65/1600/1618 5414/1600/2311 5445/1601/2315
f 65/1600/1618 66/1585/1603 5415/1585/2310 5414/1600/2311
f 70/1604/1622 71/1589/1607 5420/1589/2311 5419/1604/2311
f 75/1606/1624 76/1592/1610 5425/1592/2311 5424/1606/2311
f 80/1608/1626 81/1594/1612 5430/1594/2311 5429/1608/2310
f 85/1610/1628 86/1596/1614 5435/1596/2314 5434/1610/1819
f 90/1612/1630 91/1598/1616 5440/1598/2309 5439/1612/2309
f 95/1614/1632 96/1601/1619 5445/1601/2315 5444/1614/2311
f 69/1616/1634 70/1604/1622 5419/1604/2311 5418/1616/1819
f 74/1618/1636 75/1606/1624 5424/1606/2311 5423/1618/2311
f 79/1620/1638 80/1608/1626 5429/1608/2310 5428/1620/2313
f 84/1622/1640 85/1610/1628 5434/1610/1819 5433/1622/2316
f 89/1624/1642 90/1612/1630 5439/1612/2309 5438/1624/1819
f 94/1626/1644 95/1614/1632 5444/1614/2311 5443/1626/2315
f 68/1628/1646 69/1616/1634 5418/1616/1819 5417/1628/2314
f 73/1630/1648 74/1618/1636 5423/1618/2311 5422/1630/1819
f 78/1568/1586 79/1620/1638 5428/1620/2313 5427/1568/1820
f 83/1572/1590 84/1622/1640 5433/1622/2316 5432/1572/2311
f 88/1576/1594 89/1624/1642 5438/1624/1819 5437/1576/2313
f 93/1580/1598 94/1626/1644 5443/1626/2315 5442/1580/1819
f 67/1584/1602 68/1628/1646 5417/1628/2314 5416/1584/2309
f 72/1588/1606 73/1630/1648 5422/1630/1819 5421/1588/2311
f 77/1569/1587 78/1568/1586 5427/1568/1820 5426/1569/1819
f 82/1573/1591 83/1572/1590 5432/1572/2311 5431/1573/2312
f 87/1577/1595 88/1576/1594 5437/1576/2313 5436/1577/2313
f 4/1516/1534 5/1562/1580 5450/1562/1821 5449/1516/2317
f 9/1520/1538 10/1564/1582 5455/1564/1821 5454/1520/1821
f 14/1524/1542 15/1566/1584 5460/1566/1821 5459/1524/2318
f 19/1505/1523 20/1504/1522 5465/1504/1822 5464/1505/1821
f 24/1509/1527 25/1508/1526 5470/1508/1821 5469/1509/2317
f 29/1513/1531 30/1512/1530 5475/1512/1822 5474/1513/2318
f 3/1517/1535 4/1516/1534 5449/1516/2317 5448/1517/2319
f 8/1521/1539 9/1520/1538 5454/1520/1821 5453/1521/1821
f 13/1525/1543 14/1524/1542 5459/1524/2318 5458/1525/1821
f 18/1528/1546 19/1505/1523 5464/1505/1821 5463/1528/2317
f 23/1530/1548 24/1509/1527 5469/1509/2317 5468/1530/1821
f 28/1532/1550 29/1513/1531 5474/1513/2318 5473/1532/2318
f 2/1534/1552 3/1517/1535 5448/1517/2319 5447/1534/1822
f 7/1536/1554 8/1521/1539 5453/1521/1821 5452/1536/2317
f 12/1538/1556 13/1525/1543 5458/1525/1821 5457/1538/1821
f 17/1540/1558 18/1528/1546 5463/1528/2317 5462/1540/2317
f 22/1542/1560 23/1530/1548 5468/1530/1821 5467/1542/2320
f 27/1544/1562 28/1532/1550 5473/1532/2318 5472/1544/1821
f 32/1547/1565 1/1546/1564 5446/1546/2318 5477/1547/2318
f 1/1546/1564 2/1534/1552 5447/1534/1822 5446/1546/2318
f 6/1550/1568 7/1536/1554 5452/1536/2317 5451/1550/1821
f 11/1552/1570 12/1538/1556 5457/1538/1821 5456/1552/2318
f 16/1554/1572 17/1540/1558 5462/1540/2317 5461/1554/1822
f 21/1556/1574 22/1542/1560 5467/1542/2320 5466/1556/2317
f 26/1558/1576 27/1544/1562 5472/1544/1821 5471/1558/2318
f 31/1560/1578 32/1547/1565 5477/1547/2318 5476/1560/1821
f 5/1562/1580 6/1550/1568 5451/1550/1821 5450/1562/1821
f 10/1564/1582 11/1552/1570 5456/1552/2318 5455/1564/1821
f 15/1566/1584 16/1554/1572 5461/1554/1822 5460/1566/1821
f 20/1504/1522 21/1556/1574 5466/1556/2317 5465/1504/1822
f 25/1508/1526 26/1558/1576 5471/1558/2318 5470/1508/1821
f 212/1732/1751 211/1701/1763 5496/1701/2321 5497/1732/2322
f 217/1734/2323 216/1745/1765 5501/1745/2322 5502/1734/2322
f 222/1736/1755 221/1747/1786 5506/1747/2324 5507/1736/2322
f 196/1738/2325 195/1749/1769 5480/1749/2326 5481/1738/2324
f 201/1740/1759 200/1751/2327 5485/1751/2321 5486/1740/2324
f 206/1742/1761 205/1753/1773 5490/1753/2328 5491/1742/2324
f 210/1700/2329 211/1701/1763 5496/1701/2321 5495/1700/2330
f 216/1745/1765 215/1756/1777 5500/1756/2324 5501/1745/2322
f 221/1747/1786 220/1758/1779 5505/1758/2321 5506/1747/2324
f 195/1749/1769 194/1696/1833 5479/1696/2331 5480/1749/2326
f 200/1751/2327 199/1702/1832 5484/1702/2332 5485/1751/2321
f 205/1753/1773 204/1706/1831 5489/1706/2322 5490/1753/2328
f 210/1700/2333 209/1710/2334 5494/1710/2332 5495/1700/2335
f 215/1756/1777 214/1714/1733 5499/1714/2336 5500/1756/2324
f 220/1758/1779 219/1718/1737 5504/1718/2324 5505/1758/2321
f 193/1697/1817 224/1722/1741 5509/1722/2328 5478/1697/2331
f 194/1696/1833 193/1697/1817 5478/1697/2331 5479/1696/2331
f 199/1702/1832 198/1703/1805 5483/1703/2322 5484/1702/2332
f 204/1706/1831 203/1707/2337 5488/1707/2331 5489/1706/2322
f 209/1710/2334 208/1711/2338 5493/1711/2332 5494/1710/2332
f 214/1714/1733 213/1715/1801 5498/1715/2324 5499/1714/2336
f 219/1718/1737 218/1719/1738 5503/1719/2322 5504/1718/2324
f 224/1722/1741 223/1723/2339 5508/1723/2328 5509/1722/2328
f 198/1703/1805 197/1726/2340 5482/1726/2321 5483/1703/2322
f 203/1707/2337 202/1728/1796 5487/1728/2328 5488/1707/2331
f 208/1711/2338 207/1730/1749 5492/1730/2326 5493/1711/2332
f 213/1715/1801 212/1732/1751 5497/1732/2322 5498/1715/2324
f 218/1719/1738 217/1734/2323 5502/1734/2322 5503/1719/2322
f 223/1723/2339 222/1736/1755 5507/1736/2322 5508/1723/2328
f 197/1726/2340 196/1738/2325 5481/1738/2324 5482/1726/2321
f 202/1728/1796 201/1740/1759 5486/1740/2324 5487/1728/2328
f 207/1730/1749 206/1742/1761 5491/1742/2324 5492/1730/2326
f 154/1666/1684 155/1649/1667 5536/1649/2341 5535/1666/2342
f 159/1668/1686 160/1653/1671 5541/1653/2341 5540/1668/2343
f 133/1670/1688 134/1658/1676 5515/1658/1818 5514/1670/2344
f 138/1672/1690 139/1660/1678 5520/1660/2341 5519/1672/2345
f 143/1674/1692 144/1662/1680 5525/1662/1818 5524/1674/1818
f 148/1676/1694 149/1664/1682 5530/1664/1818 5529/1676/2342
f 153/1678/1696 154/1666/1684 5535/1666/2342 5534/1678/1818
f 158/1680/1698 159/1668/1686 5540/1668/2343 5539/1680/2344
f 132/1682/1700 133/1670/1688 5514/1670/2344 5513/1682/2346
f 137/1684/1702 138/1672/1690 5519/1672/2345 5518/1684/2347
f 142/1686/1704 143/1674/1692 5524/1674/1818 5523/1686/2348
f 147/1688/1706 148/1676/1694 5529/1676/2342 5528/1688/2343
f 152/1690/1708 153/1678/1696 5534/1678/1818 5533/1690/2344
f 157/1692/1710 158/1680/1698 5539/1680/2344 5538/1692/1818
f 131/1694/1712 132/1682/1700 5513/1682/2346 5512/1694/1818
f 136/1632/1650 137/1684/1702 5518/1684/2347 5517/1632/2349
f 141/1636/1654 142/1686/1704 5523/1686/2348 5522/1636/2342
f 146/1640/1658 147/1688/1706 5528/1688/2343 5527/1640/2341
f 151/1644/1662 152/1690/1708 5533/1690/2344 5532/1644/2341
f 156/1648/1666 157/1692/1710 5538/1692/1818 5537/1648/1818
f 130/1656/1674 131/1694/1712 5512/1694/1818 5511/1656/1818
f 135/1633/1651 136/1632/1650 5517/1632/2349 5516/1633/2341
f 140/1637/1655 141/1636/1654 5522/1636/2342 5521/1637/1818
f 145/1641/1659 146/1640/1658 5527/1640/2341 5526/1641/1818
f 150/1645/1663 151/1644/1662 5532/1644/2341 5531/1645/1818
f 155/1649/1667 156/1648/1666 5537/1648/1818 5536/1649/2341
f 160/1653/1671 129/1652/1670 5510/1652/1818 5541/1653/2341
f 129/1652/1670 130/1656/1674 5511/1656/1818 5510/1652/1818
f 134/1658/1676 135/1633/1651 5516/1633/2341 5515/1658/1818
f 139/1660/1678 140/1637/1655 5521/1637/1818 5520/1660/2341
f 144/1662/1680 145/1641/1659 5526/1641/1818 5525/1662/1818
usemtl hydraulics.001
f 2790/2240/2350 2821/2241/2351 2758/2242/2352 2789/2243/2353
f 2795/2244/2354 2794/2245/2355 2785/2246/2356 2784/2247/2357
f 2800/2248/2358 2799/2249/2359 2780/2250/2360 2779/2251/2361
f 2805/2252/2362 2804/2253/2363 2775/2254/2364 2774/2255/2365
f 2810/2256/2366 2809/2257/2367 2770/2258/2368 2769/2259/2369
f 2815/2260/2370 2814/2261/2371 2765/2262/2372 2764/2263/2373
f 2820/2264/2374 2819/2265/2350 2760/2266/2375 2759/2267/2376
f 2794/2245/2355 2793/2268/2377 2786/2269/2378 2785/2246/2356
f 2799/2249/2359 2798/2270/2366 2781/2271/2379 2780/2250/2360
f 2804/2253/2363 2803/2272/2380 2776/2273/2381 2775/2254/2364
f 2809/2257/2367 2808/2274/2382 2771/2275/2383 2770/2258/2368
f 2814/2261/2371 2813/2276/2367 2766/2277/2384 2765/2262/2372
f 2819/2265/2350 2818/2278/2385 2761/2279/2386 2760/2266/2375
f 2793/2268/2377 2792/2280/2358 2787/2281/2387 2786/2269/2378
f 2798/2270/2366 2797/2282/2359 2782/2283/2388 2781/2271/2379
f 2803/2272/2380 2802/2284/2380 2777/2285/2389 2776/2273/2381
f 2808/2274/2382 2807/2286/2355 2772/2287/2390 2771/2275/2383
f 2813/2276/2367 2812/2288/2350 2767/2289/2391 2766/2277/2384
f 2818/2278/2385 2817/2290/2350 2762/2291/2392 2761/2279/2386
f 2792/2280/2358 2791/2292/2355 2788/2293/2393 2787/2281/2387
f 2797/2282/2359 2796/2294/2394 2783/2295/2395 2782/2283/2388
f 2802/2284/2380 2801/2296/2396 2778/2297/2397 2777/2285/2389
f 2807/2286/2355 2806/2298/2350 2773/2299/2398 2772/2287/2390
f 2812/2288/2350 2811/2300/2399 2768/2301/2400 2767/2289/2391
f 2817/2290/2350 2816/2302/2370 2763/2303/2401 2762/2291/2392
f 2821/2241/2351 2820/2264/2374 2759/2267/2376 2758/2242/2352
f 2791/2292/2355 2790/2240/2350 2789/2243/2353 2788/2293/2393
f 2796/2294/2394 2795/2244/2354 2784/2247/2357 2783/2295/2395
f 2801/2296/2396 2800/2248/2358 2779/2251/2361 2778/2297/2397
f 2806/2298/2350 2805/2252/2362 2774/2255/2365 2773/2299/2398
f 2811/2300/2399 2810/2256/2366 2769/2259/2369 2768/2301/2400
f 2778/2297/2397 2779/2251/2361 2843/2304/2402 2842/2305/2403
f 2816/2302/2370 2815/2260/2370 2764/2263/2373 2763/2303/2401
f 2853/2306/2404 2822/2307/2405 2823/2308/2406 2824/2309/2407 2825/2310/2408 2826/2311/2409 2827/2312/2410 2828/2313/2411 2829/2314/2412 2830/2315/2413 2831/2316/2414 2832/2317/2415 2833/2318/2416 2834/2319/2417 2835/2320/2418 2836/2321/2419 2837/2322/2420 2838/2323/2421 2839/2324/2422 2840/2325/2423 2841/2326/2424 2842/2305/2403 2843/2304/2402 2844/2327/2425 2845/2328/2426 2846/2329/2427 2847/2330/2428 2848/2331/2429 2849/2332/2430 2850/2333/2431 2851/2334/2432 2852/2335/2433
f 2773/2299/2398 2774/2255/2365 2838/2323/2421 2837/2322/2420
f 2768/2301/2400 2769/2259/2369 2833/2318/2416 2832/2317/2415
f 2763/2303/2401 2764/2263/2373 2828/2313/2411 2827/2312/2410
f 2789/2243/2353 2758/2242/2352 2822/2307/2405 2853/2306/2404
f 2784/2247/2357 2785/2246/2356 2849/2332/2430 2848/2331/2429
f 2779/2251/2361 2780/2250/2360 2844/2327/2425 2843/2304/2402
f 2774/2255/2365 2775/2254/2364 2839/2324/2422 2838/2323/2421
f 2769/2259/2369 2770/2258/2368 2834/2319/2417 2833/2318/2416
f 2764/2263/2373 2765/2262/2372 2829/2314/2412 2828/2313/2411
f 2759/2267/2376 2760/2266/2375 2824/2309/2407 2823/2308/2406
f 2785/2246/2356 2786/2269/2378 2850/2333/2431 2849/2332/2430
f 2780/2250/2360 2781/2271/2379 2845/2328/2426 2844/2327/2425
f 2775/2254/2364 2776/2273/2381 2840/2325/2423 2839/2324/2422
f 2770/2258/2368 2771/2275/2383 2835/2320/2418 2834/2319/2417
f 2765/2262/2372 2766/2277/2384 2830/2315/2413 2829/2314/2412
f 2760/2266/2375 2761/2279/2386 2825/2310/2408 2824/2309/2407
f 2786/2269/2378 2787/2281/2387 2851/2334/2432 2850/2333/2431
f 2781/2271/2379 2782/2283/2388 2846/2329/2427 2845/2328/2426
f 2776/2273/2381 2777/2285/2389 2841/2326/2424 2840/2325/2423
f 2771/2275/2383 2772/2287/2390 2836/2321/2419 2835/2320/2418
f 2766/2277/2384 2767/2289/2391 2831/2316/2414 2830/2315/2413
f 2761/2279/2386 2762/2291/2392 2826/2311/2409 2825/2310/2408
f 2758/2242/2352 2759/2267/2376 2823/2308/2406 2822/2307/2405
f 2787/2281/2387 2788/2293/2393 2852/2335/2433 2851/2334/2432
f 2782/2283/2388 2783/2295/2395 2847/2330/2428 2846/2329/2427
f 2777/2285/2389 2778/2297/2397 2842/2305/2403 2841/2326/2424
f 2772/2287/2390 2773/2299/2398 2837/2322/2420 2836/2321/2419
f 2767/2289/2391 2768/2301/2400 2832/2317/2415 2831/2316/2414
f 2762/2291/2392 2763/2303/2401 2827/2312/2410 2826/2311/2409
f 2788/2293/2393 2789/2243/2353 2853/2306/2404 2852/2335/2433
f 2783/2295/2395 2784/2247/2357 2848/2331/2429 2847/2330/2428
f 2886/2336/2434 2885/2337/2435 2854/2338/2436 2917/2339/2437
f 2891/2340/2438 2880/2341/2439 2881/2342/2440 2890/2343/2441
f 2896/2344/2442 2875/2345/2443 2876/2346/2444 2895/2347/2445
f 2901/2348/2434 2870/2349/2446 2871/2350/2447 2900/2351/2437
f 2906/2352/2448 2865/2353/2449 2866/2354/2450 2905/2355/2437
f 2911/2356/2451 2860/2357/2452 2861/2358/2453 2910/2359/2442
f 2916/2360/2437 2855/2361/2454 2856/2362/2455 2915/2363/2456
f 2890/2343/2441 2881/2342/2440 2882/2364/2457 2889/2365/2458
f 2895/2347/2445 2876/2346/2444 2877/2366/2459 2894/2367/2460
f 2900/2351/2437 2871/2350/2447 2872/2368/2461 2899/2369/2456
f 2905/2355/2437 2866/2354/2450 2867/2370/2462 2904/2371/2463
f 2910/2359/2442 2861/2358/2453 2862/2372/2464 2909/2373/2437
f 2915/2363/2456 2856/2362/2455 2857/2374/2465 2914/2375/2438
f 2889/2365/2458 2882/2364/2457 2883/2376/2466 2888/2377/2467
f 2894/2367/2460 2877/2366/2459 2878/2378/2468 2893/2379/2469
f 2899/2369/2456 2872/2368/2461 2873/2380/2470 2898/2381/2438
f 2904/2371/2463 2867/2370/2462 2868/2382/2471 2903/2383/2438
f 2909/2373/2437 2862/2372/2464 2863/2384/2472 2908/2385/2456
f 2914/2375/2438 2857/2374/2465 2858/2386/2473 2913/2387/2474
f 2888/2377/2467 2883/2376/2466 2884/2388/2475 2887/2389/2438
f 2893/2379/2469 2878/2378/2468 2879/2390/2476 2892/2391/2467
f 2898/2381/2438 2873/2380/2470 2874/2392/2477 2897/2393/2478
f 2903/2383/2438 2868/2382/2471 2869/2394/2479 2902/2395/2480
f 2908/2385/2456 2863/2384/2472 2864/2396/2481 2907/2397/2482
f 2913/2387/2474 2858/2386/2473 2859/2398/2483 2912/2399/2484
f 2917/2339/2437 2854/2338/2436 2855/2361/2454 2916/2360/2437
f 2887/2389/2438 2884/2388/2475 2885/2337/2435 2886/2336/2434
f 2892/2391/2467 2879/2390/2476 2880/2341/2439 2891/2340/2438
f 2897/2393/2478 2874/2392/2477 2875/2345/2443 2896/2344/2442
f 2902/2395/2480 2869/2394/2479 2870/2349/2446 2901/2348/2434
f 2907/2397/2482 2864/2396/2481 2865/2353/2449 2906/2352/2448
f 2874/2392/2477 2938/2400/2485 2939/2401/2486 2875/2345/2443
f 2912/2399/2484 2859/2398/2483 2860/2357/2452 2911/2356/2451
f 2949/2402/2487 2948/2403/2488 2947/2404/2489 2946/2405/2490 2945/2406/2491 2944/2407/2492 2943/2408/2493 2942/2409/2494 2941/2410/2495 2940/2411/2496 2939/2401/2486 2938/2400/2485 2937/2412/2497 2936/2413/2498 2935/2414/2499 2934/2415/2500 2933/2416/2501 2932/2417/2502 2931/2418/2503 2930/2419/2504 2929/2420/2505 2928/2421/2506 2927/2422/2507 2926/2423/2508 2925/2424/2509 2924/2425/2510 2923/2426/2511 2922/2427/2512 2921/2428/2513 2920/2429/2514 2919/2430/2515 2918/2431/2516
f 2869/2394/2479 2933/2416/2501 2934/2415/2500 2870/2349/2446
f 2864/2396/2481 2928/2421/2506 2929/2420/2505 2865/2353/2449
f 2859/2398/2483 2923/2426/2511 2924/2425/2510 2860/2357/2452
f 2885/2337/2435 2949/2402/2487 2918/2431/2516 2854/2338/2436
f 2880/2341/2439 2944/2407/2492 2945/2406/2491 2881/2342/2440
f 2875/2345/2443 2939/2401/2486 2940/2411/2496 2876/2346/2444
f 2870/2349/2446 2934/2415/2500 2935/2414/2499 2871/2350/2447
f 2865/2353/2449 2929/2420/2505 2930/2419/2504 2866/2354/2450
f 2860/2357/2452 2924/2425/2510 2925/2424/2509 2861/2358/2453
f 2855/2361/2454 2919/2430/2515 2920/2429/2514 2856/2362/2455
f 2881/2342/2440 2945/2406/2491 2946/2405/2490 2882/2364/2457
f 2876/2346/2444 2940/2411/2496 2941/2410/2495 2877/2366/2459
f 2871/2350/2447 2935/2414/2499 2936/2413/2498 2872/2368/2461
f 2866/2354/2450 2930/2419/2504 2931/2418/2503 2867/2370/2462
f 2861/2358/2453 2925/2424/2509 2926/2423/2508 2862/2372/2464
f 2856/2362/2455 2920/2429/2514 2921/2428/2513 2857/2374/2465
f 2882/2364/2457 2946/2405/2490 2947/2404/2489 2883/2376/2466
f 2877/2366/2459 2941/2410/2495 2942/2409/2494 2878/2378/2468
f 2872/2368/2461 2936/2413/2498 2937/2412/2497 2873/2380/2470
f 2867/2370/2462 2931/2418/2503 2932/2417/2502 2868/2382/2471
f 2862/2372/2464 2926/2423/2508 2927/2422/2507 2863/2384/2472
f 2857/2374/2465 2921/2428/2513 2922/2427/2512 2858/2386/2473
f 2854/2338/2436 2918/2431/2516 2919/2430/2515 2855/2361/2454
f 2883/2376/2466 2947/2404/2489 2948/2403/2488 2884/2388/2475
f 2878/2378/2468 2942/2409/2494 2943/2408/2493 2879/2390/2476
f 2873/2380/2470 2937/2412/2497 2938/2400/2485 2874/2392/2477
f 2868/2382/2471 2932/2417/2502 2933/2416/2501 2869/2394/2479
f 2863/2384/2472 2927/2422/2507 2928/2421/2506 2864/2396/2481
f 2858/2386/2473 2922/2427/2512 2923/2426/2511 2859/2398/2483
f 2884/2388/2475 2948/2403/2488 2949/2402/2487 2885/2337/2435
f 2879/2390/2476 2943/2408/2493 2944/2407/2492 2880/2341/2439
f 2955/2432/2517 3008/2433/2518 3009/2434/2519 2954/2435/2520
f 2964/2436/2521 2999/2437/2522 3000/2438/2523 2963/2439/2524
f 2972/2440/2525 3020/2441/2526 3021/2442/2527 2973/2443/2528
f 2963/2439/2524 3000/2438/2523 3001/2444/2529 2962/2445/2521
f 2962/2445/2521 3001/2444/2529 3002/2446/2530 2961/2447/2531
f 2950/2448/2532 3013/2449/2533 3014/2450/2534 2966/2451/2535
f 2977/2452/2536 3025/2453/2537 3026/2454/2538 2978/2455/2539
f 2957/2456/2540 3006/2457/2541 3007/2458/2542 2956/2459/2543
f 2970/2460/2531 3018/2461/2544 3019/2462/2545 2971/2463/2546
f 2952/2464/2547 3011/2465/2548 3012/2466/2549 2951/2467/2524
f 2975/2468/2550 3023/2469/2551 3024/2470/2552 2976/2471/2553
f 2959/2472/2554 3004/2473/2555 3005/2474/2556 2958/2475/2557
f 2968/2476/2521 3016/2477/2558 3017/2478/2559 2969/2479/2531
f 2980/2480/2560 3028/2481/2561 3029/2482/2562 2981/2483/2528
f 2954/2435/2520 3009/2434/2519 3010/2484/2563 2953/2485/2564
f 2973/2443/2528 3021/2442/2527 3022/2486/2565 2974/2487/2528
f 2965/2488/2566 2998/2489/2567 2999/2437/2522 2964/2436/2521
f 2961/2447/2531 3002/2446/2530 3003/2490/2568 2960/2491/2553
f 2966/2451/2535 3014/2450/2534 3015/2492/2569 2967/2493/2570
f 2978/2455/2539 3026/2454/2538 3027/2494/2571 2979/2495/2531
f 2956/2459/2543 3007/2458/2542 3008/2433/2518 2955/2432/2517
f 2971/2463/2546 3019/2462/2545 3020/2441/2526 2972/2440/2525
f 2951/2467/2524 3012/2466/2549 3013/2449/2533 2950/2448/2532
f 2976/2471/2553 3024/2470/2552 3025/2453/2537 2977/2452/2536
f 2958/2475/2557 3005/2474/2556 3006/2457/2541 2957/2456/2540
f 2969/2479/2531 3017/2478/2559 3018/2461/2544 2970/2460/2531
f 2981/2483/2528 3029/2482/2562 2998/2489/2567 2965/2488/2566
f 2953/2485/2564 3010/2484/2563 3011/2465/2548 2952/2464/2547
f 2974/2487/2528 3022/2486/2565 3023/2469/2551 2975/2468/2550
f 2960/2491/2553 3003/2490/2568 3004/2473/2555 2959/2472/2554
f 2967/2493/2570 3015/2492/2569 3016/2477/2558 2968/2476/2521
f 2979/2495/2531 3027/2494/2571 3028/2481/2561 2980/2480/2560
f 3003/2490/2568 2994/2496/2572 2993/2497/2573 3004/2473/2555
f 3002/2446/2530 2995/2498/2574 2994/2496/2572 3003/2490/2568
f 3027/2494/2571 2983/2499/2575 2982/2500/2576 3028/2481/2561
f 3001/2444/2529 2996/2501/2577 2995/2498/2574 3002/2446/2530
f 3026/2454/2538 2984/2502/2578 2983/2499/2575 3027/2494/2571
f 3025/2453/2537 2985/2503/2579 2984/2502/2578 3026/2454/2538
f 3000/2438/2523 2997/2504/2580 2996/2501/2577 3001/2444/2529
f 2996/2501/2577 2997/2504/2580 3031/2505/2581 3030/2506/2582 3045/2507/2583 2982/2500/2576 2983/2499/2575 2984/2502/2578 2985/2503/2579 3044/2508/2584 2986/2509/2585 3043/2510/2586 2987/2511/2587 3042/2512/2588 3041/2513/2589 3040/2514/2590 3039/2515/2591 3038/2516/2592 2988/2517/2593 3037/2518/2594 2989/2519/2595 3036/2520/2596 2990/2521/2597 3035/2522/2598 3034/2523/2599 2991/2524/2600 3033/2525/2601 2992/2526/2602 3032/2527/2603 2993/2497/2573 2994/2496/2572 2995/2498/2574
f 3024/2470/2552 3044/2508/2584 2985/2503/2579 3025/2453/2537
f 3019/2462/2545 3041/2513/2589 3042/2512/2588 3020/2441/2526
f 3014/2450/2534 3037/2518/2594 2988/2517/2593 3015/2492/2569
f 3009/2434/2519 3034/2523/2599 3035/2522/2598 3010/2484/2563
f 3004/2473/2555 2993/2497/2573 3032/2527/2603 3005/2474/2556
f 3020/2441/2526 3042/2512/2588 2987/2511/2587 3021/2442/2527
f 3015/2492/2569 2988/2517/2593 3038/2516/2592 3016/2477/2558
f 3010/2484/2563 3035/2522/2598 2990/2521/2597 3011/2465/2548
f 3005/2474/2556 3032/2527/2603 2992/2526/2602 3006/2457/2541
f 2998/2489/2567 3030/2506/2582 3031/2505/2581 2999/2437/2522
f 3021/2442/2527 2987/2511/2587 3043/2510/2586 3022/2486/2565
f 3016/2477/2558 3038/2516/2592 3039/2515/2591 3017/2478/2559
f 3011/2465/2548 2990/2521/2597 3036/2520/2596 3012/2466/2549
f 3006/2457/2541 2992/2526/2602 3033/2525/2601 3007/2458/2542
f 3022/2486/2565 3043/2510/2586 2986/2509/2585 3023/2469/2551
f 3017/2478/2559 3039/2515/2591 3040/2514/2590 3018/2461/2544
f 3012/2466/2549 3036/2520/2596 2989/2519/2595 3013/2449/2533
f 3007/2458/2542 3033/2525/2601 2991/2524/2600 3008/2433/2518
f 3028/2481/2561 2982/2500/2576 3045/2507/2583 3029/2482/2562
f 3023/2469/2551 2986/2509/2585 3044/2508/2584 3024/2470/2552
f 3018/2461/2544 3040/2514/2590 3041/2513/2589 3019/2462/2545
f 3013/2449/2533 2989/2519/2595 3037/2518/2594 3014/2450/2534
f 3008/2433/2518 2991/2524/2600 3034/2523/2599 3009/2434/2519
f 2999/2437/2522 3031/2505/2581 2997/2504/2580 3000/2438/2523
f 3029/2482/2562 3045/2507/2583 3030/2506/2582 2998/2489/2567
f 3051/2528/2604 3050/2529/2605 3105/2530/2606 3104/2531/2607
f 3060/2532/2608 3059/2533/2609 3096/2534/2610 3095/2535/2611
f 3068/2536/2612 3069/2537/2613 3117/2538/2614 3116/2539/2615
f 3059/2533/2609 3058/2540/2616 3097/2541/2617 3096/2534/2610
f 3058/2540/2616 3057/2542/2612 3098/2543/2618 3097/2541/2617
f 3046/2544/2619 3062/2545/2620 3110/2546/2621 3109/2547/2622
f 3073/2548/2623 3074/2549/2624 3122/2550/2625 3121/2551/2626
f 3053/2552/2627 3052/2553/2628 3103/2554/2629 3102/2555/2630
f 3066/2556/2631 3067/2557/2628 3115/2558/2632 3114/2559/2633
f 3048/2560/2634 3047/2561/2609 3108/2562/2635 3107/2563/2636
f 3071/2564/2604 3072/2565/2623 3120/2566/2637 3119/2567/2638
f 3055/2568/2639 3054/2569/2628 3101/2570/2640 3100/2571/2641
f 3064/2572/2642 3065/2573/2643 3113/2574/2644 3112/2575/2645
f 3076/2576/2646 3077/2577/2647 3125/2578/2648 3124/2579/2649
f 3050/2529/2605 3049/2580/2650 3106/2581/2651 3105/2530/2606
f 3069/2537/2613 3070/2582/2613 3118/2583/2652 3117/2538/2614
f 3061/2584/2612 3060/2532/2608 3095/2535/2611 3094/2585/2653
f 3057/2542/2612 3056/2586/2624 3099/2587/2654 3098/2543/2618
f 3062/2545/2620 3063/2588/2655 3111/2589/2656 3110/2546/2621
f 3074/2549/2624 3075/2590/2657 3123/2591/2658 3122/2550/2625
f 3052/2553/2628 3051/2528/2604 3104/2531/2607 3103/2554/2629
f 3067/2557/2628 3068/2536/2612 3116/2539/2615 3115/2558/2632
f 3047/2561/2609 3046/2544/2619 3109/2547/2622 3108/2562/2635
f 3072/2565/2623 3073/2548/2623 3121/2551/2626 3120/2566/2637
f 3054/2569/2628 3053/2552/2627 3102/2555/2630 3101/2570/2640
f 3065/2573/2643 3066/2556/2631 3114/2559/2633 3113/2574/2644
f 3077/2577/2647 3061/2584/2612 3094/2585/2653 3125/2578/2648
f 3049/2580/2650 3048/2560/2634 3107/2563/2636 3106/2581/2651
f 3070/2582/2613 3071/2564/2604 3119/2567/2638 3118/2583/2652
f 3056/2586/2624 3055/2568/2639 3100/2571/2641 3099/2587/2654
f 3063/2588/2655 3064/2572/2642 3112/2575/2645 3111/2589/2656
f 3075/2590/2657 3076/2576/2646 3124/2579/2649 3123/2591/2658
f 3099/2587/2654 3100/2571/2641 3089/2592/2659 3090/2593/2660
f 3098/2543/2618 3099/2587/2654 3090/2593/2660 3091/2594/2661
f 3123/2591/2658 3124/2579/2649 3078/2595/2662 3079/2596/2663
f 3097/2541/2617 3098/2543/2618 3091/2594/2661 3092/2597/2664
f 3122/2550/2625 3123/2591/2658 3079/2596/2663 3080/2598/2665
f 3121/2551/2626 3122/2550/2625 3080/2598/2665 3081/2599/2666
f 3096/2534/2610 3097/2541/2617 3092/2597/2664 3093/2600/2667
f 3092/2597/2664 3091/2594/2661 3090/2593/2660 3089/2592/2659 3128/2601/2668 3088/2602/2669 3129/2603/2670 3087/2604/2671 3130/2605/2672 3131/2606/2673 3086/2607/2674 3132/2608/2675 3085/2609/2676 3133/2610/2677 3084/2611/2678 3134/2612/2679 3135/2613/2680 3136/2614/2681 3137/2615/2682 3138/2616/2683 3083/2617/2684 3139/2618/2685 3082/2619/2686 3140/2620/2687 3081/2599/2666 3080/2598/2665 3079/2596/2663 3078/2595/2662 3141/2621/2688 3126/2622/2689 3127/2623/2690 3093/2600/2667
f 3120/2566/2637 3121/2551/2626 3081/2599/2666 3140/2620/2687
f 3115/2558/2632 3116/2539/2615 3138/2616/2683 3137/2615/2682
f 3110/2546/2621 3111/2589/2656 3084/2611/2678 3133/2610/2677
f 3105/2530/2606 3106/2581/2651 3131/2606/2673 3130/2605/2672
f 3100/2571/2641 3101/2570/2640 3128/2601/2668 3089/2592/2659
f 3116/2539/2615 3117/2538/2614 3083/2617/2684 3138/2616/2683
f 3111/2589/2656 3112/2575/2645 3134/2612/2679 3084/2611/2678
f 3106/2581/2651 3107/2563/2636 3086/2607/2674 3131/2606/2673
f 3101/2570/2640 3102/2555/2630 3088/2602/2669 3128/2601/2668
f 3094/2585/2653 3095/2535/2611 3127/2623/2690 3126/2622/2689
f 3117/2538/2614 3118/2583/2652 3139/2618/2685 3083/2617/2684
f 3112/2575/2645 3113/2574/2644 3135/2613/2680 3134/2612/2679
f 3107/2563/2636 3108/2562/2635 3132/2608/2675 3086/2607/2674
f 3102/2555/2630 3103/2554/2629 3129/2603/2670 3088/2602/2669
f 3118/2583/2652 3119/2567/2638 3082/2619/2686 3139/2618/2685
f 3113/2574/2644 3114/2559/2633 3136/2614/2681 3135/2613/2680
f 3108/2562/2635 3109/2547/2622 3085/2609/2676 3132/2608/2675
f 3103/2554/2629 3104/2531/2607 3087/2604/2671 3129/2603/2670
f 3124/2579/2649 3125/2578/2648 3141/2621/2688 3078/2595/2662
f 3119/2567/2638 3120/2566/2637 3140/2620/2687 3082/2619/2686
f 3114/2559/2633 3115/2558/2632 3137/2615/2682 3136/2614/2681
f 3109/2547/2622 3110/2546/2621 3133/2610/2677 3085/2609/2676
f 3104/2531/2607 3105/2530/2606 3130/2605/2672 3087/2604/2671
f 3095/2535/2611 3096/2534/2610 3093/2600/2667 3127/2623/2690
f 3125/2578/2648 3094/2585/2653 3126/2622/2689 3141/2621/2688
usemtl teeth/eyes
f 2298/2624/2691 2297/2625/2692 2312/2626/2693 2313/2627/2694
f 2292/2628/2695 2291/2629/2696 2306/2630/2697 2307/2631/2698
f 2299/2632/2699 2298/2624/2691 2313/2627/2694 2314/2633/2700
f 2293/2634/2701 2292/2628/2695 2307/2631/2698 2308/2635/2702
f 2300/2636/2703 2299/2632/2699 2314/2633/2700 2315/2637/2704
f 2294/2638/2705 2293/2634/2701 2308/2635/2702 2309/2639/2706
f 2301/2640/2707 2300/2636/2703 2315/2637/2704 2316/2641/2708
f 2295/2642/2709 2294/2638/2705 2309/2639/2706 2310/2643/2710
f 2302/2644/2711 2301/2640/2707 2316/2641/2708 2317/2645/2712
f 2296/2646/2713 2295/2642/2709 2310/2643/2710 2311/2647/2714
f 2303/2648/2715 2302/2644/2711 2317/2645/2712 2318/2649/2716
f 2297/2650/2692 2296/2646/2713 2311/2647/2714 2312/2651/2693
f 2291/2629/2696 2290/2652/2717 2305/2653/2718 2306/2630/2697
f 2304/2654/2719 2303/2655/2715 2318/2656/2716 2319/2657/2720
f 2316/2641/2708 2315/2637/2704 2330/2658/2721 2331/2659/2722
f 2310/2643/2710 2309/2639/2706 2324/2660/2723 2325/2661/2724
f 2317/2645/2712 2316/2641/2708 2331/2659/2722 2332/2662/2725
f 2311/2647/2714 2310/2643/2710 2325/2661/2724 2326/2663/2726
f 2318/2649/2716 2317/2645/2712 2332/2662/2725 2333/2664/2727
f 2312/2651/2693 2311/2647/2714 2326/2663/2726 2327/2665/2728
f 2306/2630/2697 2305/2653/2718 2320/2666/2729 2321/2667/2730
f 2319/2657/2720 2318/2656/2716 2333/2668/2727 2334/2669/2731
f 2313/2627/2694 2312/2626/2693 2327/2670/2728 2328/2671/2732
f 2307/2631/2698 2306/2630/2697 2321/2667/2730 2322/2672/2733
f 2314/2633/2700 2313/2627/2694 2328/2671/2732 2329/2673/2734
f 2308/2635/2702 2307/2631/2698 2322/2672/2733 2323/2674/2735
f 2315/2637/2704 2314/2633/2700 2329/2673/2734 2330/2658/2721
f 2309/2639/2706 2308/2635/2702 2323/2674/2735 2324/2660/2723
f 2329/2673/2734 2328/2671/2732 2343/2675/2736 2344/2676/2737
f 2323/2674/2735 2322/2672/2733 2337/2677/2738 2338/2678/2739
f 2330/2658/2721 2329/2673/2734 2344/2676/2737 2345/2679/2740
f 2324/2660/2723 2323/2674/2735 2338/2678/2739 2339/2680/2741
f 2331/2659/2722 2330/2658/2721 2345/2679/2740 2346/2681/2742
f 2325/2661/2724 2324/2660/2723 2339/2680/2741 2340/2682/2743
f 2332/2662/2725 2331/2659/2722 2346/2681/2742 2347/2683/2744
f 2326/2663/2726 2325/2661/2724 2340/2682/2743 2341/2684/2745
f 2333/2664/2727 2332/2662/2725 2347/2683/2744 2348/2685/2746
f 2327/2665/2728 2326/2663/2726 2341/2684/2745 2342/2686/2747
f 2321/2667/2730 2320/2666/2729 2335/2687/2748 2336/2688/2749
f 2334/2669/2731 2333/2668/2727 2348/2689/2746 2349/2690/2750
f 2328/2671/2732 2327/2670/2728 2342/2691/2747 2343/2675/2736
f 2322/2672/2733 2321/2667/2730 2336/2688/2749 2337/2677/2738
f 2348/2685/2746 2347/2683/2744 2362/2692/2751 2363/2693/2752
f 2342/2686/2747 2341/2684/2745 2356/2694/2753 2357/2695/2754
f 2336/2688/2749 2335/2687/2748 2350/2696/2755 2351/2697/2756
f 2349/2690/2750 2348/2689/2746 2363/2698/2752 2364/2699/2757
f 2343/2675/2736 2342/2691/2747 2357/2700/2754 2358/2701/2758
f 2337/2677/2738 2336/2688/2749 2351/2697/2756 2352/2702/2759
f 2344/2676/2737 2343/2675/2736 2358/2701/2758 2359/2703/2760
f 2338/2678/2739 2337/2677/2738 2352/2702/2759 2353/2704/2761
f 2345/2679/2740 2344/2676/2737 2359/2703/2760 2360/2705/2762
f 2339/2680/2741 2338/2678/2739 2353/2704/2761 2354/2706/2763
f 2346/2681/2742 2345/2679/2740 2360/2705/2762 2361/2707/2764
f 2340/2682/2743 2339/2680/2741 2354/2706/2763 2355/2708/2765
f 2347/2683/2744 2346/2681/2742 2361/2707/2764 2362/2692/2751
f 2341/2684/2745 2340/2682/2743 2355/2708/2765 2356/2694/2753
f 2354/2706/2763 2353/2704/2761 2368/2709/2766 2369/2710/2767
f 2361/2707/2764 2360/2705/2762 2375/2711/2768 2376/2712/2769
f 2355/2708/2765 2354/2706/2763 2369/2710/2767 2370/2713/2770
f 2362/2692/2751 2361/2707/2764 2376/2712/2769 2377/2714/2771
f 2356/2694/2753 2355/2708/2765 2370/2713/2770 2371/2715/2772
f 2363/2693/2752 2362/2692/2751 2377/2714/2771 2378/2716/2773
f 2357/2695/2754 2356/2694/2753 2371/2715/2772 2372/2717/2774
f 2351/2697/2756 2350/2696/2755 2365/2718/2775 2366/2719/2776
f 2358/2701/2758 2357/2700/2754 2372/2720/2774 2373/2721/2777
f 2352/2702/2759 2351/2697/2756 2366/2719/2776 2367/2722/2778
f 2359/2703/2760 2358/2701/2758 2373/2721/2777 2374/2723/2779
f 2353/2704/2761 2352/2702/2759 2367/2722/2778 2368/2709/2766
f 2360/2705/2762 2359/2703/2760 2374/2723/2779 2375/2711/2768
f 2373/2721/2777 2372/2720/2774 2386/2724/2780 2387/2725/2781
f 2367/2722/2778 2366/2719/2776 2380/2726/2782 2381/2727/2783
f 2374/2723/2779 2373/2721/2777 2387/2725/2781 2388/2728/2784
f 2368/2709/2766 2367/2722/2778 2381/2727/2783 2382/2729/2785
f 2375/2711/2768 2374/2723/2779 2388/2728/2784 2389/2730/2786
f 2369/2710/2767 2368/2709/2766 2382/2729/2785 2383/2731/2787
f 2376/2712/2769 2375/2711/2768 2389/2730/2786 2390/2732/2788
f 2370/2713/2770 2369/2710/2767 2383/2731/2787 2384/2733/2789
f 2377/2714/2771 2376/2712/2769 2390/2732/2788 2391/2734/2790
f 2371/2715/2772 2370/2713/2770 2384/2733/2789 2385/2735/2791
f 2378/2716/2773 2377/2714/2771 2391/2734/2790 2392/2736/2792
f 2372/2717/2774 2371/2715/2772 2385/2735/2791 2386/2737/2780
f 2366/2719/2776 2365/2718/2775 2379/2738/2793 2380/2726/2782
f 2391/2734/2790 2390/2732/2788 2404/2739/2794 2405/2740/2795
f 2385/2735/2791 2384/2733/2789 2398/2741/2796 2399/2742/2797
f 2392/2736/2792 2391/2734/2790 2405/2740/2795 2406/2743/2798
f 2386/2737/2780 2385/2735/2791 2399/2742/2797 2400/2744/2799
f 2380/2726/2782 2379/2738/2793 2393/2745/2800 2394/2746/2801
f 2387/2725/2781 2386/2724/2780 2400/2747/2799 2401/2748/2802
f 2381/2727/2783 2380/2726/2782 2394/2746/2801 2395/2749/2803
f 2388/2728/2784 2387/2725/2781 2401/2748/2802 2402/2750/2804
f 2382/2729/2785 2381/2727/2783 2395/2749/2803 2396/2751/2805
f 2389/2730/2786 2388/2728/2784 2402/2750/2804 2403/2752/2806
f 2383/2731/2787 2382/2729/2785 2396/2751/2805 2397/2753/2807
f 2390/2732/2788 2389/2730/2786 2403/2752/2806 2404/2739/2794
f 2384/2733/2789 2383/2731/2787 2397/2753/2807 2398/2741/2796
f 2403/2752/2806 2402/2750/2804 2416/2754/2808 2417/2755/2809
f 2397/2753/2807 2396/2751/2805 2410/2756/2810 2411/2757/2811
f 2404/2739/2794 2403/2752/2806 2417/2755/2809 2418/2758/2812
f 2398/2741/2796 2397/2753/2807 2411/2757/2811 2412/2759/2813
f 2405/2740/2795 2404/2739/2794 2418/2758/2812 2419/2760/2814
f 2399/2742/2797 2398/2741/2796 2412/2759/2813 2413/2761/2815
f 2406/2743/2798 2405/2740/2795 2419/2760/2814 2420/2762/2816
f 2400/2744/2799 2399/2742/2797 2413/2761/2815 2414/2763/1716
f 2394/2746/2801 2393/2745/2800 2407/2764/2817 2408/2765/2818
f 2401/2748/2802 2400/2747/2799 2414/2766/1716 2415/2767/2819
f 2395/2749/2803 2394/2746/2801 2408/2765/2818 2409/2768/2820
f 2402/2750/2804 2401/2748/2802 2415/2767/2819 2416/2754/2808
f 2396/2751/2805 2395/2749/2803 2409/2768/2820 2410/2756/2810
f 2415/2767/2819 2414/2766/1716 2428/2769/2821 2429/2770/2822
f 2409/2768/2820 2408/2765/2818 2422/2771/2823 2423/2772/2824
f 2416/2754/2808 2415/2767/2819 2429/2770/2822 2430/2773/2825
f 2410/2756/2810 2409/2768/2820 2423/2772/2824 2424/2774/2826
f 2417/2755/2809 2416/2754/2808 2430/2773/2825 2431/2775/2827
f 2411/2757/2811 2410/2756/2810 2424/2774/2826 2425/2776/2828
f 2418/2758/2812 2417/2755/2809 2431/2775/2827 2432/2777/2829
f 2412/2759/2813 2411/2757/2811 2425/2776/2828 2426/2778/2830
f 2419/2760/2814 2418/2758/2812 2432/2777/2829 2433/2779/2831
f 2413/2761/2815 2412/2759/2813 2426/2778/2830 2427/2780/2832
f 2420/2762/2816 2419/2760/2814 2433/2779/2831 2434/2781/2833
f 2414/2763/1716 2413/2761/2815 2427/2780/2832 2428/2782/2821
f 2408/2765/2818 2407/2764/2817 2421/2783/2834 2422/2771/2823
f 2433/2779/2831 2432/2777/2829 2447/2784/2835 2448/2785/2836
f 2427/2780/2832 2426/2778/2830 2441/2786/2837 2442/2787/2838
f 2434/2781/2833 2433/2779/2831 2448/2785/2836 2449/2788/2839
f 2428/2782/2821 2427/2780/2832 2442/2787/2838 2443/2789/2840
f 2422/2771/2823 2421/2783/2834 2436/2790/2841 2437/2791/2842
f 2429/2770/2822 2428/2769/2821 2443/2792/2840 2444/2793/2843
f 2423/2772/2824 2422/2771/2823 2437/2791/2842 2438/2794/2844
f 2430/2773/2825 2429/2770/2822 2444/2793/2843 2445/2795/2845
f 2424/2774/2826 2423/2772/2824 2438/2794/2844 2439/2796/2846
f 2431/2775/2827 2430/2773/2825 2445/2795/2845 2446/2797/2847
f 2425/2776/2828 2424/2774/2826 2439/2796/2846 2440/2798/2848
f 2432/2777/2829 2431/2775/2827 2446/2797/2847 2447/2784/2835
f 2426/2778/2830 2425/2776/2828 2440/2798/2848 2441/2786/2837
f 2446/2797/2847 2445/2795/2845 2459/2799/2849 2460/2800/2850
f 2440/2798/2848 2439/2796/2846 2453/2801/2851 2454/2802/2852
f 2447/2784/2835 2446/2797/2847 2460/2800/2850 2461/2803/2853
f 2441/2786/2837 2440/2798/2848 2454/2802/2852 2455/2804/2854
f 2448/2785/2836 2447/2784/2835 2461/2803/2853 2462/2805/2855
f 2442/2787/2838 2441/2786/2837 2455/2804/2854 2456/2806/2856
f 2449/2788/2839 2448/2785/2836 2462/2805/2855 2463/2807/2857
f 2443/2789/2840 2442/2787/2838 2456/2806/2856 2457/2808/2858
f 2437/2791/2842 2436/2790/2841 2450/2809/2859 2451/2810/2860
f 2444/2793/2843 2443/2792/2840 2457/2811/2858 2458/2812/2861
f 2438/2794/2844 2437/2791/2842 2451/2810/2860 2452/2813/2862
f 2445/2795/2845 2444/2793/2843 2458/2812/2861 2459/2799/2849
f 2439/2796/2846 2438/2794/2844 2452/2813/2862 2453/2801/2851
f 2464/2814/2863 2463/2815/2857 2478/2816/2864 2479/2817/2865
f 2458/2812/2861 2457/2811/2858 2472/2818/2866 2473/2819/2867
f 2452/2813/2862 2451/2810/2860 2466/2820/2868 2467/2821/2869
f 2459/2799/2849 2458/2812/2861 2473/2819/2867 2474/2822/2870
f 2453/2801/2851 2452/2813/2862 2467/2821/2869 2468/2823/2871
f 2460/2800/2850 2459/2799/2849 2474/2822/2870 2475/2824/2872
f 2454/2802/2852 2453/2801/2851 2468/2823/2871 2469/2825/2873
f 2461/2803/2853 2460/2800/2850 2475/2824/2872 2476/2826/2874
f 2455/2804/2854 2454/2802/2852 2469/2825/2873 2470/2827/2875
f 2462/2805/2855 2461/2803/2853 2476/2826/2874 2477/2828/2876
f 2456/2806/2856 2455/2804/2854 2470/2827/2875 2471/2829/2877
f 2463/2807/2857 2462/2805/2855 2477/2828/2876 2478/2830/2864
f 2457/2808/2858 2456/2806/2856 2471/2829/2877 2472/2831/2866
f 2451/2810/2860 2450/2809/2859 2465/2832/2878 2466/2820/2868
f 2477/2828/2876 2476/2826/2874 2491/2833/2879 2492/2834/2880
f 2471/2829/2877 2470/2827/2875 2485/2835/2881 2486/2836/2882
f 2478/2830/2864 2477/2828/2876 2492/2834/2880 2493/2837/2883
f 2472/2831/2866 2471/2829/2877 2486/2836/2882 2487/2838/2884
f 2466/2820/2868 2465/2832/2878 2480/2839/2885 2481/2840/2886
f 2473/2819/2867 2472/2818/2866 2487/2841/2884 2488/2842/2887
f 2467/2821/2869 2466/2820/2868 2481/2840/2886 2482/2843/2888
f 2474/2822/2870 2473/2819/2867 2488/2842/2887 2489/2844/2889
f 2468/2823/2871 2467/2821/2869 2482/2843/2888 2483/2845/2890
f 2475/2824/2872 2474/2822/2870 2489/2844/2889 2490/2846/2891
f 2469/2825/2873 2468/2823/2871 2483/2845/2890 2484/2847/2892
f 2476/2826/2874 2475/2824/2872 2490/2846/2891 2491/2833/2879
f 2470/2827/2875 2469/2825/2873 2484/2847/2892 2485/2835/2881
f 2483/2845/2890 2482/2843/2888 2496/2848/2893 2497/2849/2894
f 2490/2846/2891 2489/2844/2889 2503/2850/2895 2504/2851/2896
f 2484/2847/2892 2483/2845/2890 2497/2849/2894 2498/2852/2897
f 2491/2833/2879 2490/2846/2891 2504/2851/2896 2505/2853/2898
f 2485/2835/2881 2484/2847/2892 2498/2852/2897 2499/2854/2899
f 2492/2834/2880 2491/2833/2879 2505/2853/2898 2506/2855/2900
f 2486/2836/2882 2485/2835/2881 2499/2854/2899 2500/2856/2901
f 2493/2837/2883 2492/2834/2880 2506/2855/2900 2507/2857/2902
f 2487/2838/2884 2486/2836/2882 2500/2856/2901 2501/2858/2903
f 2481/2840/2886 2480/2839/2885 2494/2859/2904 2495/2860/2905
f 2488/2842/2887 2487/2841/2884 2501/2861/2903 2502/2862/2906
f 2482/2843/2888 2481/2840/2886 2495/2860/2905 2496/2848/2893
f 2489/2844/2889 2488/2842/2887 2502/2862/2906 2503/2850/2895
f 2501/2858/2903 2500/2856/2901 2515/2863/2907 2516/2864/2908
f 2495/2860/2905 2494/2859/2904 2509/2865/2909 2510/2866/2910
f 2508/2867/2911 2507/2868/2902 2522/2869/2912 2523/2870/2913
f 2502/2862/2906 2501/2861/2903 2516/2871/2908 2517/2872/2914
f 2496/2848/2893 2495/2860/2905 2510/2866/2910 2511/2873/2915
f 2503/2850/2895 2502/2862/2906 2517/2872/2914 2518/2874/2916
f 2497/2849/2894 2496/2848/2893 2511/2873/2915 2512/2875/2917
f 2504/2851/2896 2503/2850/2895 2518/2874/2916 2519/2876/2918
f 2498/2852/2897 2497/2849/2894 2512/2875/2917 2513/2877/2919
f 2505/2853/2898 2504/2851/2896 2519/2876/2918 2520/2878/2920
f 2499/2854/2899 2498/2852/2897 2513/2877/2919 2514/2879/2921
f 2506/2855/2900 2505/2853/2898 2520/2878/2920 2521/2880/2922
f 2500/2856/2901 2499/2854/2899 2514/2879/2921 2515/2863/2907
f 2507/2857/2902 2506/2855/2900 2521/2880/2922 2522/2881/2912
f 2520/2878/2920 2519/2876/2918 2534/2882/2923 2535/2883/2924
f 2514/2879/2921 2513/2877/2919 2528/2884/2925 2529/2885/2926
f 2521/2880/2922 2520/2878/2920 2535/2883/2924 2536/2886/2927
f 2515/2863/2907 2514/2879/2921 2529/2885/2926 2530/2887/2928
f 2522/2881/2912 2521/2880/2922 2536/2886/2927 2537/2888/2929
f 2516/2864/2908 2515/2863/2907 2530/2887/2928 2531/2889/2930
f 2510/2866/2910 2509/2865/2909 2524/2890/2931 2525/2891/2932
f 2517/2872/2914 2516/2871/2908 2531/2892/2930 2532/2893/2933
f 2511/2873/2915 2510/2866/2910 2525/2891/2932 2526/2894/2934
f 2518/2874/2916 2517/2872/2914 2532/2893/2933 2533/2895/2935
f 2512/2875/2917 2511/2873/2915 2526/2894/2934 2527/2896/2936
f 2519/2876/2918 2518/2874/2916 2533/2895/2935 2534/2882/2923
f 2513/2877/2919 2512/2875/2917 2527/2896/2936 2528/2884/2925
f 2533/2895/2935 2532/2893/2933 2546/2897/2937 2547/2898/2938
f 2527/2896/2936 2526/2894/2934 2540/2899/2939 2541/2900/2940
f 2534/2882/2923 2533/2895/2935 2547/2898/2938 2548/2901/2941
f 2528/2884/2925 2527/2896/2936 2541/2900/2940 2542/2902/2942
f 2535/2883/2924 2534/2882/2923 2548/2901/2941 2549/2903/2943
f 2529/2885/2926 2528/2884/2925 2542/2902/2942 2543/2904/2944
f 2536/2886/2927 2535/2883/2924 2549/2903/2943 2550/2905/2945
f 2530/2887/2928 2529/2885/2926 2543/2904/2944 2544/2906/2946
f 2537/2888/2929 2536/2886/2927 2550/2905/2945 2551/2907/2947
f 2531/2889/2930 2530/2887/2928 2544/2906/2946 2545/2908/2948
f 2525/2891/2932 2524/2890/2931 2538/2909/2949 2539/2910/2950
f 2532/2893/2933 2531/2892/2930 2545/2911/2948 2546/2897/2937
f 2526/2894/2934 2525/2891/2932 2539/2910/2950 2540/2899/2939
f 2551/2907/2947 2550/2905/2945 2565/2912/2951 2566/2913/2952
f 2545/2908/2948 2544/2906/2946 2559/2914/2953 2560/2915/2954
f 2539/2910/2950 2538/2909/2949 2553/2916/2955 2554/2917/2956
f 2546/2897/2937 2545/2911/2948 2560/2918/2954 2561/2919/2957
f 2540/2899/2939 2539/2910/2950 2554/2917/2956 2555/2920/2958
f 2547/2898/2938 2546/2897/2937 2561/2919/2957 2562/2921/2959
f 2541/2900/2940 2540/2899/2939 2555/2920/2958 2556/2922/2960
f 2548/2901/2941 2547/2898/2938 2562/2921/2959 2563/2923/2961
f 2542/2902/2942 2541/2900/2940 2556/2922/2960 2557/2924/2962
f 2549/2903/2943 2548/2901/2941 2563/2923/2961 2564/2925/2963
f 2543/2904/2944 2542/2902/2942 2557/2924/2962 2558/2926/2964
f 2550/2905/2945 2549/2903/2943 2564/2925/2963 2565/2912/2951
f 2544/2906/2946 2543/2904/2944 2558/2926/2964 2559/2914/2953
f 2564/2925/2963 2563/2923/2961 2577/2927/2965 2578/2928/2966
f 2558/2926/2964 2557/2924/2962 2571/2929/2967 2572/2930/2968
f 2565/2912/2951 2564/2925/2963 2578/2928/2966 2579/2931/2969
f 2559/2914/2953 2558/2926/2964 2572/2930/2968 2573/2932/2970
f 2566/2913/2952 2565/2912/2951 2579/2931/2969 2580/2933/2971
f 2560/2915/2954 2559/2914/2953 2573/2932/2970 2574/2934/2972
f 2554/2917/2956 2553/2916/2955 2567/2935/2973 2568/2936/2974
f 2561/2919/2957 2560/2918/2954 2574/2937/2972 2575/2938/2975
f 2555/2920/2958 2554/2917/2956 2568/2936/2974 2569/2939/2976
f 2562/2921/2959 2561/2919/2957 2575/2938/2975 2576/2940/2977
f 2556/2922/2960 2555/2920/2958 2569/2939/2976 2570/2941/2978
f 2563/2923/2961 2562/2921/2959 2576/2940/2977 2577/2927/2965
f 2557/2924/2962 2556/2922/2960 2570/2941/2978 2571/2929/2967
f 2576/2940/2977 2575/2938/2975 2590/2942/2979 2591/2943/2980
f 2570/2941/2978 2569/2939/2976 2584/2944/2981 2585/2945/2982
f 2577/2927/2965 2576/2940/2977 2591/2943/2980 2592/2946/2983
f 2571/2929/2967 2570/2941/2978 2585/2945/2982 2586/2947/2984
f 2578/2928/2966 2577/2927/2965 2592/2946/2983 2593/2948/2985
f 2572/2930/2968 2571/2929/2967 2586/2947/2984 2587/2949/2986
f 2579/2931/2969 2578/2928/2966 2593/2948/2985 2594/2950/2987
f 2573/2932/2970 2572/2930/2968 2587/2949/2986 2588/2951/2988
f 2580/2933/2971 2579/2931/2969 2594/2950/2987 2595/2952/2989
f 2574/2934/2972 2573/2932/2970 2588/2951/2988 2589/2953/2990
f 2568/2936/2974 2567/2935/2973 2582/2954/2991 2583/2955/2992
f 2581/2956/2993 2580/2957/2971 2595/2958/2989 2596/2959/2994
f 2575/2938/2975 2574/2937/2972 2589/2960/2990 2590/2942/2979
f 2569/2939/2976 2568/2936/2974 2583/2955/2992 2584/2944/2981
f 2595/2952/2989 2594/2950/2987 2609/2961/2995 2610/2962/2996
f 2589/2953/2990 2588/2951/2988 2603/2963/2997 2604/2964/2998
f 2583/2955/2992 2582/2954/2991 2597/2965/2999 2598/2966/3000
f 2596/2959/2994 2595/2958/2989 2610/2967/2996 2611/2968/3001
f 2590/2942/2979 2589/2960/2990 2604/2969/2998 2605/2970/3002
f 2584/2944/2981 2583/2955/2992 2598/2966/3000 2599/2971/3003
f 2591/2943/2980 2590/2942/2979 2605/2970/3002 2606/2972/3004
f 2585/2945/2982 2584/2944/2981 2599/2971/3003 2600/2973/3005
f 2592/2946/2983 2591/2943/2980 2606/2972/3004 2607/2974/3006
f 2586/2947/2984 2585/2945/2982 2600/2973/3005 2601/2975/3007
f 2593/2948/2985 2592/2946/2983 2607/2974/3006 2608/2976/3008
f 2587/2949/2986 2586/2947/2984 2601/2975/3007 2602/2977/3009
f 2594/2950/2987 2593/2948/2985 2608/2976/3008 2609/2961/2995
f 2588/2951/2988 2587/2949/2986 2602/2977/3009 2603/2963/2997
f 2608/2976/3008 2607/2974/3006 2622/2978/3010 2623/2979/3011
f 2602/2977/3009 2601/2975/3007 2616/2980/3012 2617/2981/3013
f 2609/2961/2995 2608/2976/3008 2623/2979/3011 2624/2982/3014
f 2603/2963/2997 2602/2977/3009 2617/2981/3013 2618/2983/3015
f 2610/2962/2996 2609/2961/2995 2624/2982/3014 2625/2984/3016
f 2604/2964/2998 2603/2963/2997 2618/2983/3015 2619/2985/3017
f 2598/2966/3000 2597/2965/2999 2612/2986/3018 2613/2987/3019
f 2605/2970/3002 2604/2969/2998 2619/2988/3017 2620/2989/3020
f 2599/2971/3003 2598/2966/3000 2613/2987/3019 2614/2990/3021
f 2606/2972/3004 2605/2970/3002 2620/2989/3020 2621/2991/3022
f 2600/2973/3005 2599/2971/3003 2614/2990/3021 2615/2992/3023
f 2607/2974/3006 2606/2972/3004 2621/2991/3022 2622/2978/3010
f 2601/2975/3007 2600/2973/3005 2615/2992/3023 2616/2980/3012
f 2614/2990/3021 2613/2987/3019 2627/2993/3024 2628/2994/3025
f 2621/2991/3022 2620/2989/3020 2634/2995/3026 2635/2996/3027
f 2615/2992/3023 2614/2990/3021 2628/2994/3025 2629/2997/3028
f 2622/2978/3010 2621/2991/3022 2635/2996/3027 2636/2998/3029
f 2616/2980/3012 2615/2992/3023 2629/2997/3028 2630/2999/3030
f 2623/2979/3011 2622/2978/3010 2636/2998/3029 2637/3000/3031
f 2617/2981/3013 2616/2980/3012 2630/2999/3030 2631/3001/3032
f 2624/2982/3014 2623/2979/3011 2637/3000/3031 2638/3002/3033
f 2618/2983/3015 2617/2981/3013 2631/3001/3032 2632/3003/3034
f 2625/2984/3016 2624/2982/3014 2638/3002/3033 2639/3004/3035
f 2619/2985/3017 2618/2983/3015 2632/3003/3034 2633/3005/3036
f 2613/2987/3019 2612/2986/3018 2626/3006/3037 2627/2993/3024
f 2620/2989/3020 2619/2988/3017 2633/3007/3036 2634/2995/3026
f 2632/3003/3034 2631/3001/3032 2646/3008/3038 2647/3009/3039
f 2639/3004/3035 2638/3002/3033 2653/3010/3040 2654/3011/3041
f 2633/3005/3036 2632/3003/3034 2647/3009/3039 2648/3012/1732
f 2627/2993/3024 2626/3006/3037 2641/3013/3042 2642/3014/3043
f 2640/3015/3044 2639/3016/3035 2654/3017/3041 2655/3018/3045
f 2634/2995/3026 2633/3007/3036 2648/3019/1732 2649/3020/3046
f 2628/2994/3025 2627/2993/3024 2642/3014/3043 2643/3021/3047
f 2635/2996/3027 2634/2995/3026 2649/3020/3046 2650/3022/3048
f 2629/2997/3028 2628/2994/3025 2643/3021/3047 2644/3023/3049
f 2636/2998/3029 2635/2996/3027 2650/3022/3048 2651/3024/3050
f 2630/2999/3030 2629/2997/3028 2644/3023/3049 2645/3025/3051
f 2637/3000/3031 2636/2998/3029 2651/3024/3050 2652/3026/3052
f 2631/3001/3032 2630/2999/3030 2645/3025/3051 2646/3008/3038
f 2638/3002/3033 2637/3000/3031 2652/3026/3052 2653/3010/3040
f 2651/3024/3050 2650/3022/3048 2665/3027/3053 2666/3028/3054
f 2645/3025/3051 2644/3023/3049 2659/3029/3055 2660/3030/3056
f 2652/3026/3052 2651/3024/3050 2666/3028/3054 2667/3031/3057
f 2646/3008/3038 2645/3025/3051 2660/3030/3056 2661/3032/3058
f 2653/3010/3040 2652/3026/3052 2667/3031/3057 2668/3033/3059
f 2647/3009/3039 2646/3008/3038 2661/3032/3058 2662/3034/3060
f 2654/3011/3041 2653/3010/3040 2668/3033/3059 2669/3035/3061
f 2648/3012/1732 2647/3009/3039 2662/3034/3060 2663/3036/3062
f 2642/3014/3043 2641/3013/3042 2656/3037/3063 2657/3038/3064
f 2649/3020/3046 2648/3019/1732 2663/3039/3062 2664/3040/3065
f 2643/3021/3047 2642/3014/3043 2657/3038/3064 2658/3041/3066
f 2650/3022/3048 2649/3020/3046 2664/3040/3065 2665/3027/3053
f 2644/3023/3049 2643/3021/3047 2658/3041/3066 2659/3029/3055
f 2664/3040/3065 2663/3039/3062 2677/3042/3067 2678/3043/3068
f 2658/3041/3066 2657/3038/3064 2671/3044/3069 2672/3045/3070
f 2665/3027/3053 2664/3040/3065 2678/3043/3068 2679/3046/3071
f 2659/3029/3055 2658/3041/3066 2672/3045/3070 2673/3047/3072
f 2666/3028/3054 2665/3027/3053 2679/3046/3071 2680/3048/3073
f 2660/3030/3056 2659/3029/3055 2673/3047/3072 2674/3049/3074
f 2667/3031/3057 2666/3028/3054 2680/3048/3073 2681/3050/3075
f 2661/3032/3058 2660/3030/3056 2674/3049/3074 2675/3051/3076
f 2668/3033/3059 2667/3031/3057 2681/3050/3075 2682/3052/3077
f 2662/3034/3060 2661/3032/3058 2675/3051/3076 2676/3053/3078
f 2669/3035/3061 2668/3033/3059 2682/3052/3077 2683/3054/3079
f 2663/3036/3062 2662/3034/3060 2676/3053/3078 2677/3055/3067
f 2657/3038/3064 2656/3037/3063 2670/3056/3080 2671/3044/3069
f 2682/3052/3077 2681/3050/3075 2696/3057/3081 2697/3058/3082
f 2676/3053/3078 2675/3051/3076 2690/3059/3083 2691/3060/3084
f 2683/3054/3079 2682/3052/3077 2697/3058/3082 2698/3061/3085
f 2677/3055/3067 2676/3053/3078 2691/3060/3084 2692/3062/3086
f 2671/3044/3069 2670/3056/3080 2685/3063/3087 2686/3064/3088
f 2678/3043/3068 2677/3042/3067 2692/3065/3086 2693/3066/3089
f 2672/3045/3070 2671/3044/3069 2686/3064/3088 2687/3067/3090
f 2679/3046/3071 2678/3043/3068 2693/3066/3089 2694/3068/3091
f 2673/3047/3072 2672/3045/3070 2687/3067/3090 2688/3069/3092
f 2680/3048/3073 2679/3046/3071 2694/3068/3091 2695/3070/3093
f 2674/3049/3074 2673/3047/3072 2688/3069/3092 2689/3071/3094
f 2681/3050/3075 2680/3048/3073 2695/3070/3093 2696/3057/3081
f 2675/3051/3076 2674/3049/3074 2689/3071/3094 2690/3059/3083
f 2695/3070/3093 2694/3068/3091 2708/3072/3095 2709/3073/3096
f 2689/3071/3094 2688/3069/3092 2702/3074/3097 2703/3075/3098
f 2696/3057/3081 2695/3070/3093 2709/3073/3096 2710/3076/3099
f 2690/3059/3083 2689/3071/3094 2703/3075/3098 2704/3077/3100
f 2697/3058/3082 2696/3057/3081 2710/3076/3099 2711/3078/3101
f 2691/3060/3084 2690/3059/3083 2704/3077/3100 2705/3079/3102
f 2698/3061/3085 2697/3058/3082 2711/3078/3101 2712/3080/3103
f 2692/3062/3086 2691/3060/3084 2705/3079/3102 2706/3081/3104
f 2686/3064/3088 2685/3063/3087 2699/3082/3105 2700/3083/3106
f 2693/3066/3089 2692/3065/3086 2706/3084/3104 2707/3085/3107
f 2687/3067/3090 2686/3064/3088 2700/3083/3106 2701/3086/3108
f 2694/3068/3091 2693/3066/3089 2707/3085/3107 2708/3072/3095
f 2688/3069/3092 2687/3067/3090 2701/3086/3108 2702/3074/3097
f 2707/3085/3107 2706/3084/3104 2721/3087/3109 2722/3088/3110
f 2701/3086/3108 2700/3083/3106 2715/3089/3111 2716/3090/3112
f 2708/3072/3095 2707/3085/3107 2722/3088/3110 2723/3091/3113
f 2702/3074/3097 2701/3086/3108 2716/3090/3112 2717/3092/3114
f 2709/3073/3096 2708/3072/3095 2723/3091/3113 2724/3093/3115
f 2703/3075/3098 2702/3074/3097 2717/3092/3114 2718/3094/3116
f 2710/3076/3099 2709/3073/3096 2724/3093/3115 2725/3095/3117
f 2704/3077/3100 2703/3075/3098 2718/3094/3116 2719/3096/3118
f 2711/3078/3101 2710/3076/3099 2725/3095/3117 2726/3097/3119
f 2705/3079/3102 2704/3077/3100 2719/3096/3118 2720/3098/3120
f 2712/3080/3103 2711/3078/3101 2726/3097/3119 2727/3099/3121
f 2706/3081/3104 2705/3079/3102 2720/3098/3120 2721/3100/3109
f 2700/3083/3106 2699/3082/3105 2714/3101/3122 2715/3089/3111
f 2726/3097/3119 2725/3095/3117 2740/3102/3123 2741/3103/3124
f 2720/3098/3120 2719/3096/3118 2734/3104/3125 2735/3105/3126
f 2727/3099/3121 2726/3097/3119 2741/3103/3124 2742/3106/3127
f 2721/3100/3109 2720/3098/3120 2735/3105/3126 2736/3107/3128
f 2715/3089/3111 2714/3101/3122 2729/3108/3129 2730/3109/3130
f 2722/3088/3110 2721/3087/3109 2736/3110/3128 2737/3111/3131
f 2716/3090/3112 2715/3089/3111 2730/3109/3130 2731/3112/3132
f 2723/3091/3113 2722/3088/3110 2737/3111/3131 2738/3113/3133
f 2717/3092/3114 2716/3090/3112 2731/3112/3132 2732/3114/3134
f 2724/3093/3115 2723/3091/3113 2738/3113/3133 2739/3115/3135
f 2718/3094/3116 2717/3092/3114 2732/3114/3134 2733/3116/3136
f 2725/3095/3117 2724/3093/3115 2739/3115/3135 2740/3102/3123
f 2719/3096/3118 2718/3094/3116 2733/3116/3136 2734/3104/3125
f 2739/3115/3135 2738/3113/3133 2752/3117/3137 2753/3118/3138
f 2733/3116/3136 2732/3114/3134 2746/3119/3139 2747/3120/3140
f 2740/3102/3123 2739/3115/3135 2753/3118/3138 2754/3121/3141
f 2734/3104/3125 2733/3116/3136 2747/3120/3140 2748/3122/3142
f 2741/3103/3124 2740/3102/3123 2754/3121/3141 2755/3123/3143
f 2735/3105/3126 2734/3104/3125 2748/3122/3142 2749/3124/3144
f 2742/3106/3127 2741/3103/3124 2755/3123/3143 2756/3125/3145
f 2736/3107/3128 2735/3105/3126 2749/3124/3144 2750/3126/3146
f 2730/3109/3130 2729/3108/3129 2743/3127/3147 2744/3128/3148
f 2737/3111/3131 2736/3110/3128 2750/3129/3146 2751/3130/3149
f 2731/3112/3132 2730/3109/3130 2744/3128/3148 2745/3131/3150
f 2738/3113/3133 2737/3111/3131 2751/3130/3149 2752/3117/3137
f 2732/3114/3134 2731/3112/3132 2745/3131/3150 2746/3119/3139
f 2290/2652/2717 2713/3132/1781 2305/2653/2718
f 2305/2653/2718 2713/3132/1781 2320/2666/2729
f 2320/2666/2729 2713/3132/1781 2335/2687/2748
f 2335/2687/2748 2713/3132/1781 2350/2696/2755
f 2350/2696/2755 2713/3132/1781 2365/2718/2775
f 2365/2718/2775 2713/3132/1781 2379/2738/2793
f 2379/2738/2793 2713/3132/1781 2393/2745/2800
f 2393/2745/2800 2713/3132/1781 2407/2764/2817
f 2407/2764/2817 2713/3132/1781 2421/2783/2834
f 2421/2783/2834 2713/3132/1781 2436/2790/2841
f 2436/2790/2841 2713/3132/1781 2450/2809/2859
f 2450/2809/2859 2713/3132/1781 2465/2832/2878
f 2465/2832/2878 2713/3132/1781 2480/2839/2885
f 2480/2839/2885 2713/3132/1781 2494/2859/2904
f 2494/2859/2904 2713/3132/1781 2509/2865/2909
f 2509/2865/2909 2713/3132/1781 2524/2890/2931
f 2524/2890/2931 2713/3132/1781 2538/2909/2949
f 2538/2909/2949 2713/3132/1781 2553/2916/2955
f 2553/2916/2955 2713/3132/1781 2567/2935/2973
f 2567/2935/2973 2713/3132/1781 2582/2954/2991
f 2582/2954/2991 2713/3132/1781 2597/2965/2999
f 2597/2965/2999 2713/3132/1781 2612/2986/3018
f 2612/2986/3018 2713/3132/1781 2626/3006/3037
f 2626/3006/3037 2713/3132/1781 2641/3013/3042
f 2641/3013/3042 2713/3132/1781 2656/3037/3063
f 2656/3037/3063 2713/3132/1781 2670/3056/3080
f 2670/3056/3080 2713/3132/1781 2685/3063/3087
f 2685/3063/3087 2713/3132/1781 2699/3082/3105
f 2699/3082/3105 2713/3132/1781 2714/3101/3122
f 2714/3101/3122 2713/3132/1781 2729/3108/3129
f 2729/3108/3129 2713/3132/1781 2743/3127/3147
f 2744/3128/3148 2743/3127/3147 2290/2652/2717 2291/2629/2696
f 2757/3133/3151 2756/3134/3145 2303/2655/2715 2304/2654/2719
f 2751/3130/3149 2750/3129/3146 2297/2625/2692 2298/2624/2691
f 2745/3131/3150 2744/3128/3148 2291/2629/2696 2292/2628/2695
f 2752/3117/3137 2751/3130/3149 2298/2624/2691 2299/2632/2699
f 2746/3119/3139 2745/3131/3150 2292/2628/2695 2293/2634/2701
f 2753/3118/3138 2752/3117/3137 2299/2632/2699 2300/2636/2703
f 2747/3120/3140 2746/3119/3139 2293/2634/2701 2294/2638/2705
f 2754/3121/3141 2753/3118/3138 2300/2636/2703 2301/2640/2707
f 2748/3122/3142 2747/3120/3140 2294/2638/2705 2295/2642/2709
f 2755/3123/3143 2754/3121/3141 2301/2640/2707 2302/2644/2711
f 2749/3124/3144 2748/3122/3142 2295/2642/2709 2296/2646/2713
f 2743/3127/3147 2713/3132/1781 2290/2652/2717
f 2756/3125/3145 2755/3123/3143 2302/2644/2711 2303/2648/2715
f 2750/3126/3146 2749/3124/3144 2296/2646/2713 2297/2650/2692
f 3142/3135/3152 3143/3136/3153 3144/3137/3154 3145/3138/3155
f 3146/3139/3156 3147/3140/3157 3148/3141/3158 3149/3142/3159
f 3149/3142/3159 3148/3141/3158 3150/3143/3160 3151/3144/3161
f 3151/3144/3161 3150/3143/3160 3152/3145/3162 3153/3146/3163
f 3152/3145/3162 3154/3147/3164 3155/3148/3165 3153/3146/3163
f 3155/3148/3165 3154/3147/3164 3156/3149/3166 3157/3150/3167
f 3144/3137/3154 3143/3136/3153 3157/3150/3167 3156/3149/3166
f 3144/3137/3154 3158/3151/3168 3159/3152/3169 3145/3138/3155
f 3145/3138/3155 3159/3152/3169 3160/3153/3170 3161/3154/3171
f 3161/3154/3171 3160/3153/3170 3162/3155/3172 3163/3156/3173
f 3142/3135/3152 3164/3157/3174 3165/3158/3175 3143/3136/3153
f 3166/3159/3176 3159/3152/3169 3158/3151/3168 3167/3160/3177
f 3168/3161/3178 3169/3162/3179 3146/3139/3156 3149/3142/3159
f 3148/3141/3158 3147/3140/3157 3170/3163/3180 3171/3164/3181
f 3170/3163/3180 3172/3165/3182 3173/3166/3183 3171/3164/3181
f 3174/3167/3184 3150/3143/3160 3148/3141/3158 3171/3164/3181
f 3175/3168/3185 3168/3161/3178 3149/3142/3159 3151/3144/3161
f 3176/3169/3186 3172/3165/3182 3170/3163/3180 3177/3170/3187
f 3178/3171/3188 3173/3166/3183 3172/3165/3182 3176/3169/3186
f 3179/3172/3189 3180/3173/3190 3173/3166/3183 3178/3171/3188
f 3174/3167/3184 3180/3173/3190 3179/3172/3189 3181/3174/3191
f 3182/3175/3192 3183/3176/3193 3177/3170/3187 3184/3177/3194
f 3185/3178/3195 3176/3169/3186 3177/3170/3187 3183/3176/3193
f 3186/3179/3196 3187/3180/3197 3188/3181/3198 3189/3182/3199
f 3180/3173/3190 3174/3167/3184 3171/3164/3181 3173/3166/3183
f 3190/3183/3200 3178/3171/3188 3176/3169/3186 3185/3178/3195
f 3191/3184/3201 3179/3172/3189 3178/3171/3188 3190/3183/3200
f 3142/3135/3152 3192/3185/3202 3193/3186/3203 3164/3157/3174
f 3154/3147/3164 3152/3145/3162 3181/3174/3191 3194/3187/3204
f 3192/3185/3202 3161/3154/3171 3163/3156/3173 3195/3188/3205
f 3193/3186/3203 3192/3185/3202 3195/3188/3205 3196/3189/3206
f 3143/3136/3153 3165/3158/3175 3197/3190/3207 3157/3150/3167
f 3156/3149/3166 3198/3191/3208 3158/3151/3168 3144/3137/3154
f 3198/3191/3208 3199/3192/3209 3167/3160/3177 3158/3151/3168
f 3166/3159/3176 3167/3160/3177 3199/3192/3209 3200/3193/3210
f 3201/3194/3211 3166/3159/3176 3200/3193/3210 3202/3195/3212
f 3160/3153/3170 3201/3194/3211 3202/3195/3212 3162/3155/3172
f 3190/3183/3200 3185/3178/3195 3202/3195/3212 3200/3193/3210
f 3191/3184/3201 3190/3183/3200 3200/3193/3210 3199/3192/3209
f 3194/3187/3204 3191/3184/3201 3199/3192/3209 3198/3191/3208
f 3154/3147/3164 3194/3187/3204 3198/3191/3208 3156/3149/3166
f 3203/3196/3213 3155/3148/3165 3157/3150/3167 3197/3190/3207
f 3186/3179/3196 3189/3182/3199 3196/3189/3206 3195/3188/3205
f 3182/3175/3192 3186/3179/3196 3195/3188/3205 3163/3156/3173
f 3183/3176/3193 3182/3175/3192 3163/3156/3173 3162/3155/3172
f 3182/3175/3192 3184/3177/3194 3187/3180/3197 3186/3179/3196
f 3192/3185/3202 3142/3135/3152 3145/3138/3155 3161/3154/3171
f 3150/3143/3160 3174/3167/3184 3181/3174/3191 3152/3145/3162
f 3185/3178/3195 3183/3176/3193 3162/3155/3172 3202/3195/3212
f 3160/3153/3170 3159/3152/3169 3166/3159/3176 3201/3194/3211
f 3204/3197/3214 3175/3168/3185 3151/3144/3161 3153/3146/3163
f 3177/3170/3187 3170/3163/3180 3147/3140/3157 3184/3177/3194
f 3147/3140/3157 3146/3139/3156 3187/3180/3197 3184/3177/3194
f 3187/3180/3197 3146/3139/3156 3169/3162/3179 3188/3181/3198
f 3153/3146/3163 3155/3148/3165 3203/3196/3213 3204/3197/3214
f 3179/3172/3189 3191/3184/3201 3194/3187/3204 3181/3174/3191
f 3205/3198/3215 3206/3199/3216 3207/3200/3217 3208/3201/3218
f 3209/3202/3219 3210/3203/3220 3211/3204/3221 3212/3205/3222
f 3213/3206/3223 3209/3202/3219 3212/3205/3222 3214/3207/3224
f 3215/3208/3225 3216/3209/3226 3212/3205/3222 3211/3204/3221
f 3208/3201/3218 3217/3210/3227 3218/3211/3228 3219/3212/3229
f 3220/3213/3230 3221/3214/3231 3222/3215/3232 3223/3216/3233
f 3224/3217/3234 3225/3218/3235 3219/3212/3229 3218/3211/3228
f 3226/3219/3236 3220/3213/3230 3223/3216/3233 3227/3220/3237
f 3214/3207/3224 3212/3205/3222 3216/3209/3226 3228/3221/3238
f 3229/3222/3239 3224/3217/3234 3218/3211/3228 3230/3223/3240
f 3231/3224/3241 3232/3225/3242 3233/3226/3243 3234/3227/3244
f 3217/3210/3227 3235/3228/3245 3236/3229/3246 3237/3230/3247
f 3208/3201/3218 3207/3200/3217 3235/3228/3245 3217/3210/3227
f 3238/3231/3248 3205/3198/3215 3208/3201/3218 3219/3212/3229
f 3237/3230/3247 3236/3229/3246 3239/3232/3249 3240/3233/3250
f 3213/3206/3223 3214/3207/3224 3241/3234/3251 3240/3233/3250
f 3213/3206/3223 3242/3235/3252 3243/3236/3253 3209/3202/3219
f 3209/3202/3219 3243/3236/3253 3244/3237/3254 3210/3203/3220
f 3245/3238/3255 3229/3222/3239 3230/3223/3240 3241/3234/3251
f 3221/3214/3231 3220/3213/3230 3246/3239/3256 3247/3240/3257
f 3225/3218/3235 3224/3217/3234 3248/3241/3258 3249/3242/3259
f 3229/3222/3239 3245/3238/3255 3248/3241/3258 3224/3217/3234
f 3207/3200/3217 3250/3243/3260 3251/3244/3261 3235/3228/3245
f 3252/3245/3262 3253/3246/3263 3254/3247/3264 3255/3248/3265
f 3256/3249/3266 3257/3250/3267 3255/3248/3265 3254/3247/3264
f 3223/3216/3233 3233/3226/3243 3232/3225/3242 3227/3220/3237
f 3258/3251/3268 3233/3226/3243 3223/3216/3233 3222/3215/3232
f 3228/3221/3238 3216/3209/3226 3246/3239/3256 3259/3252/3269
f 3247/3240/3257 3246/3239/3256 3216/3209/3226 3215/3208/3225
f 3260/3253/3270 3257/3250/3267 3261/3254/3271 3262/3255/3272
f 3206/3199/3216 3205/3198/3215 3232/3225/3242 3231/3224/3241
f 3205/3198/3215 3238/3231/3248 3227/3220/3237 3232/3225/3242
f 3249/3242/3259 3226/3219/3236 3227/3220/3237 3238/3231/3248
f 3259/3252/3269 3226/3219/3236 3249/3242/3259 3248/3241/3258
f 3245/3238/3255 3228/3221/3238 3259/3252/3269 3248/3241/3258
f 3256/3249/3266 3263/3256/3273 3261/3254/3271 3257/3250/3267
f 3214/3207/3224 3228/3221/3238 3245/3238/3255 3241/3234/3251
f 3207/3200/3217 3206/3199/3216 3262/3255/3272 3250/3243/3260
f 3231/3224/3241 3260/3253/3270 3262/3255/3272 3206/3199/3216
f 3234/3227/3244 3264/3257/3274 3260/3253/3270 3231/3224/3241
f 3265/3258/3275 3264/3257/3274 3234/3227/3244 3266/3259/3276
f 3254/3247/3264 3243/3236/3253 3242/3235/3252 3256/3249/3266
f 3267/3260/3277 3236/3229/3246 3235/3228/3245 3251/3244/3261
f 3220/3213/3230 3226/3219/3236 3259/3252/3269 3246/3239/3256
f 3234/3227/3244 3233/3226/3243 3258/3251/3268 3266/3259/3276
f 3237/3230/3247 3230/3223/3240 3218/3211/3228 3217/3210/3227
f 3240/3233/3250 3241/3234/3251 3230/3223/3240 3237/3230/3247
f 3225/3218/3235 3249/3242/3259 3238/3231/3248 3219/3212/3229
f 3240/3233/3250 3239/3232/3249 3242/3235/3252 3213/3206/3223
f 3261/3254/3271 3263/3256/3273 3267/3260/3277 3251/3244/3261
f 3263/3256/3273 3239/3232/3249 3236/3229/3246 3267/3260/3277
f 3256/3249/3266 3242/3235/3252 3239/3232/3249 3263/3256/3273
f 3250/3243/3260 3262/3255/3272 3261/3254/3271 3251/3244/3261
f 3264/3257/3274 3255/3248/3265 3257/3250/3267 3260/3253/3270
f 3255/3248/3265 3264/3257/3274 3265/3258/3275 3252/3245/3262
f 3253/3246/3263 3244/3237/3254 3243/3236/3253 3254/3247/3264
f 3268/3261/3278 3269/3262/3279 3270/3263/3280 3271/3264/3281
f 3270/3263/3280 3269/3262/3279 3272/3265/3282 3273/3266/3283
f 3274/3267/3284 3275/3268/3285 3276/3269/3286 3277/3270/3287
f 3278/3271/3288 3279/3272/3289 3280/3273/3290 3281/3274/3291
f 3282/3275/3292 3283/3276/3293 3284/3277/3294 3285/3278/3295
f 3286/3279/3296 3287/3280/3297 3288/3281/3298 3289/3282/3299
f 3290/3283/3300 3268/3261/3278 3287/3280/3297 3286/3279/3296
f 3290/3283/3300 3291/3284/3301 3292/3285/3302 3293/3286/3303
f 3293/3286/3303 3292/3285/3302 3294/3287/3304 3295/3288/3305
f 3295/3288/3305 3294/3287/3304 3296/3289/3306 3297/3290/3307
f 3274/3267/3284 3298/3291/3308 3299/3292/3309 3297/3290/3307
f 3300/3293/3310 3301/3294/3311 3302/3295/3312 3303/3296/3313
f 3287/3280/3297 3268/3261/3278 3271/3264/3281 3304/3297/3314
f 3290/3283/3300 3286/3279/3296 3305/3298/3315 3291/3284/3301
f 3282/3275/3292 3306/3299/3316 3307/3300/3317 3283/3276/3293
f 3304/3297/3314 3308/3301/3318 3288/3281/3298 3287/3280/3297
f 3289/3282/3299 3284/3277/3294 3305/3298/3315 3286/3279/3296
f 3271/3264/3281 3270/3263/3280 3309/3302/3319 3310/3303/3320
f 3310/3303/3320 3309/3302/3319 3311/3304/3321 3312/3305/3322
f 3313/3306/3323 3314/3307/3324 3315/3308/3325 3316/3309/3326
f 3304/3297/3314 3271/3264/3281 3310/3303/3320 3308/3301/3318
f 3268/3261/3278 3290/3283/3300 3293/3286/3303 3269/3262/3279
f 3269/3262/3279 3293/3286/3303 3295/3288/3305 3272/3265/3282
f 3317/3310/3327 3318/3311/3328 3299/3292/3309 3298/3291/3308
f 3272/3265/3282 3295/3288/3305 3297/3290/3307 3299/3292/3309
f 3305/3298/3315 3284/3277/3294 3283/3276/3293 3319/3312/3329
f 3320/3313/3330 3294/3287/3304 3292/3285/3302 3321/3314/3331
f 3297/3290/3307 3296/3289/3306 3275/3268/3285 3274/3267/3284
f 3320/3313/3330 3307/3300/3317 3296/3289/3306 3294/3287/3304
f 3275/3268/3285 3296/3289/3306 3307/3300/3317 3306/3299/3316
f 3319/3312/3329 3322/3315/3332 3291/3284/3301 3305/3298/3315
f 3323/3316/3333 3324/3317/3334 3325/3318/3335 3326/3319/3336
f 3300/3293/3310 3303/3296/3313 3324/3317/3334 3323/3316/3333
f 3327/3320/3337 3328/3321/3338 3302/3295/3312 3301/3294/3311
f 3308/3301/3318 3329/3322/3339 3330/3323/3340 3288/3281/3298
f 3331/3324/3341 3332/3325/3342 3333/3326/3343 3334/3327/3344
f 3330/3323/3340 3335/3328/3345 3289/3282/3299 3288/3281/3298
f 3331/3324/3341 3334/3327/3344 3279/3272/3289 3278/3271/3288
f 3336/3329/3346 3337/3330/3347 3327/3320/3337 3338/3331/3348
f 3339/3332/3349 3278/3271/3288 3281/3274/3291 3340/3333/3350
f 3341/3334/3351 3331/3324/3341 3278/3271/3288 3339/3332/3349
f 3342/3335/3352 3332/3325/3342 3331/3324/3341 3341/3334/3351
f 3343/3336/3353 3344/3337/3354 3316/3309/3326 3315/3308/3325
f 3342/3335/3352 3343/3336/3353 3315/3308/3325 3332/3325/3342
f 3330/3323/3340 3329/3322/3339 3342/3335/3352 3341/3334/3351
f 3341/3334/3351 3339/3332/3349 3335/3328/3345 3330/3323/3340
f 3285/3278/3295 3335/3328/3345 3339/3332/3349 3340/3333/3350
f 3336/3329/3346 3282/3275/3292 3285/3278/3295 3340/3333/3350
f 3338/3331/3348 3327/3320/3337 3301/3294/3311 3276/3269/3286
f 3345/3338/3355 3277/3270/3287 3300/3293/3310 3323/3316/3333
f 3336/3329/3346 3340/3333/3350 3281/3274/3291 3337/3330/3347
f 3346/3339/3356 3337/3330/3347 3281/3274/3291 3280/3273/3290
f 3319/3312/3329 3320/3313/3330 3321/3314/3331 3322/3315/3332
f 3333/3326/3343 3332/3325/3342 3315/3308/3325 3314/3307/3324
f 3329/3322/3339 3312/3305/3322 3343/3336/3353 3342/3335/3352
f 3312/3305/3322 3311/3304/3321 3344/3337/3354 3343/3336/3353
f 3347/3340/3357 3345/3338/3355 3323/3316/3333 3326/3319/3336
f 3309/3302/3319 3270/3263/3280 3273/3266/3283 3318/3311/3328
f 3311/3304/3321 3309/3302/3319 3318/3311/3328 3317/3310/3327
f 3344/3337/3354 3311/3304/3321 3317/3310/3327 3347/3340/3357
f 3316/3309/3326 3344/3337/3354 3347/3340/3357 3326/3319/3336
f 3325/3318/3335 3313/3306/3323 3316/3309/3326 3326/3319/3336
f 3298/3291/3308 3345/3338/3355 3347/3340/3357 3317/3310/3327
f 3322/3315/3332 3321/3314/3331 3292/3285/3302 3291/3284/3301
f 3336/3329/3346 3338/3331/3348 3306/3299/3316 3282/3275/3292
f 3277/3270/3287 3276/3269/3286 3301/3294/3311 3300/3293/3310
f 3308/3301/3318 3310/3303/3320 3312/3305/3322 3329/3322/3339
f 3273/3266/3283 3272/3265/3282 3299/3292/3309 3318/3311/3328
f 3289/3282/3299 3335/3328/3345 3285/3278/3295 3284/3277/3294
f 3328/3321/3338 3327/3320/3337 3337/3330/3347 3346/3339/3356
f 3283/3276/3293 3307/3300/3317 3320/3313/3330 3319/3312/3329
f 3338/3331/3348 3276/3269/3286 3275/3268/3285 3306/3299/3316
f 3298/3291/3308 3274/3267/3284 3277/3270/3287 3345/3338/3355
f 3348/3341/3358 3349/3342/3359 3350/3343/3360 3351/3344/3361
f 3352/3345/3362 3353/3346/3363 3354/3347/3364 3355/3348/3365
f 3356/3349/3366 3357/3350/3367 3358/3351/3368 3359/3352/3369
f 3360/3353/3370 3361/3354/3371 3362/3355/3372 3363/3356/3373
f 3352/3345/3362 3351/3344/3361 3350/3343/3360 3363/3356/3373
f 3355/3348/3365 3364/3357/3374 3351/3344/3361 3352/3345/3362
f 3365/3358/3375 3366/3359/3376 3364/3357/3374 3355/3348/3365
f 3367/3360/3377 3368/3361/3378 3366/3359/3376 3365/3358/3375
f 3369/3362/3379 3370/3363/3380 3371/3364/3381 3372/3365/3382
f 3373/3366/3383 3374/3367/3384 3375/3368/3385 3376/3369/3386
f 3377/3370/3387 3349/3342/3359 3378/3371/3388 3379/3372/3389
f 3349/3342/3359 3348/3341/3358 3380/3373/3390 3378/3371/3388
f 3381/3374/3391 3350/3343/3360 3349/3342/3359 3377/3370/3387
f 3348/3341/3358 3383/3375/3392 3382/3376/3393 3380/3373/3390
f 3384/3377/3394 3382/3376/3393 3383/3375/3392 3385/3378/3395
f 3363/3356/3373 3350/3343/3360 3381/3374/3391 3360/3353/3370
f 3383/3375/3392 3348/3341/3358 3351/3344/3361 3364/3357/3374
f 3385/3378/3395 3383/3375/3392 3364/3357/3374 3366/3359/3376
f 3363/3356/3373 3362/3355/3372 3353/3346/3363 3352/3345/3362
f 3386/3379/3396 3387/3380/3397 3388/3381/3398 3389/3382/3399
f 3355/3348/3365 3354/3347/3364 3390/3383/3400 3365/3358/3375
f 3391/3384/3401 3389/3382/3399 3369/3362/3379 3392/3385/3402
f 3389/3382/3399 3388/3381/3398 3370/3363/3380 3369/3362/3379
f 3393/3386/3403 3385/3378/3395 3366/3359/3376 3368/3361/3378
f 3394/3387/3404 3395/3388/3405 3396/3389/3406 3397/3390/3407
f 3398/3391/3408 3395/3388/3405 3394/3387/3404 3399/3392/3409
f 3396/3389/3406 3400/3393/3410 3401/3394/3411 3372/3365/3382
f 3402/3395/3412 3403/3396/3413 3404/3397/3414 3405/3398/3415
f 3400/3393/3410 3404/3397/3414 3403/3396/3413 3393/3386/3403
f 3401/3394/3411 3400/3393/3410 3393/3386/3403 3368/3361/3378
f 3367/3360/3377 3392/3385/3402 3401/3394/3411 3368/3361/3378
f 3406/3399/3416 3391/3384/3401 3392/3385/3402 3367/3360/3377
f 3391/3384/3401 3406/3399/3416 3407/3400/3417 3408/3401/3418
f 3402/3395/3412 3405/3398/3415 3380/3373/3390 3382/3376/3393
f 3397/3390/3407 3396/3389/3406 3372/3365/3382 3371/3364/3381
f 3398/3391/3408 3378/3371/3388 3380/3373/3390 3405/3398/3415
f 3409/3402/3419 3410/3403/3420 3411/3404/3421 3412/3405/3422
f 3413/3406/3423 3414/3407/3424 3412/3405/3422 3411/3404/3421
f 3413/3406/3423 3415/3408/3425 3416/3409/3426 3414/3407/3424
f 3417/3410/3427 3418/3411/3428 3416/3409/3426 3415/3408/3425
f 3419/3412/3429 3420/3413/3430 3418/3411/3428 3417/3410/3427
f 3421/3414/3431 3422/3415/3432 3420/3413/3430 3419/3412/3429
f 3423/3416/3433 3424/3417/3434 3422/3415/3432 3421/3414/3431
f 3375/3368/3385 3424/3417/3434 3423/3416/3433 3376/3369/3386
f 3356/3349/3366 3359/3352/3369 3374/3367/3384 3373/3366/3383
f 3423/3416/3433 3388/3381/3398 3387/3380/3397 3376/3369/3386
f 3370/3363/3380 3388/3381/3398 3423/3416/3433 3421/3414/3431
f 3371/3364/3381 3370/3363/3380 3421/3414/3431 3419/3412/3429
f 3417/3410/3427 3397/3390/3407 3371/3364/3381 3419/3412/3429
f 3415/3408/3425 3394/3387/3404 3397/3390/3407 3417/3410/3427
f 3399/3392/3409 3394/3387/3404 3415/3408/3425 3413/3406/3423
f 3379/3372/3389 3399/3392/3409 3413/3406/3423 3411/3404/3421
f 3376/3369/3386 3387/3380/3397 3361/3354/3371 3373/3366/3383
f 3365/3358/3375 3390/3383/3400 3406/3399/3416 3367/3360/3377
f 3404/3397/3414 3395/3388/3405 3398/3391/3408 3405/3398/3415
f 3408/3401/3418 3386/3379/3396 3389/3382/3399 3391/3384/3401
f 3362/3355/3372 3386/3379/3396 3408/3401/3418 3353/3346/3363
f 3356/3349/3366 3373/3366/3383 3361/3354/3371 3360/3353/3370
f 3410/3403/3420 3377/3370/3387 3379/3372/3389 3411/3404/3421
f 3360/3353/3370 3381/3374/3391 3357/3350/3367 3356/3349/3366
f 3395/3388/3405 3404/3397/3414 3400/3393/3410 3396/3389/3406
f 3392/3385/3402 3369/3362/3379 3372/3365/3382 3401/3394/3411
f 3385/3378/3395 3393/3386/3403 3403/3396/3413 3384/3377/3394
f 3377/3370/3387 3410/3403/3420 3357/3350/3367 3381/3374/3391
f 3379/3372/3389 3378/3371/3388 3398/3391/3408 3399/3392/3409
f 3403/3396/3413 3402/3395/3412 3382/3376/3393 3384/3377/3394
f 3410/3403/3420 3409/3402/3419 3358/3351/3368 3357/3350/3367
f 3353/3346/3363 3408/3401/3418 3407/3400/3417 3354/3347/3364
f 3390/3383/3400 3354/3347/3364 3407/3400/3417 3406/3399/3416
f 3386/3379/3396 3362/3355/3372 3361/3354/3371 3387/3380/3397
f 3425/3418/3435 3426/3419/3436 3427/3420/3437 3428/3421/3438
f 3429/3422/3439 3430/3423/3440 3431/3424/3441 3432/3425/3442
f 3433/3426/3443 3425/3418/3435 3434/3427/3444 3435/3428/3445
f 3436/3429/3446 3437/3430/3447 3438/3431/3448 3439/3432/3449
f 3437/3430/3447 3440/3433/3450 3441/3434/3451 3438/3431/3448
f 3438/3431/3448 3441/3434/3451 3442/3435/3452 3443/3436/3453
f 3444/3437/3454 3445/3438/3455 3446/3439/3456 3447/3440/3457
f 3448/3441/3458 3449/3442/3459 3450/3443/3460 3451/3444/3461
f 3452/3445/3462 3453/3446/3463 3449/3442/3459 3448/3441/3458
f 3444/3437/3454 3447/3440/3457 3454/3447/3464 3451/3444/3461
f 3455/3448/3465 3456/3449/3466 3457/3450/3467 3458/3451/3468
f 3459/3452/3469 3460/3453/3470 3452/3445/3462 3461/3454/3471
f 3462/3455/3472 3463/3456/3473 3464/3457/3474 3465/3458/3475
f 3466/3459/3476 3462/3455/3472 3465/3458/3475 3467/3460/3477
f 3468/3461/3478 3469/3462/3479 3470/3463/3480 3471/3464/3481
f 3443/3436/3453 3442/3435/3452 3472/3465/3482 3473/3466/3483
f 3447/3440/3457 3474/3467/3484 3464/3457/3474 3454/3447/3464
f 3465/3458/3475 3464/3457/3474 3474/3467/3484 3475/3468/3485
f 3467/3460/3477 3465/3458/3475 3475/3468/3485 3476/3469/3486
f 3477/3470/3487 3478/3471/3488 3467/3460/3477 3476/3469/3486
f 3476/3469/3486 3479/3472/3489 3480/3473/3490 3477/3470/3487
f 3481/3474/3491 3482/3475/3492 3483/3476/3493 3466/3459/3476
f 3468/3461/3478 3471/3464/3481 3463/3456/3473 3462/3455/3472
f 3484/3477/3494 3475/3468/3485 3474/3467/3484 3485/3478/3495
f 3486/3479/3496 3487/3480/3497 3488/3481/3498 3435/3428/3445
f 3453/3446/3463 3489/3482/3499 3490/3483/3500 3491/3484/3501
f 3435/3428/3445 3488/3481/3498 3492/3485/3502 3433/3426/3443
f 3443/3436/3453 3426/3419/3436 3439/3432/3449 3438/3431/3448
f 3486/3479/3496 3491/3484/3501 3490/3483/3500 3487/3480/3497
f 3486/3479/3496 3435/3428/3445 3434/3427/3444 3493/3486/3503
f 3494/3487/3504 3495/3488/3505 3496/3489/3506 3493/3486/3503
f 3471/3464/3481 3461/3454/3471 3497/3490/3507 3463/3456/3473
f 3453/3446/3463 3452/3445/3462 3460/3453/3470 3489/3482/3499
f 3425/3418/3435 3428/3421/3438 3498/3491/3508 3434/3427/3444
f 3426/3419/3436 3425/3418/3435 3433/3426/3443 3439/3432/3449
f 3432/3425/3442 3431/3424/3441 3480/3473/3490 3479/3472/3489
f 3499/3492/3509 3457/3450/3467 3456/3449/3466 3500/3493/3510
f 3432/3425/3442 3501/3494/3511 3502/3495/3512 3429/3422/3439
f 3479/3472/3489 3484/3477/3494 3501/3494/3511 3432/3425/3442
f 3461/3454/3471 3452/3445/3462 3448/3441/3458 3497/3490/3507
f 3482/3475/3492 3503/3496/3513 3504/3497/3514 3483/3476/3493
f 3431/3424/3441 3430/3423/3440 3500/3493/3510 3456/3449/3466
f 3454/3447/3464 3464/3457/3474 3463/3456/3473 3497/3490/3507
f 3480/3473/3490 3431/3424/3441 3456/3449/3466 3455/3448/3465
f 3491/3484/3501 3496/3489/3506 3449/3442/3459 3453/3446/3463
f 3450/3443/3460 3449/3442/3459 3496/3489/3506 3495/3488/3505
f 3493/3486/3503 3496/3489/3506 3491/3484/3501 3486/3479/3496
f 3446/3439/3456 3445/3438/3455 3502/3495/3512 3501/3494/3511
f 3485/3478/3495 3446/3439/3456 3501/3494/3511 3484/3477/3494
f 3493/3486/3503 3434/3427/3444 3498/3491/3508 3494/3487/3504
f 3446/3439/3456 3485/3478/3495 3474/3467/3484 3447/3440/3457
f 3470/3463/3480 3459/3452/3469 3461/3454/3471 3471/3464/3481
f 3439/3432/3449 3433/3426/3443 3492/3485/3502 3436/3429/3446
f 3475/3468/3485 3484/3477/3494 3479/3472/3489 3476/3469/3486
f 3483/3476/3493 3468/3461/3478 3462/3455/3472 3466/3459/3476
f 3483/3476/3493 3504/3497/3514 3469/3462/3479 3468/3461/3478
f 3458/3451/3468 3477/3470/3487 3480/3473/3490 3455/3448/3465
f 3442/3435/3452 3441/3434/3451 3482/3475/3492 3481/3474/3491
f 3441/3434/3451 3440/3433/3450 3503/3496/3513 3482/3475/3492
f 3478/3471/3488 3481/3474/3491 3466/3459/3476 3467/3460/3477
f 3472/3465/3482 3442/3435/3452 3481/3474/3491 3478/3471/3488
f 3499/3492/3509 3427/3420/3437 3473/3466/3483 3457/3450/3467
f 3458/3451/3468 3472/3465/3482 3478/3471/3488 3477/3470/3487
f 3473/3466/3483 3472/3465/3482 3458/3451/3468 3457/3450/3467
f 3451/3444/3461 3454/3447/3464 3497/3490/3507 3448/3441/3458
f 3428/3421/3438 3427/3420/3437 3499/3492/3509 3500/3493/3510
f 3430/3423/3440 3498/3491/3508 3428/3421/3438 3500/3493/3510
f 3494/3487/3504 3498/3491/3508 3430/3423/3440 3429/3422/3439
f 3429/3422/3439 3502/3495/3512 3495/3488/3505 3494/3487/3504
f 3445/3438/3455 3450/3443/3460 3495/3488/3505 3502/3495/3512
f 3451/3444/3461 3450/3443/3460 3445/3438/3455 3444/3437/3454
f 3473/3466/3483 3427/3420/3437 3426/3419/3436 3443/3436/3453
f 3505/3498/3515 3506/3499/3516 3507/3500/3517 3508/3501/3518
f 3509/3502/3519 3510/3503/3520 3511/3504/3521 3512/3505/3522
f 3513/3506/3523 3514/3507/3524 3515/3508/3525 3516/3509/3526
f 3517/3510/3527 3518/3511/3528 3519/3512/3529 3520/3513/3530
f 3521/3514/3531 3510/3503/3520 3509/3502/3519 3522/3515/3532
f 3523/3516/3533 3517/3510/3527 3520/3513/3530 3524/3517/3534
f 3525/3518/3535 3521/3514/3531 3522/3515/3532 3526/3519/3536
f 3527/3520/3537 3528/3521/3538 3529/3522/3539 3530/3523/3540
f 3531/3524/3541 3532/3525/3542 3533/3526/3543 3534/3527/3544
f 3535/3528/3545 3528/3521/3538 3527/3520/3537 3536/3529/3546
f 3536/3529/3546 3537/3530/3547 3538/3531/3548 3535/3528/3545
f 3539/3532/3549 3540/3533/3550 3532/3525/3542 3531/3524/3541
f 3541/3534/3551 3542/3535/3552 3543/3536/3553 3544/3537/3554
f 3545/3538/3555 3546/3539/3556 3547/3540/3557 3548/3541/3558
f 3528/3521/3538 3549/3542/3559 3550/3543/3560 3529/3522/3539
f 3551/3544/3561 3552/3545/3562 3553/3546/3563 3554/3547/3564
f 3505/3498/3515 3518/3511/3528 3548/3541/3558 3547/3540/3557
f 3517/3510/3527 3523/3516/3533 3555/3548/3565 3556/3549/3566
f 3517/3510/3527 3556/3549/3566 3548/3541/3558 3518/3511/3528
f 3505/3498/3515 3547/3540/3557 3557/3550/3567 3506/3499/3516
f 3540/3533/3550 3539/3532/3549 3558/3551/3568 3559/3552/3569
f 3530/3523/3540 3560/3553/3570 3561/3554/3571 3527/3520/3537
f 3562/3555/3572 3546/3539/3556 3538/3531/3548 3537/3530/3547
f 3563/3556/3573 3564/3557/3574 3545/3538/3555 3565/3558/3575
f 3510/3503/3520 3521/3514/3531 3560/3553/3570 3530/3523/3540
f 3557/3550/3567 3547/3540/3557 3546/3539/3556 3562/3555/3572
f 3566/3559/3576 3567/3560/3577 3568/3561/3578 3551/3544/3561
f 3556/3549/3566 3555/3548/3565 3550/3543/3560 3565/3558/3575
f 3555/3548/3565 3511/3504/3521 3529/3522/3539 3550/3543/3560
f 3514/3507/3524 3513/3506/3523 3569/3562/3579 3570/3563/3580
f 3513/3506/3523 3553/3546/3563 3571/3564/3581 3569/3562/3579
f 3510/3503/3520 3530/3523/3540 3529/3522/3539 3511/3504/3521
f 3514/3507/3524 3572/3565/3582 3573/3566/3583 3515/3508/3525
f 3561/3554/3571 3560/3553/3570 3574/3567/3584 3575/3568/3585
f 3534/3527/3544 3533/3526/3543 3576/3569/3586 3577/3570/3587
f 3526/3519/3536 3522/3515/3532 3567/3560/3577 3578/3571/3588
f 3522/3515/3532 3509/3502/3519 3568/3561/3578 3567/3560/3577
f 3516/3509/3526 3579/3572/3589 3580/3573/3590 3554/3547/3564
f 3546/3539/3556 3545/3538/3555 3564/3557/3574 3538/3531/3548
f 3580/3573/3590 3566/3559/3576 3551/3544/3561 3554/3547/3564
f 3518/3511/3528 3505/3498/3515 3508/3501/3518 3519/3512/3529
f 3521/3514/3531 3525/3518/3535 3574/3567/3584 3560/3553/3570
f 3581/3574/3591 3582/3575/3592 3559/3552/3569 3558/3551/3568
f 3538/3531/3548 3564/3557/3574 3563/3556/3573 3535/3528/3545
f 3528/3521/3538 3535/3528/3545 3563/3556/3573 3549/3542/3559
f 3580/3573/3590 3583/3576/3593 3584/3577/3594 3566/3559/3576
f 3585/3578/3595 3552/3545/3562 3551/3544/3561 3568/3561/3578
f 3569/3562/3579 3571/3564/3581 3586/3579/3596 3587/3580/3597
f 3570/3563/3580 3569/3562/3579 3587/3580/3597 3588/3581/3598
f 3561/3554/3571 3575/3568/3585 3582/3575/3592 3581/3574/3591
f 3539/3532/3549 3562/3555/3572 3537/3530/3547 3558/3551/3568
f 3531/3524/3541 3557/3550/3567 3562/3555/3572 3539/3532/3549
f 3506/3499/3516 3557/3550/3567 3531/3524/3541 3534/3527/3544
f 3588/3581/3598 3572/3565/3582 3514/3507/3524 3570/3563/3580
f 3549/3542/3559 3563/3556/3573 3565/3558/3575 3550/3543/3560
f 3548/3541/3558 3556/3549/3566 3565/3558/3575 3545/3538/3555
f 3566/3559/3576 3584/3577/3594 3578/3571/3588 3567/3560/3577
f 3585/3578/3595 3568/3561/3578 3509/3502/3519 3512/3505/3522
f 3536/3529/3546 3527/3520/3537 3561/3554/3571 3581/3574/3591
f 3507/3500/3517 3506/3499/3516 3534/3527/3544 3577/3570/3587
f 3515/3508/3525 3573/3566/3583 3541/3534/3551 3544/3537/3554
f 3516/3509/3526 3515/3508/3525 3544/3537/3554 3579/3572/3589
f 3523/3516/3533 3512/3505/3522 3511/3504/3521 3555/3548/3565
f 3585/3578/3595 3512/3505/3522 3523/3516/3533 3524/3517/3534
f 3571/3564/3581 3553/3546/3563 3552/3545/3562 3586/3579/3596
f 3586/3579/3596 3552/3545/3562 3585/3578/3595 3524/3517/3534
f 3587/3580/3597 3586/3579/3596 3524/3517/3534 3520/3513/3530
f 3588/3581/3598 3587/3580/3597 3520/3513/3530 3519/3512/3529
f 3519/3512/3529 3508/3501/3518 3572/3565/3582 3588/3581/3598
f 3573/3566/3583 3572/3565/3582 3508/3501/3518 3507/3500/3517
f 3558/3551/3568 3537/3530/3547 3536/3529/3546 3581/3574/3591
f 3541/3534/3551 3573/3566/3583 3507/3500/3517 3577/3570/3587
f 3577/3570/3587 3576/3569/3586 3542/3535/3552 3541/3534/3551
f 3579/3572/3589 3589/3582/3599 3583/3576/3593 3580/3573/3590
f 3579/3572/3589 3544/3537/3554 3543/3536/3553 3589/3582/3599
f 3513/3506/3523 3516/3509/3526 3554/3547/3564 3553/3546/3563
f 3590/3583/3600 3591/3584/3601 3592/3585/3602 3593/3586/3603
f 3590/3583/3600 3593/3586/3603 3594/3587/3604 3595/3588/3605
f 3596/3589/3606 3597/3590/3607 3598/3591/3608 3599/3592/3609
f 3600/3593/3610 3601/3594/3611 3602/3595/3612 3603/3596/3613
f 3591/3584/3601 3590/3583/3600 3604/3597/3614 3605/3598/3615
f 3606/3599/3616 3607/3600/3617 3608/3601/3618 3592/3585/3602
f 3609/3602/3619 3610/3603/3620 3611/3604/3621 3612/3605/3622
f 3613/3606/3623 3614/3607/3624 3615/3608/3625 3616/3609/3626
f 3597/3590/3607 3617/3610/3627 3605/3598/3615 3598/3591/3608
f 3591/3584/3601 3605/3598/3615 3617/3610/3627 3618/3611/3628
f 3616/3609/3626 3596/3589/3606 3599/3592/3609 3613/3606/3623
f 3604/3597/3614 3619/3612/3629 3620/3613/3630 3621/3614/3631
f 3618/3611/3628 3606/3599/3616 3592/3585/3602 3591/3584/3601
f 3595/3588/3605 3594/3587/3604 3622/3615/3632 3623/3616/3633
f 3624/3617/3634 3625/3618/3635 3626/3619/3636 3627/3620/3637
f 3628/3621/3638 3629/3622/3639 3630/3623/3640 3631/3624/3641
f 3593/3586/3603 3632/3625/3642 3633/3626/3643 3594/3587/3604
f 3634/3627/3644 3613/3606/3623 3599/3592/3609 3635/3628/3645
f 3635/3628/3645 3599/3592/3609 3598/3591/3608 3621/3614/3631
f 3621/3614/3631 3598/3591/3608 3605/3598/3615 3604/3597/3614
f 3590/3583/3600 3595/3588/3605 3619/3612/3629 3604/3597/3614
f 3593/3586/3603 3592/3585/3602 3608/3601/3618 3632/3625/3642
f 3636/3629/3646 3637/3630/3647 3638/3631/3648 3639/3632/3649
f 3640/3633/3650 3641/3634/3651 3642/3635/3652 3643/3636/3653
f 3617/3610/3627 3644/3637/3654 3645/3638/3655 3618/3611/3628
f 3623/3616/3633 3646/3639/3656 3639/3632/3649 3638/3631/3648
f 3596/3589/3606 3616/3609/3626 3647/3640/3657 3597/3590/3607
f 3648/3641/3658 3649/3642/3659 3650/3643/3660 3651/3644/3661
f 3602/3595/3612 3601/3594/3611 3636/3629/3646 3652/3645/3662
f 3646/3639/3656 3653/3646/3663 3654/3647/3664 3639/3632/3649
f 3618/3611/3628 3645/3638/3655 3655/3648/3665 3606/3599/3616
f 3627/3620/3637 3655/3648/3665 3645/3638/3655 3611/3604/3621
f 3611/3604/3621 3645/3638/3655 3644/3637/3654 3612/3605/3622
f 3600/3593/3610 3656/3649/3666 3657/3650/3667 3601/3594/3611
f 3656/3649/3666 3620/3613/3630 3637/3630/3647 3657/3650/3667
f 3620/3613/3630 3619/3612/3629 3638/3631/3648 3637/3630/3647
f 3635/3628/3645 3656/3649/3666 3600/3593/3610 3634/3627/3644
f 3621/3614/3631 3620/3613/3630 3656/3649/3666 3635/3628/3645
f 3594/3587/3604 3633/3626/3643 3658/3651/3668 3622/3615/3632
f 3659/3652/3669 3634/3627/3644 3600/3593/3610 3603/3596/3613
f 3654/3647/3664 3653/3646/3663 3629/3622/3639 3628/3621/3638
f 3659/3652/3669 3614/3607/3624 3613/3606/3623 3634/3627/3644
f 3631/3624/3641 3630/3623/3640 3610/3603/3620 3609/3602/3619
f 3648/3641/3658 3651/3644/3661 3625/3618/3635 3624/3617/3634
f 3615/3608/3625 3660/3653/3670 3647/3640/3657 3616/3609/3626
f 3614/3607/3624 3661/3654/3671 3660/3653/3670 3615/3608/3625
f 3659/3652/3669 3662/3655/3672 3661/3654/3671 3614/3607/3624
f 3603/3596/3613 3663/3656/3673 3662/3655/3672 3659/3652/3669
f 3602/3595/3612 3652/3645/3662 3663/3656/3673 3603/3596/3613
f 3644/3637/3654 3617/3610/3627 3597/3590/3607 3647/3640/3657
f 3612/3605/3622 3644/3637/3654 3647/3640/3657 3660/3653/3670
f 3661/3654/3671 3609/3602/3619 3612/3605/3622 3660/3653/3670
f 3662/3655/3672 3631/3624/3641 3609/3602/3619 3661/3654/3671
f 3663/3656/3673 3628/3621/3638 3631/3624/3641 3662/3655/3672
f 3652/3645/3662 3654/3647/3664 3628/3621/3638 3663/3656/3673
f 3639/3632/3649 3654/3647/3664 3652/3645/3662 3636/3629/3646
f 3595/3588/3605 3623/3616/3633 3638/3631/3648 3619/3612/3629
f 3658/3651/3668 3643/3636/3653 3642/3635/3652 3622/3615/3632
f 3626/3619/3636 3664/3657/3674 3655/3648/3665 3627/3620/3637
f 3664/3657/3674 3607/3600/3617 3606/3599/3616 3655/3648/3665
f 3622/3615/3632 3642/3635/3652 3646/3639/3656 3623/3616/3633
f 3642/3635/3652 3641/3634/3651 3653/3646/3663 3646/3639/3656
f 3629/3622/3639 3653/3646/3663 3641/3634/3651 3649/3642/3659
f 3630/3623/3640 3629/3622/3639 3649/3642/3659 3648/3641/3658
f 3610/3603/3620 3630/3623/3640 3648/3641/3658 3624/3617/3634
f 3611/3604/3621 3610/3603/3620 3624/3617/3634 3627/3620/3637
f 3650/3643/3660 3649/3642/3659 3641/3634/3651 3640/3633/3650
f 3657/3650/3667 3637/3630/3647 3636/3629/3646 3601/3594/3611
f 3665/3658/3675 3666/3659/3676 3667/3660/3677 3668/3661/3678
f 3665/3658/3675 3668/3661/3678 3669/3662/3679 3670/3663/3680
f 3671/3664/3681 3672/3665/3682 3673/3666/3683 3674/3667/3684
f 3675/3668/3685 3673/3666/3683 3672/3665/3682 3676/3669/3686
f 3677/3670/3687 3678/3671/3688 3679/3672/3689 3680/3673/3690
f 3676/3669/3686 3677/3670/3687 3680/3673/3690 3675/3668/3685
f 3682/3674/3691 3665/3658/3675 3670/3663/3680 3681/3675/3692
f 3683/3676/3693 3666/3659/3676 3684/3677/3694 3685/3678/3695
f 3682/3674/3691 3681/3675/3692 3686/3679/3696 3684/3677/3694
f 3687/3680/3697 3688/3681/3698 3689/3682/3699 3690/3683/3700
f 3691/3684/3701 3692/3685/3702 3672/3665/3682 3671/3664/3681
f 3693/3686/3703 3691/3684/3701 3671/3664/3681 3669/3662/3679
f 3694/3687/3704 3693/3686/3703 3669/3662/3679 3668/3661/3678
f 3680/3673/3690 3679/3672/3689 3695/3688/3705 3696/3689/3706
f 3667/3660/3677 3697/3690/3707 3694/3687/3704 3668/3661/3678
f 3698/3691/3708 3699/3692/3709 3697/3690/3707 3667/3660/3677
f 3700/3693/3710 3701/3694/3711 3702/3695/3712 3703/3696/3713
f 3704/3697/3714 3705/3698/3715 3678/3671/3688 3677/3670/3687
f 3704/3697/3714 3677/3670/3687 3676/3669/3686 3706/3699/3716
f 3666/3659/3676 3665/3658/3675 3682/3674/3691 3684/3677/3694
f 3670/3663/3680 3674/3667/3684 3707/3700/3717 3681/3675/3692
f 3674/3667/3684 3673/3666/3683 3708/3701/3718 3707/3700/3717
f 3709/3702/3719 3708/3701/3718 3673/3666/3683 3675/3668/3685
f 3690/3683/3700 3689/3682/3699 3710/3703/3720 3711/3704/3721
f 3675/3668/3685 3680/3673/3690 3696/3689/3706 3709/3702/3719
f 3712/3705/3722 3713/3706/3723 3714/3707/3724 3715/3708/3725
f 3716/3709/3726 3717/3710/3727 3718/3711/3728 3719/3712/3729
f 3692/3685/3702 3706/3699/3716 3676/3669/3686 3672/3665/3682
f 3720/3713/3730 3687/3680/3697 3690/3683/3700 3685/3678/3695
f 3711/3704/3721 3683/3676/3693 3685/3678/3695 3690/3683/3700
f 3702/3695/3712 3701/3694/3711 3699/3692/3709 3698/3691/3708
f 3718/3711/3728 3712/3705/3722 3715/3708/3725 3719/3712/3729
f 3721/3714/3731 3722/3715/3732 3723/3716/3733 3724/3717/3734
f 3725/3718/3735 3726/3719/3736 3722/3715/3732 3721/3714/3731
f 3723/3716/3733 3722/3715/3732 3727/3720/3737 3728/3721/3738
f 3729/3722/3739 3727/3720/3737 3722/3715/3732 3726/3719/3736
f 3730/3723/3740 3731/3724/3741 3729/3722/3739 3726/3719/3736
f 3684/3677/3694 3686/3679/3696 3720/3713/3730 3685/3678/3695
f 3715/3708/3725 3714/3707/3724 3728/3721/3738 3727/3720/3737
f 3719/3712/3729 3715/3708/3725 3727/3720/3737 3729/3722/3739
f 3731/3724/3741 3716/3709/3726 3719/3712/3729 3729/3722/3739
f 3686/3679/3696 3681/3675/3692 3707/3700/3717 3708/3701/3718
f 3720/3713/3730 3686/3679/3696 3708/3701/3718 3709/3702/3719
f 3709/3702/3719 3696/3689/3706 3687/3680/3697 3720/3713/3730
f 3696/3689/3706 3695/3688/3705 3688/3681/3698 3687/3680/3697
f 3732/3725/3742 3725/3718/3735 3701/3694/3711 3700/3693/3710
f 3699/3692/3709 3701/3694/3711 3725/3718/3735 3721/3714/3731
f 3694/3687/3704 3697/3690/3707 3724/3717/3734 3723/3716/3733
f 3723/3716/3733 3728/3721/3738 3693/3686/3703 3694/3687/3704
f 3728/3721/3738 3714/3707/3724 3691/3684/3701 3693/3686/3703
f 3714/3707/3724 3713/3706/3723 3692/3685/3702 3691/3684/3701
f 3713/3706/3723 3712/3705/3722 3706/3699/3716 3692/3685/3702
f 3718/3711/3728 3704/3697/3714 3706/3699/3716 3712/3705/3722
f 3718/3711/3728 3717/3710/3727 3705/3698/3715 3704/3697/3714
f 3711/3704/3721 3710/3703/3720 3703/3696/3713 3702/3695/3712
f 3702/3695/3712 3698/3691/3708 3683/3676/3693 3711/3704/3721
f 3698/3691/3708 3667/3660/3677 3666/3659/3676 3683/3676/3693
f 3732/3725/3742 3730/3723/3740 3726/3719/3736 3725/3718/3735
f 3697/3690/3707 3699/3692/3709 3721/3714/3731 3724/3717/3734
f 3669/3662/3679 3671/3664/3681 3674/3667/3684 3670/3663/3680
f 3733/3726/3743 3734/3727/3744 3735/3728/3745 3736/3729/3746
f 3737/3730/3747 3738/3731/3748 3739/3732/3749 3740/3733/3750
f 3741/3734/3751 3742/3735/3752 3743/3736/3753 3744/3737/3754
f 3745/3738/3755 3746/3739/3756 3741/3734/3751 3744/3737/3754
f 3747/3740/3757 3746/3739/3756 3745/3738/3755 3748/3741/3758
f 3738/3731/3748 3737/3730/3747 3749/3742/3759 3750/3743/3760
f 3751/3744/3761 3752/3745/3762 3753/3746/3763 3754/3747/3764
f 3755/3748/3765 3756/3749/3766 3757/3750/3767 3758/3751/3768
f 3759/3752/3769 3760/3753/3770 3734/3727/3744 3761/3754/3771
f 3762/3755/3772 3763/3756/3773 3764/3757/3774 3765/3758/3775
f 3766/3759/3776 3767/3760/3777 3741/3734/3751 3746/3739/3756
f 3758/3751/3768 3757/3750/3767 3768/3761/3778 3766/3759/3776
f 3766/3759/3776 3768/3761/3778 3769/3762/3779 3767/3760/3777
f 3767/3760/3777 3769/3762/3779 3770/3763/3780 3771/3764/3781
f 3739/3732/3749 3772/3765/3782 3773/3766/3783 3740/3733/3750
f 3774/3767/3784 3775/3768/3785 3776/3769/3786 3735/3728/3745
f 3735/3728/3745 3776/3769/3786 3777/3770/3787 3736/3729/3746
f 3736/3729/3746 3777/3770/3787 3778/3771/3788 3779/3772/3789
f 3779/3772/3789 3778/3771/3788 3756/3749/3766 3755/3748/3765
f 3751/3744/3761 3757/3750/3767 3756/3749/3766 3752/3745/3762
f 3752/3745/3762 3756/3749/3766 3778/3771/3788 3753/3746/3763
f 3753/3746/3763 3778/3771/3788 3777/3770/3787 3780/3773/3790
f 3776/3769/3786 3781/3774/3791 3780/3773/3790 3777/3770/3787
f 3775/3768/3785 3782/3775/3792 3781/3774/3791 3776/3769/3786
f 3783/3776/3793 3773/3766/3783 3772/3765/3782 3784/3777/3794
f 3785/3778/3795 3770/3763/3780 3769/3762/3779 3762/3755/3772
f 3762/3755/3772 3769/3762/3779 3768/3761/3778 3763/3756/3773
f 3774/3767/3784 3735/3728/3745 3734/3727/3744 3760/3753/3770
f 3765/3758/3775 3786/3779/3796 3785/3778/3795 3762/3755/3772
f 3787/3780/3797 3733/3726/3743 3736/3729/3746 3779/3772/3789
f 3779/3772/3789 3755/3748/3765 3788/3781/3798 3787/3780/3797
f 3789/3782/3799 3790/3783/3800 3791/3784/3801 3761/3754/3771
f 3755/3748/3765 3758/3751/3768 3747/3740/3757 3788/3781/3798
f 3766/3759/3776 3746/3739/3756 3747/3740/3757 3758/3751/3768
f 3733/3726/3743 3789/3782/3799 3761/3754/3771 3734/3727/3744
f 3733/3726/3743 3787/3780/3797 3790/3783/3800 3789/3782/3799
f 3787/3780/3797 3788/3781/3798 3792/3785/3802 3790/3783/3800
f 3788/3781/3798 3747/3740/3757 3748/3741/3758 3792/3785/3802
f 3750/3743/3760 3749/3742/3759 3793/3786/3803 3794/3787/3804
f 3761/3754/3771 3791/3784/3801 3795/3788/3805 3759/3752/3769
f 3748/3741/3758 3791/3784/3801 3790/3783/3800 3792/3785/3802
f 3795/3788/3805 3791/3784/3801 3748/3741/3758 3745/3738/3755
f 3794/3787/3804 3793/3786/3803 3744/3737/3754 3743/3736/3753
f 3753/3746/3763 3780/3773/3790 3781/3774/3791 3754/3747/3764
f 3765/3758/3775 3783/3776/3793 3784/3777/3794 3786/3779/3796
f 3763/3756/3773 3768/3761/3778 3757/3750/3767 3751/3744/3761
f 3764/3757/3774 3763/3756/3773 3751/3744/3761 3754/3747/3764
f 3782/3775/3792 3764/3757/3774 3754/3747/3764 3781/3774/3791
f 3782/3775/3792 3775/3768/3785 3773/3766/3783 3783/3776/3793
f 3740/3733/3750 3773/3766/3783 3775/3768/3785 3774/3767/3784
f 3760/3753/3770 3737/3730/3747 3740/3733/3750 3774/3767/3784
f 3749/3742/3759 3737/3730/3747 3760/3753/3770 3759/3752/3769
f 3793/3786/3803 3749/3742/3759 3759/3752/3769 3795/3788/3805
f 3744/3737/3754 3793/3786/3803 3795/3788/3805 3745/3738/3755
f 3765/3758/3775 3764/3757/3774 3782/3775/3792 3783/3776/3793
f 3767/3760/3777 3771/3764/3781 3742/3735/3752 3741/3734/3751
f 3796/3789/3806 3797/3790/3807 3798/3791/3808 3799/3792/3809
f 3800/3793/3810 3801/3794/3811 3802/3795/3812 3803/3796/3813
f 3802/3795/3812 3801/3794/3811 3804/3797/3814 3805/3798/3815
f 3806/3799/3816 3807/3800/3817 3808/3801/3818 3809/3802/3819
f 3809/3802/3819 3808/3801/3818 3810/3803/3820 3811/3804/3821
f 3812/3805/3822 3813/3806/3823 3814/3807/3824 3815/3808/3825
f 3816/3809/3826 3817/3810/3827 3818/3811/3828 3819/3812/3829
f 3820/3813/3830 3821/3814/3831 3822/3815/3832 3823/3816/3833
f 3824/3817/3834 3823/3816/3833 3822/3815/3832 3825/3818/3835
f 3801/3794/3811 3797/3790/3807 3826/3819/3836 3804/3797/3814
f 3812/3805/3822 3827/3820/3837 3828/3821/3838 3813/3806/3823
f 3829/3822/3839 3830/3823/3840 3831/3824/3841 3832/3825/3842
f 3817/3810/3827 3833/3826/3843 3834/3827/3844 3818/3811/3828
f 3835/3828/3845 3836/3829/3846 3837/3830/3847 3838/3831/3848
f 3816/3809/3826 3839/3832/3849 3814/3807/3824 3817/3810/3827
f 3840/3833/3850 3824/3817/3834 3825/3818/3835 3841/3834/3851
f 3842/3835/3852 3839/3832/3849 3816/3809/3826 3843/3836/3853
f 3844/3837/3854 3833/3826/3843 3813/3806/3823 3828/3821/3838
f 3845/3838/3855 3834/3827/3844 3833/3826/3843 3844/3837/3854
f 3846/3839/3856 3847/3840/3857 3848/3841/3858 3849/3842/3859
f 3802/3795/3812 3805/3798/3815 3831/3824/3841 3830/3823/3840
f 3850/3843/3860 3851/3844/3861 3852/3845/3862 3853/3846/3863
f 3854/3847/3864 3855/3848/3865 3856/3849/3866 3857/3850/3867
f 3858/3851/3868 3809/3802/3819 3811/3804/3821 3859/3852/3869
f 3850/3843/3860 3806/3799/3816 3809/3802/3819 3858/3851/3868
f 3860/3853/3870 3861/3854/3871 3856/3849/3866 3855/3848/3865
f 3862/3855/3872 3863/3856/3873 3861/3854/3871 3860/3853/3870
f 3864/3857/3874 3841/3834/3851 3863/3856/3873 3862/3855/3872
f 3817/3810/3827 3814/3807/3824 3813/3806/3823 3833/3826/3843
f 3865/3858/3875 3799/3792/3809 3840/3833/3850 3866/3859/3876
f 3854/3847/3864 3857/3850/3867 3830/3823/3840 3829/3822/3839
f 3822/3815/3832 3863/3856/3873 3841/3834/3851 3825/3818/3835
f 3799/3792/3809 3798/3791/3808 3824/3817/3834 3840/3833/3850
f 3857/3850/3867 3803/3796/3813 3802/3795/3812 3830/3823/3840
f 3797/3790/3807 3796/3789/3806 3867/3860/3877 3826/3819/3836
f 3836/3829/3846 3868/3861/3878 3865/3858/3875 3866/3859/3876
f 3869/3862/3879 3837/3830/3847 3864/3857/3874 3862/3855/3872
f 3869/3862/3879 3862/3855/3872 3860/3853/3870 3870/3863/3880
f 3836/3829/3846 3866/3859/3876 3864/3857/3874 3837/3830/3847
f 3814/3807/3824 3839/3832/3849 3859/3852/3869 3815/3808/3825
f 3821/3814/3831 3861/3854/3871 3863/3856/3873 3822/3815/3832
f 3820/3813/3830 3856/3849/3866 3861/3854/3871 3821/3814/3831
f 3807/3800/3817 3806/3799/3816 3850/3843/3860 3853/3846/3863
f 3841/3834/3851 3864/3857/3874 3866/3859/3876 3840/3833/3850
f 3871/3864/3881 3872/3865/3882 3873/3866/3883 3874/3867/3884
f 3796/3789/3806 3875/3868/3885 3876/3869/3886 3867/3860/3877
f 3800/3793/3810 3823/3816/3833 3824/3817/3834 3798/3791/3808
f 3823/3816/3833 3800/3793/3810 3803/3796/3813 3820/3813/3830
f 3875/3868/3885 3846/3839/3856 3849/3842/3859 3876/3869/3886
f 3803/3796/3813 3857/3850/3867 3856/3849/3866 3820/3813/3830
f 3832/3825/3842 3845/3838/3855 3844/3837/3854 3829/3822/3839
f 3870/3863/3880 3877/3870/3887 3878/3871/3888 3869/3862/3879
f 3829/3822/3839 3844/3837/3854 3828/3821/3838 3854/3847/3864
f 3869/3862/3879 3878/3871/3888 3838/3831/3848 3837/3830/3847
f 3858/3851/3868 3842/3835/3852 3851/3844/3861 3850/3843/3860
f 3828/3821/3838 3827/3820/3837 3855/3848/3865 3854/3847/3864
f 3836/3829/3846 3835/3828/3845 3879/3872/3889 3868/3861/3878
f 3847/3840/3857 3871/3864/3881 3874/3867/3884 3848/3841/3858
f 3871/3864/3881 3847/3840/3857 3879/3872/3889 3852/3845/3862
f 3852/3845/3862 3879/3872/3889 3835/3828/3845 3853/3846/3863
f 3838/3831/3848 3807/3800/3817 3853/3846/3863 3835/3828/3845
f 3807/3800/3817 3838/3831/3848 3878/3871/3888 3808/3801/3818
f 3808/3801/3818 3878/3871/3888 3877/3870/3887 3810/3803/3820
f 3810/3803/3820 3877/3870/3887 3812/3805/3822 3815/3808/3825
f 3811/3804/3821 3810/3803/3820 3815/3808/3825 3859/3852/3869
f 3812/3805/3822 3877/3870/3887 3870/3863/3880 3827/3820/3837
f 3870/3863/3880 3860/3853/3870 3855/3848/3865 3827/3820/3837
f 3858/3851/3868 3859/3852/3869 3839/3832/3849 3842/3835/3852
f 3843/3836/3853 3880/3873/3890 3873/3866/3883 3872/3865/3882
f 3843/3836/3853 3816/3809/3826 3819/3812/3829 3880/3873/3890
f 3797/3790/3807 3801/3794/3811 3800/3793/3810 3798/3791/3808
f 3842/3835/3852 3843/3836/3853 3872/3865/3882 3851/3844/3861
f 3851/3844/3861 3872/3865/3882 3871/3864/3881 3852/3845/3862
f 3879/3872/3889 3847/3840/3857 3846/3839/3856 3868/3861/3878
f 3868/3861/3878 3846/3839/3856 3875/3868/3885 3865/3858/3875
f 3875/3868/3885 3796/3789/3806 3799/3792/3809 3865/3858/3875
f 3881/3874/3891 3882/3875/3892 3883/3876/3893 3884/3877/3894
f 3885/3878/3895 3886/3879/3896 3887/3880/3897 3888/3881/3898
f 3889/3882/3899 3890/3883/3900 3891/3884/3901 3892/3885/3902
f 3893/3886/3903 3894/3887/3904 3895/3888/3905 3896/3889/3906
f 3895/3888/3905 3897/3890/3907 3898/3891/3908 3896/3889/3906
f 3899/3892/3909 3900/3893/3910 3898/3891/3908 3897/3890/3907
f 3900/3893/3910 3899/3892/3909 3901/3894/3911 3902/3895/3912
f 3901/3894/3911 3903/3896/3913 3904/3897/3914 3902/3895/3912
f 3904/3897/3914 3903/3896/3913 3905/3898/3915 3892/3885/3902
f 3893/3886/3903 3906/3899/3916 3907/3900/3917 3908/3901/3918
f 3889/3882/3899 3909/3902/3919 3910/3903/3920 3911/3904/3921
f 3910/3903/3920 3886/3879/3896 3912/3905/3922 3911/3904/3921
f 3886/3879/3896 3885/3878/3895 3913/3906/3923 3912/3905/3922
f 3913/3906/3923 3885/3878/3895 3914/3907/3924 3915/3908/3925
f 3915/3908/3925 3914/3907/3924 3916/3909/3926 3917/3910/3927
f 3918/3911/3928 3908/3901/3918 3917/3910/3927 3916/3909/3926
f 3905/3898/3915 3909/3902/3919 3889/3882/3899 3892/3885/3902
f 3890/3883/3900 3889/3882/3899 3911/3904/3921 3919/3912/3929
f 3881/3874/3891 3919/3912/3929 3911/3904/3921 3912/3905/3922
f 3882/3875/3892 3881/3874/3891 3912/3905/3922 3913/3906/3923
f 3882/3875/3892 3913/3906/3923 3915/3908/3925 3920/3913/3930
f 3920/3913/3930 3915/3908/3925 3917/3910/3927 3921/3914/3931
f 3922/3915/3932 3923/3916/3933 3924/3917/3934 3925/3918/3935
f 3926/3919/3936 3910/3903/3920 3909/3902/3919 3927/3920/3937
f 3928/3921/3938 3884/3877/3894 3929/3922/3939 3930/3923/3940
f 3919/3912/3929 3881/3874/3891 3884/3877/3894 3928/3921/3938
f 3910/3903/3920 3926/3919/3936 3887/3880/3897 3886/3879/3896
f 3883/3876/3893 3931/3924/3941 3932/3925/3942 3933/3926/3943
f 3883/3876/3893 3882/3875/3892 3920/3913/3930 3931/3924/3941
f 3914/3907/3924 3885/3878/3895 3888/3881/3898 3934/3927/3944
f 3935/3928/3945 3936/3929/3946 3937/3930/3947 3938/3931/3948
f 3939/3932/3949 3940/3933/3950 3923/3916/3933 3922/3915/3932
f 3941/3934/3951 3918/3911/3928 3916/3909/3926 3942/3935/3952
f 3943/3936/3953 3900/3893/3910 3902/3895/3912 3944/3937/3954
f 3942/3935/3952 3934/3927/3944 3945/3938/3955 3941/3934/3951
f 3941/3934/3951 3945/3938/3955 3897/3890/3907 3895/3888/3905
f 3943/3936/3953 3946/3939/3956 3947/3940/3957 3948/3941/3958
f 3896/3889/3906 3898/3891/3908 3948/3941/3958 3949/3942/3959
f 3947/3940/3957 3950/3943/3960 3949/3942/3959 3948/3941/3958
f 3887/3880/3897 3926/3919/3936 3927/3920/3937 3951/3944/3961
f 3908/3901/3918 3907/3900/3917 3921/3914/3931 3917/3910/3927
f 3951/3944/3961 3927/3920/3937 3903/3896/3913 3901/3894/3911
f 3884/3877/3894 3883/3876/3893 3933/3926/3943 3929/3922/3939
f 3923/3916/3933 3907/3900/3917 3906/3899/3916 3924/3917/3934
f 3924/3917/3934 3906/3899/3916 3949/3942/3959 3950/3943/3960
f 3906/3899/3916 3893/3886/3903 3896/3889/3906 3949/3942/3959
f 3894/3887/3904 3918/3911/3928 3941/3934/3951 3895/3888/3905
f 3952/3945/3962 3890/3883/3900 3919/3912/3929 3928/3921/3938
f 3953/3946/3963 3952/3945/3962 3928/3921/3938 3930/3923/3940
f 3936/3929/3946 3935/3928/3945 3952/3945/3962 3953/3946/3963
f 3938/3931/3948 3954/3947/3964 3944/3937/3954 3955/3948/3965
f 3899/3892/3909 3956/3949/3966 3951/3944/3961 3901/3894/3911
f 3931/3924/3941 3940/3933/3950 3939/3932/3949 3932/3925/3942
f 3894/3887/3904 3893/3886/3903 3908/3901/3918 3918/3911/3928
f 3888/3881/3898 3956/3949/3966 3945/3938/3955 3934/3927/3944
f 3956/3949/3966 3899/3892/3909 3897/3890/3907 3945/3938/3955
f 3905/3898/3915 3903/3896/3913 3927/3920/3937 3909/3902/3919
f 3956/3949/3966 3888/3881/3898 3887/3880/3897 3951/3944/3961
f 3938/3931/3948 3955/3948/3965 3891/3884/3901 3935/3928/3945
f 3955/3948/3965 3904/3897/3914 3892/3885/3902 3891/3884/3901
f 3902/3895/3912 3904/3897/3914 3955/3948/3965 3944/3937/3954
f 3950/3943/3960 3957/3950/3967 3925/3918/3935 3924/3917/3934
f 3940/3933/3950 3921/3914/3931 3907/3900/3917 3923/3916/3933
f 3900/3893/3910 3943/3936/3953 3948/3941/3958 3898/3891/3908
f 3946/3939/3956 3943/3936/3953 3944/3937/3954 3954/3947/3964
f 3946/3939/3956 3958/3951/3968 3959/3952/3969 3947/3940/3957
f 3890/3883/3900 3952/3945/3962 3935/3928/3945 3891/3884/3901
f 3954/3947/3964 3938/3931/3948 3937/3930/3947 3960/3953/3970
f 3950/3943/3960 3947/3940/3957 3959/3952/3969 3957/3950/3967
f 3946/3939/3956 3954/3947/3964 3960/3953/3970 3958/3951/3968
f 3934/3927/3944 3942/3935/3952 3916/3909/3926 3914/3907/3924
f 3931/3924/3941 3920/3913/3930 3921/3914/3931 3940/3933/3950
f 3961/3954/3971 3962/3955/3972 3963/3956/3973 3964/3957/3974
f 3962/3955/3972 3961/3954/3971 3965/3958/3975 3966/3959/3976
f 3966/3959/3976 3965/3958/3975 3967/3960/3977 3968/3961/3978
f 3969/3962/3979 3970/3963/3980 3968/3961/3978 3967/3960/3977
f 3971/3964/3981 3972/3965/3982 3970/3963/3980 3969/3962/3979
f 3971/3964/3981 3973/3966/3983 3974/3967/3984 3972/3965/3982
f 3974/3967/3984 3973/3966/3983 3975/3968/3985 3976/3969/3986
f 3977/3970/3987 3978/3971/3988 3976/3969/3986 3975/3968/3985
f 3979/3972/3989 3980/3973/3990 3978/3971/3988 3977/3970/3987
f 3980/3973/3990 3979/3972/3989 3981/3974/3991 3982/3975/3992
f 3983/3976/3993 3984/3977/3994 3985/3978/3995 3986/3979/3996
f 3983/3976/3993 3987/3980/3997 3988/3981/3998 3984/3977/3994
f 3989/3982/3999 3990/3983/4000 3988/3981/3998 3987/3980/3997
f 3991/3984/4001 3992/3985/4002 3990/3983/4000 3989/3982/3999
f 3993/3986/4003 3994/3987/4004 3992/3985/4002 3991/3984/4001
f 3995/3988/4005 3996/3989/4006 3994/3987/4004 3993/3986/4003
f 3996/3989/4006 3995/3988/4005 3997/3990/4007 3998/3991/4008
f 3998/3991/4008 3997/3990/4007 3999/3992/4009 4000/3993/4010
f 4001/3994/4011 4002/3995/4012 4003/3996/4013 4004/3997/4014
f 4005/3998/4015 4006/3999/4016 4007/4000/4017 4008/4001/4018
f 4009/4002/4019 4010/4003/4020 4006/3999/4016 4005/3998/4015
f 4011/4004/4021 4012/4005/4022 4013/4006/4023 4014/4007/4024
f 4015/4008/4025 4016/4009/4026 4017/4010/4027 4018/4011/4028
f 4017/4010/4027 4016/4009/4026 4019/4012/4029 4020/4013/4030
f 4020/4013/4030 4019/4012/4029 3993/3986/4003 3991/3984/4001
f 4021/4014/4031 4022/4015/4032 4010/4003/4020 4011/4004/4021
f 4023/4016/4033 4024/4017/4034 4016/4009/4026 4015/4008/4025
f 4016/4009/4026 4024/4017/4034 4025/4018/4035 4019/4012/4029
f 3995/3988/4005 3993/3986/4003 4019/4012/4029 4025/4018/4035
f 4001/3994/4011 4004/3997/4014 4024/4017/4034 4023/4016/4033
f 4004/3997/4014 3999/3992/4009 4025/4018/4035 4024/4017/4034
f 3983/3976/3993 4017/4010/4027 4020/4013/4030 3987/3980/3997
f 3979/3972/3989 3977/3970/3987 4000/3993/4010 4003/3996/4013
f 3980/3973/3990 4026/4019/4036 4022/4015/4032 3978/3971/3988
f 4010/4003/4020 4022/4015/4032 4026/4019/4036 4006/3999/4016
f 3990/3983/4000 3967/3960/3977 3965/3958/3975 3988/3981/3998
f 3966/3959/3976 4009/4002/4019 4005/3998/4015 3962/3955/3972
f 4026/4019/4036 3980/3973/3990 3982/3975/3992 4027/4020/4037
f 4009/4002/4019 3966/3959/3976 3968/3961/3978 4012/4005/4022
f 3970/3963/3980 4013/4006/4023 4012/4005/4022 3968/3961/3978
f 3972/3965/3982 4014/4007/4024 4013/4006/4023 3970/3963/3980
f 4028/4021/4038 3974/3967/3984 3976/3969/3986 4021/4014/4031
f 3965/3958/3975 3961/3954/3971 3984/3977/3994 3988/3981/3998
f 3984/3977/3994 3961/3954/3971 3964/3957/3974 3985/3978/3995
f 4002/3995/4012 3981/3974/3991 3979/3972/3989 4003/3996/4013
f 3977/3970/3987 3975/3968/3985 3998/3991/4008 4000/3993/4010
f 3975/3968/3985 3973/3966/3983 3996/3989/4006 3998/3991/4008
f 3962/3955/3972 4005/3998/4015 4008/4001/4018 3963/3956/3973
f 3996/3989/4006 3973/3966/3983 3971/3964/3981 3994/3987/4004
f 3994/3987/4004 3971/3964/3981 3969/3962/3979 3992/3985/4002
f 3992/3985/4002 3969/3962/3979 3967/3960/3977 3990/3983/4000
f 4028/4021/4038 4021/4014/4031 4011/4004/4021 4014/4007/4024
f 3978/3971/3988 4022/4015/4032 4021/4014/4031 3976/3969/3986
f 3972/3965/3982 3974/3967/3984 4028/4021/4038 4014/4007/4024
f 4000/3993/4010 3999/3992/4009 4004/3997/4014 4003/3996/4013
f 4010/4003/4020 4009/4002/4019 4012/4005/4022 4011/4004/4021
f 3999/3992/4009 3997/3990/4007 3995/3988/4005 4025/4018/4035
f 4018/4011/4028 4017/4010/4027 3983/3976/3993 3986/3979/3996
f 3987/3980/3997 4020/4013/4030 3991/3984/4001 3989/3982/3999
f 4006/3999/4016 4026/4019/4036 4027/4020/4037 4007/4000/4017
f 4029/4022/4039 4030/4023/4040 4031/4024/4041 4032/4025/4042
f 4030/4023/4040 4029/4022/4039 4033/4026/4043 4034/4027/4044
f 4035/4028/4045 4036/4029/4046 4037/4030/4047 4038/4031/4048
f 4039/4032/4049 4035/4028/4045 4038/4031/4048 4040/4033/4050
f 4041/4034/4051 4042/4035/4052 4040/4033/4050 4038/4031/4048
f 4043/4036/4053 4044/4037/4054 4045/4038/4055 4046/4039/4056
f 4047/4040/4057 4048/4041/4058 4049/4042/4059 4034/4027/4044
f 4050/4043/4060 4051/4044/4061 4052/4045/4062 4053/4046/4063
f 4054/4047/4064 4055/4048/4065 4056/4049/4066 4057/4050/4067
f 4058/4051/4068 4059/4052/4069 4044/4037/4054 4043/4036/4053
f 4060/4053/4070 4041/4034/4051 4038/4031/4048 4037/4030/4047
f 4061/4054/4071 4062/4055/4072 4063/4056/4073 4064/4057/4074
f 4049/4042/4059 4044/4037/4054 4059/4052/4069 4031/4024/4041
f 4065/4058/4075 4066/4059/4076 4067/4060/4077 4068/4061/4078
f 4069/4062/4079 4065/4058/4075 4068/4061/4078 4070/4063/4080
f 4069/4062/4079 4071/4064/4081 4072/4065/4082 4073/4066/4083
f 4074/4067/4084 4071/4064/4081 4075/4068/4085 4076/4069/4086
f 4077/4070/4087 4074/4067/4084 4076/4069/4086 4078/4071/4088
f 4079/4072/4089 4077/4070/4087 4078/4071/4088 4080/4073/4090
f 4065/4058/4075 4081/4074/4091 4082/4075/4092 4066/4059/4076
f 4083/4076/4093 4084/4077/4094 4085/4078/4095 4086/4079/4096
f 4087/4080/4097 4039/4032/4049 4088/4081/4098 4089/4082/4099
f 4073/4066/4083 4058/4051/4068 4090/4083/4100 4081/4074/4091
f 4069/4062/4079 4073/4066/4083 4081/4074/4091 4065/4058/4075
f 4041/4034/4051 4070/4063/4080 4068/4061/4078 4042/4035/4052
f 4071/4064/4081 4074/4067/4084 4032/4025/4042 4072/4065/4082
f 4057/4050/4067 4080/4073/4090 4078/4071/4088 4054/4047/4064
f 4070/4063/4080 4041/4034/4051 4060/4053/4070 4075/4068/4085
f 4055/4048/4065 4076/4069/4086 4075/4068/4085 4060/4053/4070
f 4080/4073/4090 4057/4050/4067 4091/4084/4101 4092/4085/4102
f 4093/4086/4103 4036/4029/4046 4035/4028/4045 4094/4087/4104
f 4042/4035/4052 4068/4061/4078 4067/4060/4077 4095/4088/4105
f 4071/4064/4081 4069/4062/4079 4070/4063/4080 4075/4068/4085
f 4033/4026/4043 4096/4089/4106 4047/4040/4057 4034/4027/4044
f 4054/4047/4064 4078/4071/4088 4076/4069/4086 4055/4048/4065
f 4035/4028/4045 4039/4032/4049 4087/4080/4097 4094/4087/4104
f 4094/4087/4104 4087/4080/4097 4050/4043/4060 4085/4078/4095
f 4085/4078/4095 4050/4043/4060 4053/4046/4063 4086/4079/4096
f 4086/4079/4096 4053/4046/4063 4064/4057/4074 4046/4039/4056
f 4063/4056/4073 4043/4036/4053 4046/4039/4056 4064/4057/4074
f 4090/4083/4100 4058/4051/4068 4043/4036/4053 4063/4056/4073
f 4097/4090/4107 4040/4033/4050 4042/4035/4052 4095/4088/4105
f 4088/4081/4098 4039/4032/4049 4040/4033/4050 4097/4090/4107
f 4098/4091/4108 4090/4083/4100 4063/4056/4073 4062/4055/4072
f 4073/4066/4083 4072/4065/4082 4059/4052/4069 4058/4051/4068
f 4044/4037/4054 4049/4042/4059 4048/4041/4058 4045/4038/4055
f 4048/4041/4058 4099/4092/4109 4083/4076/4093 4045/4038/4055
f 4099/4092/4109 4100/4093/4110 4084/4077/4094 4083/4076/4093
f 4100/4093/4110 4101/4094/4111 4093/4086/4103 4084/4077/4094
f 4101/4094/4111 4102/4095/4112 4036/4029/4046 4093/4086/4103
f 4036/4029/4046 4102/4095/4112 4056/4049/4066 4037/4030/4047
f 4037/4030/4047 4056/4049/4066 4055/4048/4065 4060/4053/4070
f 4030/4023/4040 4034/4027/4044 4049/4042/4059 4031/4024/4041
f 4047/4040/4057 4096/4089/4106 4099/4092/4109 4048/4041/4058
f 4096/4089/4106 4103/4096/4113 4100/4093/4110 4099/4092/4109
f 4103/4096/4113 4092/4085/4102 4101/4094/4111 4100/4093/4110
f 4092/4085/4102 4091/4084/4101 4102/4095/4112 4101/4094/4111
f 4091/4084/4101 4057/4050/4067 4056/4049/4066 4102/4095/4112
f 4050/4043/4060 4087/4080/4097 4089/4082/4099 4051/4044/4061
f 4084/4077/4094 4093/4086/4103 4094/4087/4104 4085/4078/4095
f 4103/4096/4113 4079/4072/4089 4080/4073/4090 4092/4085/4102
f 4052/4045/4062 4061/4054/4071 4064/4057/4074 4053/4046/4063
f 4045/4038/4055 4083/4076/4093 4086/4079/4096 4046/4039/4056
f 4103/4096/4113 4096/4089/4106 4033/4026/4043 4079/4072/4089
f 4081/4074/4091 4090/4083/4100 4098/4091/4108 4082/4075/4092
f 4029/4022/4039 4032/4025/4042 4074/4067/4084 4077/4070/4087
f 4033/4026/4043 4029/4022/4039 4077/4070/4087 4079/4072/4089
f 4032/4025/4042 4031/4024/4041 4059/4052/4069 4072/4065/4082
f 4104/4097/4114 4105/4098/4115 4106/4099/4116 4107/4100/4117
f 4106/4099/4116 4105/4098/4115 4108/4101/4118 4109/4102/4119
f 4109/4102/4119 4108/4101/4118 4110/4103/4120 4111/4104/4121
f 4111/4104/4121 4110/4103/4120 4112/4105/4122 4113/4106/4123
f 4113/4106/4123 4112/4105/4122 4114/4107/4124 4115/4108/4125
f 4108/4101/4118 4105/4098/4115 4116/4109/4126 4117/4110/4127
f 4118/4111/4128 4119/4112/4129 4109/4102/4119 4111/4104/4121
f 4120/4113/4130 4121/4114/4131 4119/4112/4129 4118/4111/4128
f 4122/4115/4132 4123/4116/4133 4124/4117/4134 4125/4118/4135
f 4126/4119/4136 4127/4120/4137 4128/4121/4138 4129/4122/4139
f 4130/4123/4140 4131/4124/4141 4132/4125/4142 4133/4126/4143
f 4134/4127/4144 4133/4126/4143 4132/4125/4142 4135/4128/4145
f 4117/4110/4127 4116/4109/4126 4136/4129/4146 4137/4130/4147
f 4137/4130/4147 4136/4129/4146 4138/4131/4148 4139/4132/4149
f 4140/4133/4150 4139/4132/4149 4138/4131/4148 4141/4134/4151
f 4134/4127/4144 4142/4135/4152 4143/4136/4153 4140/4133/4150
f 4134/4127/4144 4135/4128/4145 4144/4137/4154 4142/4135/4152
f 4144/4137/4154 4135/4128/4145 4145/4138/4155 4146/4139/4156
f 4147/4140/4157 4148/4141/4158 4146/4139/4156 4145/4138/4155
f 4148/4141/4158 4147/4140/4157 4121/4114/4131 4120/4113/4130
f 4121/4114/4131 4125/4118/4135 4124/4117/4134 4119/4112/4129
f 4119/4112/4129 4124/4117/4134 4106/4099/4116 4109/4102/4119
f 4121/4114/4131 4147/4140/4157 4149/4142/4159 4125/4118/4135
f 4147/4140/4157 4145/4138/4155 4150/4143/4160 4149/4142/4159
f 4145/4138/4155 4135/4128/4145 4132/4125/4142 4150/4143/4160
f 4134/4127/4144 4140/4133/4150 4141/4134/4151 4133/4126/4143
f 4149/4142/4159 4150/4143/4160 4151/4144/4161 4152/4145/4162
f 4148/4141/4158 4153/4146/4163 4154/4147/4164 4146/4139/4156
f 4149/4142/4159 4152/4145/4162 4122/4115/4132 4125/4118/4135
f 4155/4148/4165 4153/4146/4163 4148/4141/4158 4120/4113/4130
f 4141/4134/4151 4138/4131/4148 4156/4149/4166 4157/4150/4167
f 4136/4129/4146 4116/4109/4126 4158/4151/4168 4159/4152/4169
f 4104/4097/4114 4158/4151/4168 4116/4109/4126 4105/4098/4115
f 4126/4119/4136 4160/4153/4170 4161/4154/4171 4127/4120/4137
f 4162/4155/4172 4143/4136/4153 4163/4156/4173 4164/4157/4174
f 4129/4122/4139 4165/4158/4175 4164/4157/4174 4163/4156/4173
f 4166/4159/4176 4167/4160/4177 4162/4155/4172 4164/4157/4174
f 4129/4122/4139 4128/4121/4138 4168/4161/4178 4165/4158/4175
f 4160/4153/4170 4126/4119/4136 4169/4162/4179 4170/4163/4180
f 4171/4164/4181 4172/4165/4182 4166/4159/4176 4173/4166/4183
f 4110/4103/4120 4174/4167/4184 4172/4165/4182 4112/4105/4122
f 4175/4168/4185 4171/4164/4181 4173/4166/4183 4176/4169/4186
f 4176/4169/4186 4177/4170/4187 4178/4171/4188 4175/4168/4185
f 4114/4107/4124 4112/4105/4122 4172/4165/4182 4171/4164/4181
f 4179/4172/4189 4155/4148/4165 4180/4173/4190 4181/4174/4191
f 4155/4148/4165 4120/4113/4130 4118/4111/4128 4180/4173/4190
f 4107/4100/4117 4106/4099/4116 4124/4117/4134 4123/4116/4133
f 4180/4173/4190 4118/4111/4128 4111/4104/4121 4113/4106/4123
f 4181/4174/4191 4180/4173/4190 4113/4106/4123 4115/4108/4125
f 4154/4147/4164 4182/4175/4192 4160/4153/4170 4170/4163/4180
f 4179/4172/4189 4183/4176/4193 4153/4146/4163 4155/4148/4165
f 4142/4135/4152 4169/4162/4179 4163/4156/4173 4143/4136/4153
f 4127/4120/4137 4161/4154/4171 4168/4161/4178 4128/4121/4138
f 4177/4170/4187 4161/4154/4171 4160/4153/4170 4182/4175/4192
f 4181/4174/4191 4178/4171/4188 4183/4176/4193 4179/4172/4189
f 4136/4129/4146 4159/4152/4169 4156/4149/4166 4138/4131/4148
f 4167/4160/4177 4166/4159/4176 4172/4165/4182 4174/4167/4184
f 4173/4166/4183 4166/4159/4176 4164/4157/4174 4165/4158/4175
f 4176/4169/4186 4173/4166/4183 4165/4158/4175 4168/4161/4178
f 4177/4170/4187 4176/4169/4186 4168/4161/4178 4161/4154/4171
f 4177/4170/4187 4182/4175/4192 4183/4176/4193 4178/4171/4188
f 4182/4175/4192 4154/4147/4164 4153/4146/4163 4183/4176/4193
f 4142/4135/4152 4144/4137/4154 4170/4163/4180 4169/4162/4179
f 4150/4143/4160 4132/4125/4142 4131/4124/4141 4151/4144/4161
f 4167/4160/4177 4137/4130/4147 4139/4132/4149 4162/4155/4172
f 4115/4108/4125 4114/4107/4124 4171/4164/4181 4175/4168/4185
f 4178/4171/4188 4181/4174/4191 4115/4108/4125 4175/4168/4185
f 4174/4167/4184 4110/4103/4120 4108/4101/4118 4117/4110/4127
f 4174/4167/4184 4117/4110/4127 4137/4130/4147 4167/4160/4177
f 4140/4133/4150 4143/4136/4153 4162/4155/4172 4139/4132/4149
f 4169/4162/4179 4126/4119/4136 4129/4122/4139 4163/4156/4173
f 4157/4150/4167 4130/4123/4140 4133/4126/4143 4141/4134/4151
f 4154/4147/4164 4170/4163/4180 4144/4137/4154 4146/4139/4156
f 4184/4177/4194 4185/4178/4195 4186/4179/4196 4187/4180/4197
f 4186/4179/4196 4188/4181/4198 4189/4182/4199 4187/4180/4197
f 4188/4181/4198 4190/4183/4200 4191/4184/4201 4189/4182/4199
f 4192/4185/4202 4193/4186/4203 4191/4184/4201 4190/4183/4200
f 4194/4187/4204 4195/4188/4205 4196/4189/4206 4197/4190/4207
f 4198/4191/4208 4199/4192/4209 4200/4193/4210 4201/4194/4211
f 4196/4189/4206 4202/4195/4212 4203/4196/4213 4197/4190/4207
f 4203/4196/4213 4202/4195/4212 4204/4197/4214 4205/4198/4215
f 4204/4197/4214 4206/4199/4216 4207/4200/4217 4205/4198/4215
f 4207/4200/4217 4206/4199/4216 4208/4201/4218 4209/4202/4219
f 4190/4183/4200 4188/4181/4198 4209/4202/4219 4208/4201/4218
f 4189/4182/4199 4191/4184/4201 4200/4193/4210 4199/4192/4209
f 4210/4203/4220 4211/4204/4221 4212/4205/4222 4213/4206/4223
f 4197/4190/4207 4203/4196/4213 4213/4206/4223 4212/4205/4222
f 4214/4207/4224 4215/4208/4225 4216/4209/4226 4217/4210/4227
f 4216/4209/4226 4207/4200/4217 4209/4202/4219 4217/4210/4227
f 4198/4191/4208 4218/4211/4228 4219/4212/4229 4199/4192/4209
f 4220/4213/4230 4219/4212/4229 4218/4211/4228 4221/4214/4231
f 4192/4185/4202 4222/4215/4232 4223/4216/4233 4193/4186/4203
f 4224/4217/4234 4225/4218/4235 4202/4195/4212 4196/4189/4206
f 4226/4219/4236 4204/4197/4214 4202/4195/4212 4225/4218/4235
f 4227/4220/4237 4210/4203/4220 4213/4206/4223 4228/4221/4238
f 4196/4189/4206 4195/4188/4205 4229/4222/4239 4224/4217/4234
f 4230/4223/4240 4231/4224/4241 4232/4225/4242 4233/4226/4243
f 4234/4227/4244 4230/4223/4240 4233/4226/4243 4235/4228/4245
f 4234/4227/4244 4236/4229/4246 4195/4188/4205 4194/4187/4204
f 4237/4230/4247 4236/4229/4246 4238/4231/4248 4239/4232/4249
f 4240/4233/4250 4208/4201/4218 4206/4199/4216 4241/4234/4251
f 4240/4233/4250 4242/4235/4252 4222/4215/4232 4192/4185/4202
f 4242/4235/4252 4237/4230/4247 4239/4232/4249 4222/4215/4232
f 4188/4181/4198 4186/4179/4196 4217/4210/4227 4209/4202/4219
f 4224/4217/4234 4229/4222/4239 4243/4236/4253 4225/4218/4235
f 4194/4187/4204 4197/4190/4207 4212/4205/4222 4244/4237/4254
f 4205/4198/4215 4207/4200/4217 4216/4209/4226 4228/4221/4238
f 4225/4218/4235 4243/4236/4253 4241/4234/4251 4226/4219/4236
f 4228/4221/4238 4216/4209/4226 4215/4208/4225 4227/4220/4237
f 4236/4229/4246 4234/4227/4244 4235/4228/4245 4238/4231/4248
f 4226/4219/4236 4241/4234/4251 4206/4199/4216 4204/4197/4214
f 4236/4229/4246 4237/4230/4247 4229/4222/4239 4195/4188/4205
f 4237/4230/4247 4242/4235/4252 4243/4236/4253 4229/4222/4239
f 4240/4233/4250 4241/4234/4251 4243/4236/4253 4242/4235/4252
f 4211/4204/4221 4245/4238/4255 4244/4237/4254 4212/4205/4222
f 4234/4227/4244 4194/4187/4204 4244/4237/4254 4230/4223/4240
f 4230/4223/4240 4244/4237/4254 4245/4238/4255 4231/4224/4241
f 4186/4179/4196 4185/4178/4195 4214/4207/4224 4217/4210/4227
f 4246/4239/4256 4223/4216/4233 4222/4215/4232 4239/4232/4249
f 4218/4211/4228 4198/4191/4208 4235/4228/4245 4233/4226/4243
f 4208/4201/4218 4240/4233/4250 4192/4185/4202 4190/4183/4200
f 4228/4221/4238 4213/4206/4223 4203/4196/4213 4205/4198/4215
f 4221/4214/4231 4218/4211/4228 4233/4226/4243 4232/4225/4242
f 4184/4177/4194 4187/4180/4197 4219/4212/4229 4220/4213/4230
f 4187/4180/4197 4189/4182/4199 4199/4192/4209 4219/4212/4229
f 4193/4186/4203 4223/4216/4233 4200/4193/4210 4191/4184/4201
f 4198/4191/4208 4201/4194/4211 4238/4231/4248 4235/4228/4245
f 4201/4194/4211 4246/4239/4256 4239/4232/4249 4238/4231/4248
f 4200/4193/4210 4223/4216/4233 4246/4239/4256 4201/4194/4211
f 4247/4240/4257 4248/4241/4258 4249/4242/4259 4250/4243/4260
f 4251/4244/4261 4252/4245/4262 4253/4246/4263 4254/4247/4264
f 4254/4247/4264 4253/4246/4263 4255/4248/4265 4256/4249/4266
f 4255/4248/4265 4257/4250/4267 4258/4251/4268 4256/4249/4266
f 4257/4250/4267 4259/4252/4269 4260/4253/4270 4258/4251/4268
f 4260/4253/4270 4259/4252/4269 4261/4254/4271 4262/4255/4272
f 4262/4255/4272 4261/4254/4271 4263/4256/4273 4264/4257/4274
f 4263/4256/4273 4247/4240/4257 4250/4243/4260 4264/4257/4274
f 4265/4258/4275 4248/4241/4258 4266/4259/4276 4267/4260/4277
f 4265/4258/4275 4268/4261/4278 4249/4242/4259 4248/4241/4258
f 4269/4262/4279 4247/4240/4257 4263/4256/4273 4270/4263/4280
f 4263/4256/4273 4261/4254/4271 4271/4264/4281 4270/4263/4280
f 4261/4254/4271 4259/4252/4269 4272/4265/4282 4271/4264/4281
f 4259/4252/4269 4257/4250/4267 4273/4266/4283 4272/4265/4282
f 4257/4250/4267 4255/4248/4265 4274/4267/4284 4273/4266/4283
f 4253/4246/4263 4275/4268/4285 4274/4267/4284 4255/4248/4265
f 4253/4246/4263 4252/4245/4262 4276/4269/4286 4275/4268/4285
f 4277/4270/4287 4276/4269/4286 4252/4245/4262 4278/4271/4288
f 4279/4272/4289 4280/4273/4290 4281/4274/4291 4282/4275/4292
f 4258/4251/4268 4260/4253/4270 4283/4276/4293 4284/4277/4294
f 4285/4278/4295 4286/4279/4296 4281/4274/4291 4280/4273/4290
f 4287/4280/4297 4288/4281/4298 4289/4282/4299 4290/4283/4300
f 4290/4283/4300 4291/4284/4301 4292/4285/4302 4287/4280/4297
f 4291/4284/4301 4293/4286/4303 4294/4287/4304 4292/4285/4302
f 4294/4287/4304 4293/4286/4303 4295/4288/4305 4296/4289/4306
f 4296/4289/4306 4295/4288/4305 4297/4290/4307 4298/4291/4308
f 4285/4278/4295 4280/4273/4290 4298/4291/4308 4297/4290/4307
f 4284/4277/4294 4283/4276/4293 4294/4287/4304 4296/4289/4306
f 4279/4272/4289 4254/4247/4264 4256/4249/4266 4299/4292/4309
f 4256/4249/4266 4258/4251/4268 4284/4277/4294 4299/4292/4309
f 4295/4288/4305 4293/4286/4303 4300/4293/4310 4301/4294/4311
f 4302/4295/4312 4303/4296/4313 4262/4255/4272 4264/4257/4274
f 4287/4280/4297 4292/4285/4302 4303/4296/4313 4302/4295/4312
f 4304/4297/4314 4305/4298/4315 4306/4299/4316 4307/4300/4317
f 4308/4301/4318 4304/4297/4314 4307/4300/4317 4309/4302/4319
f 4310/4303/4320 4308/4301/4318 4309/4302/4319 4311/4304/4321
f 4301/4294/4311 4300/4293/4310 4312/4305/4322 4313/4306/4323
f 4313/4306/4323 4312/4305/4322 4314/4307/4324 4315/4308/4325
f 4310/4303/4320 4268/4261/4278 4316/4309/4326 4317/4310/4327
f 4315/4308/4325 4314/4307/4324 4317/4310/4327 4318/4311/4328
f 4319/4312/4329 4301/4294/4311 4313/4306/4323 4286/4279/4296
f 4286/4279/4296 4313/4306/4323 4315/4308/4325 4281/4274/4291
f 4316/4309/4326 4320/4313/4330 4318/4311/4328 4317/4310/4327
f 4281/4274/4291 4315/4308/4325 4318/4311/4328 4282/4275/4292
f 4320/4313/4330 4251/4244/4261 4282/4275/4292 4318/4311/4328
f 4248/4241/4258 4247/4240/4257 4269/4262/4279 4266/4259/4276
f 4303/4296/4313 4283/4276/4293 4260/4253/4270 4262/4255/4272
f 4291/4284/4301 4305/4298/4315 4300/4293/4310 4293/4286/4303
f 4305/4298/4315 4304/4297/4314 4312/4305/4322 4300/4293/4310
f 4304/4297/4314 4308/4301/4318 4314/4307/4324 4312/4305/4322
f 4308/4301/4318 4310/4303/4320 4317/4310/4327 4314/4307/4324
f 4268/4261/4278 4310/4303/4320 4311/4304/4321 4249/4242/4259
f 4268/4261/4278 4265/4258/4275 4321/4314/4331 4316/4309/4326
f 4265/4258/4275 4267/4260/4277 4322/4315/4332 4321/4314/4331
f 4311/4304/4321 4309/4302/4319 4288/4281/4298 4323/4316/4333
f 4323/4316/4333 4250/4243/4260 4249/4242/4259 4311/4304/4321
f 4288/4281/4298 4287/4280/4297 4302/4295/4312 4323/4316/4333
f 4306/4299/4316 4290/4283/4300 4289/4282/4299 4307/4300/4317
f 4309/4302/4319 4307/4300/4317 4289/4282/4299 4288/4281/4298
f 4298/4291/4308 4280/4273/4290 4279/4272/4289 4299/4292/4309
f 4278/4271/4288 4321/4314/4331 4322/4315/4332 4277/4270/4287
f 4297/4290/4307 4319/4312/4329 4286/4279/4296 4285/4278/4295
f 4251/4244/4261 4254/4247/4264 4279/4272/4289 4282/4275/4292
f 4320/4313/4330 4316/4309/4326 4321/4314/4331 4278/4271/4288
f 4305/4298/4315 4291/4284/4301 4290/4283/4300 4306/4299/4316
f 4301/4294/4311 4319/4312/4329 4297/4290/4307 4295/4288/4305
f 4292/4285/4302 4294/4287/4304 4283/4276/4293 4303/4296/4313
f 4299/4292/4309 4284/4277/4294 4296/4289/4306 4298/4291/4308
f 4278/4271/4288 4252/4245/4262 4251/4244/4261 4320/4313/4330
f 4323/4316/4333 4302/4295/4312 4264/4257/4274 4250/4243/4260
f 4324/4317/4334 4325/4318/4335 4326/4319/4336 4327/4320/4337
f 4328/4321/4338 4329/4322/4339 4330/4323/4340 4331/4324/4341
f 4325/4318/4335 4332/4325/4342 4333/4326/4343 4334/4327/4344
f 4335/4328/4345 4336/4329/4346 4334/4327/4344 4333/4326/4343
f 4337/4330/4347 4338/4331/4348 4336/4329/4346 4335/4328/4345
f 4339/4332/4349 4340/4333/4350 4338/4331/4348 4337/4330/4347
f 4341/4334/4351 4342/4335/4352 4343/4336/4353 4344/4337/4354
f 4344/4337/4354 4343/4336/4353 4345/4338/4355 4329/4322/4339
f 4346/4339/4356 4347/4340/4357 4345/4338/4355 4343/4336/4353
f 4348/4341/4358 4344/4337/4354 4329/4322/4339 4328/4321/4338
f 4348/4341/4358 4328/4321/4338 4349/4342/4359 4350/4343/4360
f 4350/4343/4360 4349/4342/4359 4351/4344/4361 4352/4345/4362
f 4324/4317/4334 4353/4346/4363 4332/4325/4342 4325/4318/4335
f 4350/4343/4360 4352/4345/4362 4354/4347/4364 4348/4341/4358
f 4343/4336/4353 4342/4335/4352 4355/4348/4365 4346/4339/4356
f 4354/4347/4364 4341/4334/4351 4344/4337/4354 4348/4341/4358
f 4337/4330/4347 4335/4328/4345 4356/4349/4366 4357/4350/4367
f 4357/4350/4367 4358/4351/4368 4339/4332/4349 4337/4330/4347
f 4338/4331/4348 4359/4352/4369 4360/4353/4370 4336/4329/4346
f 4355/4348/4365 4342/4335/4352 4339/4332/4349 4358/4351/4368
f 4340/4333/4350 4361/4354/4371 4359/4352/4369 4338/4331/4348
f 4362/4355/4372 4363/4356/4373 4360/4353/4370 4359/4352/4369
f 4364/4357/4374 4365/4358/4375 4366/4359/4376 4363/4356/4373
f 4341/4334/4351 4354/4347/4364 4361/4354/4371 4340/4333/4350
f 4367/4360/4377 4362/4355/4372 4359/4352/4369 4361/4354/4371
f 4362/4355/4372 4368/4361/4378 4364/4357/4374 4363/4356/4373
f 4365/4358/4375 4364/4357/4374 4369/4362/4379 4370/4363/4380
f 4352/4345/4362 4367/4360/4377 4361/4354/4371 4354/4347/4364
f 4371/4364/4381 4368/4361/4378 4362/4355/4372 4367/4360/4377
f 4369/4362/4379 4364/4357/4374 4368/4361/4378 4372/4365/4382
f 4370/4363/4380 4369/4362/4379 4373/4366/4383 4327/4320/4337
f 4352/4345/4362 4351/4344/4361 4371/4364/4381 4367/4360/4377
f 4368/4361/4378 4371/4364/4381 4374/4367/4384 4372/4365/4382
f 4375/4368/4385 4324/4317/4334 4327/4320/4337 4373/4366/4383
f 4351/4344/4361 4349/4342/4359 4374/4367/4384 4371/4364/4381
f 4372/4365/4382 4374/4367/4384 4331/4324/4341 4376/4369/4386
f 4375/4368/4385 4373/4366/4383 4376/4369/4386 4377/4370/4387
f 4324/4317/4334 4375/4368/4385 4378/4371/4388 4353/4346/4363
f 4379/4372/4389 4380/4373/4390 4332/4325/4342 4353/4346/4363
f 4349/4342/4359 4328/4321/4338 4331/4324/4341 4374/4367/4384
f 4376/4369/4386 4331/4324/4341 4330/4323/4340 4377/4370/4387
f 4377/4370/4387 4381/4374/4391 4378/4371/4388 4375/4368/4385
f 4353/4346/4363 4378/4371/4388 4382/4375/4392 4379/4372/4389
f 4377/4370/4387 4330/4323/4340 4383/4376/4393 4381/4374/4391
f 4378/4371/4388 4381/4374/4391 4384/4377/4394 4382/4375/4392
f 4330/4323/4340 4329/4322/4339 4345/4338/4355 4383/4376/4393
f 4381/4374/4391 4383/4376/4393 4385/4378/4395 4384/4377/4394
f 4347/4340/4357 4385/4378/4395 4383/4376/4393 4345/4338/4355
f 4386/4379/4396 4356/4349/4366 4335/4328/4345 4333/4326/4343
f 4336/4329/4346 4360/4353/4370 4387/4380/4397 4334/4327/4344
f 4333/4326/4343 4332/4325/4342 4380/4373/4390 4386/4379/4396
f 4387/4380/4397 4326/4319/4336 4325/4318/4335 4334/4327/4344
f 4366/4359/4376 4388/4381/4398 4326/4319/4336 4387/4380/4397
f 4363/4356/4373 4366/4359/4376 4387/4380/4397 4360/4353/4370
f 4370/4363/4380 4388/4381/4398 4366/4359/4376 4365/4358/4375
f 4327/4320/4337 4326/4319/4336 4388/4381/4398 4370/4363/4380
f 4342/4335/4352 4341/4334/4351 4340/4333/4350 4339/4332/4349
f 4373/4366/4383 4369/4362/4379 4372/4365/4382 4376/4369/4386
f 4389/4382/4399 4390/4383/4400 4391/4384/4401 4392/4385/4402
f 4389/4382/4399 4392/4385/4402 4393/4386/4403 4394/4387/4404
f 4395/4388/4405 4396/4389/4406 4397/4390/4407 4398/4391/4408
f 4392/4385/4402 4391/4384/4401 4399/4392/4409 4400/4393/4410
f 4399/4392/4409 4401/4394/4411 4402/4395/4412 4400/4393/4410
f 4402/4395/4412 4401/4394/4411 4403/4396/4413 4404/4397/4414
f 4404/4397/4414 4403/4396/4413 4405/4398/4415 4406/4399/4416
f 4405/4398/4415 4407/4400/4417 4408/4401/4418 4406/4399/4416
f 4408/4401/4418 4407/4400/4417 4409/4402/4419 4410/4403/4420
f 4396/4389/4406 4395/4388/4405 4411/4404/4421 4412/4405/4422
f 4413/4406/4423 4414/4407/4424 4412/4405/4422 4411/4404/4421
f 4414/4407/4424 4413/4406/4423 4415/4408/4425 4416/4409/4426
f 4415/4408/4425 4417/4410/4427 4418/4411/4428 4416/4409/4426
f 4419/4412/4429 4420/4413/4430 4418/4411/4428 4417/4410/4427
f 4421/4414/4431 4420/4413/4430 4419/4412/4429 4422/4415/4432
f 4421/4414/4431 4409/4402/4419 4407/4400/4417 4420/4413/4430
f 4400/4393/4410 4402/4395/4412 4423/4416/4433 4424/4417/4434
f 4394/4387/4404 4393/4386/4403 4424/4417/4434 4425/4418/4435
f 4426/4419/4436 4427/4420/4437 4422/4415/4432 4419/4412/4429
f 4420/4413/4430 4407/4400/4417 4405/4398/4415 4418/4411/4428
f 4416/4409/4426 4418/4411/4428 4405/4398/4415 4403/4396/4413
f 4428/4421/4438 4429/4422/4439 4417/4410/4427 4415/4408/4425
f 4430/4423/4440 4423/4416/4433 4402/4395/4412 4404/4397/4414
f 4423/4416/4433 4431/4424/4441 4425/4418/4435 4424/4417/4434
f 4389/4382/4399 4394/4387/4404 4425/4418/4435 4432/4425/4442
f 4411/4404/4421 4395/4388/4405 4433/4426/4443 4434/4427/4444
f 4406/4399/4416 4408/4401/4418 4435/4428/4445 4436/4429/4446
f 4419/4412/4429 4417/4410/4427 4429/4422/4439 4426/4419/4436
f 4436/4429/4446 4430/4423/4440 4404/4397/4414 4406/4399/4416
f 4431/4424/4441 4423/4416/4433 4430/4423/4440 4437/4430/4447
f 4431/4424/4441 4438/4431/4448 4432/4425/4442 4425/4418/4435
f 4390/4383/4400 4389/4382/4399 4432/4425/4442 4439/4432/4449
f 4440/4433/4450 4441/4434/4451 4442/4435/4452 4443/4436/4453
f 4441/4434/4451 4422/4415/4432 4427/4420/4437 4442/4435/4452
f 4436/4429/4446 4435/4428/4445 4444/4437/4454 4445/4438/4455
f 4401/4394/4411 4414/4407/4424 4416/4409/4426 4403/4396/4413
f 4445/4438/4455 4437/4430/4447 4430/4423/4440 4436/4429/4446
f 4438/4431/4448 4431/4424/4441 4437/4430/4447 4446/4439/4456
f 4438/4431/4448 4447/4440/4457 4439/4432/4449 4432/4425/4442
f 4397/4390/4407 4390/4383/4400 4439/4432/4449 4448/4441/4458
f 4414/4407/4424 4401/4394/4411 4399/4392/4409 4412/4405/4422
f 4434/4427/4444 4449/4442/4459 4413/4406/4423 4411/4404/4421
f 4445/4438/4455 4444/4437/4454 4410/4403/4420 4450/4443/4460
f 4424/4417/4434 4393/4386/4403 4392/4385/4402 4400/4393/4410
f 4445/4438/4455 4450/4443/4460 4446/4439/4456 4437/4430/4447
f 4447/4440/4457 4438/4431/4448 4446/4439/4456 4451/4444/4461
f 4447/4440/4457 4452/4445/4462 4448/4441/4458 4439/4432/4449
f 4448/4441/4458 4453/4446/4463 4398/4391/4408 4397/4390/4407
f 4454/4447/4464 4440/4433/4450 4443/4436/4453 4455/4448/4465
f 4391/4384/4401 4396/4389/4406 4412/4405/4422 4399/4392/4409
f 4450/4443/4460 4410/4403/4420 4409/4402/4419 4456/4449/4466
f 4457/4450/4467 4441/4434/4451 4440/4433/4450 4458/4451/4468
f 4450/4443/4460 4456/4449/4466 4451/4444/4461 4446/4439/4456
f 4452/4445/4462 4447/4440/4457 4451/4444/4461 4458/4451/4468
f 4452/4445/4462 4454/4447/4464 4453/4446/4463 4448/4441/4458
f 4398/4391/4408 4453/4446/4463 4459/4452/4469 4460/4453/4470
f 4410/4403/4420 4444/4437/4454 4435/4428/4445 4408/4401/4418
f 4457/4450/4467 4421/4414/4431 4422/4415/4432 4441/4434/4451
f 4456/4449/4466 4409/4402/4419 4421/4414/4431 4457/4450/4467
f 4456/4449/4466 4457/4450/4467 4458/4451/4468 4451/4444/4461
f 4458/4451/4468 4440/4433/4450 4454/4447/4464 4452/4445/4462
f 4453/4446/4463 4454/4447/4464 4455/4448/4465 4459/4452/4469
f 4415/4408/4425 4413/4406/4423 4449/4442/4459 4428/4421/4438
f 4433/4426/4443 4395/4388/4405 4398/4391/4408 4460/4453/4470
f 4397/4390/4407 4396/4389/4406 4391/4384/4401 4390/4383/4400
f 4461/4454/4471 4462/4455/4472 4463/4456/4473 4464/4457/4474
f 4465/4458/4475 4466/4459/4476 4467/4460/4477 4468/4461/4478
f 4469/4462/4479 4465/4458/4475 4470/4463/4480 4471/4464/4481
f 4469/4462/4479 4472/4465/4482 4473/4466/4483 4474/4467/4484
f 4475/4468/4485 4476/4469/4486 4477/4470/4487 4471/4464/4481
f 4478/4471/4488 4464/4457/4474 4463/4456/4473 4479/4472/4489
f 4479/4472/4489 4463/4456/4473 4480/4473/4490 4481/4474/4491
f 4482/4475/4492 4483/4476/4493 4484/4477/4494 4485/4478/4495
f 4478/4471/4488 4482/4475/4492 4486/4479/4496 4487/4480/4497
f 4488/4481/4498 4489/4482/4499 4477/4470/4487 4476/4469/4486
f 4481/4474/4491 4490/4483/4500 4483/4476/4493 4479/4472/4489
f 4466/4459/4476 4491/4484/4501 4492/4485/4502 4467/4460/4477
f 4474/4467/4484 4466/4459/4476 4465/4458/4475 4469/4462/4479
f 4489/4482/4499 4493/4486/4503 4472/4465/4482 4477/4470/4487
f 4471/4464/4481 4477/4470/4487 4472/4465/4482 4469/4462/4479
f 4494/4487/4504 4462/4455/4472 4495/4488/4505 4493/4486/4503
f 4476/4469/4486 4475/4468/4485 4481/4474/4491 4480/4473/4490
f 4488/4481/4498 4494/4487/4504 4493/4486/4503 4489/4482/4499
f 4498/4489/4506 4461/4454/4471 4496/4490/4507 4497/4491/4508
f 4470/4463/4480 4465/4458/4475 4468/4461/4478 4499/4492/4509
f 4500/4493/4510 4485/4478/4495 4492/4485/4502 4501/4494/4511
f 4500/4493/4510 4486/4479/4496 4482/4475/4492 4485/4478/4495
f 4487/4480/4497 4502/4495/4512 4464/4457/4474 4478/4471/4488
f 4461/4454/4471 4464/4457/4474 4502/4495/4512 4496/4490/4507
f 4479/4472/4489 4483/4476/4493 4482/4475/4492 4478/4471/4488
f 4484/4477/4494 4483/4476/4493 4490/4483/4500 4503/4496/4513
f 4504/4497/4514 4470/4463/4480 4499/4492/4509 4505/4498/4515
f 4467/4460/4477 4492/4485/4502 4485/4478/4495 4484/4477/4494
f 4468/4461/4478 4467/4460/4477 4484/4477/4494 4503/4496/4513
f 4499/4492/4509 4468/4461/4478 4503/4496/4513 4505/4498/4515
f 4494/4487/4504 4488/4481/4498 4476/4469/4486 4480/4473/4490
f 4497/4491/4508 4506/4499/4516 4507/4500/4517 4498/4489/4506
f 4508/4501/4518 4507/4500/4517 4506/4499/4516 4509/4502/4519
f 4462/4455/4472 4461/4454/4471 4498/4489/4506 4495/4488/4505
f 4475/4468/4485 4504/4497/4514 4490/4483/4500 4481/4474/4491
f 4471/4464/4481 4470/4463/4480 4504/4497/4514 4475/4468/4485
f 4509/4502/4519 4510/4503/4520 4491/4484/4501 4508/4501/4518
f 4495/4488/4505 4498/4489/4506 4507/4500/4517 4473/4466/4483
f 4474/4467/4484 4473/4466/4483 4507/4500/4517 4508/4501/4518
f 4490/4483/4500 4504/4497/4514 4505/4498/4515 4503/4496/4513
f 4494/4487/4504 4480/4473/4490 4463/4456/4473 4462/4455/4472
f 4492/4485/4502 4491/4484/4501 4510/4503/4520 4501/4494/4511
f 4466/4459/4476 4474/4467/4484 4508/4501/4518 4491/4484/4501
f 4493/4486/4503 4495/4488/4505 4473/4466/4483 4472/4465/4482
f 4511/4504/4521 4512/4505/4522 4513/4506/4523 4514/4507/4524
f 4512/4505/4522 4515/4508/4525 4516/4509/4526 4513/4506/4523
f 4517/4510/4527 4518/4511/4528 4519/4512/4529 4520/4513/4530
f 4518/4511/4528 4521/4514/4531 4522/4515/4532 4519/4512/4529
f 4522/4515/4532 4521/4514/4531 4523/4516/4533 4524/4517/4534
f 4525/4518/4535 4526/4519/4536 4517/4510/4527 4520/4513/4530
f 4527/4520/4537 4528/4521/4538 4529/4522/4539 4530/4523/4540
f 4531/4524/4541 4527/4520/4537 4532/4525/4542 4533/4526/4543
f 4534/4527/4544 4516/4509/4526 4515/4508/4525 4533/4526/4543
f 4535/4528/4545 4536/4529/4546 4537/4530/4547 4538/4531/4548
f 4539/4532/4549 4540/4533/4550 4541/4534/4551 4542/4535/4552
f 4529/4522/4539 4543/4536/4553 4544/4537/4554 4530/4523/4540
f 4540/4533/4550 4545/4538/4555 4546/4539/4556 4547/4540/4557
f 4548/4541/4558 4549/4542/4559 4550/4543/4560 4551/4544/4561
f 4520/4513/4530 4519/4512/4529 4552/4545/4562 4553/4546/4563
f 4554/4547/4564 4555/4548/4565 4556/4549/4566 4557/4550/4567
f 4557/4550/4567 4558/4551/4568 4553/4546/4563 4554/4547/4564
f 4559/4552/4569 4560/4553/4570 4561/4554/4571 4562/4555/4572
f 4563/4556/4573 4557/4550/4567 4556/4549/4566 4564/4557/4574
f 4564/4557/4574 4556/4549/4566 4555/4548/4565 4565/4558/4575
f 4566/4559/4576 4526/4519/4536 4525/4518/4535 4542/4535/4552
f 4567/4560/4577 4568/4561/4578 4569/4562/4579 4570/4563/4580
f 4562/4555/4572 4561/4554/4571 4543/4536/4553 4529/4522/4539
f 4571/4564/4581 4572/4565/4582 4537/4530/4547 4570/4563/4580
f 4527/4520/4537 4530/4523/4540 4524/4517/4534 4532/4525/4542
f 4573/4566/4583 4534/4527/4544 4533/4526/4543 4532/4525/4542
f 4574/4567/4584 4550/4543/4560 4549/4542/4559 4546/4539/4556
f 4529/4522/4539 4528/4521/4538 4569/4562/4579 4562/4555/4572
f 4553/4546/4563 4552/4545/4562 4575/4568/4585 4554/4547/4564
f 4575/4568/4585 4560/4553/4570 4555/4548/4565 4554/4547/4564
f 4519/4512/4529 4522/4515/4532 4544/4537/4554 4552/4545/4562
f 4552/4545/4562 4544/4537/4554 4543/4536/4553 4575/4568/4585
f 4543/4536/4553 4561/4554/4571 4560/4553/4570 4575/4568/4585
f 4527/4520/4537 4531/4524/4541 4571/4564/4581 4528/4521/4538
f 4576/4569/4586 4531/4524/4541 4533/4526/4543 4515/4508/4525
f 4577/4570/4587 4576/4569/4586 4515/4508/4525 4512/4505/4522
f 4551/4544/4561 4550/4543/4560 4578/4571/4588 4579/4572/4589
f 4580/4573/4590 4581/4574/4591 4541/4534/4551 4582/4575/4592
f 4511/4504/4521 4585/4576/4593 4583/4577/4594 4584/4578/4595
f 4547/4540/4557 4583/4577/4594 4585/4576/4593 4582/4575/4592
f 4536/4529/4546 4567/4560/4577 4570/4563/4580 4537/4530/4547
f 4586/4579/4596 4578/4571/4588 4550/4543/4560 4574/4567/4584
f 4545/4538/4555 4587/4580/4597 4574/4567/4584 4546/4539/4556
f 4563/4556/4573 4545/4538/4555 4540/4533/4550 4539/4532/4549
f 4568/4561/4578 4567/4560/4577 4586/4579/4596 4588/4581/4598
f 4565/4558/4575 4588/4581/4598 4587/4580/4597 4564/4557/4574
f 4579/4572/4589 4578/4571/4588 4536/4529/4546 4535/4528/4545
f 4578/4571/4588 4586/4579/4596 4567/4560/4577 4536/4529/4546
f 4587/4580/4597 4588/4581/4598 4586/4579/4596 4574/4567/4584
f 4564/4557/4574 4587/4580/4597 4545/4538/4555 4563/4556/4573
f 4542/4535/4552 4525/4518/4535 4558/4551/4568 4539/4532/4549
f 4572/4565/4582 4589/4582/4599 4538/4531/4548 4537/4530/4547
f 4585/4576/4593 4511/4504/4521 4514/4507/4524 4590/4583/4600
f 4546/4539/4556 4549/4542/4559 4583/4577/4594 4547/4540/4557
f 4582/4575/4592 4585/4576/4593 4590/4583/4600 4580/4573/4590
f 4539/4532/4549 4558/4551/4568 4557/4550/4567 4563/4556/4573
f 4511/4504/4521 4584/4578/4595 4577/4570/4587 4512/4505/4522
f 4589/4582/4599 4572/4565/4582 4576/4569/4586 4577/4570/4587
f 4576/4569/4586 4572/4565/4582 4571/4564/4581 4531/4524/4541
f 4528/4521/4538 4571/4564/4581 4570/4563/4580 4569/4562/4579
f 4538/4531/4548 4589/4582/4599 4548/4541/4558 4551/4544/4561
f 4530/4523/4540 4544/4537/4554 4522/4515/4532 4524/4517/4534
f 4524/4517/4534 4523/4516/4533 4573/4566/4583 4532/4525/4542
f 4588/4581/4598 4565/4558/4575 4559/4552/4569 4568/4561/4578
f 4535/4528/4545 4538/4531/4548 4551/4544/4561 4579/4572/4589
f 4568/4561/4578 4559/4552/4569 4562/4555/4572 4569/4562/4579
f 4565/4558/4575 4555/4548/4565 4560/4553/4570 4559/4552/4569
f 4584/4578/4595 4548/4541/4558 4589/4582/4599 4577/4570/4587
f 4525/4518/4535 4520/4513/4530 4553/4546/4563 4558/4551/4568
f 4542/4535/4552 4541/4534/4551 4581/4574/4591 4566/4559/4576
f 4547/4540/4557 4582/4575/4592 4541/4534/4551 4540/4533/4550
f 4584/4578/4595 4583/4577/4594 4549/4542/4559 4548/4541/4558
f 4594/4584/4601 4595/4585/4602 4596/4586/4603 4597/4587/4604
f 4598/4588/4605 4599/4589/4606 4600/4590/4607 4601/4591/4608
f 4602/4592/4609 4603/4593/4610 4604/4594/4611 4605/4595/4612
f 4606/4596/4613 4607/4597/4614 4608/4598/4615 4609/4599/4616
f 4609/4599/4616 4610/4600/4617 4611/4601/4618 4606/4596/4613
f 4612/4602/4619 4613/4603/4620 4593/4604/4621 4592/4605/4622
f 4611/4601/4618 4610/4600/4617 4614/4606/4623 4615/4607/4624
f 4614/4606/4623 4616/4608/4625 4617/4609/4626 4615/4607/4624
f 4618/4610/4627 4619/4611/4628 4620/4612/4629 4617/4609/4626
f 4621/4613/4630 4598/4588/4605 4601/4591/4608 4622/4614/4631
f 4598/4588/4605 4621/4613/4630 4616/4608/4625 4614/4606/4623
f 4623/4615/4632 4624/4616/4633 4615/4607/4624 4617/4609/4626
f 4610/4600/4617 4609/4599/4616 4602/4592/4609 4599/4589/4606
f 4618/4610/4627 4617/4609/4626 4616/4608/4625 4625/4617/4634
f 4626/4618/4635 4627/4619/4636 4628/4620/4637 4629/4621/4638
f 4624/4616/4633 4630/4622/4639 4611/4601/4618 4615/4607/4624
f 4629/4621/4638 4631/4623/4640 4619/4611/4628 4632/4624/4641
f 4628/4620/4637 4633/4625/4642 4631/4623/4640 4629/4621/4638
f 4634/4626/4643 4624/4616/4633 4623/4615/4632 4633/4625/4642
f 4635/4627/4644 4636/4628/4645 4637/4629/4646 4638/4630/4647
f 4591/4631/4648 4627/4619/4636 4626/4618/4635 4639/4632/4649
f 4620/4612/4629 4640/4633/4650 4623/4615/4632 4617/4609/4626
f 4641/4634/4651 4642/4635/4652 4643/4636/4653 4644/4637/4654
f 4633/4625/4642 4623/4615/4632 4640/4633/4650 4631/4623/4640
f 4642/4635/4652 4645/4638/4655 4595/4585/4602 4643/4636/4653
f 4603/4593/4610 4644/4637/4654 4646/4639/4656 4604/4594/4611
f 4610/4600/4617 4599/4589/4606 4598/4588/4605 4614/4606/4623
f 4647/4640/4657 4648/4641/4658 4607/4597/4614 4606/4596/4613
f 4643/4636/4653 4595/4585/4602 4594/4584/4601 4649/4642/4659
f 4650/4643/4660 4634/4626/4643 4633/4625/4642 4628/4620/4637
f 4652/4644/4661 4653/4645/4662 4648/4641/4658 4654/4646/4663
f 4655/4647/4664 4652/4644/4661 4650/4643/4660 4656/4648/4665
f 4657/4649/4666 4655/4647/4664 4656/4648/4665 4658/4650/4667
f 4659/4651/4668 4641/4634/4651 4608/4598/4615 4607/4597/4614
f 4636/4628/4645 4660/4652/4669 4661/4653/4670 4637/4629/4646
f 4625/4617/4634 4638/4630/4647 4637/4629/4646 4662/4654/4671
f 4625/4617/4634 4662/4654/4671 4663/4655/4672 4618/4610/4627
f 4645/4638/4655 4642/4635/4652 4612/4602/4619 4592/4605/4622
f 4659/4651/4668 4612/4602/4619 4642/4635/4652 4641/4634/4651
f 4630/4622/4639 4647/4640/4657 4606/4596/4613 4611/4601/4618
f 4630/4622/4639 4654/4646/4663 4648/4641/4658 4647/4640/4657
f 4650/4643/4660 4652/4644/4661 4654/4646/4663 4634/4626/4643
f 4656/4648/4665 4650/4643/4660 4628/4620/4637 4627/4619/4636
f 4627/4619/4636 4591/4631/4648 4658/4650/4667 4656/4648/4665
f 4655/4647/4664 4613/4603/4620 4653/4645/4662 4652/4644/4661
f 4609/4599/4616 4608/4598/4615 4603/4593/4610 4602/4592/4609
f 4593/4604/4621 4613/4603/4620 4655/4647/4664 4657/4649/4666
f 4597/4587/4604 4596/4586/4603 4661/4653/4670 4660/4652/4669
f 4661/4653/4670 4664/4656/4673 4662/4654/4671 4637/4629/4646
f 4662/4654/4671 4664/4656/4673 4651/4657/4674 4663/4655/4672
f 4618/4610/4627 4663/4655/4672 4632/4624/4641 4619/4611/4628
f 4631/4623/4640 4640/4633/4650 4620/4612/4629 4619/4611/4628
f 4625/4617/4634 4616/4608/4625 4621/4613/4630 4638/4630/4647
f 4658/4650/4667 4591/4631/4648 4593/4604/4621 4657/4649/4666
f 4644/4637/4654 4643/4636/4653 4649/4642/4659 4646/4639/4656
f 4641/4634/4651 4644/4637/4654 4603/4593/4610 4608/4598/4615
f 4621/4613/4630 4622/4614/4631 4635/4627/4644 4638/4630/4647
f 4665/4658/4675 4596/4586/4603 4595/4585/4602 4645/4638/4655
f 4605/4595/4612 4600/4590/4607 4599/4589/4606 4602/4592/4609
f 4639/4632/4649 4626/4618/4635 4629/4621/4638 4632/4624/4641
f 4624/4616/4633 4634/4626/4643 4654/4646/4663 4630/4622/4639
f 4665/4658/4675 4664/4656/4673 4661/4653/4670 4596/4586/4603
f 4663/4655/4672 4651/4657/4674 4639/4632/4649 4632/4624/4641
f 4653/4645/4662 4659/4651/4668 4607/4597/4614 4648/4641/4658
f 4653/4645/4662 4613/4603/4620 4612/4602/4619 4659/4651/4668
f 4666/4659/4676 4667/4660/4677 4668/4661/4678 4669/4662/4679
f 4670/4663/4680 4671/4664/4681 4672/4665/4682 4673/4666/4683
f 4674/4667/4684 4675/4668/4685 4676/4669/4686 4677/4670/4687
f 4678/4671/4688 4679/4672/4689 4680/4673/4690 4681/4674/4691
f 4682/4675/4692 4680/4673/4690 4683/4676/4693 4684/4677/4694
f 4685/4678/4695 4686/4679/4696 4687/4680/4697 4688/4681/4698
f 4670/4663/4680 4689/4682/4699 4690/4683/4700 4691/4684/4701
f 4692/4685/4702 4671/4664/4681 4670/4663/4680 4691/4684/4701
f 4693/4686/4703 4694/4687/4704 4689/4682/4699 4695/4688/4705
f 4689/4682/4699 4694/4687/4704 4696/4689/4706 4690/4683/4700
f 4681/4674/4691 4680/4673/4690 4682/4675/4692 4697/4690/4707
f 4687/4680/4697 4698/4691/4708 4699/4692/4709 4688/4681/4698
f 4698/4691/4708 4700/4693/4710 4701/4694/4711 4699/4692/4709
f 4671/4664/4681 4692/4685/4702 4702/4695/4712 4703/4696/4713
f 4703/4696/4713 4702/4695/4712 4704/4697/4714 4674/4667/4684
f 4705/4698/4715 4700/4693/4710 4706/4699/4716 4707/4700/4717
f 4679/4672/4689 4708/4701/4718 4709/4702/4719 4710/4703/4720
f 4708/4701/4718 4711/4704/4721 4712/4705/4722 4709/4702/4719
f 4713/4706/4723 4714/4707/4724 4698/4691/4708 4687/4680/4697
f 4714/4707/4724 4706/4699/4716 4700/4693/4710 4698/4691/4708
f 4715/4708/4725 4707/4700/4717 4706/4699/4716 4716/4709/4726
f 4715/4708/4725 4717/4710/4727 4718/4711/4728 4719/4712/4729
f 4707/4700/4717 4715/4708/4725 4719/4712/4729 4720/4713/4730
f 4681/4674/4691 4717/4710/4727 4721/4714/4731 4678/4671/4688
f 4722/4715/4732 4723/4716/4733 4724/4717/4734 4725/4718/4735
f 4716/4709/4726 4724/4717/4734 4723/4716/4733 4721/4714/4731
f 4726/4719/4736 4727/4720/4737 4728/4721/4738 4720/4713/4730
f 4727/4720/4737 4666/4659/4676 4669/4662/4679 4728/4721/4738
f 4668/4661/4678 4705/4698/4715 4728/4721/4738 4669/4662/4679
f 4705/4698/4715 4707/4700/4717 4720/4713/4730 4728/4721/4738
f 4670/4663/4680 4673/4666/4683 4695/4688/4705 4689/4682/4699
f 4712/4705/4722 4711/4704/4721 4729/4722/4739 4730/4723/4740
f 4729/4722/4739 4711/4704/4721 4731/4724/4741 4732/4725/4742
f 4731/4724/4741 4722/4715/4732 4733/4726/4743 4732/4725/4742
f 4725/4718/4735 4713/4706/4723 4733/4726/4743 4722/4715/4732
f 4730/4723/4740 4729/4722/4739 4694/4687/4704 4693/4686/4703
f 4694/4687/4704 4729/4722/4739 4732/4725/4742 4696/4689/4706
f 4734/4727/4744 4676/4669/4686 4675/4668/4685 4735/4728/4745
f 4735/4728/4745 4675/4668/4685 4736/4729/4746 4737/4730/4747
f 4737/4730/4747 4736/4729/4746 4727/4720/4737 4726/4719/4736
f 4685/4678/4695 4690/4683/4700 4696/4689/4706 4686/4679/4696
f 4690/4683/4700 4685/4678/4695 4738/4731/4748 4691/4684/4701
f 4739/4732/4749 4692/4685/4702 4691/4684/4701 4738/4731/4748
f 4692/4685/4702 4739/4732/4749 4667/4660/4677 4702/4695/4712
f 4666/4659/4676 4704/4697/4714 4702/4695/4712 4667/4660/4677
f 4704/4697/4714 4666/4659/4676 4727/4720/4737 4736/4729/4746
f 4713/4706/4723 4687/4680/4697 4686/4679/4696 4733/4726/4743
f 4703/4696/4713 4740/4733/4750 4672/4665/4682 4671/4664/4681
f 4674/4667/4684 4677/4670/4687 4740/4733/4750 4703/4696/4713
f 4684/4677/4694 4734/4727/4744 4735/4728/4745 4682/4675/4692
f 4682/4675/4692 4735/4728/4745 4737/4730/4747 4697/4690/4707
f 4697/4690/4707 4737/4730/4747 4726/4719/4736 4718/4711/4728
f 4674/4667/4684 4704/4697/4714 4736/4729/4746 4675/4668/4685
f 4719/4712/4729 4718/4711/4728 4726/4719/4736 4720/4713/4730
f 4732/4725/4742 4733/4726/4743 4686/4679/4696 4696/4689/4706
f 4706/4699/4716 4714/4707/4724 4724/4717/4734 4716/4709/4726
f 4717/4710/4727 4715/4708/4725 4716/4709/4726 4721/4714/4731
f 4741/4734/4751 4731/4724/4741 4711/4704/4721 4708/4701/4718
f 4678/4671/4688 4741/4734/4751 4708/4701/4718 4679/4672/4689
f 4725/4718/4735 4724/4717/4734 4714/4707/4724 4713/4706/4723
f 4680/4673/4690 4679/4672/4689 4710/4703/4720 4683/4676/4693
f 4738/4731/4748 4685/4678/4695 4688/4681/4698 4699/4692/4709
f 4739/4732/4749 4738/4731/4748 4699/4692/4709 4701/4694/4711
f 4700/4693/4710 4705/4698/4715 4668/4661/4678 4701/4694/4711
f 4721/4714/4731 4723/4716/4733 4741/4734/4751 4678/4671/4688
f 4731/4724/4741 4741/4734/4751 4723/4716/4733 4722/4715/4732
f 4717/4710/4727 4681/4674/4691 4697/4690/4707 4718/4711/4728
f 4701/4694/4711 4668/4661/4678 4667/4660/4677 4739/4732/4749
f 4742/4735/4752 4743/4736/4753 4744/4737/4754 4745/4738/4755
f 4746/4739/4756 4747/4740/4757 4748/4741/4758 4749/4742/4759
f 4743/4736/4753 4750/4743/4760 4751/4744/4761 4744/4737/4754
f 4752/4745/4762 4753/4746/4763 4751/4744/4761 4750/4743/4760
f 4754/4747/4764 4755/4748/4765 4748/4741/4758 4747/4740/4757
f 4742/4735/4752 4745/4738/4755 4756/4749/4766 4757/4750/4767
f 4752/4745/4762 4758/4751/4768 4759/4752/4769 4753/4746/4763
f 4760/4753/4770 4761/4754/4771 4762/4755/4772 4763/4756/4773
f 4756/4749/4766 4745/4738/4755 4764/4757/4774 4760/4753/4770
f 4743/4736/4753 4765/4758/4775 4766/4759/4776 4750/4743/4760
f 4765/4758/4775 4757/4750/4767 4767/4760/4777 4768/4761/4778
f 4768/4761/4778 4767/4760/4777 4769/4762/4779 4770/4763/4780
f 4759/4752/4769 4758/4751/4768 4771/4764/4781 4772/4765/4782
f 4773/4766/4783 4774/4767/4784 4775/4768/4785 4776/4769/4786
f 4749/4742/4759 4753/4746/4763 4759/4752/4769 4774/4767/4784
f 4765/4758/4775 4768/4761/4778 4777/4770/4787 4766/4759/4776
f 4750/4743/4760 4766/4759/4776 4758/4751/4768 4752/4745/4762
f 4743/4736/4753 4742/4735/4752 4757/4750/4767 4765/4758/4775
f 4757/4750/4767 4756/4749/4766 4769/4762/4779 4767/4760/4777
f 4778/4771/4788 4761/4754/4771 4760/4753/4770 4764/4757/4774
f 4774/4767/4784 4759/4752/4769 4772/4765/4782 4775/4768/4785
f 4749/4742/4759 4774/4767/4784 4773/4766/4783 4746/4739/4756
f 4763/4756/4773 4779/4772/4789 4770/4763/4780 4769/4762/4779
f 4753/4746/4763 4749/4742/4759 4748/4741/4758 4751/4744/4761
f 4756/4749/4766 4760/4753/4770 4763/4756/4773 4769/4762/4779
f 4779/4772/4789 4763/4756/4773 4762/4755/4772 4780/4773/4790
f 4755/4748/4765 4744/4737/4754 4751/4744/4761 4748/4741/4758
f 4775/4768/4785 4781/4774/4791 4782/4775/4792 4776/4769/4786
f 4781/4774/4791 4775/4768/4785 4772/4765/4782 4783/4776/4793
f 4771/4764/4781 4777/4770/4787 4783/4776/4793 4772/4765/4782
f 4771/4764/4781 4758/4751/4768 4766/4759/4776 4777/4770/4787
f 4781/4774/4791 4779/4772/4789 4780/4773/4790 4782/4775/4792
f 4779/4772/4789 4781/4774/4791 4783/4776/4793 4770/4763/4780
f 4777/4770/4787 4768/4761/4778 4770/4763/4780 4783/4776/4793
f 4778/4771/4788 4764/4757/4774 4755/4748/4765 4754/4747/4764
f 4764/4757/4774 4745/4738/4755 4744/4737/4754 4755/4748/4765
f 4784/4777/4794 4785/4778/4795 4786/4779/4796 4787/4780/4797
f 4788/4781/4798 4789/4782/4799 4790/4783/4800 4791/4784/4801
f 4792/4785/4802 4793/4786/4803 4794/4787/4804 4790/4783/4800
f 4795/4788/4805 4796/4789/4806 4797/4790/4807 4798/4791/4808
f 4784/4777/4794 4799/4792/4809 4800/4793/4810 4785/4778/4795
f 4801/4794/4811 4802/4795/4812 4803/4796/4813 4804/4797/4814
f 4805/4798/4815 4806/4799/4816 4807/4800/4817 4802/4795/4812
f 4808/4801/4818 4809/4802/4819 4810/4803/4820 4811/4804/4821
f 4812/4805/4822 4805/4798/4815 4802/4795/4812 4801/4794/4811
f 4813/4806/4823 4814/4807/4824 4815/4808/4825 4816/4809/4826
f 4817/4810/4827 4813/4806/4823 4818/4811/4828 4819/4812/4829
f 4811/4804/4821 4810/4803/4820 4785/4778/4795 4800/4793/4810
f 4820/4813/4830 4806/4799/4816 4821/4814/4831 4822/4815/4832
f 4823/4816/4833 4824/4817/4834 4822/4815/4832 4825/4818/4835
f 4800/4793/4810 4799/4792/4809 4823/4816/4833 4825/4818/4835
f 4799/4792/4809 4784/4777/4794 4826/4819/4836 4827/4820/4837
f 4828/4821/4838 4829/4822/4839 4830/4823/4840 4796/4789/4806
f 4791/4784/4801 4831/4824/4841 4832/4825/4842 4833/4826/4843
f 4834/4827/4844 4788/4781/4798 4787/4780/4797 4786/4779/4796
f 4833/4826/4843 4832/4825/4842 4835/4828/4845 4826/4819/4836
f 4825/4818/4835 4836/4829/4846 4811/4804/4821 4800/4793/4810
f 4792/4785/4802 4828/4821/4838 4796/4789/4806 4795/4788/4805
f 4837/4830/4847 4829/4822/4839 4838/4831/4848 4839/4832/4849
f 4839/4832/4849 4840/4833/4850 4841/4834/4851 4812/4805/4822
f 4842/4835/4852 4843/4836/4853 4844/4837/4854 4841/4834/4851
f 4809/4802/4819 4808/4801/4818 4843/4836/4853 4842/4835/4852
f 4801/4794/4811 4837/4830/4847 4839/4832/4849 4812/4805/4822
f 4805/4798/4815 4812/4805/4822 4841/4834/4851 4844/4837/4854
f 4829/4822/4839 4828/4821/4838 4789/4782/4799 4838/4831/4848
f 4838/4831/4848 4834/4827/4844 4840/4833/4850 4839/4832/4849
f 4841/4834/4851 4840/4833/4850 4845/4838/4855 4842/4835/4852
f 4843/4836/4853 4836/4829/4846 4821/4814/4831 4844/4837/4854
f 4788/4781/4798 4791/4784/4801 4833/4826/4843 4787/4780/4797
f 4826/4819/4836 4784/4777/4794 4787/4780/4797 4833/4826/4843
f 4831/4824/4841 4791/4784/4801 4790/4783/4800 4794/4787/4804
f 4810/4803/4820 4809/4802/4819 4842/4835/4852 4845/4838/4855
f 4840/4833/4850 4834/4827/4844 4786/4779/4796 4845/4838/4855
f 4785/4778/4795 4810/4803/4820 4845/4838/4855 4786/4779/4796
f 4789/4782/4799 4788/4781/4798 4834/4827/4844 4838/4831/4848
f 4815/4808/4825 4814/4807/4824 4846/4839/4856 4847/4840/4857
f 4848/4841/4858 4814/4807/4824 4813/4806/4823 4817/4810/4827
f 4849/4842/4859 4817/4810/4827 4819/4812/4829 4850/4843/4860
f 4822/4815/4832 4821/4814/4831 4836/4829/4846 4825/4818/4835
f 4828/4821/4838 4792/4785/4802 4790/4783/4800 4789/4782/4799
f 4808/4801/4818 4811/4804/4821 4836/4829/4846 4843/4836/4853
f 4847/4840/4857 4846/4839/4856 4851/4844/4861 4852/4845/4862
f 4824/4817/4834 4846/4839/4856 4814/4807/4824 4848/4841/4858
f 4848/4841/4858 4817/4810/4827 4849/4842/4859 4820/4813/4830
f 4807/4800/4817 4849/4842/4859 4850/4843/4860 4853/4846/4863
f 4844/4837/4854 4821/4814/4831 4806/4799/4816 4805/4798/4815
f 4793/4786/4803 4792/4785/4802 4795/4788/4805 4854/4847/4864
f 4837/4830/4847 4801/4794/4811 4804/4797/4814 4855/4848/4865
f 4829/4822/4839 4837/4830/4847 4855/4848/4865 4830/4823/4840
f 4799/4792/4809 4827/4820/4837 4851/4844/4861 4823/4816/4833
f 4823/4816/4833 4851/4844/4861 4846/4839/4856 4824/4817/4834
f 4848/4841/4858 4820/4813/4830 4822/4815/4832 4824/4817/4834
f 4849/4842/4859 4807/4800/4817 4806/4799/4816 4820/4813/4830
f 4802/4795/4812 4807/4800/4817 4853/4846/4863 4803/4796/4813
f 4830/4823/4840 4856/4849/4866 4797/4790/4807 4796/4789/4806
f 4856/4849/4866 4830/4823/4840 4855/4848/4865 4804/4797/4814
f 4795/4788/4805 4798/4791/4808 4857/4850/4867 4854/4847/4864
f 4818/4811/4828 4813/4806/4823 4816/4809/4826 4858/4851/4868
f 4850/4843/4860 4859/4852/4869 4803/4796/4813 4853/4846/4863
f 4860/4853/4870 4859/4852/4869 4850/4843/4860 4819/4812/4829
f 4861/4854/4871 4860/4853/4870 4819/4812/4829 4818/4811/4828
f 4862/4855/4872 4861/4854/4871 4818/4811/4828 4858/4851/4868
f 4859/4852/4869 4856/4849/4866 4804/4797/4814 4803/4796/4813
f 4798/4791/4808 4797/4790/4807 4860/4853/4870 4861/4854/4871
f 4857/4850/4867 4798/4791/4808 4861/4854/4871 4862/4855/4872
f 4827/4820/4837 4863/4856/4873 4852/4845/4862 4851/4844/4861
f 4826/4819/4836 4835/4828/4845 4863/4856/4873 4827/4820/4837
f 4797/4790/4807 4856/4849/4866 4859/4852/4869 4860/4853/4870
f 4864/4857/4874 4865/4858/4875 4866/4859/4876 4867/4860/4877
f 4868/4861/4878 4869/4862/4879 4867/4860/4877 4866/4859/4876
f 4870/4863/4880 4871/4864/4881 4865/4858/4875 4872/4865/4882
f 4873/4866/4883 4874/4867/4884 4875/4868/4885 4876/4869/4886
f 4876/4869/4886 4875/4868/4885 4877/4870/4887 4872/4865/4882
f 4876/4869/4886 4864/4857/4874 4878/4871/4888 4873/4866/4883
f 4879/4872/4889 4880/4873/4890 4881/4874/4891 4878/4871/4888
f 4882/4875/4892 4883/4876/4893 4880/4873/4890 4879/4872/4889
f 4884/4877/4894 4885/4878/4895 4886/4879/4896 4887/4880/4897
f 4888/4881/4898 4889/4882/4899 4885/4878/4895 4884/4877/4894
f 4890/4883/4900 4873/4866/4883 4878/4871/4888 4881/4874/4891
f 4891/4884/4901 4892/4885/4902 4893/4886/4903 4894/4887/4904
f 4895/4888/4905 4891/4884/4901 4894/4887/4904 4896/4889/4906
f 4880/4873/4890 4897/4890/4907 4898/4891/4908 4881/4874/4891
f 4883/4876/4893 4899/4892/4909 4897/4890/4907 4880/4873/4890
f 4870/4863/4880 4900/4893/4910 4901/4894/4911 4902/4895/4912
f 4903/4896/4913 4904/4897/4914 4905/4898/4915 4906/4899/4916
f 4907/4900/4917 4908/4901/4918 4903/4896/4913 4906/4899/4916
f 4896/4889/4906 4909/4902/4919 4910/4903/4920 4895/4888/4905
f 4910/4903/4920 4909/4902/4919 4904/4897/4914 4903/4896/4913
f 4911/4904/4921 4899/4892/4909 4883/4876/4893 4912/4905/4922
f 4901/4894/4911 4913/4906/4923 4914/4907/4924 4902/4895/4912
f 4871/4864/4881 4870/4863/4880 4902/4895/4912 4888/4881/4898
f 4892/4885/4902 4915/4908/4925 4916/4909/4926 4917/4910/4927
f 4873/4866/4883 4890/4883/4900 4918/4911/4928 4874/4867/4884
f 4910/4903/4920 4919/4912/4929 4920/4913/4930 4895/4888/4905
f 4921/4914/4931 4922/4915/4932 4923/4916/4933 4924/4917/4934
f 4898/4891/4908 4925/4918/4935 4924/4917/4934 4923/4916/4933
f 4890/4883/4900 4923/4916/4933 4922/4915/4932 4918/4911/4928
f 4872/4865/4882 4877/4870/4887 4900/4893/4910 4870/4863/4880
f 4926/4919/4936 4868/4861/4878 4866/4859/4876 4927/4920/4937
f 4865/4858/4875 4871/4864/4881 4927/4920/4937 4866/4859/4876
f 4881/4874/4891 4898/4891/4908 4923/4916/4933 4890/4883/4900
f 4925/4918/4935 4898/4891/4908 4897/4890/4907 4928/4921/4938
f 4928/4921/4938 4897/4890/4907 4899/4892/4909 4911/4904/4921
f 4902/4895/4912 4914/4907/4924 4889/4882/4899 4888/4881/4898
f 4869/4862/4879 4882/4875/4892 4879/4872/4889 4867/4860/4877
f 4871/4864/4881 4888/4881/4898 4884/4877/4894 4927/4920/4937
f 4927/4920/4937 4884/4877/4894 4887/4880/4897 4926/4919/4936
f 4864/4857/4874 4876/4869/4886 4872/4865/4882 4865/4858/4875
f 4878/4871/4888 4864/4857/4874 4867/4860/4877 4879/4872/4889
f 4929/4922/4939 4905/4898/4915 4912/4905/4922 4930/4923/4940
f 4875/4868/4885 4874/4867/4884 4931/4924/4941 4877/4870/4887
f 4892/4885/4902 4917/4910/4927 4932/4925/4942 4893/4886/4903
f 4922/4915/4932 4921/4914/4931 4933/4926/4943 4918/4911/4928
f 4900/4893/4910 4877/4870/4887 4931/4924/4941 4934/4927/4944
f 4901/4894/4911 4900/4893/4910 4934/4927/4944 4935/4928/4945
f 4913/4906/4923 4901/4894/4911 4935/4928/4945 4936/4929/4946
f 4892/4885/4902 4891/4884/4901 4937/4930/4947 4915/4908/4925
f 4891/4884/4901 4895/4888/4905 4920/4913/4930 4937/4930/4947
f 4882/4875/4892 4930/4923/4940 4912/4905/4922 4883/4876/4893
f 4893/4886/4903 4932/4925/4942 4933/4926/4943 4921/4914/4931
f 4894/4887/4904 4893/4886/4903 4921/4914/4931 4924/4917/4934
f 4896/4889/4906 4894/4887/4904 4924/4917/4934 4925/4918/4935
f 4925/4918/4935 4928/4921/4938 4909/4902/4919 4896/4889/4906
f 4904/4897/4914 4909/4902/4919 4928/4921/4938 4911/4904/4921
f 4911/4904/4921 4912/4905/4922 4905/4898/4915 4904/4897/4914
f 4933/4926/4943 4931/4924/4941 4874/4867/4884 4918/4911/4928
f 4934/4927/4944 4931/4924/4941 4933/4926/4943 4932/4925/4942
f 4935/4928/4945 4934/4927/4944 4932/4925/4942 4917/4910/4927
f 4936/4929/4946 4935/4928/4945 4917/4910/4927 4916/4909/4926
f 4906/4899/4916 4905/4898/4915 4929/4922/4939 4938/4931/4948
f 4939/4932/4949 4907/4900/4917 4906/4899/4916 4938/4931/4948
f 4869/4862/4879 4868/4861/4878 4930/4923/4940 4882/4875/4892
f 4926/4919/4936 4929/4922/4939 4930/4923/4940 4868/4861/4878
f 4938/4931/4948 4929/4922/4939 4926/4919/4936 4887/4880/4897
f 4886/4879/4896 4939/4932/4949 4938/4931/4948 4887/4880/4897
f 4910/4903/4920 4903/4896/4913 4908/4901/4918 4919/4912/4929
f 4940/4933/4950 4941/4934/4951 4942/4935/4952 4943/4936/4953
f 4940/4933/4950 4944/4937/4954 4945/4938/4955 4941/4934/4951
f 4946/4939/4956 4947/4940/4957 4948/4941/4958 4949/4942/4959
f 4950/4943/4960 4951/4944/4961 4952/4945/4962 4953/4946/4963
f 4954/4947/4964 4955/4948/4965 4956/4949/4966 4957/4950/4967
f 4958/4951/4968 4959/4952/4969 4956/4949/4966 4955/4948/4965
f 4960/4953/4970 4959/4952/4969 4950/4943/4960 4953/4946/4963
f 4953/4946/4963 4952/4945/4962 4961/4954/4971 4962/4955/4972
f 4954/4947/4964 4957/4950/4967 4963/4956/4973 4964/4957/4974
f 4955/4948/4965 4965/4958/4975 4966/4959/4976 4958/4951/4968
f 4964/4957/4974 4963/4956/4973 4967/4960/4977 4968/4961/4978
f 4959/4952/4969 4960/4953/4970 4969/4962/4979 4956/4949/4966
f 4957/4950/4967 4956/4949/4966 4969/4962/4979 4963/4956/4973
f 4970/4963/4980 4960/4953/4970 4953/4946/4963 4962/4955/4972
f 4962/4955/4972 4961/4954/4971 4945/4938/4955 4971/4964/4981
f 4966/4959/4976 4972/4965/4982 4973/4966/4983 4974/4967/4984
f 4975/4968/4985 4976/4969/4986 4943/4936/4953 4942/4935/4952
f 4942/4935/4952 4941/4934/4951 4977/4970/4987 4973/4966/4983
f 4972/4965/4982 4966/4959/4976 4965/4958/4975 4978/4971/4988
f 4947/4940/4957 4979/4972/4989 4978/4971/4988 4968/4961/4978
f 4975/4968/4985 4972/4965/4982 4978/4971/4988 4979/4972/4989
f 4960/4953/4970 4970/4963/4980 4980/4973/4990 4969/4962/4979
f 4963/4956/4973 4969/4962/4979 4980/4973/4990 4967/4960/4977
f 4962/4955/4972 4971/4964/4981 4981/4974/4991 4970/4963/4980
f 4945/4938/4955 4944/4937/4954 4982/4975/4992 4971/4964/4981
f 4964/4957/4974 4968/4961/4978 4978/4971/4988 4965/4958/4975
f 4974/4967/4984 4983/4976/4993 4984/4977/4994 4985/4978/4995
f 4970/4963/4980 4981/4974/4991 4986/4979/4996 4980/4973/4990
f 4967/4960/4977 4980/4973/4990 4986/4979/4996 4948/4941/4958
f 4987/4980/4997 4981/4974/4991 4971/4964/4981 4982/4975/4992
f 4959/4952/4969 4958/4951/4968 4985/4978/4995 4950/4943/4960
f 4958/4951/4968 4966/4959/4976 4974/4967/4984 4985/4978/4995
f 4968/4961/4978 4967/4960/4977 4948/4941/4958 4947/4940/4957
f 4981/4974/4991 4987/4980/4997 4988/4981/4998 4986/4979/4996
f 4949/4942/4959 4948/4941/4958 4986/4979/4996 4988/4981/4998
f 4964/4957/4974 4965/4958/4975 4955/4948/4965 4954/4947/4964
f 4951/4944/4961 4984/4977/4994 4983/4976/4993 4952/4945/4962
f 4952/4945/4962 4983/4976/4993 4977/4970/4987 4961/4954/4971
f 4961/4954/4971 4977/4970/4987 4941/4934/4951 4945/4938/4955
f 4985/4978/4995 4984/4977/4994 4951/4944/4961 4950/4943/4960
f 4977/4970/4987 4983/4976/4993 4974/4967/4984 4973/4966/4983
f 4972/4965/4982 4975/4968/4985 4942/4935/4952 4973/4966/4983
f 4947/4940/4957 4946/4939/4956 4989/4982/4999 4979/4972/4989
f 4976/4969/4986 4975/4968/4985 4979/4972/4989 4989/4982/4999
f 4990/4983/5000 4991/4984/5001 4992/4985/5002 4993/4986/5003
f 4994/4987/5004 4995/4988/5005 4996/4989/5006 4997/4990/5007
f 4998/4991/5008 4999/4992/5009 5000/4993/5010 5001/4994/5011
f 4997/4990/5007 4999/4992/5009 4998/4991/5008 5002/4995/5012
f 5003/4996/5013 4994/4987/5004 4997/4990/5007 5002/4995/5012
f 5003/4996/5013 5004/4997/5014 5005/4998/5015 4994/4987/5004
f 5006/4999/5016 5005/4998/5015 5004/4997/5014 5007/5000/5017
f 5008/5001/5018 5009/5002/5019 5010/5003/5020 5011/5004/5021
f 5012/5005/5022 5008/5001/5018 5011/5004/5021 5013/5006/5023
f 5014/5007/5024 5012/5005/5022 5013/5006/5023 5015/5008/5025
f 5016/5009/5026 5014/5007/5024 5015/5008/5025 5017/5010/5027
f 5018/5011/5028 5019/5012/5029 5017/5010/5027 5015/5008/5025
f 5020/5013/5030 5021/5014/5031 5022/5015/5032 5023/5016/5033
f 5024/5017/5034 5025/5018/5035 5026/5019/5036 5027/5020/5037
f 5004/4997/5014 5026/5019/5036 5025/5018/5035 5007/5000/5017
f 5028/5021/5038 5005/4998/5015 5006/4999/5016 5029/5022/5039
f 5030/5023/5040 5028/5021/5038 5029/5022/5039 5031/5024/5041
f 5032/5025/5042 5033/5026/5043 5012/5005/5022 5014/5007/5024
f 5034/5027/5044 5032/5025/5042 5014/5007/5024 5016/5009/5026
f 4994/4987/5004 5005/4998/5015 5028/5021/5038 4995/4988/5005
f 5035/5028/5045 4999/4992/5009 4997/4990/5007 4996/4989/5006
f 5036/5029/5046 5035/5028/5045 4996/4989/5006 5020/5013/5030
f 5037/5030/5047 5038/5031/5048 5039/5032/5049 5040/5033/5050
f 5041/5034/5051 5042/5035/5052 5040/5033/5050 5043/5036/5053
f 5023/5016/5033 5044/5037/5054 5036/5029/5046 5020/5013/5030
f 5045/5038/5055 5046/5039/5056 5047/5040/5057 5048/5041/5058
f 5049/5042/5059 5050/5043/5060 5051/5044/5061 5046/5039/5056
f 5052/5045/5062 5050/5043/5060 5053/5046/5063 5054/5047/5064
f 5055/5048/5065 5002/4995/5012 4998/4991/5008 5001/4994/5011
f 5056/5049/5066 5057/5050/5067 5058/5051/5068 5055/5048/5065
f 5022/5015/5032 4990/4983/5000 4993/4986/5003 5059/5052/5069
f 5060/5053/5070 5061/5054/5071 5062/5055/5072 5059/5052/5069
f 5061/5054/5071 5063/5056/5073 5064/5057/5074 5045/5038/5055
f 5010/5003/5020 5064/5057/5074 5063/5056/5073 5011/5004/5021
f 5038/5031/5048 5037/5030/5047 5032/5025/5042 5034/5027/5044
f 5065/5058/5075 5037/5030/5047 5040/5033/5050 5042/5035/5052
f 5042/5035/5052 5041/5034/5051 5066/5059/5076 5067/5060/5077
f 5057/5050/5067 5027/5020/5037 5026/5019/5036 5058/5051/5068
f 5068/5061/5078 5056/5049/5066 5055/5048/5065 5001/4994/5011
f 5060/5053/5070 5069/5062/5079 5063/5056/5073 5061/5054/5071
f 5059/5052/5069 4993/4986/5003 5070/5063/5080 5060/5053/5070
f 5040/5033/5050 5039/5032/5049 5071/5064/5081 5043/5036/5053
f 5058/5051/5068 5026/5019/5036 5004/4997/5014 5003/4996/5013
f 4999/4992/5009 5035/5028/5045 5036/5029/5046 5000/4993/5010
f 5069/5062/5079 5018/5011/5028 5015/5008/5025 5013/5006/5023
f 5019/5012/5029 5018/5011/5028 5070/5063/5080 5072/5065/5082
f 5000/4993/5010 5036/5029/5046 5044/5037/5054 5073/5066/5083
f 5060/5053/5070 5070/5063/5080 5018/5011/5028 5069/5062/5079
f 4993/4986/5003 4992/4985/5002 5072/5065/5082 5070/5063/5080
f 5050/5043/5060 5049/5042/5059 5009/5002/5019 5053/5046/5063
f 5046/5039/5056 5045/5038/5055 5064/5057/5074 5049/5042/5059
f 5061/5054/5071 5045/5038/5055 5048/5041/5058 5062/5055/5072
f 5073/5066/5083 5068/5061/5078 5001/4994/5011 5000/4993/5010
f 5067/5060/5077 5066/5059/5076 5074/5067/5084 5051/5044/5061
f 5052/5045/5062 5065/5058/5075 5042/5035/5052 5067/5060/5077
f 5049/5042/5059 5064/5057/5074 5010/5003/5020 5009/5002/5019
f 5065/5058/5075 5052/5045/5062 5054/5047/5064 5033/5026/5043
f 5050/5043/5060 5052/5045/5062 5067/5060/5077 5051/5044/5061
f 5051/5044/5061 5074/5067/5084 5047/5040/5057 5046/5039/5056
f 5033/5026/5043 5032/5025/5042 5037/5030/5047 5065/5058/5075
f 5054/5047/5064 5053/5046/5063 5009/5002/5019 5008/5001/5018
f 5033/5026/5043 5054/5047/5064 5008/5001/5018 5012/5005/5022
f 5063/5056/5073 5069/5062/5079 5013/5006/5023 5011/5004/5021
f 5003/4996/5013 5002/4995/5012 5055/5048/5065 5058/5051/5068
f 5030/5023/5040 4990/4983/5000 5022/5015/5032 5021/5014/5031
f 5062/5055/5072 5048/5041/5058 5044/5037/5054 5023/5016/5033
f 5073/5066/5083 5044/5037/5054 5048/5041/5058 5047/5040/5057
f 5047/5040/5057 5074/5067/5084 5068/5061/5078 5073/5066/5083
f 5074/5067/5084 5066/5059/5076 5056/5049/5066 5068/5061/5078
f 5066/5059/5076 5041/5034/5051 5057/5050/5067 5056/5049/5066
f 5041/5034/5051 5043/5036/5053 5027/5020/5037 5057/5050/5067
f 5071/5064/5081 5024/5017/5034 5027/5020/5037 5043/5036/5053
f 5021/5014/5031 4995/4988/5005 5028/5021/5038 5030/5023/5040
f 4991/4984/5001 4990/4983/5000 5030/5023/5040 5031/5024/5041
f 5023/5016/5033 5022/5015/5032 5059/5052/5069 5062/5055/5072
f 5020/5013/5030 4996/4989/5006 4995/4988/5005 5021/5014/5031
f 5075/5068/5085 5076/5069/5086 5077/5070/5087 5078/5071/5088
f 5079/5072/5089 5080/5073/5090 5081/5074/5091 5082/5075/5092
f 5083/5076/5093 5084/5077/5094 5085/5078/5095 5086/5079/5096
f 5087/5080/5097 5088/5081/5098 5089/5082/5099 5090/5083/5100
f 5091/5084/5101 5082/5075/5092 5081/5074/5091 5092/5085/5102
f 5077/5070/5087 5084/5077/5094 5083/5076/5093 5078/5071/5088
f 5093/5086/5103 5094/5087/5104 5095/5088/5105 5096/5089/5106
f 5086/5079/5096 5085/5078/5095 5097/5090/5107 5098/5091/5108
f 5088/5081/5098 5099/5092/5109 5098/5091/5108 5089/5082/5099
f 5100/5093/5110 5101/5094/5111 5088/5081/5098 5087/5080/5097
f 5100/5093/5110 5087/5080/5097 5102/5095/5112 5103/5096/5113
f 5087/5080/5097 5090/5083/5100 5104/5097/5114 5102/5095/5112
f 5105/5098/5115 5106/5099/5116 5107/5100/5117 5108/5101/5118
f 5099/5092/5109 5109/5102/5119 5086/5079/5096 5098/5091/5108
f 5099/5092/5109 5088/5081/5098 5101/5094/5111 5110/5103/5120
f 5111/5104/5121 5112/5105/5122 5101/5094/5111 5100/5093/5110
f 5111/5104/5121 5100/5093/5110 5103/5096/5113 5105/5098/5115
f 5081/5074/5091 5113/5106/5123 5114/5107/5124 5092/5085/5102
f 5098/5091/5108 5097/5090/5107 5115/5108/5125 5089/5082/5099
f 5109/5102/5119 5091/5084/5101 5083/5076/5093 5086/5079/5096
f 5110/5103/5120 5116/5109/5126 5109/5102/5119 5099/5092/5109
f 5110/5103/5120 5101/5094/5111 5112/5105/5122 5117/5110/5127
f 5118/5111/5128 5119/5112/5129 5112/5105/5122 5111/5104/5121
f 5120/5113/5130 5121/5114/5131 5080/5073/5090 5122/5115/5132
f 5118/5111/5128 5111/5104/5121 5105/5098/5115 5108/5101/5118
f 5076/5069/5086 5075/5068/5085 5096/5089/5106 5095/5088/5105
f 5123/5116/5133 5114/5107/5124 5113/5106/5123 5124/5117/5134
f 5091/5084/5101 5109/5102/5119 5116/5109/5126 5082/5075/5092
f 5117/5110/5127 5125/5118/5135 5116/5109/5126 5110/5103/5120
f 5117/5110/5127 5112/5105/5122 5119/5112/5129 5126/5119/5136
f 5118/5111/5128 5127/5120/5137 5128/5121/5138 5119/5112/5129
f 5124/5117/5134 5129/5122/5139 5130/5123/5140 5123/5116/5133
f 5127/5120/5137 5118/5111/5128 5108/5101/5118 5107/5100/5117
f 5090/5083/5100 5131/5124/5141 5132/5125/5142 5104/5097/5114
f 5089/5082/5099 5115/5108/5125 5131/5124/5141 5090/5083/5100
f 5082/5075/5092 5116/5109/5126 5125/5118/5135 5079/5072/5089
f 5126/5119/5136 5133/5126/5143 5125/5118/5135 5117/5110/5127
f 5126/5119/5136 5119/5112/5129 5128/5121/5138 5134/5127/5144
f 5127/5120/5137 5135/5128/5145 5136/5129/5146 5128/5121/5138
f 5137/5130/5147 5138/5131/5148 5139/5132/5149 5140/5133/5150
f 5135/5128/5145 5127/5120/5137 5107/5100/5117 5106/5099/5116
f 5079/5072/5089 5125/5118/5135 5133/5126/5143 5141/5134/5151
f 5134/5127/5144 5120/5113/5130 5133/5126/5143 5126/5119/5136
f 5128/5121/5138 5136/5129/5146 5142/5135/5152 5134/5127/5144
f 5094/5087/5104 5093/5086/5103 5140/5133/5150 5139/5132/5149
f 5130/5123/5140 5129/5122/5139 5143/5136/5153 5144/5137/5154
f 5145/5138/5155 5144/5137/5154 5143/5136/5153 5146/5139/5156
f 5138/5131/5148 5137/5130/5147 5104/5097/5114 5132/5125/5142
f 5141/5134/5151 5133/5126/5143 5120/5113/5130 5122/5115/5132
f 5121/5114/5131 5120/5113/5130 5134/5127/5144 5142/5135/5152
f 5102/5095/5112 5145/5138/5155 5146/5139/5156 5103/5096/5113
f 5102/5095/5112 5104/5097/5114 5137/5130/5147 5145/5138/5155
f 5137/5130/5147 5140/5133/5150 5144/5137/5154 5145/5138/5155
f 5093/5086/5103 5130/5123/5140 5144/5137/5154 5140/5133/5150
f 5123/5116/5133 5130/5123/5140 5093/5086/5103 5096/5089/5106
f 5096/5089/5106 5075/5068/5085 5114/5107/5124 5123/5116/5133
f 5075/5068/5085 5078/5071/5088 5092/5085/5102 5114/5107/5124
f 5106/5099/5116 5105/5098/5115 5103/5096/5113 5146/5139/5156
f 5143/5136/5153 5135/5128/5145 5106/5099/5116 5146/5139/5156
f 5136/5129/5146 5135/5128/5145 5143/5136/5153 5129/5122/5139
f 5142/5135/5152 5136/5129/5146 5129/5122/5139 5124/5117/5134
f 5113/5106/5123 5121/5114/5131 5142/5135/5152 5124/5117/5134
f 5080/5073/5090 5121/5114/5131 5113/5106/5123 5081/5074/5091
f 5078/5071/5088 5083/5076/5093 5091/5084/5101 5092/5085/5102
f 5122/5115/5132 5080/5073/5090 5079/5072/5089 5141/5134/5151
f 5147/5140/5157 5148/5141/5158 5149/5142/5159 5150/5143/5160
f 5151/5144/5161 5152/5145/5162 5153/5146/5163 5154/5147/5164
f 5155/5148/5165 5156/5149/5166 5154/5147/5164 5157/5150/5167
f 5158/5151/5168 5149/5142/5159 5148/5141/5158 5159/5152/5169
f 5154/5147/5164 5156/5149/5166 5160/5153/5170 5151/5144/5161
f 5159/5152/5169 5161/5154/5171 5162/5155/5172 5163/5156/5173
f 5163/5156/5173 5164/5157/5174 5165/5158/5175 5166/5159/5176
f 5167/5160/5177 5168/5161/5178 5157/5150/5167 5169/5162/5179
f 5170/5163/5180 5171/5164/5181 5156/5149/5166 5155/5148/5165
f 5172/5165/5182 5173/5166/5183 5170/5163/5180 5174/5167/5184
f 5175/5168/5185 5176/5169/5186 5177/5170/5187 5178/5171/5188
f 5173/5166/5183 5178/5171/5188 5179/5172/5189 5180/5173/5190
f 5159/5152/5169 5163/5156/5173 5166/5159/5176 5158/5151/5168
f 5162/5155/5172 5181/5174/5191 5164/5157/5174 5163/5156/5173
f 5166/5159/5176 5165/5158/5175 5182/5175/5192 5177/5170/5187
f 5180/5173/5190 5160/5153/5170 5156/5149/5166 5171/5164/5181
f 5173/5166/5183 5180/5173/5190 5171/5164/5181 5170/5163/5180
f 5172/5165/5182 5175/5168/5185 5178/5171/5188 5173/5166/5183
f 5155/5148/5165 5157/5150/5167 5168/5161/5178 5183/5176/5193
f 5157/5150/5167 5154/5147/5164 5153/5146/5163 5169/5162/5179
f 5176/5169/5186 5158/5151/5168 5166/5159/5176 5177/5170/5187
f 5174/5167/5184 5170/5163/5180 5155/5148/5165 5183/5176/5193
f 5148/5141/5158 5147/5140/5157 5184/5177/5194 5185/5178/5195
f 5176/5169/5186 5175/5168/5185 5149/5142/5159 5158/5151/5168
f 5172/5165/5182 5150/5143/5160 5149/5142/5159 5175/5168/5185
f 5161/5154/5171 5159/5152/5169 5148/5141/5158 5185/5178/5195
f 5174/5167/5184 5183/5176/5193 5150/5143/5160 5172/5165/5182
f 5168/5161/5178 5147/5140/5157 5150/5143/5160 5183/5176/5193
f 5147/5140/5157 5168/5161/5178 5167/5160/5177 5184/5177/5194
f 5179/5172/5189 5186/5179/5196 5160/5153/5170 5180/5173/5190
f 5151/5144/5161 5160/5153/5170 5186/5179/5196 5187/5180/5197
f 5187/5180/5197 5188/5181/5198 5152/5145/5162 5151/5144/5161
f 5182/5175/5192 5179/5172/5189 5178/5171/5188 5177/5170/5187
f 5182/5175/5192 5165/5158/5175 5186/5179/5196 5179/5172/5189
f 5187/5180/5197 5186/5179/5196 5165/5158/5175 5164/5157/5174
f 5164/5157/5174 5181/5174/5191 5188/5181/5198 5187/5180/5197
f 5189/5182/5199 5190/5183/5200 5191/5184/5201 5192/5185/5202
f 5193/5186/5203 5194/5187/5204 5195/5188/5205 5196/5189/5206
f 5194/5187/5204 5197/5190/5207 5198/5191/5208 5195/5188/5205
f 5199/5192/5209 5200/5193/5210 5201/5194/5211 5198/5191/5208
f 5198/5191/5208 5201/5194/5211 5196/5189/5206 5195/5188/5205
f 5201/5194/5211 5202/5195/5212 5203/5196/5213 5196/5189/5206
f 5204/5197/5214 5205/5198/5215 5206/5199/5216 5207/5200/5217
f 5208/5201/5218 5202/5195/5212 5201/5194/5211 5200/5193/5210
f 5205/5198/5215 5204/5197/5214 5209/5202/5219 5210/5203/5220
f 5211/5204/5221 5212/5205/5222 5213/5206/5223 5214/5207/5224
f 5215/5208/5225 5216/5209/5226 5214/5207/5224 5213/5206/5223
f 5217/5210/5227 5213/5206/5223 5212/5205/5222 5218/5211/5228
f 5219/5212/5229 5220/5213/5230 5216/5209/5226 5215/5208/5225
f 5221/5214/5231 5215/5208/5225 5213/5206/5223 5217/5210/5227
f 5222/5215/5232 5223/5216/5233 5220/5213/5230 5219/5212/5229
f 5221/5214/5231 5224/5217/5234 5219/5212/5229 5215/5208/5225
f 5225/5218/5235 5221/5214/5231 5217/5210/5227 5226/5219/5236
f 5227/5220/5237 5228/5221/5238 5226/5219/5236 5229/5222/5239
f 5223/5216/5233 5222/5215/5232 5207/5200/5217 5206/5199/5216
f 5230/5223/5240 5222/5215/5232 5219/5212/5229 5224/5217/5234
f 5224/5217/5234 5221/5214/5231 5225/5218/5235 5231/5224/5241
f 5232/5225/5242 5225/5218/5235 5226/5219/5236 5228/5221/5238
f 5233/5226/5243 5234/5227/5244 5228/5221/5238 5227/5220/5237
f 5231/5224/5241 5225/5218/5235 5232/5225/5242 5235/5228/5245
f 5236/5229/5246 5232/5225/5242 5228/5221/5238 5234/5227/5244
f 5237/5230/5247 5189/5182/5199 5234/5227/5244 5233/5226/5243
f 5194/5187/5204 5193/5186/5203 5231/5224/5241 5235/5228/5245
f 5235/5228/5245 5232/5225/5242 5236/5229/5246 5238/5231/5248
f 5190/5183/5200 5189/5182/5199 5237/5230/5247 5239/5232/5249
f 5197/5190/5207 5194/5187/5204 5235/5228/5245 5238/5231/5248
f 5192/5185/5202 5199/5192/5209 5238/5231/5248 5236/5229/5246
f 5240/5233/5250 5241/5234/5251 5190/5183/5200 5239/5232/5249
f 5238/5231/5248 5199/5192/5209 5198/5191/5208 5197/5190/5207
f 5192/5185/5202 5191/5184/5201 5200/5193/5210 5199/5192/5209
f 5241/5234/5251 5242/5235/5252 5191/5184/5201 5190/5183/5200
f 5243/5236/5253 5244/5237/5254 5245/5238/5255 5246/5239/5256
f 5242/5235/5252 5208/5201/5218 5200/5193/5210 5191/5184/5201
f 5247/5240/5257 5248/5241/5258 5245/5238/5255 5244/5237/5254
f 5248/5241/5258 5247/5240/5257 5210/5203/5220 5209/5202/5219
f 5239/5232/5249 5249/5242/5259 5250/5243/5260 5240/5233/5250
f 5251/5244/5261 5252/5245/5262 5243/5236/5253 5246/5239/5256
f 5253/5246/5263 5249/5242/5259 5239/5232/5249 5237/5230/5247
f 5207/5200/5217 5222/5215/5232 5230/5223/5240 5203/5196/5213
f 5253/5246/5263 5237/5230/5247 5233/5226/5243 5227/5220/5237
f 5249/5242/5259 5253/5246/5263 5227/5220/5237 5229/5222/5239
f 5249/5242/5259 5229/5222/5239 5218/5211/5228 5250/5243/5260
f 5252/5245/5262 5251/5244/5261 5212/5205/5222 5211/5204/5221
f 5250/5243/5260 5218/5211/5228 5212/5205/5222 5251/5244/5261
f 5240/5233/5250 5250/5243/5260 5251/5244/5261 5246/5239/5256
f 5246/5239/5256 5245/5238/5255 5241/5234/5251 5240/5233/5250
f 5245/5238/5255 5248/5241/5258 5242/5235/5252 5241/5234/5251
f 5248/5241/5258 5209/5202/5219 5208/5201/5218 5242/5235/5252
f 5209/5202/5219 5204/5197/5214 5202/5195/5212 5208/5201/5218
f 5203/5196/5213 5202/5195/5212 5204/5197/5214 5207/5200/5217
f 5229/5222/5239 5226/5219/5236 5217/5210/5227 5218/5211/5228
f 5230/5223/5240 5193/5186/5203 5196/5189/5206 5203/5196/5213
f 5193/5186/5203 5230/5223/5240 5224/5217/5234 5231/5224/5241
f 5234/5227/5244 5189/5182/5199 5192/5185/5202 5236/5229/5246
f 5254/5247/5264 5255/5248/5265 5256/5249/5266 5257/5250/5267
f 5258/5251/5268 5259/5252/5269 5260/5253/5270 5257/5250/5267
f 5261/5254/5271 5262/5255/5272 5263/5256/5273 5264/5257/5274
f 5268/5258/5275 5269/5259/5276 5270/5260/5277 5271/5261/5278
f 5266/5262/5279 5272/5263/5280 5273/5264/5281 5274/5265/5282
f 5275/5266/5283 5276/5267/5284 5277/5268/5285 5278/5269/5286
f 5279/5270/5287 5280/5271/5288 5281/5272/5289 5282/5273/5290
f 5284/5274/5291 5285/5275/5292 5286/5276/5293 5273/5264/5281
f 5282/5273/5290 5287/5277/5294 5285/5275/5292 5284/5274/5291
f 5288/5278/5295 5289/5279/5296 5290/5280/5297 5291/5281/5298
f 5292/5282/5299 5293/5283/5300 5294/5284/5301 5270/5260/5277
f 5281/5272/5289 5295/5285/5302 5287/5277/5294 5282/5273/5290
f 5296/5286/5303 5284/5274/5291 5273/5264/5281 5272/5263/5280
f 5279/5270/5287 5282/5273/5290 5284/5274/5291 5296/5286/5303
f 5297/5287/5304 5298/5288/5305 5299/5289/5306 5300/5290/5307
f 5291/5281/5298 5261/5254/5271 5264/5257/5274 5301/5291/5308
f 5277/5268/5285 5276/5267/5284 5302/5292/5309 5303/5293/5310
f 5299/5289/5306 5254/5247/5264 5257/5250/5267 5260/5253/5270
f 5263/5256/5273 5262/5255/5272 5304/5294/5311 5305/5295/5312
f 5306/5296/5313 5262/5255/5272 5261/5254/5271 5265/5297/5314
f 5266/5262/5279 5274/5265/5282 5307/5298/5315 5267/5299/5316
f 5254/5247/5264 5308/5300/5317 5309/5301/5318 5255/5248/5265
f 5310/5302/5319 5276/5267/5284 5275/5266/5283 5311/5303/5320
f 5312/5304/5321 5310/5302/5319 5311/5303/5320 5298/5288/5305
f 5292/5282/5299 5270/5260/5277 5269/5259/5276 5313/5305/5322
f 5305/5295/5312 5304/5294/5311 5297/5287/5304 5300/5290/5307
f 5312/5304/5321 5304/5294/5311 5262/5255/5272 5306/5296/5313
f 5314/5306/5323 5306/5296/5313 5265/5297/5314 5267/5299/5316
f 5307/5298/5315 5302/5292/5309 5314/5306/5323 5267/5299/5316
f 5315/5307/5324 5316/5308/5325 5307/5298/5315 5274/5265/5282
f 5290/5280/5297 5289/5279/5296 5317/5309/5326 5318/5310/5327
f 5313/5305/5322 5269/5259/5276 5281/5272/5289 5280/5271/5288
f 5317/5309/5326 5319/5311/5328 5320/5312/5329 5318/5310/5327
f 5288/5278/5295 5291/5281/5298 5301/5291/5308 5321/5313/5330
f 5321/5313/5330 5301/5291/5308 5259/5252/5269 5258/5251/5268
f 5258/5251/5268 5257/5250/5267 5256/5249/5266 5319/5311/5328
f 5255/5248/5265 5322/5314/5331 5323/5315/5332 5256/5249/5266
f 5255/5248/5265 5309/5301/5318 5324/5316/5333 5322/5314/5331
f 5325/5317/5334 5279/5270/5287 5296/5286/5303 5326/5318/5335
f 5272/5263/5280 5283/5319/5336 5326/5318/5335 5296/5286/5303
f 5310/5302/5319 5312/5304/5321 5306/5296/5313 5314/5306/5323
f 5310/5302/5319 5314/5306/5323 5302/5292/5309 5276/5267/5284
f 5303/5293/5310 5302/5292/5309 5307/5298/5315 5316/5308/5325
f 5325/5317/5334 5327/5320/5337 5280/5271/5288 5279/5270/5287
f 5289/5279/5296 5288/5278/5295 5321/5313/5330 5317/5309/5326
f 5317/5309/5326 5321/5313/5330 5258/5251/5268 5319/5311/5328
f 5319/5311/5328 5256/5249/5266 5323/5315/5332 5320/5312/5329
f 5324/5316/5333 5313/5305/5322 5280/5271/5288 5327/5320/5337
f 5269/5259/5276 5268/5258/5275 5295/5285/5302 5281/5272/5289
f 5294/5284/5301 5328/5321/5338 5271/5261/5278 5270/5260/5277
f 5286/5276/5293 5315/5307/5324 5274/5265/5282 5273/5264/5281
f 5326/5318/5335 5283/5319/5336 5290/5280/5297 5318/5310/5327
f 5320/5312/5329 5325/5317/5334 5326/5318/5335 5318/5310/5327
f 5320/5312/5329 5323/5315/5332 5327/5320/5337 5325/5317/5334
f 5322/5314/5331 5324/5316/5333 5327/5320/5337 5323/5315/5332
f 5260/5253/5270 5305/5295/5312 5300/5290/5307 5299/5289/5306
f 5259/5252/5269 5263/5256/5273 5305/5295/5312 5260/5253/5270
f 5264/5257/5274 5263/5256/5273 5259/5252/5269 5301/5291/5308
f 5308/5300/5317 5254/5247/5264 5299/5289/5306 5298/5288/5305
f 5294/5284/5301 5293/5283/5300 5311/5303/5320 5275/5266/5283
f 5275/5266/5283 5278/5269/5286 5328/5321/5338 5294/5284/5301
f 5312/5304/5321 5298/5288/5305 5297/5287/5304 5304/5294/5311
f 5293/5283/5300 5308/5300/5317 5298/5288/5305 5311/5303/5320
f 5309/5301/5318 5308/5300/5317 5293/5283/5300 5292/5282/5299
f 5313/5305/5322 5324/5316/5333 5309/5301/5318 5292/5282/5299
f 5329/5322/5339 5330/5323/5340 5331/5324/5341 5332/5325/5342
f 5333/5326/5343 5334/5327/5344 5335/5328/5345 5336/5329/5346
f 5337/5330/5347 5338/5331/5348 5339/5332/5349 5340/5333/5350
f 5341/5334/5351 5337/5330/5347 5342/5335/5352 5343/5336/5353
f 5329/5322/5339 5343/5336/5353 5334/5327/5344 5333/5326/5343
f 5344/5337/5354 5331/5324/5341 5345/5338/5355 5346/5339/5356
f 5343/5336/5353 5342/5335/5352 5347/5340/5357 5334/5327/5344
f 5342/5335/5352 5337/5330/5347 5340/5333/5350 5348/5341/5358
f 5349/5342/5359 5350/5343/5360 5351/5344/5361 5352/5345/5362
f 5353/5346/5363 5354/5347/5364 5355/5348/5365 5356/5349/5366
f 5338/5331/5348 5344/5337/5354 5346/5339/5356 5356/5349/5366
f 5341/5334/5351 5332/5325/5342 5331/5324/5341 5344/5337/5354
f 5357/5350/5367 5358/5351/5368 5359/5352/5369 5360/5353/5370
f 5361/5354/5371 5362/5355/5372 5363/5356/5373 5358/5351/5368
f 5350/5343/5360 5349/5342/5359 5364/5357/5374 5365/5358/5375
f 5363/5356/5373 5366/5359/5376 5367/5360/5377 5368/5361/5378
f 5368/5361/5378 5359/5352/5369 5358/5351/5368 5363/5356/5373
f 5362/5355/5372 5369/5362/5379 5366/5359/5376 5363/5356/5373
f 5370/5363/5380 5350/5343/5360 5365/5358/5375 5371/5364/5381
f 5372/5365/5382 5373/5366/5383 5374/5367/5384 5375/5368/5385
f 5376/5369/5386 5377/5370/5387 5378/5371/5388 5379/5372/5389
f 5380/5373/5390 5361/5354/5371 5358/5351/5368 5357/5350/5367
f 5361/5354/5371 5353/5346/5363 5381/5374/5391 5362/5355/5372
f 5352/5345/5362 5351/5344/5361 5382/5375/5392 5383/5376/5393
f 5384/5377/5394 5372/5365/5382 5375/5368/5385 5385/5378/5395
f 5347/5340/5357 5342/5335/5352 5348/5341/5358 5386/5379/5396
f 5334/5327/5344 5347/5340/5357 5376/5369/5386 5335/5328/5345
f 5387/5380/5397 5388/5381/5398 5336/5329/5346 5335/5328/5345
f 5345/5338/5355 5389/5382/5399 5381/5374/5391 5346/5339/5356
f 5353/5346/5363 5356/5349/5366 5346/5339/5356 5381/5374/5391
f 5361/5354/5371 5380/5373/5390 5354/5347/5364 5353/5346/5363
f 5357/5350/5367 5390/5383/5400 5391/5384/5401 5380/5373/5390
f 5383/5376/5393 5382/5375/5392 5372/5365/5382 5384/5377/5394
f 5382/5375/5392 5351/5344/5361 5392/5385/5402 5393/5386/5403
f 5343/5336/5353 5329/5322/5339 5332/5325/5342 5341/5334/5351
f 5344/5337/5354 5338/5331/5348 5337/5330/5347 5341/5334/5351
f 5356/5349/5366 5355/5348/5365 5339/5332/5349 5338/5331/5348
f 5394/5387/5404 5395/5388/5405 5365/5358/5375 5364/5357/5374
f 5386/5379/5396 5377/5370/5387 5376/5369/5386 5347/5340/5357
f 5335/5328/5345 5376/5369/5386 5379/5372/5389 5387/5380/5397
f 5365/5358/5375 5395/5388/5405 5396/5389/5406 5371/5364/5381
f 5371/5364/5381 5396/5389/5406 5397/5390/5407 5370/5363/5380
f 5398/5391/5408 5399/5392/5409 5400/5393/5410 5401/5394/5411
f 5388/5381/5398 5402/5395/5412 5403/5396/5413 5336/5329/5346
f 5336/5329/5346 5403/5396/5413 5404/5397/5414 5333/5326/5343
f 5390/5383/5400 5357/5350/5367 5360/5353/5370 5405/5398/5415
f 5406/5399/5416 5407/5400/5417 5408/5401/5418 5400/5393/5410
f 5400/5393/5410 5408/5401/5418 5409/5402/5419 5401/5394/5411
f 5374/5367/5384 5410/5403/5420 5411/5404/5421 5375/5368/5385
f 5412/5405/5422 5385/5378/5395 5375/5368/5385 5411/5404/5421
f 5402/5395/5412 5367/5360/5377 5366/5359/5376 5403/5396/5413
f 5403/5396/5413 5366/5359/5376 5369/5362/5379 5404/5397/5414
f 5404/5397/5414 5369/5362/5379 5389/5382/5399 5330/5323/5340
f 5330/5323/5340 5389/5382/5399 5345/5338/5355 5331/5324/5341
f 5409/5402/5419 5410/5403/5420 5374/5367/5384 5401/5394/5411
f 5373/5366/5383 5398/5391/5408 5401/5394/5411 5374/5367/5384
f 5373/5366/5383 5393/5386/5403 5397/5390/5407 5398/5391/5408
f 5397/5390/5407 5393/5386/5403 5392/5385/5402 5370/5363/5380
f 5392/5385/5402 5351/5344/5361 5350/5343/5360 5370/5363/5380
f 5398/5391/5408 5397/5390/5407 5396/5389/5406 5399/5392/5409
f 5395/5388/5405 5413/5406/5423 5399/5392/5409 5396/5389/5406
f 5395/5388/5405 5394/5387/5404 5391/5384/5401 5413/5406/5423
f 5394/5387/5404 5354/5347/5364 5380/5373/5390 5391/5384/5401
f 5406/5399/5416 5390/5383/5400 5405/5398/5415 5407/5400/5417
f 5413/5406/5423 5406/5399/5416 5400/5393/5410 5399/5392/5409
f 5378/5371/5388 5377/5370/5387 5385/5378/5395 5412/5405/5422
f 5386/5379/5396 5384/5377/5394 5385/5378/5395 5377/5370/5387
f 5348/5341/5358 5383/5376/5393 5384/5377/5394 5386/5379/5396
f 5340/5333/5350 5352/5345/5362 5383/5376/5393 5348/5341/5358
f 5339/5332/5349 5349/5342/5359 5352/5345/5362 5340/5333/5350
f 5349/5342/5359 5339/5332/5349 5355/5348/5365 5364/5357/5374
f 5354/5347/5364 5394/5387/5404 5364/5357/5374 5355/5348/5365
f 5391/5384/5401 5390/5383/5400 5406/5399/5416 5413/5406/5423
f 5373/5366/5383 5372/5365/5382 5382/5375/5392 5393/5386/5403
f 5381/5374/5391 5389/5382/5399 5369/5362/5379 5362/5355/5372
f 5330/5323/5340 5329/5322/5339 5333/5326/5343 5404/5397/5414
f 5658/5407/5424 5651/5408/5425 5617/5409/5426 5616/5410/5427
f 5542/5411/5428 5543/5412/5429 5561/5413/5430 5560/5414/5431
f 5552/5415/5432 5553/5416/5433 5583/5417/5434 5582/5418/5435
f 5544/5419/5436 5545/5420/5437 5563/5421/5438 5562/5422/5439
f 5543/5412/5429 5544/5419/5436 5562/5422/5439 5561/5413/5430
f 5614/5423/5440 5615/5424/5441 5775/5425/5442 5774/5426/5443
f 5659/5427/5444 5652/5428/5445 5591/5429/5446 5590/5430/5447
f 5660/5431/5448 5653/5432/5449 5596/5433/5450 5595/5434/5451
f 5661/5435/5452 5654/5436/5453 5601/5437/5454 5600/5438/5455
f 5662/5439/5456 5655/5440/5457 5606/5441/5458 5605/5442/5459
f 5663/5443/5460 5656/5444/5461 5611/5445/5462 5610/5446/5463
f 5664/5447/5464 5658/5407/5424 5616/5410/5427 5615/5448/5441
f 5665/5449/5465 5659/5427/5444 5590/5430/5447 5589/5450/5466
f 5666/5451/5467 5660/5431/5448 5595/5434/5451 5594/5452/5468
f 5667/5453/5469 5661/5435/5452 5600/5438/5455 5599/5454/5470
f 5668/5455/5471 5662/5439/5456 5605/5442/5459 5604/5456/5472
f 5669/5457/5473 5663/5443/5460 5610/5446/5463 5609/5458/5474
f 5670/5459/5475 5664/5447/5464 5615/5448/5441 5614/5460/5440
f 5671/5461/5476 5665/5449/5465 5589/5450/5466 5587/5462/5477
f 5672/5463/5478 5666/5451/5467 5594/5452/5468 5593/5464/5479
f 5673/5465/5480 5667/5453/5469 5599/5454/5470 5598/5466/5481
f 5674/5467/5482 5668/5455/5471 5604/5456/5472 5603/5468/5483
f 5675/5469/5484 5669/5457/5473 5609/5458/5474 5608/5470/5485
f 5676/5471/5486 5670/5459/5475 5614/5460/5440 5613/5472/5487
f 5677/5473/5488 5657/5474/5489 5588/5475/5490 5618/5476/5491
f 5657/5474/5489 5671/5461/5476 5587/5462/5477 5588/5475/5490
f 5678/5477/5492 5672/5463/5478 5593/5464/5479 5592/5478/5493
f 5679/5479/5494 5673/5465/5480 5598/5466/5481 5597/5480/5495
f 5680/5481/5496 5674/5467/5482 5603/5468/5483 5602/5482/5497
f 5681/5483/5498 5675/5469/5484 5608/5470/5485 5607/5484/5499
f 5682/5485/5500 5676/5471/5486 5613/5472/5487 5612/5486/5501
f 5651/5408/5425 5677/5473/5488 5618/5476/5491 5617/5409/5426
f 5652/5428/5445 5678/5477/5492 5592/5478/5493 5591/5429/5446
f 5653/5432/5449 5679/5479/5494 5597/5480/5495 5596/5433/5450
f 5654/5436/5453 5680/5481/5496 5602/5482/5497 5601/5437/5454
f 5655/5440/5457 5681/5483/5498 5607/5484/5499 5606/5441/5458
f 5656/5444/5461 5682/5485/5500 5612/5486/5501 5611/5445/5462
f 5584/5487/5502 5585/5488/5503 5619/5489/5504 5620/5490/5505
f 5558/5491/5506 5559/5492/5507 5621/5493/5508 5622/5494/5509
f 5563/5495/5438 5564/5496/5510 5623/5497/5511 5624/5498/5512
f 5568/5499/5513 5569/5500/5514 5625/5501/5515 5626/5502/5516
f 5573/5503/5517 5574/5504/5518 5627/5505/5519 5628/5506/5520
f 5578/5507/5521 5579/5508/5522 5629/5509/5523 5630/5510/5524
f 5583/5511/5434 5584/5487/5502 5620/5490/5505 5631/5512/5525
f 5557/5513/5526 5558/5491/5506 5622/5494/5509 5632/5514/5527
f 5562/5515/5439 5563/5495/5438 5624/5498/5512 5633/5516/5528
f 5567/5517/5529 5568/5499/5513 5626/5502/5516 5634/5518/5530
f 5572/5519/5531 5573/5503/5517 5628/5506/5520 5635/5520/5532
f 5577/5521/5533 5578/5507/5521 5630/5510/5524 5636/5522/5534
f 5582/5523/5435 5583/5511/5434 5631/5512/5525 5637/5524/5535
f 5555/5525/5536 5557/5513/5526 5632/5514/5527 5638/5526/5537
f 5561/5527/5430 5562/5515/5439 5633/5516/5528 5639/5528/5538
f 5566/5529/5539 5567/5517/5529 5634/5518/5530 5640/5530/5540
f 5571/5531/5541 5572/5519/5531 5635/5520/5532 5641/5532/5542
f 5576/5533/5543 5577/5521/5533 5636/5522/5534 5642/5534/5544
f 5581/5535/5545 5582/5523/5435 5637/5524/5535 5643/5536/5546
f 5586/5537/5547 5556/5538/5548 5644/5539/5549 5645/5540/5550
f 5556/5538/5548 5555/5525/5536 5638/5526/5537 5644/5539/5549
f 5560/5541/5431 5561/5527/5430 5639/5528/5538 5646/5542/5551
f 5565/5543/5552 5566/5529/5539 5640/5530/5540 5647/5544/5553
f 5570/5545/5554 5571/5531/5541 5641/5532/5542 5648/5546/5555
f 5575/5547/5556 5576/5533/5543 5642/5534/5544 5649/5548/5557
f 5580/5549/5558 5581/5535/5545 5643/5536/5546 5650/5550/5559
f 5585/5488/5503 5586/5537/5547 5645/5540/5550 5619/5489/5504
f 5559/5492/5507 5560/5541/5431 5646/5542/5551 5621/5493/5508
f 5564/5496/5510 5565/5543/5552 5647/5544/5553 5623/5497/5511
f 5569/5500/5514 5570/5545/5554 5648/5546/5555 5625/5501/5515
f 5574/5504/5518 5575/5547/5556 5649/5548/5557 5627/5505/5519
f 5579/5508/5522 5580/5549/5558 5650/5550/5559 5629/5509/5523
f 5643/5551/5546 5637/5552/5535 5701/5553/5560 5707/5554/5561
f 5660/5555/5448 5666/5556/5467 5730/5557/5562 5724/5558/5563
f 5677/5559/5488 5651/5560/5425 5715/5561/5564 5741/5562/5565
f 5638/5563/5537 5632/5564/5527 5696/5565/5566 5702/5566/5567
f 5629/5567/5523 5650/5568/5559 5714/5569/5568 5693/5570/5569
f 5654/5571/5453 5661/5572/5452 5725/5573/5570 5718/5574/5571
f 5672/5575/5478 5678/5576/5492 5742/5577/5572 5736/5578/5573
f 5633/5579/5528 5624/5580/5512 5688/5581/5574 5697/5582/5575
f 5619/5583/5504 5645/5584/5550 5709/5585/5576 5683/5586/5577
f 5668/5587/5471 5674/5588/5482 5738/5589/5578 5732/5590/5579
f 5626/5591/5516 5625/5592/5515 5689/5593/5580 5690/5594/5502
f 5646/5595/5551 5639/5596/5538 5703/5597/5581 5710/5598/5582
f 5663/5599/5460 5669/5600/5473 5733/5601/5583 5727/5602/5584
f 5680/5603/5496 5654/5571/5453 5718/5574/5571 5744/5604/5585
f 5641/5605/5542 5635/5606/5532 5699/5607/5586 5705/5608/5587
f 5658/5609/5424 5664/5610/5464 5728/5611/5588 5722/5612/5589
f 5675/5613/5484 5681/5614/5498 5745/5615/5590 5739/5616/5591
f 5636/5617/5534 5630/5618/5524 5694/5619/5592 5700/5620/5593
f 5625/5592/5515 5648/5621/5555 5712/5622/5594 5689/5593/5580
f 5652/5623/5445 5659/5624/5444 5723/5625/5595 5716/5626/5596
f 5657/5627/5489 5677/5559/5488 5741/5562/5565 5721/5628/5597
f 5631/5629/5525 5620/5630/5505 5684/5631/5598 5695/5632/5599
f 5649/5633/5557 5642/5634/5544 5706/5635/5600 5713/5636/5601
f 5666/5637/5467 5672/5575/5478 5736/5578/5573 5730/5638/5562
f 5622/5639/5509 5621/5640/5508 5685/5641/5602 5686/5642/5603
f 5645/5584/5550 5644/5643/5549 5708/5644/5604 5709/5585/5576
f 5661/5572/5452 5667/5645/5469 5731/5646/5605 5725/5573/5570
f 5678/5576/5492 5652/5623/5445 5716/5626/5596 5742/5577/5572
f 5639/5596/5538 5633/5579/5528 5697/5582/5575 5703/5597/5581
f 5655/5647/5457 5662/5648/5456 5726/5649/5606 5719/5650/5607
f 5673/5651/5480 5679/5652/5494 5743/5653/5608 5737/5654/5609
f 5634/5655/5530 5626/5591/5516 5690/5594/5502 5698/5656/5610
f 5684/5657/5598 5683/5658/5577 5715/5659/5564 5722/5660/5589
f 5686/5661/5603 5685/5662/5602 5716/5663/5596 5723/5664/5595
f 5688/5665/5574 5687/5666/5611 5717/5667/5612 5724/5668/5563
f 5690/5669/5502 5689/5670/5580 5718/5671/5571 5725/5672/5570
f 5692/5673/5613 5691/5674/5614 5719/5675/5607 5726/5676/5606
f 5694/5677/5592 5693/5678/5569 5720/5679/5615 5727/5680/5584
f 5695/5681/5599 5684/5657/5598 5722/5660/5589 5728/5682/5588
f 5696/5683/5566 5686/5661/5603 5723/5664/5595 5729/5684/5616
f 5697/5685/5575 5688/5665/5574 5724/5668/5563 5730/5686/5562
f 5698/5687/5610 5690/5669/5502 5725/5672/5570 5731/5688/5605
f 5699/5689/5586 5692/5673/5613 5726/5676/5606 5732/5690/5579
f 5700/5691/5593 5694/5677/5592 5727/5680/5584 5733/5692/5583
f 5701/5693/5560 5695/5681/5599 5728/5682/5588 5734/5694/5617
f 5702/5695/5567 5696/5683/5566 5729/5684/5616 5735/5696/5618
f 5703/5697/5581 5697/5685/5575 5730/5686/5562 5736/5698/5573
f 5704/5699/5619 5698/5687/5610 5731/5688/5605 5737/5700/5609
f 5705/5701/5587 5699/5689/5586 5732/5690/5579 5738/5702/5578
f 5706/5703/5600 5700/5691/5593 5733/5692/5583 5739/5704/5591
f 5707/5705/5561 5701/5693/5560 5734/5694/5617 5740/5706/5620
f 5709/5707/5576 5708/5708/5604 5721/5709/5597 5741/5710/5565
f 5708/5708/5604 5702/5695/5567 5735/5696/5618 5721/5709/5597
f 5710/5711/5582 5703/5697/5581 5736/5698/5573 5742/5712/5572
f 5711/5713/5621 5704/5699/5619 5737/5700/5609 5743/5714/5608
f 5712/5715/5594 5705/5701/5587 5738/5702/5578 5744/5716/5585
f 5713/5717/5601 5706/5703/5600 5739/5704/5591 5745/5718/5590
f 5714/5719/5568 5707/5705/5561 5740/5706/5620 5746/5720/5622
f 5683/5658/5577 5709/5707/5576 5741/5710/5565 5715/5659/5564
f 5685/5662/5602 5710/5711/5582 5742/5712/5572 5716/5663/5596
f 5687/5666/5611 5711/5713/5621 5743/5714/5608 5717/5667/5612
f 5689/5670/5580 5712/5715/5594 5744/5716/5585 5718/5671/5571
f 5691/5674/5614 5713/5717/5601 5745/5718/5590 5719/5675/5607
f 5693/5678/5569 5714/5719/5568 5746/5720/5622 5720/5679/5615
f 5620/5630/5505 5619/5721/5504 5683/5722/5577 5684/5631/5598
f 5682/5723/5500 5656/5724/5461 5720/5725/5615 5746/5726/5622
f 5665/5727/5465 5671/5728/5476 5735/5729/5618 5729/5730/5616
f 5648/5621/5555 5641/5605/5542 5705/5608/5587 5712/5622/5594
f 5630/5618/5524 5629/5567/5523 5693/5570/5569 5694/5619/5592
f 5670/5731/5475 5676/5732/5486 5740/5733/5620 5734/5734/5617
f 5651/5560/5425 5658/5609/5424 5722/5612/5589 5715/5561/5564
f 5623/5735/5511 5647/5736/5553 5711/5737/5621 5687/5738/5611
f 5635/5606/5532 5628/5739/5520 5692/5740/5613 5699/5607/5586
f 5674/5588/5482 5680/5603/5496 5744/5604/5585 5738/5589/5578
f 5656/5724/5461 5663/5599/5460 5727/5602/5584 5720/5725/5615
f 5640/5741/5540 5634/5655/5530 5698/5656/5610 5704/5742/5619
f 5679/5652/5494 5653/5743/5449 5717/5744/5612 5743/5653/5608
f 5662/5648/5456 5668/5587/5471 5732/5590/5579 5726/5649/5606
f 5644/5643/5549 5638/5563/5537 5702/5566/5567 5708/5644/5604
f 5624/5580/5512 5623/5735/5511 5687/5738/5611 5688/5581/5574
f 5667/5645/5469 5673/5651/5480 5737/5654/5609 5731/5646/5605
f 5650/5568/5559 5643/5551/5546 5707/5554/5561 5714/5569/5568
f 5632/5564/5527 5622/5639/5509 5686/5642/5603 5696/5565/5566
f 5671/5728/5476 5657/5627/5489 5721/5628/5597 5735/5729/5618
f 5653/5743/5449 5660/5555/5448 5724/5558/5563 5717/5744/5612
f 5627/5745/5519 5649/5633/5557 5713/5636/5601 5691/5746/5614
f 5637/5552/5535 5631/5629/5525 5695/5632/5599 5701/5553/5560
f 5676/5732/5486 5682/5723/5500 5746/5726/5622 5740/5733/5620
f 5659/5624/5444 5665/5727/5465 5729/5730/5616 5723/5625/5595
f 5642/5634/5544 5636/5617/5534 5700/5620/5593 5706/5635/5600
f 5681/5614/5498 5655/5647/5457 5719/5650/5607 5745/5615/5590
f 5664/5610/5464 5670/5731/5475 5734/5734/5617 5728/5611/5588
f 5647/5736/5553 5640/5741/5540 5704/5742/5619 5711/5737/5621
f 5628/5739/5520 5627/5745/5519 5691/5746/5614 5692/5740/5613
f 5669/5600/5473 5675/5613/5484 5739/5616/5591 5733/5601/5583
f 5621/5640/5508 5646/5595/5551 5710/5598/5582 5685/5641/5602
f 5759/5747/5623 5760/5748/5624 5792/5749/5625 5791/5750/5626
f 5587/5751/5477 5589/5752/5466 5749/5753/5627 5747/5754/5628
f 5593/5755/5479 5594/5756/5468 5754/5757/5629 5753/5758/5630
f 5598/5759/5481 5599/5760/5470 5759/5761/5623 5758/5762/5631
f 5603/5763/5483 5604/5764/5472 5764/5765/5632 5763/5766/5633
f 5608/5767/5485 5609/5768/5474 5769/5769/5634 5768/5770/5635
f 5613/5771/5487 5614/5423/5440 5774/5426/5443 5773/5772/5636
f 5618/5773/5491 5588/5774/5490 5748/5775/5637 5778/5776/5638
f 5588/5774/5490 5587/5751/5477 5747/5754/5628 5748/5775/5637
f 5592/5777/5493 5593/5755/5479 5753/5758/5630 5752/5778/5639
f 5597/5779/5495 5598/5759/5481 5758/5762/5631 5757/5780/5640
f 5602/5781/5497 5603/5763/5483 5763/5766/5633 5762/5782/5641
f 5607/5783/5499 5608/5767/5485 5768/5770/5635 5767/5784/5642
f 5612/5785/5501 5613/5771/5487 5773/5772/5636 5772/5786/5643
f 5617/5787/5426 5618/5773/5491 5778/5776/5638 5777/5788/5644
f 5591/5789/5446 5592/5777/5493 5752/5778/5639 5751/5790/5645
f 5596/5791/5450 5597/5779/5495 5757/5780/5640 5756/5792/5646
f 5601/5793/5454 5602/5781/5497 5762/5782/5641 5761/5794/5647
f 5606/5795/5458 5607/5783/5499 5767/5784/5642 5766/5796/5648
f 5611/5797/5462 5612/5798/5501 5772/5799/5643 5771/5800/5649
f 5616/5801/5427 5617/5787/5426 5777/5788/5644 5776/5802/5650
f 5590/5803/5447 5591/5789/5446 5751/5790/5645 5750/5804/5651
f 5595/5805/5451 5596/5791/5450 5756/5792/5646 5755/5806/5652
f 5600/5807/5455 5601/5793/5454 5761/5794/5647 5760/5808/5624
f 5605/5809/5459 5606/5795/5458 5766/5796/5648 5765/5810/5653
f 5610/5811/5463 5611/5797/5462 5771/5800/5649 5770/5812/5654
f 5615/5424/5441 5616/5801/5427 5776/5802/5650 5775/5425/5442
f 5589/5752/5466 5590/5803/5447 5750/5804/5651 5749/5753/5627
f 5594/5756/5468 5595/5805/5451 5755/5806/5652 5754/5757/5629
f 5599/5760/5470 5600/5807/5455 5760/5808/5624 5759/5761/5623
f 5604/5764/5472 5605/5809/5459 5765/5810/5653 5764/5765/5632
f 5609/5768/5474 5610/5811/5463 5770/5812/5654 5769/5769/5634
f 5788/5813/5655 5789/5814/5656 5821/5815/5657 5820/5816/5658
f 5764/5817/5632 5765/5818/5653 5797/5819/5659 5796/5820/5660
f 5769/5821/5634 5770/5822/5654 5802/5823/5661 5801/5824/5662
f 5774/5825/5443 5775/5826/5442 5807/5827/5663 5806/5828/5664
f 5747/5829/5628 5749/5830/5627 5781/5831/5665 5779/5832/5666
f 5753/5833/5630 5754/5834/5629 5786/5835/5667 5785/5836/5668
f 5758/5837/5631 5759/5747/5623 5791/5750/5626 5790/5838/5669
f 5763/5839/5633 5764/5817/5632 5796/5820/5660 5795/5840/5670
f 5768/5841/5635 5769/5821/5634 5801/5824/5662 5800/5842/5671
f 5773/5843/5636 5774/5825/5443 5806/5828/5664 5805/5844/5672
f 5778/5845/5638 5748/5846/5637 5780/5847/5673 5810/5848/5674
f 5748/5846/5637 5747/5829/5628 5779/5832/5666 5780/5847/5673
f 5752/5849/5639 5753/5833/5630 5785/5836/5668 5784/5850/5675
f 5757/5851/5640 5758/5837/5631 5790/5838/5669 5789/5852/5656
f 5762/5853/5641 5763/5839/5633 5795/5840/5670 5794/5854/5676
f 5767/5855/5642 5768/5841/5635 5800/5842/5671 5799/5856/5677
f 5772/5857/5643 5773/5843/5636 5805/5844/5672 5804/5858/5678
f 5777/5859/5644 5778/5845/5638 5810/5848/5674 5809/5860/5679
f 5751/5861/5645 5752/5849/5639 5784/5850/5675 5783/5862/5680
f 5756/5863/5646 5757/5851/5640 5789/5852/5656 5788/5864/5655
f 5761/5865/5647 5762/5853/5641 5794/5854/5676 5793/5866/5681
f 5766/5867/5648 5767/5855/5642 5799/5856/5677 5798/5868/5682
f 5771/5869/5649 5772/5857/5643 5804/5858/5678 5803/5870/5683
f 5776/5871/5650 5777/5859/5644 5809/5860/5679 5808/5872/5684
f 5750/5873/5651 5751/5861/5645 5783/5862/5680 5782/5874/5685
f 5755/5875/5652 5756/5863/5646 5788/5864/5655 5787/5876/5686
f 5760/5748/5624 5761/5865/5647 5793/5866/5681 5792/5749/5625
f 5765/5818/5653 5766/5867/5648 5798/5868/5682 5797/5819/5659
f 5770/5822/5654 5771/5869/5649 5803/5870/5683 5802/5823/5661
f 5775/5826/5442 5776/5871/5650 5808/5872/5684 5807/5827/5663
f 5749/5830/5627 5750/5873/5651 5782/5874/5685 5781/5831/5665
f 5754/5834/5629 5755/5875/5652 5787/5876/5686 5786/5835/5667
f 5842/5877/5687 5812/5878/5688 5811/5879/5689 5813/5880/5690 5814/5881/5691 5815/5882/5692 5816/5883/5693 5817/5884/5694 5818/5885/5695 5819/5886/5696 5820/5887/5658 5821/5888/5657 5822/5889/5697 5823/5890/5698 5824/5891/5699 5825/5892/5700 5826/5893/5701 5827/5894/5702 5828/5895/5703 5829/5896/5704 5830/5897/5705 5831/5898/5706 5832/5899/5707 5833/5900/5708 5834/5901/5709 5835/5902/5710 5836/5903/5711 5837/5904/5712 5838/5905/5713 5839/5906/5714 5840/5907/5715 5841/5908/5716
f 5793/5909/5681 5794/5910/5676 5826/5911/5701 5825/5912/5700
f 5798/5913/5682 5799/5914/5677 5831/5915/5706 5830/5916/5705
f 5803/5917/5683 5804/5918/5678 5836/5919/5711 5835/5920/5710
f 5808/5921/5684 5809/5922/5679 5841/5923/5716 5840/5924/5715
f 5782/5925/5685 5783/5926/5680 5815/5927/5692 5814/5928/5691
f 5787/5929/5686 5788/5813/5655 5820/5816/5658 5819/5930/5696
f 5792/5931/5625 5793/5909/5681 5825/5912/5700 5824/5932/5699
f 5797/5933/5659 5798/5913/5682 5830/5916/5705 5829/5934/5704
f 5802/5935/5661 5803/5917/5683 5835/5920/5710 5834/5936/5709
f 5807/5937/5663 5808/5921/5684 5840/5924/5715 5839/5938/5714
f 5781/5939/5665 5782/5925/5685 5814/5928/5691 5813/5940/5690
f 5786/5941/5667 5787/5942/5686 5819/5943/5696 5818/5944/5695
f 5791/5945/5626 5792/5931/5625 5824/5932/5699 5823/5946/5698
f 5796/5947/5660 5797/5933/5659 5829/5934/5704 5828/5948/5703
f 5801/5949/5662 5802/5935/5661 5834/5936/5709 5833/5950/5708
f 5806/5951/5664 5807/5937/5663 5839/5938/5714 5838/5952/5713
f 5779/5953/5666 5781/5939/5665 5813/5940/5690 5811/5954/5689
f 5785/5955/5668 5786/5941/5667 5818/5944/5695 5817/5956/5694
f 5790/5957/5669 5791/5945/5626 5823/5946/5698 5822/5958/5697
f 5795/5959/5670 5796/5947/5660 5828/5948/5703 5827/5960/5702
f 5800/5961/5671 5801/5949/5662 5833/5950/5708 5832/5962/5707
f 5805/5963/5672 5806/5951/5664 5838/5952/5713 5837/5964/5712
f 5810/5965/5674 5780/5966/5673 5812/5967/5688 5842/5968/5687
f 5780/5966/5673 5779/5953/5666 5811/5954/5689 5812/5967/5688
f 5784/5969/5675 5785/5955/5668 5817/5956/5694 5816/5970/5693
f 5789/5814/5656 5790/5957/5669 5822/5958/5697 5821/5815/5657
f 5794/5910/5676 5795/5959/5670 5827/5960/5702 5826/5911/5701
f 5799/5914/5677 5800/5961/5671 5832/5962/5707 5831/5915/5706
f 5804/5918/5678 5805/5963/5672 5837/5964/5712 5836/5919/5711
f 5809/5922/5679 5810/5965/5674 5842/5968/5687 5841/5923/5716
f 5783/5926/5680 5784/5969/5675 5816/5970/5693 5815/5927/5692
f 2364/2699/2757 2363/2698/2752 2378/5971/2773 5542/5972/5428
f 5542/5972/5428 2378/5971/2773 2392/5973/2792 5543/5974/5429
f 5543/5974/5429 2392/5973/2792 2406/5975/2798 5544/5976/5436
f 5544/5976/5436 2406/5975/2798 2420/5977/2816 5545/5978/5437
f 5545/5978/5437 2420/5977/2816 2434/5979/2833 2435/5980/5717
f 2435/5980/5717 2434/5979/2833 2449/5981/2839 5546/5982/5718
f 5546/5982/5718 2449/5981/2839 2463/2815/2857 2464/2814/2863
f 2479/2817/2865 2478/2816/2864 2493/5983/2883 5547/5984/5719
f 5547/5984/5719 2493/5983/2883 2507/2868/2902 2508/2867/2911
f 2523/2870/2913 2522/2869/2912 2537/5985/2929 5548/5986/5720
f 5548/5986/5720 2537/5985/2929 2551/5987/2947 2552/5988/5721
f 2552/5988/5721 2551/5987/2947 2566/5989/2952 5549/5990/5722
f 5549/5990/5722 2566/5989/2952 2580/2957/2971 2581/2956/2993
f 2611/2968/3001 2610/2967/2996 2625/5991/3016 5550/5992/5723
f 5550/5992/5723 2625/5991/3016 2639/3016/3035 2640/3015/3044
f 2655/3018/3045 2654/3017/3041 2669/5993/3061 5551/5994/5724
f 5551/5994/5724 2669/5993/3061 2683/5995/3079 2684/5996/5725
f 2684/5996/5725 2683/5995/3079 2698/5997/3085 5552/5998/5432
f 5552/5998/5432 2698/5997/3085 2712/5999/3103 5553/6000/5433
f 5553/6000/5433 2712/5999/3103 2727/6001/3121 2728/6002/5726
f 2728/6002/5726 2727/6001/3121 2742/6003/3127 5554/6004/5727
f 5554/6004/5727 2742/6003/3127 2756/3134/3145 2757/3133/3151
f 5548/6005/5720 2552/6006/5721 5572/6007/5531 5571/6008/5541
f 4591/4631/4648 4484/6009/5728 4592/4605/4622 4593/4604/4621
f 4591/4631/4648 4639/4632/4649 4651/4657/4674 4484/6009/5728
f 4484/6009/5728 4665/4658/4675 4645/4638/4655 4592/4605/4622
f 4651/4657/4674 4664/4656/4673 4665/4658/4675 4484/6009/5728
f 5265/5297/5314 4977/6010/5729 5266/5262/5279 5267/5299/5316
f 4977/6010/5729 5283/5319/5336 5272/5263/5280 5266/5262/5279
f 5265/5297/5314 5261/5254/5271 5291/5281/5298 4977/6010/5729
f 5291/5281/5298 5290/5280/5297 5283/5319/5336 4977/6010/5729
f 5551/6011/5724 2684/6012/5725 5581/6013/5545 5580/6014/5558
f 2334/6015/2731 2349/6016/2750 5558/6017/5506 5557/6018/5526
f 2464/6019/2863 2479/6020/2865 5567/6021/5529 5566/6022/5539
f 2596/6023/2994 2611/6024/3001 5576/6025/5543 5575/6026/5556
f 2728/6027/5726 5554/6028/5727 5585/6029/5503 5584/6030/5502
f 2435/6031/5717 5546/6032/5718 5565/6033/5552 5564/6034/5510
f 2523/6035/2913 5548/6005/5720 5571/6008/5541 5570/6036/5554
f 2655/6037/3045 5551/6011/5724 5580/6014/5558 5579/6038/5522
f 2364/6039/2757 5542/5411/5428 5560/5414/5431 5559/6040/5507
f 2319/6041/2720 2334/6015/2731 5557/6018/5526 5555/6042/5536
f 5546/6032/5718 2464/6019/2863 5566/6022/5539 5565/6033/5552
f 2581/6043/2993 2596/6023/2994 5575/6026/5556 5574/6044/5518
f 5553/5416/5433 2728/6027/5726 5584/6030/5502 5583/5417/5434
f 5545/5420/5437 2435/6031/5717 5564/6034/5510 5563/5421/5438
f 2508/6045/2911 2523/6035/2913 5570/6036/5554 5569/6046/5514
f 2640/6047/3044 2655/6037/3045 5579/6038/5522 5578/6048/5521
f 2349/6016/2750 2364/6049/2757 5559/6050/5507 5558/6017/5506
f 2304/6051/2719 2319/6041/2720 5555/6042/5536 5556/6052/5548
f 5549/6053/5722 2581/6043/2993 5574/6044/5518 5573/6054/5517
f 5547/6055/5719 2508/6045/2911 5569/6046/5514 5568/6056/5513
f 5550/6057/5723 2640/6047/3044 5578/6048/5521 5577/6058/5533
f 2552/6006/5721 5549/6053/5722 5573/6054/5517 5572/6007/5531
f 2684/6012/5725 5552/5415/5432 5582/5418/5435 5581/6013/5545
f 2757/6059/3151 2304/6051/2719 5556/6052/5548 5586/6060/5547
f 2479/6020/2865 5547/6055/5719 5568/6056/5513 5567/6021/5529
f 2611/6024/3001 5550/6057/5723 5577/6058/5533 5576/6025/5543
f 5554/6028/5727 2757/6059/3151 5586/6060/5547 5585/6029/5503
f 5851/6061/5730 5850/6062/2692 5865/6063/2693 5866/6064/5731
f 5845/6065/2695 5844/6066/2696 5859/6067/5732 5860/6068/2698
f 5852/6069/5733 5851/6061/5730 5866/6064/5731 5867/6070/2700
f 5846/6071/5734 5845/6065/2695 5860/6068/2698 5861/6072/5735
f 5853/6073/5736 5852/6069/5733 5867/6070/2700 5868/6074/5737
f 5847/6075/2705 5846/6071/5734 5861/6072/5735 5862/6076/5738
f 5854/6077/2707 5853/6073/5736 5868/6074/5737 5869/6078/5739
f 5848/6079/5740 5847/6075/2705 5862/6076/5738 5863/6080/2710
f 5855/6081/2711 5854/6077/2707 5869/6078/5739 5870/6082/2712
f 5849/6083/2713 5848/6079/5740 5863/6080/2710 5864/6084/2714
f 5856/6085/2715 5855/6081/2711 5870/6082/2712 5871/6086/2716
f 5850/6087/2692 5849/6083/2713 5864/6084/2714 5865/6088/2693
f 5844/6066/2696 5843/6089/2717 5858/6090/2718 5859/6067/5732
f 5857/6091/5741 5856/6092/2715 5871/6093/2716 5872/6094/2720
f 5869/6078/5739 5868/6074/5737 5883/6095/2721 5884/6096/2722
f 5863/6080/2710 5862/6076/5738 5877/6097/5742 5878/6098/2724
f 5870/6082/2712 5869/6078/5739 5884/6096/2722 5885/6099/2725
f 5864/6084/2714 5863/6080/2710 5878/6098/2724 5879/6100/5743
f 5871/6086/2716 5870/6082/2712 5885/6099/2725 5886/6101/2727
f 5865/6088/2693 5864/6084/2714 5879/6100/5743 5880/6102/5744
f 5859/6067/5732 5858/6090/2718 5873/6103/5745 5874/6104/2730
f 5872/6094/2720 5871/6093/2716 5886/6105/2727 5887/6106/2731
f 5866/6064/5731 5865/6063/2693 5880/6107/5744 5881/6108/5746
f 5860/6068/2698 5859/6067/5732 5874/6104/2730 5875/6109/5747
f 5867/6070/2700 5866/6064/5731 5881/6108/5746 5882/6110/5748
f 5861/6072/5735 5860/6068/2698 5875/6109/5747 5876/6111/2735
f 5868/6074/5737 5867/6070/2700 5882/6110/5748 5883/6095/2721
f 5862/6076/5738 5861/6072/5735 5876/6111/2735 5877/6097/5742
f 5882/6110/5748 5881/6108/5746 5896/6112/5749 5897/6113/2737
f 5876/6111/2735 5875/6109/5747 5890/6114/5750 5891/6115/5751
f 5883/6095/2721 5882/6110/5748 5897/6113/2737 5898/6116/2740
f 5877/6097/5742 5876/6111/2735 5891/6115/5751 5892/6117/5752
f 5884/6096/2722 5883/6095/2721 5898/6116/2740 5899/6118/2742
f 5878/6098/2724 5877/6097/5742 5892/6117/5752 5893/6119/2743
f 5885/6099/2725 5884/6096/2722 5899/6118/2742 5900/6120/2744
f 5879/6100/5743 5878/6098/2724 5893/6119/2743 5894/6121/2745
f 5886/6101/2727 5885/6099/2725 5900/6120/2744 5901/6122/2746
f 5880/6102/5744 5879/6100/5743 5894/6121/2745 5895/6123/2747
f 5874/6104/2730 5873/6103/5745 5888/6124/5753 5889/6125/5754
f 5887/6106/2731 5886/6105/2727 5901/6126/2746 5902/6127/2750
f 5881/6108/5746 5880/6107/5744 5895/6128/2747 5896/6112/5749
f 5875/6109/5747 5874/6104/2730 5889/6125/5754 5890/6114/5750
f 5901/6122/2746 5900/6120/2744 5915/6129/2751 5916/6130/5755
f 5895/6123/2747 5894/6121/2745 5909/6131/5756 5910/6132/5757
f 5889/6125/5754 5888/6124/5753 5903/6133/2755 5904/6134/2756
f 5902/6127/2750 5901/6126/2746 5916/6135/5755 5917/6136/5758
f 5896/6112/5749 5895/6128/2747 5910/6137/5757 5911/6138/5759
f 5890/6114/5750 5889/6125/5754 5904/6134/2756 5905/6139/2759
f 5897/6113/2737 5896/6112/5749 5911/6138/5759 5912/6140/5760
f 5891/6115/5751 5890/6114/5750 5905/6139/2759 5906/6141/5761
f 5898/6116/2740 5897/6113/2737 5912/6140/5760 5913/6142/5762
f 5892/6117/5752 5891/6115/5751 5906/6141/5761 5907/6143/5763
f 5899/6118/2742 5898/6116/2740 5913/6142/5762 5914/6144/2764
f 5893/6119/2743 5892/6117/5752 5907/6143/5763 5908/6145/5764
f 5900/6120/2744 5899/6118/2742 5914/6144/2764 5915/6129/2751
f 5894/6121/2745 5893/6119/2743 5908/6145/5764 5909/6131/5756
f 5907/6143/5763 5906/6141/5761 5921/6146/5765 5922/6147/2767
f 5914/6144/2764 5913/6142/5762 5928/6148/2768 5929/6149/2769
f 5908/6145/5764 5907/6143/5763 5922/6147/2767 5923/6150/5766
f 5915/6129/2751 5914/6144/2764 5929/6149/2769 5930/6151/5767
f 5909/6131/5756 5908/6145/5764 5923/6150/5766 5924/6152/5768
f 5916/6130/5755 5915/6129/2751 5930/6151/5767 5931/6153/5769
f 5910/6132/5757 5909/6131/5756 5924/6152/5768 5925/6154/5770
f 5904/6134/2756 5903/6133/2755 5918/6155/2775 5919/6156/5771
f 5911/6138/5759 5910/6137/5757 5925/6157/5770 5926/6158/5772
f 5905/6139/2759 5904/6134/2756 5919/6156/5771 5920/6159/5773
f 5912/6140/5760 5911/6138/5759 5926/6158/5772 5927/6160/5774
f 5906/6141/5761 5905/6139/2759 5920/6159/5773 5921/6146/5765
f 5913/6142/5762 5912/6140/5760 5927/6160/5774 5928/6148/2768
f 5926/6158/5772 5925/6157/5770 5939/6161/2780 5940/6162/5775
f 5920/6159/5773 5919/6156/5771 5933/6163/2782 5934/6164/5776
f 5927/6160/5774 5926/6158/5772 5940/6162/5775 5941/6165/5777
f 5921/6146/5765 5920/6159/5773 5934/6164/5776 5935/6166/5778
f 5928/6148/2768 5927/6160/5774 5941/6165/5777 5942/6167/2786
f 5922/6147/2767 5921/6146/5765 5935/6166/5778 5936/6168/5779
f 5929/6149/2769 5928/6148/2768 5942/6167/2786 5943/6169/5780
f 5923/6150/5766 5922/6147/2767 5936/6168/5779 5937/6170/5781
f 5930/6151/5767 5929/6149/2769 5943/6169/5780 5944/6171/5782
f 5924/6152/5768 5923/6150/5766 5937/6170/5781 5938/6172/5783
f 5931/6153/5769 5930/6151/5767 5944/6171/5782 5945/6173/5784
f 5925/6154/5770 5924/6152/5768 5938/6172/5783 5939/6174/2780
f 5919/6156/5771 5918/6155/2775 5932/6175/5785 5933/6163/2782
f 5944/6171/5782 5943/6169/5780 5957/6176/5786 5958/6177/2795
f 5938/6172/5783 5937/6170/5781 5951/6178/2796 5952/6179/2797
f 5945/6173/5784 5944/6171/5782 5958/6177/2795 5959/6180/5787
f 5939/6174/2780 5938/6172/5783 5952/6179/2797 5953/6181/2799
f 5933/6163/2782 5932/6175/5785 5946/6182/2800 5947/6183/5788
f 5940/6162/5775 5939/6161/2780 5953/6184/2799 5954/6185/2802
f 5934/6164/5776 5933/6163/2782 5947/6183/5788 5948/6186/2803
f 5941/6165/5777 5940/6162/5775 5954/6185/2802 5955/6187/5789
f 5935/6166/5778 5934/6164/5776 5948/6186/2803 5949/6188/5790
f 5942/6167/2786 5941/6165/5777 5955/6187/5789 5956/6189/2806
f 5936/6168/5779 5935/6166/5778 5949/6188/5790 5950/6190/5791
f 5943/6169/5780 5942/6167/2786 5956/6189/2806 5957/6176/5786
f 5937/6170/5781 5936/6168/5779 5950/6190/5791 5951/6178/2796
f 5956/6189/2806 5955/6187/5789 5969/6191/5792 5970/6192/2809
f 5950/6190/5791 5949/6188/5790 5963/6193/5793 5964/6194/5794
f 5957/6176/5786 5956/6189/2806 5970/6192/2809 5971/6195/5795
f 5951/6178/2796 5950/6190/5791 5964/6194/5794 5965/6196/5796
f 5958/6177/2795 5957/6176/5786 5971/6195/5795 5972/6197/2814
f 5952/6179/2797 5951/6178/2796 5965/6196/5796 5966/6198/2815
f 5959/6180/5787 5958/6177/2795 5972/6197/2814 5973/6199/5797
f 5953/6181/2799 5952/6179/2797 5966/6198/2815 5967/6200/1716
f 5947/6183/5788 5946/6182/2800 5960/6201/2817 5961/6202/2818
f 5954/6185/2802 5953/6184/2799 5967/6203/1716 5968/6204/2819
f 5948/6186/2803 5947/6183/5788 5961/6202/2818 5962/6205/2820
f 5955/6187/5789 5954/6185/2802 5968/6204/2819 5969/6191/5792
f 5949/6188/5790 5948/6186/2803 5962/6205/2820 5963/6193/5793
f 5968/6204/2819 5967/6203/1716 5981/6206/2821 5982/6207/2822
f 5962/6205/2820 5961/6202/2818 5975/6208/5798 5976/6209/2824
f 5969/6191/5792 5968/6204/2819 5982/6207/2822 5983/6210/5799
f 5963/6193/5793 5962/6205/2820 5976/6209/2824 5977/6211/5800
f 5970/6192/2809 5969/6191/5792 5983/6210/5799 5984/6212/5801
f 5964/6194/5794 5963/6193/5793 5977/6211/5800 5978/6213/5802
f 5971/6195/5795 5970/6192/2809 5984/6212/5801 5985/6214/5803
f 5965/6196/5796 5964/6194/5794 5978/6213/5802 5979/6215/2830
f 5972/6197/2814 5971/6195/5795 5985/6214/5803 5986/6216/5804
f 5966/6198/2815 5965/6196/5796 5979/6215/2830 5980/6217/2832
f 5973/6199/5797 5972/6197/2814 5986/6216/5804 5987/6218/5805
f 5967/6200/1716 5966/6198/2815 5980/6217/2832 5981/6219/2821
f 5961/6202/2818 5960/6201/2817 5974/6220/5806 5975/6208/5798
f 5986/6216/5804 5985/6214/5803 6000/6221/5807 6001/6222/5808
f 5980/6217/2832 5979/6215/2830 5994/6223/5809 5995/6224/5810
f 5987/6218/5805 5986/6216/5804 6001/6222/5808 6002/6225/5811
f 5981/6219/2821 5980/6217/2832 5995/6224/5810 5996/6226/2840
f 5975/6208/5798 5974/6220/5806 5989/6227/5812 5990/6228/5813
f 5982/6207/2822 5981/6206/2821 5996/6229/2840 5997/6230/5814
f 5976/6209/2824 5975/6208/5798 5990/6228/5813 5991/6231/2844
f 5983/6210/5799 5982/6207/2822 5997/6230/5814 5998/6232/5815
f 5977/6211/5800 5976/6209/2824 5991/6231/2844 5992/6233/5816
f 5984/6212/5801 5983/6210/5799 5998/6232/5815 5999/6234/2847
f 5978/6213/5802 5977/6211/5800 5992/6233/5816 5993/6235/2848
f 5985/6214/5803 5984/6212/5801 5999/6234/2847 6000/6221/5807
f 5979/6215/2830 5978/6213/5802 5993/6235/2848 5994/6223/5809
f 5999/6234/2847 5998/6232/5815 6012/6236/5817 6013/6237/2850
f 5993/6235/2848 5992/6233/5816 6006/6238/2851 6007/6239/2852
f 6000/6221/5807 5999/6234/2847 6013/6237/2850 6014/6240/5818
f 5994/6223/5809 5993/6235/2848 6007/6239/2852 6008/6241/5819
f 6001/6222/5808 6000/6221/5807 6014/6240/5818 6015/6242/5820
f 5995/6224/5810 5994/6223/5809 6008/6241/5819 6009/6243/5821
f 6002/6225/5811 6001/6222/5808 6015/6242/5820 6016/6244/5822
f 5996/6226/2840 5995/6224/5810 6009/6243/5821 6010/6245/2858
f 5990/6228/5813 5989/6227/5812 6003/6246/5823 6004/6247/5824
f 5997/6230/5814 5996/6229/2840 6010/6248/2858 6011/6249/5825
f 5991/6231/2844 5990/6228/5813 6004/6247/5824 6005/6250/5826
f 5998/6232/5815 5997/6230/5814 6011/6249/5825 6012/6236/5817
f 5992/6233/5816 5991/6231/2844 6005/6250/5826 6006/6238/2851
f 6017/6251/5827 6016/6252/5822 6031/6253/2864 6032/6254/5828
f 6011/6249/5825 6010/6248/2858 6025/6255/5829 6026/6256/5830
f 6005/6250/5826 6004/6247/5824 6019/6257/5831 6020/6258/2869
f 6012/6236/5817 6011/6249/5825 6026/6256/5830 6027/6259/5832
f 6006/6238/2851 6005/6250/5826 6020/6258/2869 6021/6260/5833
f 6013/6237/2850 6012/6236/5817 6027/6259/5832 6028/6261/5834
f 6007/6239/2852 6006/6238/2851 6021/6260/5833 6022/6262/5835
f 6014/6240/5818 6013/6237/2850 6028/6261/5834 6029/6263/2874
f 6008/6241/5819 6007/6239/2852 6022/6262/5835 6023/6264/2875
f 6015/6242/5820 6014/6240/5818 6029/6263/2874 6030/6265/5836
f 6009/6243/5821 6008/6241/5819 6023/6264/2875 6024/6266/5837
f 6016/6244/5822 6015/6242/5820 6030/6265/5836 6031/6267/2864
f 6010/6245/2858 6009/6243/5821 6024/6266/5837 6025/6268/5829
f 6004/6247/5824 6003/6246/5823 6018/6269/5838 6019/6257/5831
f 6030/6265/5836 6029/6263/2874 6044/6270/2879 6045/6271/2880
f 6024/6266/5837 6023/6264/2875 6038/6272/2881 6039/6273/2882
f 6031/6267/2864 6030/6265/5836 6045/6271/2880 6046/6274/2883
f 6025/6268/5829 6024/6266/5837 6039/6273/2882 6040/6275/5839
f 6019/6257/5831 6018/6269/5838 6033/6276/2885 6034/6277/2886
f 6026/6256/5830 6025/6255/5829 6040/6278/5839 6041/6279/5840
f 6020/6258/2869 6019/6257/5831 6034/6277/2886 6035/6280/2888
f 6027/6259/5832 6026/6256/5830 6041/6279/5840 6042/6281/2889
f 6021/6260/5833 6020/6258/2869 6035/6280/2888 6036/6282/2890
f 6028/6261/5834 6027/6259/5832 6042/6281/2889 6043/6283/5841
f 6022/6262/5835 6021/6260/5833 6036/6282/2890 6037/6284/5842
f 6029/6263/2874 6028/6261/5834 6043/6283/5841 6044/6270/2879
f 6023/6264/2875 6022/6262/5835 6037/6284/5842 6038/6272/2881
f 6036/6282/2890 6035/6280/2888 6049/6285/5843 6050/6286/2894
f 6043/6283/5841 6042/6281/2889 6056/6287/2895 6057/6288/5844
f 6037/6284/5842 6036/6282/2890 6050/6286/2894 6051/6289/5845
f 6044/6270/2879 6043/6283/5841 6057/6288/5844 6058/6290/2898
f 6038/6272/2881 6037/6284/5842 6051/6289/5845 6052/6291/2899
f 6045/6271/2880 6044/6270/2879 6058/6290/2898 6059/6292/2900
f 6039/6273/2882 6038/6272/2881 6052/6291/2899 6053/6293/5846
f 6046/6274/2883 6045/6271/2880 6059/6292/2900 6060/6294/2902
f 6040/6275/5839 6039/6273/2882 6053/6293/5846 6054/6295/2903
f 6034/6277/2886 6033/6276/2885 6047/6296/2904 6048/6297/5847
f 6041/6279/5840 6040/6278/5839 6054/6298/2903 6055/6299/2906
f 6035/6280/2888 6034/6277/2886 6048/6297/5847 6049/6285/5843
f 6042/6281/2889 6041/6279/5840 6055/6299/2906 6056/6287/2895
f 6054/6295/2903 6053/6293/5846 6068/6300/2907 6069/6301/2908
f 6048/6297/5847 6047/6296/2904 6062/6302/2909 6063/6303/2910
f 6061/6304/5848 6060/6305/2902 6075/6306/2912 6076/6307/5849
f 6055/6299/2906 6054/6298/2903 6069/6308/2908 6070/6309/2914
f 6049/6285/5843 6048/6297/5847 6063/6303/2910 6064/6310/5850
f 6056/6287/2895 6055/6299/2906 6070/6309/2914 6071/6311/5851
f 6050/6286/2894 6049/6285/5843 6064/6310/5850 6065/6312/5852
f 6057/6288/5844 6056/6287/2895 6071/6311/5851 6072/6313/2918
f 6051/6289/5845 6050/6286/2894 6065/6312/5852 6066/6314/5853
f 6058/6290/2898 6057/6288/5844 6072/6313/2918 6073/6315/5854
f 6052/6291/2899 6051/6289/5845 6066/6314/5853 6067/6316/2921
f 6059/6292/2900 6058/6290/2898 6073/6315/5854 6074/6317/5855
f 6053/6293/5846 6052/6291/2899 6067/6316/2921 6068/6300/2907
f 6060/6294/2902 6059/6292/2900 6074/6317/5855 6075/6318/2912
f 6073/6315/5854 6072/6313/2918 6087/6319/2923 6088/6320/2924
f 6067/6316/2921 6066/6314/5853 6081/6321/5856 6082/6322/2926
f 6074/6317/5855 6073/6315/5854 6088/6320/2924 6089/6323/5857
f 6068/6300/2907 6067/6316/2921 6082/6322/2926 6083/6324/2928
f 6075/6318/2912 6074/6317/5855 6089/6323/5857 6090/6325/2929
f 6069/6301/2908 6068/6300/2907 6083/6324/2928 6084/6326/2930
f 6063/6303/2910 6062/6302/2909 6077/6327/2931 6078/6328/2932
f 6070/6309/2914 6069/6308/2908 6084/6329/2930 6085/6330/2933
f 6064/6310/5850 6063/6303/2910 6078/6328/2932 6079/6331/2934
f 6071/6311/5851 6070/6309/2914 6085/6330/2933 6086/6332/2935
f 6065/6312/5852 6064/6310/5850 6079/6331/2934 6080/6333/5858
f 6072/6313/2918 6071/6311/5851 6086/6332/2935 6087/6319/2923
f 6066/6314/5853 6065/6312/5852 6080/6333/5858 6081/6321/5856
f 6086/6332/2935 6085/6330/2933 6099/6334/2937 6100/6335/5859
f 6080/6333/5858 6079/6331/2934 6093/6336/5860 6094/6337/5861
f 6087/6319/2923 6086/6332/2935 6100/6335/5859 6101/6338/2941
f 6081/6321/5856 6080/6333/5858 6094/6337/5861 6095/6339/5862
f 6088/6320/2924 6087/6319/2923 6101/6338/2941 6102/6340/5863
f 6082/6322/2926 6081/6321/5856 6095/6339/5862 6096/6341/2944
f 6089/6323/5857 6088/6320/2924 6102/6340/5863 6103/6342/5864
f 6083/6324/2928 6082/6322/2926 6096/6341/2944 6097/6343/2946
f 6090/6325/2929 6089/6323/5857 6103/6342/5864 6104/6344/5865
f 6084/6326/2930 6083/6324/2928 6097/6343/2946 6098/6345/2948
f 6078/6328/2932 6077/6327/2931 6091/6346/5866 6092/6347/5867
f 6085/6330/2933 6084/6329/2930 6098/6348/2948 6099/6334/2937
f 6079/6331/2934 6078/6328/2932 6092/6347/5867 6093/6336/5860
f 6104/6344/5865 6103/6342/5864 6118/6349/2951 6119/6350/5868
f 6098/6345/2948 6097/6343/2946 6112/6351/5869 6113/6352/2954
f 6092/6347/5867 6091/6346/5866 6106/6353/5870 6107/6354/5871
f 6099/6334/2937 6098/6348/2948 6113/6355/2954 6114/6356/2957
f 6093/6336/5860 6092/6347/5867 6107/6354/5871 6108/6357/2958
f 6100/6335/5859 6099/6334/2937 6114/6356/2957 6115/6358/2959
f 6094/6337/5861 6093/6336/5860 6108/6357/2958 6109/6359/2960
f 6101/6338/2941 6100/6335/5859 6115/6358/2959 6116/6360/2961
f 6095/6339/5862 6094/6337/5861 6109/6359/2960 6110/6361/5872
f 6102/6340/5863 6101/6338/2941 6116/6360/2961 6117/6362/2963
f 6096/6341/2944 6095/6339/5862 6110/6361/5872 6111/6363/5873
f 6103/6342/5864 6102/6340/5863 6117/6362/2963 6118/6349/2951
f 6097/6343/2946 6096/6341/2944 6111/6363/5873 6112/6351/5869
f 6117/6362/2963 6116/6360/2961 6130/6364/5874 6131/6365/5875
f 6111/6363/5873 6110/6361/5872 6124/6366/5876 6125/6367/5877
f 6118/6349/2951 6117/6362/2963 6131/6365/5875 6132/6368/5878
f 6112/6351/5869 6111/6363/5873 6125/6367/5877 6126/6369/5879
f 6119/6350/5868 6118/6349/2951 6132/6368/5878 6133/6370/5880
f 6113/6352/2954 6112/6351/5869 6126/6369/5879 6127/6371/2972
f 6107/6354/5871 6106/6353/5870 6120/6372/2973 6121/6373/5881
f 6114/6356/2957 6113/6355/2954 6127/6374/2972 6128/6375/2975
f 6108/6357/2958 6107/6354/5871 6121/6373/5881 6122/6376/2976
f 6115/6358/2959 6114/6356/2957 6128/6375/2975 6129/6377/5882
f 6109/6359/2960 6108/6357/2958 6122/6376/2976 6123/6378/5883
f 6116/6360/2961 6115/6358/2959 6129/6377/5882 6130/6364/5874
f 6110/6361/5872 6109/6359/2960 6123/6378/5883 6124/6366/5876
f 6129/6377/5882 6128/6375/2975 6143/6379/5884 6144/6380/2980
f 6123/6378/5883 6122/6376/2976 6137/6381/5885 6138/6382/5886
f 6130/6364/5874 6129/6377/5882 6144/6380/2980 6145/6383/2983
f 6124/6366/5876 6123/6378/5883 6138/6382/5886 6139/6384/2984
f 6131/6365/5875 6130/6364/5874 6145/6383/2983 6146/6385/2985
f 6125/6367/5877 6124/6366/5876 6139/6384/2984 6140/6386/5887
f 6132/6368/5878 6131/6365/5875 6146/6385/2985 6147/6387/5888
f 6126/6369/5879 6125/6367/5877 6140/6386/5887 6141/6388/5889
f 6133/6370/5880 6132/6368/5878 6147/6387/5888 6148/6389/5890
f 6127/6371/2972 6126/6369/5879 6141/6388/5889 6142/6390/2990
f 6121/6373/5881 6120/6372/2973 6135/6391/5891 6136/6392/5892
f 6134/6393/5893 6133/6394/5880 6148/6395/5890 6149/6396/5894
f 6128/6375/2975 6127/6374/2972 6142/6397/2990 6143/6379/5884
f 6122/6376/2976 6121/6373/5881 6136/6392/5892 6137/6381/5885
f 6148/6389/5890 6147/6387/5888 6162/6398/5895 6163/6399/5896
f 6142/6390/2990 6141/6388/5889 6156/6400/5897 6157/6401/2998
f 6136/6392/5892 6135/6391/5891 6150/6402/5898 6151/6403/3000
f 6149/6396/5894 6148/6395/5890 6163/6404/5896 6164/6405/5899
f 6143/6379/5884 6142/6397/2990 6157/6406/2998 6158/6407/5900
f 6137/6381/5885 6136/6392/5892 6151/6403/3000 6152/6408/3003
f 6144/6380/2980 6143/6379/5884 6158/6407/5900 6159/6409/5901
f 6138/6382/5886 6137/6381/5885 6152/6408/3003 6153/6410/5902
f 6145/6383/2983 6144/6380/2980 6159/6409/5901 6160/6411/3006
f 6139/6384/2984 6138/6382/5886 6153/6410/5902 6154/6412/3007
f 6146/6385/2985 6145/6383/2983 6160/6411/3006 6161/6413/3008
f 6140/6386/5887 6139/6384/2984 6154/6412/3007 6155/6414/5903
f 6147/6387/5888 6146/6385/2985 6161/6413/3008 6162/6398/5895
f 6141/6388/5889 6140/6386/5887 6155/6414/5903 6156/6400/5897
f 6161/6413/3008 6160/6411/3006 6175/6415/5904 6176/6416/3011
f 6155/6414/5903 6154/6412/3007 6169/6417/5905 6170/6418/5906
f 6162/6398/5895 6161/6413/3008 6176/6416/3011 6177/6419/5907
f 6156/6400/5897 6155/6414/5903 6170/6418/5906 6171/6420/5908
f 6163/6399/5896 6162/6398/5895 6177/6419/5907 6178/6421/5909
f 6157/6401/2998 6156/6400/5897 6171/6420/5908 6172/6422/3017
f 6151/6403/3000 6150/6402/5898 6165/6423/5910 6166/6424/5911
f 6158/6407/5900 6157/6406/2998 6172/6425/3017 6173/6426/3020
f 6152/6408/3003 6151/6403/3000 6166/6424/5911 6167/6427/5912
f 6159/6409/5901 6158/6407/5900 6173/6426/3020 6174/6428/5913
f 6153/6410/5902 6152/6408/3003 6167/6427/5912 6168/6429/3023
f 6160/6411/3006 6159/6409/5901 6174/6428/5913 6175/6415/5904
f 6154/6412/3007 6153/6410/5902 6168/6429/3023 6169/6417/5905
f 6167/6427/5912 6166/6424/5911 6180/6430/5914 6181/6431/5915
f 6174/6428/5913 6173/6426/3020 6187/6432/3026 6188/6433/5916
f 6168/6429/3023 6167/6427/5912 6181/6431/5915 6182/6434/5917
f 6175/6415/5904 6174/6428/5913 6188/6433/5916 6189/6435/5918
f 6169/6417/5905 6168/6429/3023 6182/6434/5917 6183/6436/5919
f 6176/6416/3011 6175/6415/5904 6189/6435/5918 6190/6437/5920
f 6170/6418/5906 6169/6417/5905 6183/6436/5919 6184/6438/5921
f 6177/6419/5907 6176/6416/3011 6190/6437/5920 6191/6439/5922
f 6171/6420/5908 6170/6418/5906 6184/6438/5921 6185/6440/3034
f 6178/6421/5909 6177/6419/5907 6191/6439/5922 6192/6441/5923
f 6172/6422/3017 6171/6420/5908 6185/6440/3034 6186/6442/5924
f 6166/6424/5911 6165/6423/5910 6179/6443/5925 6180/6430/5914
f 6173/6426/3020 6172/6425/3017 6186/6444/5924 6187/6432/3026
f 6185/6440/3034 6184/6438/5921 6199/6445/5926 6200/6446/5927
f 6192/6441/5923 6191/6439/5922 6206/6447/5928 6207/6448/3041
f 6186/6442/5924 6185/6440/3034 6200/6446/5927 6201/6449/1732
f 6180/6430/5914 6179/6443/5925 6194/6450/5929 6195/6451/5930
f 6193/6452/5931 6192/6453/5923 6207/6454/3041 6208/6455/5932
f 6187/6432/3026 6186/6444/5924 6201/6456/1732 6202/6457/5933
f 6181/6431/5915 6180/6430/5914 6195/6451/5930 6196/6458/5934
f 6188/6433/5916 6187/6432/3026 6202/6457/5933 6203/6459/5935
f 6182/6434/5917 6181/6431/5915 6196/6458/5934 6197/6460/5936
f 6189/6435/5918 6188/6433/5916 6203/6459/5935 6204/6461/3050
f 6183/6436/5919 6182/6434/5917 6197/6460/5936 6198/6462/5937
f 6190/6437/5920 6189/6435/5918 6204/6461/3050 6205/6463/3052
f 6184/6438/5921 6183/6436/5919 6198/6462/5937 6199/6445/5926
f 6191/6439/5922 6190/6437/5920 6205/6463/3052 6206/6447/5928
f 6204/6461/3050 6203/6459/5935 6218/6464/5938 6219/6465/5939
f 6198/6462/5937 6197/6460/5936 6212/6466/5940 6213/6467/5941
f 6205/6463/3052 6204/6461/3050 6219/6465/5939 6220/6468/5942
f 6199/6445/5926 6198/6462/5937 6213/6467/5941 6214/6469/5943
f 6206/6447/5928 6205/6463/3052 6220/6468/5942 6221/6470/5944
f 6200/6446/5927 6199/6445/5926 6214/6469/5943 6215/6471/3060
f 6207/6448/3041 6206/6447/5928 6221/6470/5944 6222/6472/5945
f 6201/6449/1732 6200/6446/5927 6215/6471/3060 6216/6473/5946
f 6195/6451/5930 6194/6450/5929 6209/6474/3063 6210/6475/5947
f 6202/6457/5933 6201/6456/1732 6216/6476/5946 6217/6477/3065
f 6196/6458/5934 6195/6451/5930 6210/6475/5947 6211/6478/5948
f 6203/6459/5935 6202/6457/5933 6217/6477/3065 6218/6464/5938
f 6197/6460/5936 6196/6458/5934 6211/6478/5948 6212/6466/5940
f 6217/6477/3065 6216/6476/5946 6230/6479/3067 6231/6480/5949
f 6211/6478/5948 6210/6475/5947 6224/6481/5950 6225/6482/5951
f 6218/6464/5938 6217/6477/3065 6231/6480/5949 6232/6483/5952
f 6212/6466/5940 6211/6478/5948 6225/6482/5951 6226/6484/3072
f 6219/6465/5939 6218/6464/5938 6232/6483/5952 6233/6485/5953
f 6213/6467/5941 6212/6466/5940 6226/6484/3072 6227/6486/5954
f 6220/6468/5942 6219/6465/5939 6233/6485/5953 6234/6487/3075
f 6214/6469/5943 6213/6467/5941 6227/6486/5954 6228/6488/5955
f 6221/6470/5944 6220/6468/5942 6234/6487/3075 6235/6489/5956
f 6215/6471/3060 6214/6469/5943 6228/6488/5955 6229/6490/5957
f 6222/6472/5945 6221/6470/5944 6235/6489/5956 6236/6491/5958
f 6216/6473/5946 6215/6471/3060 6229/6490/5957 6230/6492/3067
f 6210/6475/5947 6209/6474/3063 6223/6493/5959 6224/6481/5950
f 6235/6489/5956 6234/6487/3075 6249/6494/3081 6250/6495/5960
f 6229/6490/5957 6228/6488/5955 6243/6496/5961 6244/6497/5962
f 6236/6491/5958 6235/6489/5956 6250/6495/5960 6251/6498/5963
f 6230/6492/3067 6229/6490/5957 6244/6497/5962 6245/6499/5964
f 6224/6481/5950 6223/6493/5959 6238/6500/5965 6239/6501/3088
f 6231/6480/5949 6230/6479/3067 6245/6502/5964 6246/6503/5966
f 6225/6482/5951 6224/6481/5950 6239/6501/3088 6240/6504/3090
f 6232/6483/5952 6231/6480/5949 6246/6503/5966 6247/6505/5967
f 6226/6484/3072 6225/6482/5951 6240/6504/3090 6241/6506/5968
f 6233/6485/5953 6232/6483/5952 6247/6505/5967 6248/6507/5969
f 6227/6486/5954 6226/6484/3072 6241/6506/5968 6242/6508/5970
f 6234/6487/3075 6233/6485/5953 6248/6507/5969 6249/6494/3081
f 6228/6488/5955 6227/6486/5954 6242/6508/5970 6243/6496/5961
f 6248/6507/5969 6247/6505/5967 6261/6509/3095 6262/6510/5971
f 6242/6508/5970 6241/6506/5968 6255/6511/5972 6256/6512/3098
f 6249/6494/3081 6248/6507/5969 6262/6510/5971 6263/6513/3099
f 6243/6496/5961 6242/6508/5970 6256/6512/3098 6257/6514/3100
f 6250/6495/5960 6249/6494/3081 6263/6513/3099 6264/6515/5973
f 6244/6497/5962 6243/6496/5961 6257/6514/3100 6258/6516/5974
f 6251/6498/5963 6250/6495/5960 6264/6515/5973 6265/6517/5975
f 6245/6499/5964 6244/6497/5962 6258/6516/5974 6259/6518/3104
f 6239/6501/3088 6238/6500/5965 6252/6519/3105 6253/6520/5976
f 6246/6503/5966 6245/6502/5964 6259/6521/3104 6260/6522/5977
f 6240/6504/3090 6239/6501/3088 6253/6520/5976 6254/6523/5978
f 6247/6505/5967 6246/6503/5966 6260/6522/5977 6261/6509/3095
f 6241/6506/5968 6240/6504/3090 6254/6523/5978 6255/6511/5972
f 6260/6522/5977 6259/6521/3104 6274/6524/5979 6275/6525/5980
f 6254/6523/5978 6253/6520/5976 6268/6526/5981 6269/6527/5982
f 6261/6509/3095 6260/6522/5977 6275/6525/5980 6276/6528/3113
f 6255/6511/5972 6254/6523/5978 6269/6527/5982 6270/6529/5983
f 6262/6510/5971 6261/6509/3095 6276/6528/3113 6277/6530/5984
f 6256/6512/3098 6255/6511/5972 6270/6529/5983 6271/6531/5985
f 6263/6513/3099 6262/6510/5971 6277/6530/5984 6278/6532/3117
f 6257/6514/3100 6256/6512/3098 6271/6531/5985 6272/6533/5986
f 6264/6515/5973 6263/6513/3099 6278/6532/3117 6279/6534/3119
f 6258/6516/5974 6257/6514/3100 6272/6533/5986 6273/6535/5987
f 6265/6517/5975 6264/6515/5973 6279/6534/3119 6280/6536/5988
f 6259/6518/3104 6258/6516/5974 6273/6535/5987 6274/6537/5979
f 6253/6520/5976 6252/6519/3105 6267/6538/5989 6268/6526/5981
f 6279/6534/3119 6278/6532/3117 6293/6539/3123 6294/6540/3124
f 6273/6535/5987 6272/6533/5986 6287/6541/3125 6288/6542/5990
f 6280/6536/5988 6279/6534/3119 6294/6540/3124 6295/6543/5991
f 6274/6537/5979 6273/6535/5987 6288/6542/5990 6289/6544/5992
f 6268/6526/5981 6267/6538/5989 6282/6545/3129 6283/6546/5993
f 6275/6525/5980 6274/6524/5979 6289/6547/5992 6290/6548/5994
f 6269/6527/5982 6268/6526/5981 6283/6546/5993 6284/6549/3132
f 6276/6528/3113 6275/6525/5980 6290/6548/5994 6291/6550/5995
f 6270/6529/5983 6269/6527/5982 6284/6549/3132 6285/6551/3134
f 6277/6530/5984 6276/6528/3113 6291/6550/5995 6292/6552/3135
f 6271/6531/5985 6270/6529/5983 6285/6551/3134 6286/6553/5996
f 6278/6532/3117 6277/6530/5984 6292/6552/3135 6293/6539/3123
f 6272/6533/5986 6271/6531/5985 6286/6553/5996 6287/6541/3125
f 6292/6552/3135 6291/6550/5995 6305/6554/5997 6306/6555/5998
f 6286/6553/5996 6285/6551/3134 6299/6556/5999 6300/6557/6000
f 6293/6539/3123 6292/6552/3135 6306/6555/5998 6307/6558/6001
f 6287/6541/3125 6286/6553/5996 6300/6557/6000 6301/6559/6002
f 6294/6540/3124 6293/6539/3123 6307/6558/6001 6308/6560/6003
f 6288/6542/5990 6287/6541/3125 6301/6559/6002 6302/6561/3144
f 6295/6543/5991 6294/6540/3124 6308/6560/6003 6309/6562/6004
f 6289/6544/5992 6288/6542/5990 6302/6561/3144 6303/6563/3146
f 6283/6546/5993 6282/6545/3129 6296/6564/6005 6297/6565/6006
f 6290/6548/5994 6289/6547/5992 6303/6566/3146 6304/6567/6007
f 6284/6549/3132 6283/6546/5993 6297/6565/6006 6298/6568/3150
f 6291/6550/5995 6290/6548/5994 6304/6567/6007 6305/6554/5997
f 6285/6551/3134 6284/6549/3132 6298/6568/3150 6299/6556/5999
f 5843/6089/2717 6266/6569/1781 5858/6090/2718
f 5858/6090/2718 6266/6569/1781 5873/6103/5745
f 5873/6103/5745 6266/6569/1781 5888/6124/5753
f 5888/6124/5753 6266/6569/1781 5903/6133/2755
f 5903/6133/2755 6266/6569/1781 5918/6155/2775
f 5918/6155/2775 6266/6569/1781 5932/6175/5785
f 5932/6175/5785 6266/6569/1781 5946/6182/2800
f 5946/6182/2800 6266/6569/1781 5960/6201/2817
f 5960/6201/2817 6266/6569/1781 5974/6220/5806
f 5974/6220/5806 6266/6569/1781 5989/6227/5812
f 5989/6227/5812 6266/6569/1781 6003/6246/5823
f 6003/6246/5823 6266/6569/1781 6018/6269/5838
f 6018/6269/5838 6266/6569/1781 6033/6276/2885
f 6033/6276/2885 6266/6569/1781 6047/6296/2904
f 6047/6296/2904 6266/6569/1781 6062/6302/2909
f 6062/6302/2909 6266/6569/1781 6077/6327/2931
f 6077/6327/2931 6266/6569/1781 6091/6346/5866
f 6091/6346/5866 6266/6569/1781 6106/6353/5870
f 6106/6353/5870 6266/6569/1781 6120/6372/2973
f 6120/6372/2973 6266/6569/1781 6135/6391/5891
f 6135/6391/5891 6266/6569/1781 6150/6402/5898
f 6150/6402/5898 6266/6569/1781 6165/6423/5910
f 6165/6423/5910 6266/6569/1781 6179/6443/5925
f 6179/6443/5925 6266/6569/1781 6194/6450/5929
f 6194/6450/5929 6266/6569/1781 6209/6474/3063
f 6209/6474/3063 6266/6569/1781 6223/6493/5959
f 6223/6493/5959 6266/6569/1781 6238/6500/5965
f 6238/6500/5965 6266/6569/1781 6252/6519/3105
f 6252/6519/3105 6266/6569/1781 6267/6538/5989
f 6267/6538/5989 6266/6569/1781 6282/6545/3129
f 6282/6545/3129 6266/6569/1781 6296/6564/6005
f 6297/6565/6006 6296/6564/6005 5843/6089/2717 5844/6066/2696
f 6310/6570/6008 6309/6571/6004 5856/6092/2715 5857/6091/5741
f 6304/6567/6007 6303/6566/3146 5850/6062/2692 5851/6061/5730
f 6298/6568/3150 6297/6565/6006 5844/6066/2696 5845/6065/2695
f 6305/6554/5997 6304/6567/6007 5851/6061/5730 5852/6069/5733
f 6299/6556/5999 6298/6568/3150 5845/6065/2695 5846/6071/5734
f 6306/6555/5998 6305/6554/5997 5852/6069/5733 5853/6073/5736
f 6300/6557/6000 6299/6556/5999 5846/6071/5734 5847/6075/2705
f 6307/6558/6001 6306/6555/5998 5853/6073/5736 5854/6077/2707
f 6301/6559/6002 6300/6557/6000 5847/6075/2705 5848/6079/5740
f 6308/6560/6003 6307/6558/6001 5854/6077/2707 5855/6081/2711
f 6302/6561/3144 6301/6559/6002 5848/6079/5740 5849/6083/2713
f 6296/6564/6005 6266/6569/1781 5843/6089/2717
f 6309/6562/6004 6308/6560/6003 5855/6081/2711 5856/6085/2715
f 6303/6563/3146 6302/6561/3144 5849/6083/2713 5850/6087/2692
f 6427/6572/6009 6420/6573/6010 6386/6574/6011 6385/6575/6012
f 6311/6576/6013 6312/6577/6014 6330/6578/6015 6329/6579/6016
f 6321/6580/6017 6322/6581/6018 6352/6582/6019 6351/6583/6020
f 6313/6584/6021 6314/6585/6022 6332/6586/5438 6331/6587/5439
f 6312/6577/6014 6313/6584/6021 6331/6587/5439 6330/6578/6015
f 6383/6588/6023 6384/6589/5441 6544/6590/6024 6543/6591/6025
f 6428/6592/6026 6421/6593/6027 6360/6594/6028 6359/6595/6029
f 6429/6596/6030 6422/6597/6031 6365/6598/5450 6364/6599/5451
f 6430/6600/6032 6423/6601/6033 6370/6602/6034 6369/6603/6035
f 6431/6604/6036 6424/6605/5457 6375/6606/6037 6374/6607/6038
f 6432/6608/6039 6425/6609/6040 6380/6610/5462 6379/6611/6041
f 6433/6612/6042 6427/6572/6009 6385/6575/6012 6384/6613/5441
f 6434/6614/6043 6428/6592/6026 6359/6595/6029 6358/6615/6044
f 6435/6616/6045 6429/6596/6030 6364/6599/5451 6363/6617/6046
f 6436/6618/6047 6430/6600/6032 6369/6603/6035 6368/6619/6048
f 6437/6620/6049 6431/6604/6036 6374/6607/6038 6373/6621/6050
f 6438/6622/6051 6432/6608/6039 6379/6611/6041 6378/6623/6052
f 6439/6624/6053 6433/6612/6042 6384/6613/5441 6383/6625/6023
f 6440/6626/6054 6434/6614/6043 6358/6615/6044 6356/6627/6055
f 6441/6628/6056 6435/6616/6045 6363/6617/6046 6362/6629/6057
f 6442/6630/6058 6436/6618/6047 6368/6619/6048 6367/6631/6059
f 6443/6632/5482 6437/6620/6049 6373/6621/6050 6372/6633/6060
f 6444/6634/5484 6438/6622/6051 6378/6623/6052 6377/6635/6061
f 6445/6636/6062 6439/6624/6053 6383/6625/6023 6382/6637/6063
f 6446/6638/6064 6426/6639/5489 6357/6640/6065 6387/6641/6066
f 6426/6639/5489 6440/6626/6054 6356/6627/6055 6357/6640/6065
f 6447/6642/6067 6441/6628/6056 6362/6629/6057 6361/6643/6068
f 6448/6644/6069 6442/6630/6058 6367/6631/6059 6366/6645/6070
f 6449/6646/6071 6443/6632/5482 6372/6633/6060 6371/6647/6072
f 6450/6648/6073 6444/6634/5484 6377/6635/6061 6376/6649/6074
f 6451/6650/6075 6445/6636/6062 6382/6637/6063 6381/6651/6076
f 6420/6573/6010 6446/6638/6064 6387/6641/6066 6386/6574/6011
f 6421/6593/6027 6447/6642/6067 6361/6643/6068 6360/6594/6028
f 6422/6597/6031 6448/6644/6069 6366/6645/6070 6365/6598/5450
f 6423/6601/6033 6449/6646/6071 6371/6647/6072 6370/6602/6034
f 6424/6605/5457 6450/6648/6073 6376/6649/6074 6375/6606/6037
f 6425/6609/6040 6451/6650/6075 6381/6651/6076 6380/6610/5462
f 6353/6652/6077 6354/6653/6078 6388/6654/6079 6389/6655/6080
f 6327/6656/5506 6328/6657/6081 6390/6658/6082 6391/6659/6083
f 6332/6660/5438 6333/6661/5510 6392/6662/5511 6393/6663/5512
f 6337/6664/5513 6338/6665/5514 6394/6666/6084 6395/6667/6085
f 6342/6668/6086 6343/6669/6087 6396/6670/6088 6397/6671/6089
f 6347/6672/5521 6348/6673/5522 6398/6674/6090 6399/6675/6091
f 6352/6676/6019 6353/6652/6077 6389/6655/6080 6400/6677/6092
f 6326/6678/6093 6327/6656/5506 6391/6659/6083 6401/6679/6094
f 6331/6680/5439 6332/6660/5438 6393/6663/5512 6402/6681/5528
f 6336/6682/5529 6337/6664/5513 6395/6667/6085 6403/6683/6095
f 6341/6684/6096 6342/6668/6086 6397/6671/6089 6404/6685/6097
f 6346/6686/5533 6347/6672/5521 6399/6675/6091 6405/6687/6098
f 6351/6688/6020 6352/6676/6019 6400/6677/6092 6406/6689/6099
f 6324/6690/5536 6326/6678/6093 6401/6679/6094 6407/6691/6100
f 6330/6692/6015 6331/6680/5439 6402/6681/5528 6408/6693/5538
f 6335/6694/6101 6336/6682/5529 6403/6683/6095 6409/6695/5540
f 6340/6696/6102 6341/6684/6096 6404/6685/6097 6410/6697/5542
f 6345/6698/5543 6346/6686/5533 6405/6687/6098 6411/6699/6103
f 6350/6700/6104 6351/6688/6020 6406/6689/6099 6412/6701/6105
f 6355/6702/6106 6325/6703/5548 6413/6704/5549 6414/6705/6107
f 6325/6703/5548 6324/6690/5536 6407/6691/6100 6413/6704/5549
f 6329/6706/6016 6330/6692/6015 6408/6693/5538 6415/6707/5551
f 6334/6708/6108 6335/6694/6101 6409/6695/5540 6416/6709/5553
f 6339/6710/5554 6340/6696/6102 6410/6697/5542 6417/6711/5555
f 6344/6712/5556 6345/6698/5543 6411/6699/6103 6418/6713/6109
f 6349/6714/5558 6350/6700/6104 6412/6701/6105 6419/6715/6110
f 6354/6653/6078 6355/6702/6106 6414/6705/6107 6388/6654/6079
f 6328/6657/6081 6329/6706/6016 6415/6707/5551 6390/6658/6082
f 6333/6661/5510 6334/6708/6108 6416/6709/5553 6392/6662/5511
f 6338/6665/5514 6339/6710/5554 6417/6711/5555 6394/6666/6084
f 6343/6669/6087 6344/6712/5556 6418/6713/6109 6396/6670/6088
f 6348/6673/5522 6349/6714/5558 6419/6715/6110 6398/6674/6090
f 6412/6716/6105 6406/6717/6099 6470/6718/6111 6476/6719/6112
f 6429/6720/6030 6435/6721/6045 6499/6722/6113 6493/6723/6114
f 6446/6724/6064 6420/6725/6010 6484/6726/6115 6510/6727/6116
f 6407/6728/6100 6401/6729/6094 6465/6730/6117 6471/6731/6118
f 6398/6732/6090 6419/6733/6110 6483/6734/6119 6462/6735/6120
f 6423/6736/6033 6430/6737/6032 6494/6738/6121 6487/6739/6122
f 6441/6740/6056 6447/6741/6067 6511/6742/6123 6505/6743/6124
f 6402/6744/5528 6393/6745/5512 6457/6746/5574 6466/6747/5575
f 6388/6748/6079 6414/6749/6107 6478/6750/6125 6452/6751/6126
f 6437/6752/6049 6443/6753/5482 6507/6754/5578 6501/6755/6127
f 6395/6756/6085 6394/6757/6084 6458/6758/6128 6459/6759/6129
f 6415/6760/5551 6408/6761/5538 6472/6762/5581 6479/6763/5582
f 6432/6764/6039 6438/6765/6051 6502/6766/6130 6496/6767/6131
f 6449/6768/6071 6423/6736/6033 6487/6739/6122 6513/6769/6132
f 6410/6770/5542 6404/6771/6097 6468/6772/6133 6474/6773/5587
f 6427/6774/6009 6433/6775/6042 6497/6776/6134 6491/6777/6135
f 6444/6778/5484 6450/6779/6073 6514/6780/6136 6508/6781/6137
f 6405/6782/6098 6399/6783/6091 6463/6784/6138 6469/6785/6139
f 6394/6757/6084 6417/6786/5555 6481/6787/5594 6458/6758/6128
f 6421/6788/6027 6428/6789/6026 6492/6790/6140 6485/6791/6141
f 6426/6792/5489 6446/6724/6064 6510/6727/6116 6490/6793/5597
f 6400/6794/6092 6389/6795/6080 6453/6796/6142 6464/6797/6143
f 6418/6798/6109 6411/6799/6103 6475/6800/6144 6482/6801/6145
f 6435/6721/6045 6441/6740/6056 6505/6743/6124 6499/6722/6113
f 6391/6802/6083 6390/6803/6082 6454/6804/6146 6455/6805/6147
f 6414/6749/6107 6413/6806/5549 6477/6807/5604 6478/6750/6125
f 6430/6737/6032 6436/6808/6047 6500/6809/6148 6494/6738/6121
f 6447/6741/6067 6421/6788/6027 6485/6791/6141 6511/6742/6123
f 6408/6761/5538 6402/6744/5528 6466/6747/5575 6472/6762/5581
f 6424/6810/5457 6431/6811/6036 6495/6812/6149 6488/6813/6150
f 6442/6814/6058 6448/6815/6069 6512/6816/6151 6506/6817/6152
f 6403/6818/6095 6395/6756/6085 6459/6759/6129 6467/6819/6153
f 6453/6820/6142 6452/6821/6126 6484/6822/6115 6491/6823/6135
f 6455/6824/6147 6454/6825/6146 6485/6826/6141 6492/6827/6140
f 6457/6828/5574 6456/6829/5611 6486/6830/6154 6493/6831/6114
f 6459/6832/6129 6458/6833/6128 6487/6834/6122 6494/6835/6121
f 6461/6836/5690 6460/6837/6155 6488/6838/6150 6495/6839/6149
f 6463/6840/6138 6462/6841/6120 6489/6842/6156 6496/6843/6131
f 6464/6844/6143 6453/6820/6142 6491/6823/6135 6497/6845/6134
f 6465/6846/6117 6455/6824/6147 6492/6827/6140 6498/6847/6157
f 6466/6848/5575 6457/6828/5574 6493/6831/6114 6499/6849/6113
f 6467/6850/6153 6459/6832/6129 6494/6835/6121 6500/6851/6148
f 6468/6852/6133 6461/6836/5690 6495/6839/6149 6501/6853/6127
f 6469/6854/6139 6463/6840/6138 6496/6843/6131 6502/6855/6130
f 6470/6856/6111 6464/6844/6143 6497/6845/6134 6503/6857/6158
f 6471/6858/6118 6465/6846/6117 6498/6847/6157 6504/6859/6159
f 6472/6860/5581 6466/6848/5575 6499/6849/6113 6505/6861/6124
f 6473/6862/5619 6467/6850/6153 6500/6851/6148 6506/6863/6152
f 6474/6864/5587 6468/6852/6133 6501/6853/6127 6507/6865/5578
f 6475/6866/6144 6469/6854/6139 6502/6855/6130 6508/6867/6137
f 6476/6868/6112 6470/6856/6111 6503/6857/6158 6509/6869/6160
f 6478/6870/6125 6477/6871/5604 6490/6872/5597 6510/6873/6116
f 6477/6871/5604 6471/6858/6118 6504/6859/6159 6490/6872/5597
f 6479/6874/5582 6472/6860/5581 6505/6861/6124 6511/6875/6123
f 6480/6876/5621 6473/6862/5619 6506/6863/6152 6512/6877/6151
f 6481/6878/5594 6474/6864/5587 6507/6865/5578 6513/6879/6132
f 6482/6880/6145 6475/6866/6144 6508/6867/6137 6514/6881/6136
f 6483/6882/6119 6476/6868/6112 6509/6869/6160 6515/6883/6161
f 6452/6821/6126 6478/6870/6125 6510/6873/6116 6484/6822/6115
f 6454/6825/6146 6479/6874/5582 6511/6875/6123 6485/6826/6141
f 6456/6829/5611 6480/6876/5621 6512/6877/6151 6486/6830/6154
f 6458/6833/6128 6481/6878/5594 6513/6879/6132 6487/6834/6122
f 6460/6837/6155 6482/6880/6145 6514/6881/6136 6488/6838/6150
f 6462/6841/6120 6483/6882/6119 6515/6883/6161 6489/6842/6156
f 6389/6884/6080 6388/6748/6079 6452/6751/6126 6453/6885/6142
f 6451/6886/6075 6425/6887/6040 6489/6888/6156 6515/6889/6161
f 6434/6890/6043 6440/6891/6054 6504/6892/6159 6498/6893/6157
f 6417/6786/5555 6410/6770/5542 6474/6773/5587 6481/6787/5594
f 6399/6783/6091 6398/6732/6090 6462/6735/6120 6463/6784/6138
f 6439/6894/6053 6445/6895/6062 6509/6896/6160 6503/6897/6158
f 6420/6725/6010 6427/6774/6009 6491/6777/6135 6484/6726/6115
f 6392/6898/5511 6416/6899/5553 6480/6900/5621 6456/6901/5611
f 6404/6771/6097 6397/6902/6089 6461/6903/5690 6468/6772/6133
f 6443/6753/5482 6449/6768/6071 6513/6769/6132 6507/6754/5578
f 6425/6887/6040 6432/6764/6039 6496/6767/6131 6489/6888/6156
f 6409/6904/5540 6403/6818/6095 6467/6819/6153 6473/6905/5619
f 6448/6815/6069 6422/6906/6031 6486/6907/6154 6512/6816/6151
f 6431/6811/6036 6437/6752/6049 6501/6755/6127 6495/6812/6149
f 6413/6806/5549 6407/6728/6100 6471/6731/6118 6477/6807/5604
f 6393/6745/5512 6392/6898/5511 6456/6901/5611 6457/6746/5574
f 6436/6808/6047 6442/6814/6058 6506/6817/6152 6500/6809/6148
f 6419/6733/6110 6412/6716/6105 6476/6719/6112 6483/6734/6119
f 6401/6729/6094 6391/6802/6083 6455/6805/6147 6465/6730/6117
f 6440/6891/6054 6426/6792/5489 6490/6793/5597 6504/6892/6159
f 6422/6906/6031 6429/6908/6030 6493/6909/6114 6486/6907/6154
f 6396/6910/6088 6418/6798/6109 6482/6801/6145 6460/6911/6155
f 6406/6717/6099 6400/6794/6092 6464/6797/6143 6470/6718/6111
f 6445/6895/6062 6451/6886/6075 6515/6889/6161 6509/6896/6160
f 6428/6789/6026 6434/6890/6043 6498/6893/6157 6492/6790/6140
f 6411/6799/6103 6405/6782/6098 6469/6785/6139 6475/6800/6144
f 6450/6779/6073 6424/6810/5457 6488/6813/6150 6514/6780/6136
f 6433/6775/6042 6439/6894/6053 6503/6897/6158 6497/6776/6134
f 6416/6899/5553 6409/6904/5540 6473/6905/5619 6480/6900/5621
f 6397/6902/6089 6396/6910/6088 6460/6911/6155 6461/6903/5690
f 6438/6765/6051 6444/6778/5484 6508/6781/6137 6502/6766/6130
f 6390/6803/6082 6415/6760/5551 6479/6763/5582 6454/6804/6146
f 6528/6912/6162 6529/6913/6163 6561/6914/6164 6560/6915/6165
f 6356/6916/6055 6358/6917/6044 6518/6918/6166 6516/6919/6167
f 6362/6920/6057 6363/6921/6046 6523/6922/6168 6522/6923/6169
f 6367/6924/6059 6368/6925/6048 6528/6926/6162 6527/6927/6170
f 6372/6928/6060 6373/6929/6050 6533/6930/6171 6532/6931/6172
f 6377/6932/6061 6378/6933/6052 6538/6934/6173 6537/6935/6174
f 6382/6936/6063 6383/6588/6023 6543/6591/6025 6542/6937/6175
f 6387/6938/6066 6357/6939/6065 6517/6940/6176 6547/6941/6177
f 6357/6939/6065 6356/6916/6055 6516/6919/6167 6517/6940/6176
f 6361/6942/6068 6362/6920/6057 6522/6923/6169 6521/6943/6178
f 6366/6944/6070 6367/6924/6059 6527/6927/6170 6526/6945/6179
f 6371/6946/6072 6372/6928/6060 6532/6931/6172 6531/6947/6180
f 6376/6948/6074 6377/6932/6061 6537/6935/6174 6536/6949/6181
f 6381/6950/6076 6382/6936/6063 6542/6937/6175 6541/6951/6182
f 6386/6952/6011 6387/6938/6066 6547/6941/6177 6546/6953/6183
f 6360/6954/6028 6361/6942/6068 6521/6943/6178 6520/6955/6184
f 6365/6956/5450 6366/6944/6070 6526/6945/6179 6525/6957/6185
f 6370/6958/6034 6371/6946/6072 6531/6947/6180 6530/6959/6186
f 6375/6960/6037 6376/6948/6074 6536/6949/6181 6535/6961/6187
f 6380/6962/5462 6381/6950/6076 6541/6951/6182 6540/6963/6188
f 6385/6964/6012 6386/6952/6011 6546/6953/6183 6545/6965/6189
f 6359/6966/6029 6360/6954/6028 6520/6955/6184 6519/6967/6190
f 6364/6968/5451 6365/6956/5450 6525/6957/6185 6524/6969/6191
f 6369/6970/6035 6370/6958/6034 6530/6959/6186 6529/6971/6163
f 6374/6972/6038 6375/6960/6037 6535/6961/6187 6534/6973/6192
f 6379/6974/6041 6380/6975/5462 6540/6976/6188 6539/6977/5654
f 6384/6589/5441 6385/6964/6012 6545/6965/6189 6544/6590/6024
f 6358/6917/6044 6359/6966/6029 6519/6967/6190 6518/6918/6166
f 6363/6921/6046 6364/6968/5451 6524/6969/6191 6523/6922/6168
f 6368/6925/6048 6369/6970/6035 6529/6971/6163 6528/6926/6162
f 6373/6929/6050 6374/6972/6038 6534/6973/6192 6533/6930/6171
f 6378/6933/6052 6379/6974/6041 6539/6977/5654 6538/6934/6173
f 6557/6978/6193 6558/6979/5656 6590/6980/6194 6589/6981/6195
f 6533/6982/6171 6534/6983/6192 6566/6984/6196 6565/6985/6197
f 6538/6986/6173 6539/6987/5654 6571/6988/6198 6570/6989/6199
f 6543/6990/6025 6544/6991/6024 6576/6992/6200 6575/6993/6201
f 6516/6994/6167 6518/6995/6166 6550/6996/6202 6548/6997/6203
f 6522/6998/6169 6523/6999/6168 6555/7000/6204 6554/7001/6205
f 6527/7002/6170 6528/6912/6162 6560/6915/6165 6559/7003/5669
f 6532/7004/6172 6533/6982/6171 6565/6985/6197 6564/7005/6206
f 6537/7006/6174 6538/6986/6173 6570/6989/6199 6569/7007/5671
f 6542/7008/6175 6543/6990/6025 6575/6993/6201 6574/7009/6207
f 6547/7010/6177 6517/7011/6176 6549/7012/6208 6579/7013/6209
f 6517/7011/6176 6516/6994/6167 6548/6997/6203 6549/7012/6208
f 6521/7014/6178 6522/6998/6169 6554/7001/6205 6553/7015/6210
f 6526/7016/6179 6527/7002/6170 6559/7003/5669 6558/7017/5656
f 6531/7018/6180 6532/7004/6172 6564/7005/6206 6563/7019/6211
f 6536/7020/6181 6537/7006/6174 6569/7007/5671 6568/7021/6212
f 6541/7022/6182 6542/7008/6175 6574/7009/6207 6573/7023/6213
f 6546/7024/6183 6547/7010/6177 6579/7013/6209 6578/7025/6214
f 6520/7026/6184 6521/7014/6178 6553/7015/6210 6552/7027/6215
f 6525/7028/6185 6526/7016/6179 6558/7017/5656 6557/7029/6193
f 6530/7030/6186 6531/7018/6180 6563/7019/6211 6562/7031/6216
f 6535/7032/6187 6536/7020/6181 6568/7021/6212 6567/7033/6217
f 6540/7034/6188 6541/7022/6182 6573/7023/6213 6572/7035/5683
f 6545/7036/6189 6546/7024/6183 6578/7025/6214 6577/7037/6218
f 6519/7038/6190 6520/7026/6184 6552/7027/6215 6551/7039/6219
f 6524/7040/6191 6525/7028/6185 6557/7029/6193 6556/7041/5686
f 6529/6913/6163 6530/7030/6186 6562/7031/6216 6561/6914/6164
f 6534/6983/6192 6535/7032/6187 6567/7033/6217 6566/6984/6196
f 6539/6987/5654 6540/7034/6188 6572/7035/5683 6571/6988/6198
f 6544/6991/6024 6545/7036/6189 6577/7037/6218 6576/6992/6200
f 6518/6995/6166 6519/7038/6190 6551/7039/6219 6550/6996/6202
f 6523/6999/6168 6524/7040/6191 6556/7041/5686 6555/7000/6204
f 6611/7042/6220 6581/7043/6221 6580/7044/6222 6582/7045/6223 6583/7046/6224 6584/7047/6225 6585/7048/6226 6586/7049/6227 6587/7050/5439 6588/7051/6228 6589/7052/6195 6590/7053/6194 6591/7054/5539 6592/7055/6229 6593/7056/6230 6594/7057/6231 6595/7058/6232 6596/7059/5702 6597/7060/6233 6598/7061/6234 6599/7062/6235 6600/7063/6236 6601/7064/6237 6602/7065/6238 6603/7066/6239 6604/7067/5710 6605/7068/6240 6606/7069/6241 6607/7070/6242 6608/7071/6243 6609/7072/6244 6610/7073/6245
f 6562/7074/6216 6563/7075/6211 6595/7076/6232 6594/7077/6231
f 6567/7078/6217 6568/7079/6212 6600/7080/6236 6599/7081/6235
f 6572/7082/5683 6573/7083/6213 6605/7084/6240 6604/7085/5710
f 6577/7086/6218 6578/7087/6214 6610/7088/6245 6609/7089/6244
f 6551/7090/6219 6552/7091/6215 6584/7092/6225 6583/7093/6224
f 6556/7094/5686 6557/6978/6193 6589/6981/6195 6588/7095/6228
f 6561/7096/6164 6562/7074/6216 6594/7077/6231 6593/7097/6230
f 6566/7098/6196 6567/7078/6217 6599/7081/6235 6598/7099/6234
f 6571/7100/6198 6572/7082/5683 6604/7085/5710 6603/7101/6239
f 6576/7102/6200 6577/7086/6218 6609/7089/6244 6608/7103/6243
f 6550/7104/6202 6551/7090/6219 6583/7093/6224 6582/7105/6223
f 6555/7106/6204 6556/7094/5686 6588/7095/6228 6587/7107/5439
f 6560/7108/6165 6561/7109/6164 6593/7110/6230 6592/7111/6229
f 6565/7112/6197 6566/7098/6196 6598/7099/6234 6597/7113/6233
f 6570/7114/6199 6571/7100/6198 6603/7101/6239 6602/7115/6238
f 6575/7116/6201 6576/7102/6200 6608/7103/6243 6607/7117/6242
f 6548/7118/6203 6550/7104/6202 6582/7105/6223 6580/7119/6222
f 6554/7120/6205 6555/7106/6204 6587/7107/5439 6586/7121/6227
f 6559/7122/5669 6560/7108/6165 6592/7111/6229 6591/7123/5539
f 6564/7124/6206 6565/7112/6197 6597/7113/6233 6596/7125/5702
f 6569/7126/5671 6570/7114/6199 6602/7115/6238 6601/7127/6237
f 6574/7128/6207 6575/7116/6201 6607/7117/6242 6606/7129/6241
f 6579/7130/6209 6549/7131/6208 6581/7132/6221 6611/7133/6220
f 6549/7131/6208 6548/7118/6203 6580/7119/6222 6581/7132/6221
f 6553/7134/6210 6554/7120/6205 6586/7121/6227 6585/7135/6226
f 6558/6979/5656 6559/7122/5669 6591/7123/5539 6590/6980/6194
f 6563/7075/6211 6564/7124/6206 6596/7125/5702 6595/7076/6232
f 6568/7079/6212 6569/7126/5671 6601/7127/6237 6600/7080/6236
f 6573/7083/6213 6574/7128/6207 6606/7129/6241 6605/7084/6240
f 6578/7087/6214 6579/7130/6209 6611/7133/6220 6610/7088/6245
f 6552/7091/6215 6553/7134/6210 6585/7135/6226 6584/7092/6225
f 5917/6136/5758 5916/6135/5755 5931/7136/5769 6311/7137/6013
f 6311/7137/6013 5931/7136/5769 5945/7138/5784 6312/7139/6014
f 6312/7139/6014 5945/7138/5784 5959/7140/5787 6313/7141/6021
f 6313/7141/6021 5959/7140/5787 5973/7142/5797 6314/7143/6022
f 6314/7143/6022 5973/7142/5797 5987/7144/5805 5988/7145/6246
f 5988/7145/6246 5987/7144/5805 6002/7146/5811 6315/7147/6247
f 6315/7147/6247 6002/7146/5811 6016/6252/5822 6017/6251/5827
f 6032/6254/5828 6031/6253/2864 6046/7148/2883 6316/7149/5719
f 6316/7149/5719 6046/7148/2883 6060/6305/2902 6061/6304/5848
f 6076/6307/5849 6075/6306/2912 6090/7150/2929 6317/7151/6248
f 6317/7151/6248 6090/7150/2929 6104/7152/5865 6105/7153/6249
f 6105/7153/6249 6104/7152/5865 6119/7154/5868 6318/7155/6250
f 6318/7155/6250 6119/7154/5868 6133/6394/5880 6134/6393/5893
f 6164/6405/5899 6163/6404/5896 6178/7156/5909 6319/7157/6251
f 6319/7157/6251 6178/7156/5909 6192/6453/5923 6193/6452/5931
f 6208/6455/5932 6207/6454/3041 6222/7158/5945 6320/7159/6252
f 6320/7159/6252 6222/7158/5945 6236/7160/5958 6237/7161/6253
f 6237/7161/6253 6236/7160/5958 6251/7162/5963 6321/7163/6017
f 6321/7163/6017 6251/7162/5963 6265/7164/5975 6322/7165/6018
f 6322/7165/6018 6265/7164/5975 6280/7166/5988 6281/7167/6254
f 6281/7167/6254 6280/7166/5988 6295/7168/5991 6323/7169/6255
f 6323/7169/6255 6295/7168/5991 6309/6571/6004 6310/6570/6008
f 6317/7170/6248 6105/7171/6249 6341/7172/6096 6340/7173/6102
f 6320/7174/6252 6237/7175/6253 6350/7176/6104 6349/7177/5558
f 5887/7178/2731 5902/7179/2750 6327/7180/5506 6326/7181/6093
f 6017/7182/5827 6032/7183/5828 6336/7184/5529 6335/7185/6101
f 6149/7186/5894 6164/7187/5899 6345/7188/5543 6344/7189/5556
f 6281/7190/6254 6323/7191/6255 6354/7192/6078 6353/7193/6077
f 5988/7194/6246 6315/7195/6247 6334/7196/6108 6333/7197/5510
f 6076/7198/5849 6317/7170/6248 6340/7173/6102 6339/7199/5554
f 6208/7200/5932 6320/7174/6252 6349/7177/5558 6348/7201/5522
f 5917/7202/5758 6311/6576/6013 6329/6579/6016 6328/7203/6081
f 5872/7204/2720 5887/7178/2731 6326/7181/6093 6324/7205/5536
f 6315/7195/6247 6017/7182/5827 6335/7185/6101 6334/7196/6108
f 6134/7206/5893 6149/7186/5894 6344/7189/5556 6343/7207/6087
f 6322/6581/6018 6281/7190/6254 6353/7193/6077 6352/6582/6019
f 6314/6585/6022 5988/7194/6246 6333/7197/5510 6332/6586/5438
f 6061/7208/5848 6076/7198/5849 6339/7199/5554 6338/7209/5514
f 6193/7210/5931 6208/7200/5932 6348/7201/5522 6347/7211/5521
f 5902/7179/2750 5917/7212/5758 6328/7213/6081 6327/7180/5506
f 5857/7214/5741 5872/7204/2720 6324/7205/5536 6325/7215/5548
f 6318/7216/6250 6134/7206/5893 6343/7207/6087 6342/7217/6086
f 6316/7218/5719 6061/7208/5848 6338/7209/5514 6337/7219/5513
f 6319/7220/6251 6193/7210/5931 6347/7211/5521 6346/7221/5533
f 6105/7171/6249 6318/7216/6250 6342/7217/6086 6341/7172/6096
f 6237/7175/6253 6321/6580/6017 6351/6583/6020 6350/7176/6104
f 6310/7222/6008 5857/7214/5741 6325/7215/5548 6355/7223/6106
f 6032/7183/5828 6316/7218/5719 6337/7219/5513 6336/7184/5529
f 6164/7187/5899 6319/7220/6251 6346/7221/5533 6345/7188/5543
f 6323/7191/6255 6310/7222/6008 6355/7223/6106 6354/7192/6078
