# Blender 4.3.2
# www.blender.org
mtllib left_foot.mtl
o body.006
v 1.018380 -0.773680 -0.742940
v 1.119860 -1.036280 0.232560
v 1.406200 -2.658860 0.049300
v -0.349080 -1.009760 -1.199880
v 0.341640 -0.814380 -1.365940
v 0.657040 -2.431700 -1.532980
v -0.408120 -1.449100 0.446360
v -0.770780 -1.232020 -0.446260
v -0.503020 -2.814080 -0.614060
v 0.518780 -0.646400 0.855680
v -0.050180 -0.796280 0.938880
v 0.391040 -3.082380 0.604680
v 0.967500 -3.450200 -0.876320
v 1.183960 -8.249480 -0.303119
v 1.290820 -8.314840 0.205061
v -0.401380 -0.344920 -0.380480
v -0.181160 -0.498580 0.642460
v 0.490480 -0.280780 0.543440
v 0.323500 -0.105160 -0.524400
v 0.202360 -3.634600 -0.724740
v 0.944880 -2.938400 0.531540
v -0.120560 -3.014400 0.253980
v -0.060020 -2.623100 -1.360180
v 1.326400 -2.411100 -0.918400
v 1.592860 -8.816800 -0.040679
v 1.348700 -8.857360 -0.003799
v 1.539920 -8.268060 0.169041
v 1.505240 -8.189939 -0.362839
v 1.658500 -8.186660 -0.159979
v 1.088120 -8.292980 -0.064259
v 0.413220 -4.373180 -0.203520
v 0.676800 -5.668540 -0.296340
v 0.935280 -6.992420 -0.362019
v 0.673240 -4.703080 0.341820
v 0.865480 -5.908140 0.224540
v 1.071800 -7.137540 0.181981
v 1.145080 -4.586980 0.284360
v 1.266580 -5.816620 0.171500
v 1.401900 -7.067260 0.134441
v 1.147620 -4.213080 -0.309640
v 1.237440 -5.551640 -0.379440
v 1.357360 -6.904140 -0.435799
v 1.446840 -4.299360 -0.104340
v 1.488580 -5.623880 -0.185880
v 1.561820 -6.943120 -0.224879
v 0.240600 -4.575580 0.059240
v 0.526860 -5.832340 -0.049720
v 0.809660 -7.101660 -0.103539
v 1.192180 -1.527840 -0.866620
v 1.288000 -1.767480 0.150320
v 1.148240 -0.855680 -0.178280
v 1.449900 -2.507900 -0.355600
v -0.226360 -1.764680 -1.360560
v 0.490140 -1.566180 -1.526560
v -0.030080 -0.899920 -1.315160
v 0.281480 -2.524720 -1.476200
v -0.297180 -2.154580 0.369720
v -0.672160 -1.961740 -0.563620
v -0.709800 -1.336420 0.079940
v -0.431800 -2.909100 -0.096800
v 0.803500 -1.980340 0.698760
v 0.226740 -2.132040 0.781140
v 0.239380 -0.643220 1.021080
v 0.674260 -3.025160 0.627960
v 0.574420 -3.541960 -0.809480
v 1.422640 -8.301741 0.227061
v 1.079720 -3.688980 -0.441660
v 0.292180 -3.869920 -0.317180
v -0.073500 -0.175640 -0.458980
v 0.139280 -0.283020 0.687220
v -0.322040 -0.402500 0.164340
v 0.425840 -0.141940 0.044480
v 0.813680 -0.521860 0.346700
v 0.692420 -0.767500 -1.219460
v 1.241600 -3.144780 -0.915780
v 1.174940 -2.817740 0.332860
v 0.267460 -0.289600 -1.036700
v -0.705400 -1.126320 -0.937700
v 0.099660 -3.331060 -1.160860
v -0.666680 -0.676020 -0.354400
v -0.174800 -1.478900 0.712740
v 0.074460 -3.873200 0.137660
v -0.214660 -0.107160 0.938960
v 1.067160 -3.870220 0.383560
v 0.552980 -4.000980 0.446060
v 0.368400 0.056380 0.853500
v -0.119900 -3.476020 -0.650220
v 0.118380 -3.086620 0.475440
v -0.390420 -0.897320 0.523920
v 0.822700 -3.147520 -1.333480
v -0.437600 -2.721380 -1.100820
v -0.412600 -0.491960 -0.874420
v 0.900960 -1.188380 0.555300
v 1.410700 -3.554700 -0.044320
v 1.003220 -2.381400 -1.392900
v 0.695580 -0.261740 -0.608480
v 1.474960 -8.852120 -0.004599
v 1.563180 -8.649200 -0.242899
v 1.283700 -8.697101 -0.195759
v 1.218340 -8.711360 -0.027339
v 1.587380 -8.690500 0.133421
v 1.358040 -8.730020 0.165541
v 1.666140 -8.634100 -0.097359
v 0.438460 -4.663220 0.235740
v 1.080260 -8.269780 -0.227619
v 0.772820 -4.287740 -0.255580
v 1.624560 -8.225700 0.037761
v 1.413620 -4.200020 -0.285860
v 0.917820 -4.682040 0.362880
v 1.074400 -5.879380 0.245500
v 1.244820 -7.110780 0.204821
v 1.170600 -8.310760 0.106721
v 0.915780 -7.137740 0.075881
v 0.672200 -5.895060 0.121760
v 0.194060 -4.469220 -0.112300
v 0.503660 -5.747600 -0.214300
v 0.800500 -7.047240 -0.276199
v 1.344020 -8.225161 -0.333859
v 1.144180 -6.942840 -0.401659
v 0.952600 -5.601200 -0.337500
v 1.329820 -4.449040 0.123020
v 1.413980 -5.728540 0.021420
v 1.516420 -7.010280 -0.013899
v 1.624480 -8.168780 -0.326199
v 1.516120 -6.897260 -0.398759
v 1.444900 -5.549360 -0.352240
v 0.547440 -5.015660 -0.243380
v 0.804880 -6.328560 -0.342520
v 1.063240 -7.639560 -0.350379
v 0.771020 -5.301280 0.273980
v 0.963480 -6.521100 0.193800
v 1.183320 -7.740940 0.186581
v 1.203320 -5.199000 0.218740
v 1.333280 -6.439480 0.143200
v 1.471180 -7.682600 0.143581
v 1.192940 -4.881080 -0.336760
v 1.289480 -6.225660 -0.418780
v 1.432240 -7.565940 -0.420499
v 1.465820 -4.965020 -0.146360
v 1.519220 -6.281440 -0.214780
v 1.610280 -7.585880 -0.208999
v 0.388020 -5.201840 0.002260
v 0.664820 -6.465960 -0.087920
v 0.953420 -7.717860 -0.095879
v 1.331840 -1.612220 -0.277300
v 0.110540 -1.659460 -1.479940
v -0.608680 -2.052880 -0.009680
v 0.519720 -2.029360 0.820200
v 0.677420 -3.777940 -0.381640
v 0.020700 -0.193700 0.131140
v 0.807160 -0.333760 -0.067920
v 0.848680 -1.512960 -1.366700
v 1.410140 -3.434780 -0.380320
v 1.046800 -1.916040 0.460820
v -0.103660 -0.365520 -0.976600
v -0.600180 -1.869560 -1.083460
v 0.447780 -3.238100 -1.265540
v -0.591180 -0.779660 0.146460
v -0.053020 -2.202440 0.618640
v -0.039160 -3.771480 -0.160740
v 0.077620 0.087940 1.040200
v 0.818360 -3.974300 0.467740
v -0.307700 -0.612700 0.741640
v -0.658460 -0.732280 -0.737720
v 0.556460 -0.398000 -0.980600
v 0.664840 -0.330740 0.598920
v 0.296500 -3.963020 0.331660
v -0.116940 -3.226900 -0.994300
v 1.043220 -2.933520 -1.249000
v 1.273320 -3.719940 0.208040
v 1.424980 -8.685640 -0.214079
v 1.628740 -8.512760 -0.233599
v 1.189840 -8.590340 -0.159079
v 1.479120 -8.724280 0.180501
v 1.251160 -8.615940 0.093641
v 1.635680 -8.547740 0.036321
v 0.995540 -5.274900 0.294960
v 1.156700 -6.492400 0.215220
v 1.334780 -7.719080 0.210161
v 1.046340 -7.742460 0.081641
v 0.788040 -6.515600 0.089300
v 0.558820 -5.277220 0.171260
v 0.352840 -5.104780 -0.160220
v 0.651280 -6.395740 -0.258360
v 0.945440 -7.679440 -0.266419
v 1.245840 -7.600840 -0.388259
v 1.044600 -6.270000 -0.382080
v 0.863560 -4.939440 -0.288480
v 1.368640 -5.090180 0.065060
v 1.463900 -6.367460 -0.005660
v 1.570380 -7.636520 -0.000399
v 1.570900 -7.554440 -0.382319
v 1.470620 -6.221000 -0.385420
v 1.429160 -4.877360 -0.314100
v 0.073880 0.097860 -0.544640
v 0.044840 0.197680 -0.592180
v -0.014300 0.415260 -0.622800
v -0.785560 0.395380 -0.707920
v -0.724300 0.465860 0.709440
v -0.686400 0.329460 0.743040
v 0.595640 0.490880 0.677620
v -0.649020 0.188960 0.748400
v 0.631080 0.351660 0.654560
v -0.613580 0.049740 0.725360
v 0.663220 0.219100 0.603980
v -0.581440 -0.082820 0.674760
v 0.690820 0.098260 0.527780
v -0.553840 -0.203660 0.598560
v 0.712820 -0.006200 0.428920
v -0.531840 -0.308120 0.499700
v 0.728360 -0.090260 0.311200
v -0.516300 -0.392180 0.381980
v 0.736880 -0.150700 0.179120
v -0.507780 -0.452620 0.249900
v 0.738020 -0.185180 0.037780
v -0.506640 -0.487100 0.108560
v 0.731740 -0.192400 -0.107400
v -0.512920 -0.494320 -0.036620
v 0.718300 -0.172080 -0.250840
v -0.526380 -0.474000 -0.180040
v 0.698180 -0.124980 -0.387020
v -0.546480 -0.426900 -0.316240
v 0.672200 -0.052920 -0.510700
v -0.572460 -0.354840 -0.439920
v 0.641320 0.041340 -0.617160
v -0.603340 -0.260600 -0.546380
v 0.606760 0.154140 -0.702280
v -0.637900 -0.147780 -0.631500
v 0.569820 0.281200 -0.762800
v -0.674840 -0.020720 -0.692020
v -0.750120 0.256180 -0.730980
v 0.101040 0.009220 -0.477740
v 0.125300 -0.064840 -0.394100
v 0.145720 -0.121460 -0.296900
v 0.161520 -0.158460 -0.189900
v 0.172080 -0.174440 -0.077200
v 0.177000 -0.168780 0.036880
v 0.176120 -0.141680 0.147940
v 0.169420 -0.094180 0.251720
v 0.157200 -0.028140 0.344220
v 0.139920 0.053940 0.421900
v 0.118240 0.148900 0.481760
v 0.092980 0.253060 0.521520
v 0.065140 0.362440 0.539640
v 0.035760 0.472860 0.535420
v -0.146380 0.147220 -0.581400
v -0.117360 0.047400 -0.533860
v -0.090200 -0.041260 -0.466980
v -0.065940 -0.115320 -0.383320
v -0.045520 -0.171940 -0.286140
v -0.029720 -0.208940 -0.179120
v -0.019160 -0.224920 -0.066420
v -0.014220 -0.219240 0.047660
v -0.015120 -0.192140 0.158720
v -0.021800 -0.144660 0.262480
v -0.034020 -0.078600 0.355000
v -0.051300 0.003480 0.432680
v -0.073000 0.098420 0.492540
v -0.098240 0.202580 0.532300
v -0.126100 0.311980 0.550420
v -0.155460 0.422380 0.546200
v -0.205540 0.364800 -0.612020
v 0.012640 0.430920 -0.774600
v 0.087920 0.154020 -0.735640
v 0.124860 0.026960 -0.675120
v 0.159420 -0.085840 -0.590000
v 0.190300 -0.180100 -0.483560
v 0.216280 -0.252160 -0.359860
v 0.236380 -0.299260 -0.223680
v 0.249840 -0.319580 -0.080240
v 0.256120 -0.312360 0.064940
v 0.254980 -0.277880 0.206280
v 0.246460 -0.217440 0.338340
v 0.230920 -0.133380 0.456080
v 0.208920 -0.028920 0.554940
v 0.181320 0.091920 0.631120
v 0.149180 0.224480 0.681720
v 0.113740 0.363700 0.704780
v 0.076360 0.504200 0.699400
v -0.181780 0.082840 -0.720440
v -0.144840 -0.044200 -0.659940
v -0.110260 -0.157020 -0.574800
v -0.079400 -0.251280 -0.468360
v -0.053400 -0.323320 -0.344660
v -0.033300 -0.370440 -0.208480
v -0.019860 -0.390760 -0.065040
v -0.013580 -0.383540 0.080140
v -0.014720 -0.349060 0.221480
v -0.023220 -0.288620 0.353540
v -0.038780 -0.204560 0.471280
v -0.060780 -0.100100 0.570140
v -0.088360 0.020740 0.646320
v -0.120500 0.153320 0.696920
v -0.155940 0.292520 0.719980
v -0.193340 0.433020 0.714600
v -0.231220 0.569420 0.681020
v -0.257040 0.359740 -0.759400
v -0.710340 0.107020 -0.723480
v 0.534340 0.408940 -0.794260
v 0.016960 0.298060 -0.616900
v -0.174280 0.247600 -0.606120
v 0.052420 0.281760 -0.767100
v -0.217260 0.210580 -0.751900
v 3.245000 -10.139660 1.757281
v 2.331180 -9.814060 -0.065199
v 1.400360 -9.646600 0.333001
v 2.136360 -10.258080 2.372361
v 3.190060 -10.378920 1.761981
v 2.305380 -10.080800 -0.144719
v 1.363320 -9.955860 0.260061
v 2.170020 -10.516359 2.348681
v 2.049960 -10.418640 2.163121
v 2.364920 -9.987460 -0.189859
v 2.385160 -10.533060 1.981301
v 3.313540 -10.296040 1.793561
v 1.835720 -9.947500 0.058821
v 1.330760 -9.784580 0.251861
v 1.834840 -9.186460 0.102981
v 2.385700 -10.201760 2.070781
v 2.151340 -10.421680 2.431381
v 2.897320 -10.472140 1.698981
v 2.841560 -10.422620 2.207721
v 2.806220 -10.148479 2.232441
v 2.933600 -10.150041 1.773821
v 1.763840 -9.682240 -0.089379
v 2.707440 -10.510159 1.905821
v 2.883040 -10.249359 2.381341
v 2.705660 -10.157460 1.995521
v 3.217000 -10.307199 1.539021
v 2.083000 -9.500259 0.018901
v 3.015800 -10.400781 1.984861
v 2.070560 -10.014139 -0.042959
v 3.025620 -10.144080 1.994861
v 2.030580 -9.837960 -0.217319
v 3.098280 -10.272699 2.087461
v 2.065720 -10.246039 2.146041
v 3.087180 -10.434140 1.492141
v 1.599520 -9.951679 0.159441
v 2.471300 -10.203280 2.302401
v 1.617600 -9.416520 0.217981
v 2.505780 -10.469500 2.278201
v 1.513500 -9.736520 0.003541
v 2.517200 -10.335521 2.406361
v 2.062860 -10.555940 2.056761
v 3.161520 -10.142620 1.552101
v 1.595420 -9.469660 -0.608139
v 1.649940 -9.473420 -0.634139
v 1.702740 -9.484440 -0.661619
v 1.752960 -9.502541 -0.690119
v 1.799820 -9.527420 -0.719219
v 1.842580 -9.558720 -0.748459
v 1.880580 -9.595901 -0.777359
v 1.913200 -9.638420 -0.805479
v 1.939940 -9.685580 -0.832379
v 1.960360 -9.736660 -0.857619
v 1.974160 -9.790820 -0.880799
v 1.981120 -9.847239 -0.901579
v 1.981120 -9.905000 -0.919599
v 1.974160 -9.963220 -0.934599
v 1.960360 -10.020961 -0.946339
v 1.939940 -10.077320 -0.954619
v 1.913200 -10.131420 -0.959319
v 1.880580 -10.182361 -0.960359
v 1.842580 -10.229401 -0.957739
v 1.799820 -10.271760 -0.951499
v 1.752960 -10.308780 -0.941699
v 1.702740 -10.339880 -0.928539
v 1.649940 -10.364580 -0.912219
v 1.595420 -10.382461 -0.892979
v 1.589660 -9.466580 -0.618019
v 1.638520 -9.467319 -0.653739
v 1.685800 -9.475400 -0.690619
v 1.730800 -9.490700 -0.728079
v 1.772800 -9.512980 -0.765539
v 1.811120 -9.541880 -0.802399
v 1.845160 -9.576961 -0.838079
v 1.874380 -9.617661 -0.871999
v 1.898340 -9.663340 -0.903659
v 1.916640 -9.713280 -0.932539
v 1.929020 -9.766680 -0.958199
v 1.935240 -9.822701 -0.980199
v 1.935240 -9.880480 -0.998219
v 1.929020 -9.939080 -1.011979
v 1.916640 -9.997580 -1.021259
v 1.898340 -10.055079 -1.025899
v 1.874380 -10.110660 -1.025839
v 1.845160 -10.163421 -1.021079
v 1.811120 -10.212580 -1.011679
v 1.772800 -10.257320 -0.997799
v 1.730800 -10.296940 -0.979659
v 1.685800 -10.330840 -0.957539
v 1.638520 -10.358459 -0.931799
v 1.589660 -10.379380 -0.902839
v 1.582000 -9.463881 -0.626639
v 1.623300 -9.461980 -0.670819
v 1.663280 -9.467500 -0.715919
v 1.701320 -9.480360 -0.761179
v 1.736840 -9.500381 -0.805919
v 1.769220 -9.527200 -0.849439
v 1.798000 -9.560440 -0.891019
v 1.822720 -9.599560 -0.930019
v 1.842980 -9.643940 -0.965839
v 1.858460 -9.692880 -0.997899
v 1.868920 -9.745620 -1.025679
v 1.874180 -9.801300 -1.048779
v 1.874180 -9.859079 -1.066799
v 1.868920 -9.918020 -1.079479
v 1.858460 -9.977180 -1.086599
v 1.842980 -10.035681 -1.088079
v 1.822720 -10.092560 -1.083859
v 1.798000 -10.146900 -1.074019
v 1.769220 -10.197901 -1.058719
v 1.736840 -10.244720 -1.038179
v 1.701320 -10.286619 -1.012759
v 1.663280 -10.322941 -0.982839
v 1.623300 -10.353121 -0.948899
v 1.582000 -10.376680 -0.911459
v 1.572720 -9.461699 -0.633659
v 1.604880 -9.457640 -0.684759
v 1.636020 -9.461061 -0.736519
v 1.665660 -9.471940 -0.788159
v 1.693300 -9.490100 -0.838839
v 1.718540 -9.515240 -0.887759
v 1.740960 -9.546980 -0.934159
v 1.760200 -9.584820 -0.977299
v 1.775980 -9.628139 -1.016499
v 1.788020 -9.676260 -1.051139
v 1.796180 -9.728459 -1.080679
v 1.800280 -9.783860 -1.104659
v 1.800280 -9.841640 -1.122679
v 1.796180 -9.900860 -1.134479
v 1.788020 -9.960580 -1.139859
v 1.775980 -10.019860 -1.138739
v 1.760200 -10.077800 -1.131139
v 1.740960 -10.133440 -1.117159
v 1.718540 -10.185940 -1.097039
v 1.693300 -10.234441 -1.071099
v 1.665660 -10.278200 -1.039739
v 1.636020 -10.316500 -1.003459
v 1.604880 -10.348780 -0.962819
v 1.572720 -10.374499 -0.918479
v 1.562180 -9.460100 -0.638799
v 1.583980 -9.454440 -0.694979
v 1.605080 -9.456340 -0.751659
v 1.625160 -9.465760 -0.807979
v 1.643880 -9.482560 -0.863019
v 1.660980 -9.506460 -0.915919
v 1.676180 -9.537100 -0.965859
v 1.689220 -9.573980 -1.012019
v 1.699900 -9.616520 -1.053719
v 1.708080 -9.664060 -1.090259
v 1.713580 -9.715840 -1.121079
v 1.716380 -9.771060 -1.145719
v 1.716380 -9.828820 -1.163739
v 1.713580 -9.888240 -1.174879
v 1.708080 -9.948359 -1.178979
v 1.699900 -10.008260 -1.175959
v 1.689220 -10.066959 -1.165859
v 1.676180 -10.123560 -1.148839
v 1.660980 -10.177160 -1.125199
v 1.643880 -10.226900 -1.095279
v 1.625160 -10.272020 -1.059559
v 1.605080 -10.311780 -1.018599
v 1.583980 -10.345581 -0.973059
v 1.562180 -10.372879 -0.923639
v 1.550780 -9.459120 -0.641899
v 1.561380 -9.452520 -0.701119
v 1.571620 -9.453520 -0.760759
v 1.581380 -9.462060 -0.819859
v 1.590480 -9.478040 -0.877519
v 1.598780 -9.501200 -0.932819
v 1.606160 -9.531160 -0.984859
v 1.612500 -9.567480 -1.032859
v 1.617680 -9.609560 -1.076039
v 1.621660 -9.656740 -1.113739
v 1.624340 -9.708280 -1.145339
v 1.625680 -9.763380 -1.170339
v 1.625680 -9.821140 -1.188359
v 1.624340 -9.880680 -1.199119
v 1.621660 -9.941040 -1.202459
v 1.617680 -10.001280 -1.198279
v 1.612500 -10.060461 -1.186699
v 1.606160 -10.117620 -1.167859
v 1.598780 -10.171880 -1.142099
v 1.590480 -10.222380 -1.109779
v 1.581380 -10.268299 -1.071439
v 1.571620 -10.308941 -1.027679
v 1.561380 -10.343680 -0.979179
v 1.550780 -10.371920 -0.926719
v 1.538980 -9.458839 -0.642819
v 1.537960 -9.451960 -0.702919
v 1.536960 -9.452660 -0.763439
v 1.536020 -9.460960 -0.823379
v 1.535140 -9.476700 -0.881799
v 1.534320 -9.499640 -0.937799
v 1.533600 -9.529400 -0.990479
v 1.533000 -9.565560 -1.039019
v 1.532480 -9.607500 -1.082639
v 1.532100 -9.654580 -1.120659
v 1.531840 -9.706040 -1.152479
v 1.531720 -9.761100 -1.177619
v 1.531720 -9.818880 -1.195639
v 1.531840 -9.878440 -1.206279
v 1.532100 -9.938880 -1.209379
v 1.532480 -9.999240 -1.204879
v 1.533000 -10.058540 -1.192839
v 1.533600 -10.115880 -1.173479
v 1.534320 -10.170321 -1.147079
v 1.535140 -10.221041 -1.114059
v 1.536020 -10.267200 -1.074959
v 1.536960 -10.308121 -1.030359
v 1.537960 -10.343100 -0.980999
v 1.538980 -10.371639 -0.927639
v 1.527220 -9.459240 -0.641499
v 1.514620 -9.452761 -0.700339
v 1.502420 -9.453860 -0.759599
v 1.490800 -9.462520 -0.818359
v 1.479980 -9.478600 -0.875699
v 1.470080 -9.501860 -0.930679
v 1.461300 -9.531900 -0.982479
v 1.453760 -9.568280 -1.030239
v 1.447580 -9.610420 -1.073239
v 1.442860 -9.657660 -1.110779
v 1.439660 -9.709220 -1.142279
v 1.438060 -9.764339 -1.167239
v 1.438060 -9.822100 -1.185279
v 1.439660 -9.881619 -1.196079
v 1.442860 -9.941960 -1.199499
v 1.447580 -10.002160 -1.195479
v 1.453760 -10.061279 -1.184079
v 1.461300 -10.118361 -1.165479
v 1.470080 -10.172540 -1.139959
v 1.479980 -10.222940 -1.107959
v 1.490800 -10.268780 -1.069939
v 1.502420 -10.309300 -1.026539
v 1.514620 -10.343920 -0.978419
v 1.527220 -10.372040 -0.926339
v 1.515960 -9.460320 -0.638039
v 1.492260 -9.454920 -0.693459
v 1.469320 -9.457040 -0.749419
v 1.447500 -9.466681 -0.805039
v 1.427120 -9.483680 -0.859439
v 1.408540 -9.507760 -0.911739
v 1.392020 -9.538560 -0.961159
v 1.377840 -9.575580 -1.006879
v 1.366220 -9.618240 -1.048199
v 1.357340 -9.665860 -1.084459
v 1.351340 -9.717700 -1.115099
v 1.348320 -9.772960 -1.139639
v 1.348320 -9.830720 -1.157659
v 1.351340 -9.890120 -1.168899
v 1.357340 -9.950180 -1.173179
v 1.366220 -10.009980 -1.170439
v 1.377840 -10.068560 -1.160719
v 1.392020 -10.125019 -1.144159
v 1.408540 -10.178460 -1.121019
v 1.427120 -10.228020 -1.091699
v 1.447500 -10.272921 -1.056619
v 1.469320 -10.312480 -1.016359
v 1.492260 -10.346060 -0.971539
v 1.515960 -10.373120 -0.922859
v 1.505620 -9.462040 -0.632539
v 1.471740 -9.458321 -0.682559
v 1.438940 -9.462080 -0.733259
v 1.407740 -9.473280 -0.783899
v 1.378620 -9.491720 -0.833639
v 1.352040 -9.517139 -0.881699
v 1.328440 -9.549100 -0.927339
v 1.308160 -9.587140 -0.969839
v 1.291540 -9.630620 -1.008499
v 1.278860 -9.678900 -1.042739
v 1.270280 -9.731160 -1.071999
v 1.265960 -9.786620 -1.095839
v 1.265960 -9.844400 -1.113859
v 1.270280 -9.903561 -1.125799
v 1.278860 -9.963200 -1.131459
v 1.291540 -10.022360 -1.130739
v 1.308160 -10.080120 -1.123659
v 1.328440 -10.135580 -1.110339
v 1.352040 -10.187820 -1.090979
v 1.378620 -10.236059 -1.065899
v 1.407740 -10.279520 -1.035479
v 1.438940 -10.317520 -1.000199
v 1.471740 -10.349460 -0.960619
v 1.505620 -10.374841 -0.917359
v 1.496600 -9.464320 -0.625219
v 1.453840 -9.462860 -0.668019
v 1.412440 -9.468800 -0.711759
v 1.373060 -9.482060 -0.755759
v 1.336300 -9.502440 -0.799299
v 1.302760 -9.529620 -0.841719
v 1.272980 -9.563160 -0.882339
v 1.247380 -9.602520 -0.920519
v 1.226420 -9.647120 -0.955659
v 1.210400 -9.696220 -0.987179
v 1.199580 -9.749061 -1.014619
v 1.194120 -9.804800 -1.037539
v 1.194120 -9.862579 -1.055579
v 1.199580 -9.921460 -1.068419
v 1.210400 -9.980540 -1.075899
v 1.226420 -10.038860 -1.077879
v 1.247380 -10.095520 -1.074339
v 1.272980 -10.149620 -1.065339
v 1.302760 -10.200300 -1.050999
v 1.336300 -10.246780 -1.031579
v 1.373060 -10.288301 -1.007339
v 1.412440 -10.324240 -0.978699
v 1.453840 -10.354000 -0.946099
v 1.496600 -10.377120 -0.910039
v 1.489240 -9.467100 -0.616359
v 1.439240 -9.468340 -0.650439
v 1.390840 -9.476920 -0.685739
v 1.344800 -9.492680 -0.721699
v 1.301820 -9.515400 -0.757759
v 1.262620 -9.544720 -0.793339
v 1.227780 -9.580140 -0.827879
v 1.197860 -9.621161 -0.860839
v 1.173340 -9.667080 -0.891679
v 1.154600 -9.717199 -0.919959
v 1.141960 -9.770741 -0.945199
v 1.135580 -9.826820 -0.966999
v 1.135580 -9.884600 -0.985019
v 1.141960 -9.943140 -0.998979
v 1.154600 -10.001520 -1.008679
v 1.173340 -10.058821 -1.013919
v 1.197860 -10.114141 -1.014659
v 1.227780 -10.166620 -1.010879
v 1.262620 -10.215401 -1.002619
v 1.301820 -10.259741 -0.990019
v 1.344800 -10.298940 -0.973279
v 1.390840 -10.332360 -0.952679
v 1.439240 -10.359480 -0.928519
v 1.489240 -10.379900 -0.901179
v 1.483840 -9.470240 -0.606299
v 1.428540 -9.474560 -0.630479
v 1.374980 -9.486140 -0.656199
v 1.324040 -9.504740 -0.683039
v 1.276500 -9.530120 -0.710579
v 1.233120 -9.561860 -0.738399
v 1.194580 -9.599440 -0.766039
v 1.161480 -9.642300 -0.793059
v 1.134360 -9.689740 -0.819079
v 1.113640 -9.741020 -0.843619
v 1.099640 -9.795321 -0.866359
v 1.092580 -9.851820 -0.886899
v 1.092580 -9.909580 -0.904919
v 1.099640 -9.967720 -0.920159
v 1.113640 -10.025320 -0.932339
v 1.134360 -10.081480 -0.941299
v 1.161480 -10.135280 -0.946899
v 1.194580 -10.185900 -0.949039
v 1.233120 -10.232540 -0.947679
v 1.276500 -10.274460 -0.942839
v 1.324040 -10.311001 -0.934619
v 1.374980 -10.341579 -0.923139
v 1.428540 -10.365720 -0.908559
v 1.483840 -10.383019 -0.891119
v 1.480600 -9.473620 -0.595439
v 1.422100 -9.481300 -0.608919
v 1.365460 -9.496099 -0.624279
v 1.311580 -9.517780 -0.641259
v 1.261300 -9.546041 -0.659599
v 1.215420 -9.580379 -0.679019
v 1.174660 -9.620300 -0.699199
v 1.139660 -9.665140 -0.719839
v 1.110960 -9.714220 -0.740579
v 1.089040 -9.766760 -0.761139
v 1.074240 -9.821919 -0.781159
v 1.066780 -9.878820 -0.800319
v 1.066780 -9.936600 -0.818359
v 1.074240 -9.994320 -0.834959
v 1.089040 -10.051080 -0.849859
v 1.110960 -10.105961 -0.862819
v 1.139660 -10.158139 -0.873659
v 1.174660 -10.206760 -0.882199
v 1.215420 -10.251080 -0.888299
v 1.261300 -10.290360 -0.891859
v 1.311580 -10.324039 -0.892839
v 1.365460 -10.351540 -0.891199
v 1.422100 -10.372439 -0.886979
v 1.480600 -10.386420 -0.880259
v 1.479640 -9.477139 -0.584159
v 1.420200 -9.488279 -0.586559
v 1.362660 -9.506420 -0.591179
v 1.307900 -9.531300 -0.597959
v 1.256820 -9.562520 -0.606759
v 1.210200 -9.599580 -0.617479
v 1.168780 -9.641920 -0.629939
v 1.133220 -9.688820 -0.643939
v 1.104060 -9.739600 -0.659259
v 1.081780 -9.793440 -0.675659
v 1.066740 -9.849461 -0.692859
v 1.059160 -9.906820 -0.710619
v 1.059160 -9.964601 -0.728639
v 1.066740 -10.021859 -0.746659
v 1.081780 -10.077740 -0.764359
v 1.104060 -10.131340 -0.781499
v 1.133220 -10.181820 -0.797779
v 1.168780 -10.228380 -0.812939
v 1.210200 -10.270280 -0.826759
v 1.256820 -10.306860 -0.839039
v 1.307900 -10.337540 -0.849539
v 1.362660 -10.361860 -0.858119
v 1.420200 -10.379420 -0.864639
v 1.479640 -10.389939 -0.868999
v 1.481000 -9.480640 -0.572939
v 1.422920 -9.495220 -0.564279
v 1.366660 -9.516720 -0.558199
v 1.313160 -9.544760 -0.554799
v 1.263220 -9.578940 -0.554119
v 1.217640 -9.618720 -0.556159
v 1.177160 -9.663440 -0.560919
v 1.142400 -9.712440 -0.568299
v 1.113900 -9.764900 -0.578199
v 1.092140 -9.820021 -0.590459
v 1.077440 -9.876920 -0.604859
v 1.070020 -9.934720 -0.621219
v 1.070020 -9.992480 -0.639239
v 1.077440 -10.049320 -0.658659
v 1.092140 -10.104321 -0.679179
v 1.113900 -10.156640 -0.700439
v 1.142400 -10.205420 -0.722139
v 1.177160 -10.249900 -0.743919
v 1.217640 -10.289400 -0.765439
v 1.263220 -10.323280 -0.786379
v 1.313160 -10.351020 -0.806379
v 1.366660 -10.372160 -0.825139
v 1.422920 -10.386380 -0.842359
v 1.481000 -10.393439 -0.857759
v 1.484640 -9.484000 -0.562179
v 1.430120 -9.501880 -0.542939
v 1.377340 -9.526560 -0.526599
v 1.327120 -9.557680 -0.513439
v 1.280260 -9.594700 -0.503659
v 1.237480 -9.637060 -0.497419
v 1.199500 -9.684080 -0.494779
v 1.166880 -9.735040 -0.495839
v 1.140140 -9.789141 -0.500539
v 1.119700 -9.845480 -0.508819
v 1.105900 -9.903240 -0.520559
v 1.098940 -9.961440 -0.535559
v 1.098940 -10.019220 -0.553579
v 1.105900 -10.075640 -0.574359
v 1.119700 -10.129800 -0.597539
v 1.140140 -10.180880 -0.622779
v 1.166880 -10.228041 -0.649659
v 1.199500 -10.270539 -0.677779
v 1.237480 -10.307740 -0.706699
v 1.280260 -10.339021 -0.735919
v 1.327120 -10.363920 -0.765019
v 1.377340 -10.382021 -0.793539
v 1.430120 -10.393020 -0.821019
v 1.484640 -10.396800 -0.846999
v 1.490400 -9.487080 -0.552299
v 1.441560 -9.508000 -0.523339
v 1.394260 -9.535620 -0.497599
v 1.349260 -9.569520 -0.475499
v 1.307280 -9.609140 -0.457359
v 1.268960 -9.653880 -0.443479
v 1.234920 -9.703020 -0.434079
v 1.205680 -9.755800 -0.429319
v 1.181720 -9.811380 -0.429259
v 1.163420 -9.868860 -0.433899
v 1.151060 -9.927380 -0.443159
v 1.144820 -9.985980 -0.456919
v 1.144820 -10.043760 -0.474959
v 1.151060 -10.099781 -0.496959
v 1.163420 -10.153180 -0.522619
v 1.181720 -10.203119 -0.551499
v 1.205680 -10.248780 -0.583139
v 1.234920 -10.289479 -0.617079
v 1.268960 -10.324560 -0.652759
v 1.307280 -10.353480 -0.689619
v 1.349260 -10.375759 -0.727079
v 1.394260 -10.391060 -0.764539
v 1.441560 -10.399140 -0.801419
v 1.490400 -10.399880 -0.837139
v 1.498080 -9.489759 -0.543699
v 1.456760 -9.513320 -0.506259
v 1.416780 -9.543520 -0.472319
v 1.378740 -9.579840 -0.442399
v 1.343240 -9.621740 -0.416959
v 1.310840 -9.668560 -0.396439
v 1.282060 -9.719540 -0.381139
v 1.257340 -9.773900 -0.371299
v 1.237080 -9.830780 -0.367079
v 1.221620 -9.889260 -0.368539
v 1.211160 -9.948441 -0.375679
v 1.205880 -10.007380 -0.388359
v 1.205880 -10.065160 -0.406379
v 1.211160 -10.120840 -0.429459
v 1.221620 -10.173560 -0.457259
v 1.237080 -10.222520 -0.489319
v 1.257340 -10.266900 -0.525139
v 1.282060 -10.306000 -0.564139
v 1.310840 -10.339240 -0.605719
v 1.343240 -10.366079 -0.649219
v 1.378740 -10.386080 -0.693979
v 1.416780 -10.398960 -0.739239
v 1.456760 -10.404480 -0.784319
v 1.498080 -10.402560 -0.828519
v 1.507360 -9.491960 -0.536679
v 1.475180 -9.517680 -0.492339
v 1.444040 -9.549940 -0.451699
v 1.414420 -9.588260 -0.415419
v 1.386760 -9.632020 -0.384059
v 1.361540 -9.680520 -0.358119
v 1.339120 -9.733000 -0.337999
v 1.319860 -9.788660 -0.324019
v 1.304100 -9.846581 -0.316419
v 1.292040 -9.905880 -0.315299
v 1.283900 -9.965600 -0.320659
v 1.279780 -10.024820 -0.332459
v 1.279780 -10.082580 -0.350499
v 1.283900 -10.138000 -0.374459
v 1.292040 -10.190200 -0.403999
v 1.304100 -10.238319 -0.438659
v 1.319860 -10.281640 -0.477859
v 1.339120 -10.319480 -0.520999
v 1.361540 -10.351200 -0.567399
v 1.386760 -10.376360 -0.616319
v 1.414420 -10.394501 -0.666999
v 1.444040 -10.405379 -0.718619
v 1.475180 -10.408820 -0.770399
v 1.507360 -10.404759 -0.821499
v 1.517880 -9.493560 -0.531519
v 1.496100 -9.520860 -0.482099
v 1.475000 -9.554660 -0.436559
v 1.454920 -9.594440 -0.395599
v 1.436180 -9.639560 -0.359879
v 1.419080 -9.689301 -0.329959
v 1.403900 -9.742900 -0.306299
v 1.390860 -9.799500 -0.289299
v 1.380160 -9.858200 -0.279199
v 1.372000 -9.918080 -0.276179
v 1.366480 -9.978220 -0.280259
v 1.363700 -10.037621 -0.291419
v 1.363700 -10.095400 -0.309439
v 1.366480 -10.150620 -0.334059
v 1.372000 -10.202399 -0.364899
v 1.380160 -10.249940 -0.401439
v 1.390860 -10.292480 -0.443119
v 1.403900 -10.329360 -0.489299
v 1.419080 -10.360001 -0.539239
v 1.436180 -10.383901 -0.592139
v 1.454920 -10.400681 -0.647179
v 1.475000 -10.410120 -0.703479
v 1.496100 -10.412020 -0.760179
v 1.517880 -10.406360 -0.816339
v 1.529280 -9.494540 -0.528419
v 1.518680 -9.522780 -0.475959
v 1.508440 -9.557500 -0.427479
v 1.498680 -9.598160 -0.383719
v 1.489580 -9.644080 -0.345379
v 1.481280 -9.694580 -0.313059
v 1.473900 -9.748839 -0.287279
v 1.467560 -9.806000 -0.268459
v 1.462380 -9.865160 -0.256859
v 1.458400 -9.925400 -0.252699
v 1.455720 -9.985780 -0.256019
v 1.454380 -10.045320 -0.266779
v 1.454380 -10.103081 -0.284819
v 1.455720 -10.158180 -0.309819
v 1.458400 -10.209721 -0.341419
v 1.462380 -10.256900 -0.379099
v 1.467560 -10.298981 -0.422279
v 1.473900 -10.335300 -0.470279
v 1.481280 -10.365259 -0.522339
v 1.489580 -10.388420 -0.577639
v 1.498680 -10.404400 -0.635299
v 1.508440 -10.412940 -0.694399
v 1.518680 -10.413919 -0.754039
v 1.529280 -10.407320 -0.813259
v 1.541080 -9.494821 -0.527519
v 1.542100 -9.523340 -0.474159
v 1.543100 -9.558340 -0.424799
v 1.544040 -9.599239 -0.380199
v 1.544940 -9.645420 -0.341099
v 1.545740 -9.696140 -0.308079
v 1.546460 -9.750580 -0.281679
v 1.547080 -9.807920 -0.262299
v 1.547580 -9.867220 -0.250279
v 1.547960 -9.927580 -0.245779
v 1.548220 -9.988000 -0.248859
v 1.548360 -10.047580 -0.259519
v 1.548360 -10.105341 -0.277539
v 1.548220 -10.160399 -0.302659
v 1.547960 -10.211880 -0.334479
v 1.547580 -10.258960 -0.372519
v 1.547080 -10.300900 -0.416139
v 1.546460 -10.337040 -0.464679
v 1.545740 -10.366820 -0.517359
v 1.544940 -10.389759 -0.573359
v 1.544040 -10.405500 -0.631779
v 1.543100 -10.413780 -0.691719
v 1.542100 -10.414500 -0.752219
v 1.541080 -10.407619 -0.812339
v 1.552840 -9.494420 -0.528819
v 1.565440 -9.522540 -0.476739
v 1.577640 -9.557140 -0.428619
v 1.589260 -9.597680 -0.385199
v 1.600100 -9.643520 -0.347199
v 1.609980 -9.693920 -0.315179
v 1.618760 -9.748079 -0.289679
v 1.626300 -9.805180 -0.271079
v 1.632480 -9.864281 -0.259679
v 1.637200 -9.924479 -0.255659
v 1.640400 -9.984819 -0.259079
v 1.642000 -10.044340 -0.269879
v 1.642000 -10.102119 -0.287919
v 1.640400 -10.157221 -0.312879
v 1.637200 -10.208799 -0.344379
v 1.632480 -10.256020 -0.381919
v 1.626300 -10.298161 -0.424919
v 1.618760 -10.334539 -0.472679
v 1.609980 -10.364600 -0.524459
v 1.600100 -10.387860 -0.579459
v 1.589260 -10.403939 -0.636779
v 1.577640 -10.412580 -0.695539
v 1.565440 -10.413680 -0.754819
v 1.552840 -10.407200 -0.813639
v 1.564100 -9.493340 -0.532279
v 1.587800 -9.520400 -0.483619
v 1.610740 -9.553960 -0.438799
v 1.632580 -9.593520 -0.398539
v 1.652940 -9.638440 -0.363459
v 1.671520 -9.688000 -0.334119
v 1.688040 -9.741440 -0.310999
v 1.702220 -9.797880 -0.294439
v 1.713840 -9.856480 -0.284719
v 1.722720 -9.916280 -0.281959
v 1.728720 -9.976340 -0.286259
v 1.731740 -10.035740 -0.297499
v 1.731740 -10.093499 -0.315519
v 1.728720 -10.148740 -0.340039
v 1.722720 -10.200581 -0.370679
v 1.713840 -10.248220 -0.406959
v 1.702220 -10.290880 -0.448279
v 1.688040 -10.327900 -0.493999
v 1.671520 -10.358700 -0.543399
v 1.652940 -10.382780 -0.595719
v 1.632580 -10.399780 -0.650119
v 1.610740 -10.409420 -0.705739
v 1.587800 -10.411540 -0.761699
v 1.564100 -10.406120 -0.817119
v 1.574460 -9.491620 -0.537779
v 1.608320 -9.516980 -0.494539
v 1.641120 -9.548920 -0.454959
v 1.672340 -9.586920 -0.419679
v 1.701460 -9.630400 -0.389259
v 1.728020 -9.678639 -0.364159
v 1.751640 -9.730881 -0.344799
v 1.771900 -9.786320 -0.331479
v 1.788520 -9.844080 -0.324419
v 1.801220 -9.903260 -0.323699
v 1.809800 -9.962900 -0.329359
v 1.814120 -10.022059 -0.341299
v 1.814120 -10.079841 -0.359319
v 1.809800 -10.135300 -0.383159
v 1.801220 -10.187560 -0.412419
v 1.788520 -10.235820 -0.446659
v 1.771900 -10.279321 -0.485319
v 1.751640 -10.317340 -0.527799
v 1.728020 -10.349320 -0.573439
v 1.701460 -10.374720 -0.621519
v 1.672340 -10.393180 -0.671259
v 1.641120 -10.404360 -0.721879
v 1.608320 -10.408140 -0.772599
v 1.574460 -10.404400 -0.822619
v 1.583480 -9.489340 -0.545099
v 1.626220 -9.512461 -0.509059
v 1.667620 -9.542220 -0.476459
v 1.707000 -9.578160 -0.447819
v 1.743760 -9.619680 -0.423579
v 1.777300 -9.666160 -0.404139
v 1.807100 -9.716840 -0.389819
v 1.832680 -9.770940 -0.380799
v 1.853640 -9.827600 -0.377259
v 1.869660 -9.885921 -0.379259
v 1.880500 -9.944981 -0.386719
v 1.885940 -10.003881 -0.399579
v 1.885940 -10.061640 -0.417599
v 1.880500 -10.117399 -0.440519
v 1.869660 -10.170240 -0.467959
v 1.853640 -10.219340 -0.499499
v 1.832680 -10.263920 -0.534639
v 1.807100 -10.303299 -0.572819
v 1.777300 -10.336840 -0.613419
v 1.743760 -10.364019 -0.655839
v 1.707000 -10.384399 -0.699399
v 1.667620 -10.397659 -0.743379
v 1.626220 -10.403600 -0.787119
v 1.583480 -10.402121 -0.829939
v 1.590820 -9.486560 -0.553959
v 1.640820 -9.506980 -0.526639
v 1.689220 -9.534101 -0.502479
v 1.735260 -9.567520 -0.481859
v 1.778240 -9.606720 -0.465139
v 1.817460 -9.651060 -0.452539
v 1.852300 -9.699840 -0.444279
v 1.882200 -9.752320 -0.440499
v 1.906720 -9.807640 -0.441219
v 1.925460 -9.864940 -0.446479
v 1.938120 -9.923320 -0.456159
v 1.944500 -9.981860 -0.470139
v 1.944500 -10.039620 -0.488159
v 1.938120 -10.095720 -0.509959
v 1.925460 -10.149260 -0.535199
v 1.906720 -10.199380 -0.563459
v 1.882200 -10.245300 -0.594319
v 1.852300 -10.286301 -0.627279
v 1.817460 -10.321740 -0.661819
v 1.778240 -10.351059 -0.697399
v 1.735260 -10.373760 -0.733439
v 1.689220 -10.389540 -0.769399
v 1.640820 -10.398120 -0.804699
v 1.590820 -10.399360 -0.838799
v 1.540040 -9.473200 -0.584039
v 1.596220 -9.483420 -0.564019
v 1.651540 -9.500740 -0.546599
v 1.705080 -9.524880 -0.532019
v 1.756020 -9.555460 -0.520539
v 1.803560 -9.592000 -0.512299
v 1.846940 -9.633921 -0.507479
v 1.885480 -9.680540 -0.506119
v 1.918580 -9.731180 -0.508259
v 1.945700 -9.784980 -0.513839
v 1.966440 -9.841120 -0.522799
v 1.980440 -9.898720 -0.534999
v 1.987500 -9.956860 -0.550239
v 1.987500 -10.014640 -0.568259
v 1.980440 -10.071120 -0.588799
v 1.966440 -10.125441 -0.611519
v 1.945700 -10.176720 -0.636079
v 1.918580 -10.224160 -0.662079
v 1.885480 -10.267000 -0.689119
v 1.846940 -10.304600 -0.716759
v 1.803560 -10.336321 -0.744559
v 1.756020 -10.361700 -0.772119
v 1.705080 -10.380321 -0.798959
v 1.651540 -10.391880 -0.824659
v 1.596220 -10.396219 -0.848859
v 1.599460 -9.480040 -0.574899
v 1.657960 -9.494020 -0.568159
v 1.714600 -9.514920 -0.563959
v 1.768480 -9.542419 -0.562319
v 1.818760 -9.576080 -0.563299
v 1.864640 -9.615380 -0.566859
v 1.905400 -9.659699 -0.572959
v 1.940420 -9.708320 -0.581479
v 1.969100 -9.760480 -0.592319
v 1.991020 -9.815380 -0.605299
v 2.005840 -9.872140 -0.620199
v 2.013300 -9.929860 -0.636799
v 2.013300 -9.987620 -0.654819
v 2.005840 -10.044540 -0.673999
v 1.991020 -10.099699 -0.694019
v 1.969100 -10.152220 -0.714559
v 1.940420 -10.201301 -0.735319
v 1.905400 -10.246161 -0.755959
v 1.864640 -10.286079 -0.776139
v 1.818760 -10.320420 -0.795559
v 1.768480 -10.348660 -0.813899
v 1.714600 -10.370359 -0.830879
v 1.657960 -10.385160 -0.846239
v 1.599460 -10.392819 -0.859719
v 1.600420 -9.476520 -0.586159
v 1.659860 -9.487040 -0.590519
v 1.717400 -9.504601 -0.597039
v 1.772160 -9.528900 -0.605619
v 1.823240 -9.559600 -0.616119
v 1.869860 -9.596180 -0.628379
v 1.911280 -9.638080 -0.642199
v 1.946860 -9.684640 -0.657379
v 1.976000 -9.735100 -0.673659
v 1.998280 -9.788720 -0.690779
v 2.013320 -9.844581 -0.708499
v 2.020920 -9.901859 -0.726499
v 2.020920 -9.959640 -0.744539
v 2.013320 -10.016980 -0.762299
v 1.998280 -10.073021 -0.779499
v 1.976000 -10.126840 -0.795899
v 1.946860 -10.177620 -0.811219
v 1.911280 -10.224541 -0.825199
v 1.869860 -10.266880 -0.837659
v 1.823240 -10.303940 -0.848379
v 1.772160 -10.335160 -0.857199
v 1.717400 -10.360040 -0.863979
v 1.659860 -10.378180 -0.868599
v 1.600420 -10.389319 -0.870979
v 1.599060 -9.473020 -0.597379
v 1.657160 -9.480080 -0.612799
v 1.713400 -9.494300 -0.630019
v 1.766920 -9.515440 -0.648779
v 1.816840 -9.543180 -0.668779
v 1.862420 -9.577040 -0.689699
v 1.902900 -9.616540 -0.711239
v 1.937660 -9.661039 -0.733019
v 1.966160 -9.709820 -0.754719
v 1.987920 -9.762120 -0.775979
v 2.002640 -9.817120 -0.796499
v 2.010040 -9.873960 -0.815899
v 2.010040 -9.931740 -0.833939
v 2.002640 -9.989540 -0.850279
v 1.987920 -10.046440 -0.864699
v 1.966160 -10.101561 -0.876959
v 1.937660 -10.154019 -0.886839
v 1.902900 -10.203000 -0.894239
v 1.862420 -10.247740 -0.898979
v 1.816840 -10.287499 -0.901039
v 1.766920 -10.321680 -0.900359
v 1.713400 -10.349740 -0.896939
v 1.657160 -10.371241 -0.890859
v 1.599060 -10.385819 -0.882219
v 2.111760 -10.270400 1.229901
v 2.146000 -9.855100 1.292101
v 2.626500 -10.343840 0.990921
v 2.661300 -9.928760 1.052901
v 2.354660 -10.285780 1.133321
v 2.384240 -9.779680 1.181201
v 1.808720 -10.091600 1.400241
v 2.999160 -10.241719 0.852401
v 1.907740 -9.930500 1.403021
v 2.898340 -10.401920 0.848521
v 1.868860 -10.255040 1.326481
v 2.938360 -10.077860 0.924581
v 2.034780 -10.173380 1.053221
v 2.068040 -9.749860 1.115041
v 2.579980 -9.824921 0.879161
v 2.547040 -10.247220 0.817141
v 2.276040 -10.187620 0.956121
v 2.303760 -9.664400 1.003401
v 1.733980 -9.994940 1.218921
v 2.915800 -10.149760 0.678621
v 1.793520 -10.159160 1.150321
v 2.856200 -9.985439 0.754901
v 1.832320 -9.835320 1.226701
v 2.818040 -10.306820 0.678161
v 1.540040 -10.393259 -0.871119
v 0.972000 -5.956000 -0.765820
v 0.992420 -5.952800 -0.768000
v 0.992420 -5.956960 -0.867840
v 0.485700 -2.823080 -0.998660
v 0.952760 -5.963200 -0.863620
v 0.446040 -2.829320 -0.994440
v 0.914600 -5.968860 -0.851640
v 0.407880 -2.835000 -0.982460
v 0.879460 -5.973740 -0.832380
v 0.372740 -2.839880 -0.963220
v 0.848640 -5.977660 -0.806580
v 0.341920 -2.843780 -0.937400
v 0.823340 -5.980440 -0.775220
v 0.316620 -2.846560 -0.906060
v 0.804560 -5.981980 -0.739519
v 0.297840 -2.848100 -0.870340
v 0.792980 -5.982240 -0.700820
v 0.286260 -2.848360 -0.831660
v 0.789080 -5.981180 -0.660659
v 0.282360 -2.847320 -0.791480
v 0.792980 -5.978880 -0.620520
v 0.286260 -2.845020 -0.751360
v 0.804560 -5.975400 -0.582000
v 0.297840 -2.841540 -0.712820
v 0.823340 -5.970880 -0.546539
v 0.316620 -2.837020 -0.677360
v 0.848640 -5.965500 -0.515520
v 0.341920 -2.831640 -0.646340
v 0.879460 -5.959460 -0.490140
v 0.372740 -2.825580 -0.620960
v 0.914600 -5.952980 -0.471360
v 0.407880 -2.819120 -0.602180
v 0.952760 -5.946340 -0.459900
v 0.446040 -2.812480 -0.590720
v 0.992420 -5.939780 -0.456220
v 0.485700 -2.805900 -0.587040
v 1.032100 -5.933540 -0.460440
v 0.525380 -2.799660 -0.591260
v 1.070260 -5.927880 -0.472400
v 0.563520 -2.794000 -0.603220
v 1.105400 -5.922980 -0.491660
v 0.598680 -2.789120 -0.622480
v 1.136220 -5.919080 -0.517460
v 0.629500 -2.785200 -0.648280
v 1.161520 -5.916300 -0.548820
v 0.654800 -2.782420 -0.679640
v 1.180300 -5.914760 -0.584520
v 0.673580 -2.780880 -0.715360
v 1.191880 -5.914500 -0.623220
v 0.685160 -2.780620 -0.754040
v 1.195780 -5.915540 -0.663400
v 0.689060 -2.781660 -0.794220
v 1.191880 -5.917840 -0.703520
v 0.685160 -2.783980 -0.834340
v 1.180300 -5.921340 -0.742040
v 0.673580 -2.787460 -0.872880
v 1.161520 -5.925860 -0.777499
v 0.654800 -2.791980 -0.908320
v 1.136220 -5.931240 -0.808520
v 0.629500 -2.797360 -0.939340
v 1.105400 -5.937280 -0.833899
v 0.598680 -2.803400 -0.964740
v 1.070260 -5.943740 -0.852700
v 0.563520 -2.809860 -0.983520
v 1.032100 -5.950380 -0.864140
v 0.525380 -2.816520 -0.994980
v 0.952360 -5.958920 -0.759660
v 0.934260 -5.961440 -0.749740
v 0.918380 -5.963460 -0.736460
v 0.905360 -5.964880 -0.720320
v 0.895680 -5.965680 -0.701920
v 0.889740 -5.965800 -0.682000
v 0.887720 -5.965280 -0.661320
v 0.889740 -5.964080 -0.640660
v 0.895680 -5.962300 -0.620820
v 0.905360 -5.959960 -0.602560
v 0.918380 -5.957200 -0.586580
v 0.934260 -5.954080 -0.573520
v 0.952360 -5.950760 -0.563840
v 0.972000 -5.947320 -0.557940
v 0.992420 -5.943940 -0.556040
v 1.012860 -5.940740 -0.558220
v 1.032500 -5.937820 -0.564380
v 1.050600 -5.935300 -0.574300
v 1.066480 -5.933300 -0.587580
v 1.079500 -5.931860 -0.603740
v 1.089160 -5.931060 -0.622120
v 1.095120 -5.930940 -0.642040
v 1.097140 -5.931460 -0.662719
v 1.095120 -5.932660 -0.683380
v 1.089160 -5.934440 -0.703220
v 1.079500 -5.936780 -0.721480
v 1.066480 -5.939540 -0.737460
v 1.050600 -5.942660 -0.750520
v 1.032500 -5.945980 -0.760200
v 1.012860 -5.949400 -0.766100
v 1.592380 -9.724120 -0.696559
v 1.612900 -9.721080 -0.698699
v 1.572640 -9.725980 -0.690419
v 1.554460 -9.727940 -0.680519
v 1.538520 -9.729460 -0.667259
v 1.525440 -9.730500 -0.651119
v 1.515720 -9.731000 -0.632739
v 1.509740 -9.730940 -0.612839
v 1.507720 -9.730340 -0.592159
v 1.509740 -9.729220 -0.571479
v 1.515720 -9.727620 -0.551639
v 1.525440 -9.725580 -0.533379
v 1.538520 -9.723200 -0.517379
v 1.554460 -9.720580 -0.504279
v 1.572640 -9.717800 -0.494599
v 1.592380 -9.714980 -0.488679
v 1.612900 -9.712240 -0.486739
v 1.633420 -9.709641 -0.488899
v 1.653140 -9.707319 -0.495039
v 1.671320 -9.705360 -0.504919
v 1.687260 -9.703840 -0.518199
v 1.700340 -9.702820 -0.534319
v 1.710060 -9.702300 -0.552699
v 1.716040 -9.702360 -0.572599
v 1.718080 -9.702960 -0.593299
v 1.716040 -9.704081 -0.613959
v 1.710060 -9.705700 -0.633799
v 1.700340 -9.707720 -0.652079
v 1.687260 -9.710100 -0.668059
v 1.671320 -9.712720 -0.681159
v 1.653140 -9.715500 -0.690859
v 1.633420 -9.718320 -0.696779
v 0.129600 -0.776140 -0.899780
v 0.149960 -0.772460 -0.901800
v 0.110020 -0.779660 -0.893740
v 0.091980 -0.782920 -0.883940
v 0.076160 -0.785780 -0.870740
v 0.063180 -0.788120 -0.854680
v 0.053520 -0.789860 -0.836340
v 0.047580 -0.790940 -0.816440
v 0.045580 -0.791300 -0.795740
v 0.047580 -0.790940 -0.775040
v 0.053520 -0.789860 -0.755160
v 0.063180 -0.788120 -0.736820
v 0.076160 -0.785780 -0.720740
v 0.091980 -0.782920 -0.707540
v 0.110020 -0.779660 -0.697740
v 0.129600 -0.776140 -0.691720
v 0.149960 -0.772460 -0.689680
v 0.170320 -0.768780 -0.691720
v 0.189900 -0.765240 -0.697740
v 0.207960 -0.761980 -0.707540
v 0.223780 -0.759120 -0.720740
v 0.236760 -0.756780 -0.736820
v 0.246400 -0.755040 -0.755160
v 0.252340 -0.753980 -0.775040
v 0.254340 -0.753620 -0.795740
v 0.252340 -0.753980 -0.816440
v 0.246400 -0.755040 -0.836340
v 0.236760 -0.756780 -0.854680
v 0.223780 -0.759120 -0.870740
v 0.207960 -0.761980 -0.883940
v 0.189900 -0.765240 -0.893740
v 0.170320 -0.768780 -0.899780
v 1.462580 -8.164820 0.152801
v 1.744200 -9.014800 0.394021
v 1.488760 -8.157520 0.147921
v 1.770380 -9.007520 0.389141
v 1.513960 -8.151999 0.138001
v 1.795580 -9.001980 0.379221
v 1.537160 -8.148440 0.123461
v 1.818780 -8.998421 0.364681
v 1.557520 -8.146980 0.104841
v 1.839140 -8.996960 0.346061
v 1.574200 -8.147680 0.082841
v 1.855820 -8.997680 0.324061
v 1.586620 -8.150540 0.058321
v 1.868240 -9.000520 0.299541
v 1.594260 -8.155400 0.032221
v 1.875880 -9.005400 0.273441
v 1.596840 -8.162120 0.005561
v 1.878460 -9.012100 0.246781
v 1.594260 -8.170420 -0.020659
v 1.875880 -9.020400 0.220561
v 1.586620 -8.179980 -0.045439
v 1.868240 -9.029960 0.195781
v 1.574200 -8.190440 -0.067779
v 1.855820 -9.040421 0.173421
v 1.557520 -8.201380 -0.086879
v 1.839140 -9.051360 0.154341
v 1.537160 -8.212400 -0.101959
v 1.818780 -9.062380 0.139261
v 1.513960 -8.223080 -0.112479
v 1.795580 -9.073060 0.128741
v 1.488760 -8.232980 -0.117999
v 1.770380 -9.082980 0.123221
v 1.462580 -8.241760 -0.118319
v 1.744200 -9.091741 0.122901
v 1.436380 -8.249060 -0.113439
v 1.718000 -9.099040 0.127781
v 1.411200 -8.254580 -0.103539
v 1.692820 -9.104560 0.137681
v 1.387980 -8.258141 -0.088979
v 1.669600 -9.108140 0.152241
v 1.367640 -8.259600 -0.070359
v 1.649260 -9.109580 0.170861
v 1.350940 -8.258900 -0.048359
v 1.632560 -9.108880 0.192861
v 1.338540 -8.256041 -0.023839
v 1.620160 -9.106020 0.217381
v 1.330900 -8.251180 0.002261
v 1.612520 -9.101160 0.243461
v 1.328320 -8.244460 0.028921
v 1.609940 -9.094440 0.270141
v 1.330900 -8.236160 0.055141
v 1.612520 -9.086140 0.296361
v 1.338540 -8.226601 0.079901
v 1.620160 -9.076580 0.321121
v 1.350940 -8.216141 0.102261
v 1.632560 -9.066120 0.343481
v 1.367640 -8.205200 0.121361
v 1.649260 -9.055180 0.362581
v 1.387980 -8.194180 0.136441
v 1.669600 -9.044160 0.377661
v 1.411200 -8.183500 0.146941
v 1.692820 -9.033481 0.388161
v 1.436380 -8.173580 0.152481
v 1.718000 -9.023580 0.393701
v 1.744200 -9.029320 0.342861
v 1.760500 -9.024780 0.339821
v 1.776180 -9.021340 0.333661
v 1.790640 -9.019119 0.324601
v 1.803300 -9.018200 0.313001
v 1.813700 -9.018661 0.299301
v 1.821420 -9.020420 0.284041
v 1.826180 -9.023460 0.267781
v 1.827780 -9.027640 0.251181
v 1.826180 -9.032801 0.234861
v 1.821420 -9.038760 0.219441
v 1.813700 -9.045259 0.205521
v 1.803300 -9.052080 0.193621
v 1.790640 -9.058940 0.184241
v 1.776180 -9.065600 0.177701
v 1.760500 -9.071760 0.174261
v 1.744200 -9.077220 0.174061
v 1.727880 -9.081760 0.177101
v 1.712200 -9.085220 0.183261
v 1.697760 -9.087420 0.192321
v 1.685080 -9.088340 0.203921
v 1.674680 -9.087900 0.217621
v 1.666960 -9.086121 0.232881
v 1.662200 -9.083080 0.249121
v 1.660600 -9.078900 0.265741
v 1.662200 -9.073740 0.282061
v 1.666960 -9.067780 0.297481
v 1.674680 -9.061280 0.311401
v 1.685080 -9.054460 0.323281
v 1.697760 -9.047600 0.332681
v 1.712200 -9.040960 0.339221
v 1.727880 -9.034781 0.342661
v 1.953740 -9.650000 0.543941
v 1.970060 -9.645460 0.540901
v 1.985740 -9.642020 0.534721
v 2.000200 -9.639800 0.525661
v 2.012860 -9.638880 0.514061
v 2.023260 -9.639319 0.500381
v 2.030980 -9.641100 0.485101
v 2.035740 -9.644140 0.468861
v 2.037340 -9.648320 0.452261
v 2.035740 -9.653481 0.435921
v 2.030980 -9.659440 0.420501
v 2.023260 -9.665939 0.406581
v 2.012860 -9.672760 0.394701
v 2.000200 -9.679621 0.385301
v 1.985740 -9.686280 0.378761
v 1.970060 -9.692440 0.375321
v 1.953740 -9.697900 0.375121
v 1.937440 -9.702440 0.378161
v 1.921760 -9.705880 0.384321
v 1.907300 -9.708100 0.393381
v 1.894640 -9.709021 0.404981
v 1.884240 -9.708560 0.418681
v 1.876520 -9.706800 0.433941
v 1.871760 -9.703760 0.450201
v 1.870160 -9.699580 0.466801
v 1.871760 -9.694420 0.483121
v 1.876520 -9.688460 0.498541
v 1.884240 -9.681960 0.512461
v 1.894640 -9.675139 0.524361
v 1.907300 -9.668280 0.533741
v 1.921760 -9.661620 0.540281
v 1.937440 -9.655460 0.543721
v 1.740100 -10.003639 0.922881
v 1.735940 -9.978460 0.925621
v 2.479220 -9.983541 0.595021
v 1.973980 -9.898300 0.866521
v 2.476320 -10.017559 0.584221
v 1.970600 -9.936260 0.853501
v 2.477820 -10.054460 0.584981
v 1.972200 -9.977900 0.851581
v 2.483700 -10.092860 0.597301
v 1.978720 -10.021561 0.860821
v 2.493700 -10.131260 0.620701
v 1.989920 -10.065620 0.880901
v 2.507440 -10.168180 0.654281
v 2.005380 -10.108360 0.911001
v 2.524400 -10.202200 0.696721
v 2.024500 -10.148120 0.950021
v 2.543940 -10.232019 0.746421
v 2.046520 -10.183400 0.996421
v 2.565280 -10.256500 0.801481
v 2.070620 -10.212840 1.048421
v 2.587640 -10.274679 0.859761
v 2.095880 -10.235300 1.104021
v 2.610120 -10.285881 0.919021
v 2.121300 -10.249920 1.161121
v 2.631860 -10.289680 0.977001
v 2.145920 -10.256140 1.217481
v 2.652060 -10.285900 1.031441
v 2.168800 -10.253700 1.270961
v 2.669900 -10.274700 1.080301
v 2.189060 -10.242740 1.319481
v 2.684740 -10.256500 1.121661
v 2.205900 -10.223640 1.361221
v 2.695960 -10.232039 1.153941
v 2.218700 -10.197161 1.394521
v 2.703160 -10.202219 1.175901
v 2.226960 -10.164300 1.418161
v 2.706060 -10.168200 1.186701
v 2.230360 -10.126320 1.431181
v 2.704560 -10.131281 1.185921
v 2.228760 -10.084681 1.433101
v 2.698680 -10.092879 1.173601
v 2.222220 -10.041019 1.423841
v 2.688680 -10.054501 1.150221
v 2.211020 -9.996960 1.403781
v 2.674940 -10.017580 1.116641
v 2.195560 -9.954240 1.373661
v 2.657980 -9.983560 1.074181
v 2.176460 -9.914460 1.334661
v 2.638440 -9.953720 1.024481
v 2.154420 -9.879180 1.288261
v 2.617100 -9.929260 0.969441
v 2.130320 -9.849740 1.236261
v 2.594760 -9.911059 0.911161
v 2.105080 -9.827280 1.180641
v 2.572280 -9.899860 0.851901
v 2.079640 -9.812660 1.123561
v 2.550520 -9.896080 0.793921
v 2.055020 -9.806460 1.067201
v 2.530320 -9.899860 0.739461
v 2.032140 -9.808880 1.013721
v 2.512480 -9.911059 0.690621
v 2.011880 -9.819840 0.965181
v 2.497660 -9.929239 0.649261
v 1.995040 -9.838940 0.923461
v 2.486420 -9.953720 0.616981
v 1.982240 -9.865419 0.890141
v 1.748600 -10.031759 0.931701
v 1.761080 -10.061680 0.951781
v 1.777080 -10.092300 0.982301
v 1.795980 -10.122419 1.022101
v 1.817040 -10.150900 1.069681
v 1.839460 -10.176620 1.123181
v 1.862400 -10.198601 1.180541
v 1.884940 -10.216021 1.239581
v 1.906240 -10.228180 1.298021
v 1.925480 -10.234640 1.353621
v 1.941920 -10.235120 1.404241
v 1.954900 -10.229620 1.447921
v 1.963960 -10.218340 1.483001
v 1.968740 -10.201740 1.508121
v 1.969040 -10.180440 1.522341
v 1.964860 -10.155240 1.525081
v 1.956380 -10.127140 1.516241
v 1.943900 -10.097219 1.496181
v 1.927900 -10.066600 1.465661
v 1.909000 -10.036480 1.425841
v 1.887940 -10.008000 1.378281
v 1.865500 -9.982280 1.324781
v 1.842580 -9.960280 1.267401
v 1.820020 -9.942881 1.208361
v 1.798720 -9.930719 1.149921
v 1.779480 -9.924260 1.094341
v 1.763060 -9.923780 1.043721
v 1.750060 -9.929280 1.000041
v 1.741020 -9.940540 0.964961
v 1.736240 -9.957160 0.939821
v 2.798920 -10.193979 0.619621
v 2.792560 -10.214200 0.617721
v 2.788920 -10.235260 0.622621
v 2.788100 -10.256400 0.634161
v 2.790180 -10.276760 0.651861
v 2.795040 -10.295600 0.675081
v 2.802520 -10.312181 0.702901
v 2.812320 -10.325840 0.734261
v 2.824060 -10.336100 0.767941
v 2.837280 -10.342521 0.802681
v 2.851500 -10.344879 0.837121
v 2.866160 -10.343080 0.869941
v 2.880700 -10.337200 0.899861
v 2.894540 -10.327459 0.925781
v 2.907180 -10.314220 0.946661
v 2.918120 -10.298019 0.961701
v 2.926920 -10.279460 0.970361
v 2.933280 -10.259239 0.972261
v 2.936920 -10.238160 0.967361
v 2.937740 -10.217039 0.955821
v 2.935660 -10.196680 0.938121
v 2.930800 -10.177840 0.914901
v 2.923320 -10.161261 0.887081
v 2.913520 -10.147600 0.855721
v 2.901780 -10.137340 0.822041
v 2.888560 -10.130920 0.787301
v 2.874340 -10.128560 0.752861
v 2.859680 -10.130360 0.720061
v 2.845140 -10.136240 0.690121
v 2.831300 -10.145980 0.664201
v 2.818660 -10.159201 0.643321
v 2.807720 -10.175420 0.628281
v 1.279160 -8.128040 -0.255019
v 1.376580 -9.018160 -0.496239
v 1.306300 -8.126400 -0.250139
v 1.403720 -9.016520 -0.491359
v 1.332080 -8.126260 -0.240239
v 1.429500 -9.016379 -0.481459
v 1.355520 -8.127640 -0.225679
v 1.452940 -9.017740 -0.466899
v 1.375720 -8.130480 -0.207059
v 1.473140 -9.020580 -0.448279
v 1.391900 -8.134660 -0.185059
v 1.489320 -9.024780 -0.426279
v 1.403440 -8.140059 -0.160539
v 1.500860 -9.030160 -0.401759
v 1.409880 -8.146420 -0.134459
v 1.507320 -9.036520 -0.375679
v 1.411000 -8.153521 -0.107779
v 1.508420 -9.043620 -0.348999
v 1.406740 -8.161100 -0.081559
v 1.504160 -9.051200 -0.322779
v 1.397280 -8.168839 -0.056799
v 1.494700 -9.058940 -0.298019
v 1.382960 -8.176460 -0.034439
v 1.480380 -9.066580 -0.275659
v 1.364340 -8.183681 -0.015339
v 1.461760 -9.073780 -0.256559
v 1.342140 -8.190200 -0.000259
v 1.439560 -9.080299 -0.241479
v 1.317200 -8.195780 0.010241
v 1.414620 -9.085880 -0.230979
v 1.290500 -8.200200 0.015761
v 1.387920 -9.090301 -0.225439
v 1.263040 -8.203279 0.016101
v 1.360480 -9.093400 -0.225119
v 1.235900 -8.204940 0.011221
v 1.333340 -9.095040 -0.229999
v 1.210120 -8.205080 0.001301
v 1.307540 -9.095181 -0.239919
v 1.186680 -8.203700 -0.013239
v 1.284100 -9.093801 -0.254459
v 1.166480 -8.200860 -0.031879
v 1.263900 -9.090960 -0.273079
v 1.150300 -8.196660 -0.053859
v 1.247720 -9.086780 -0.295079
v 1.138780 -8.191279 -0.078379
v 1.236200 -9.081400 -0.319599
v 1.132320 -8.184920 -0.104479
v 1.229740 -9.075020 -0.345699
v 1.131200 -8.177820 -0.131139
v 1.228620 -9.067920 -0.372359
v 1.135460 -8.170240 -0.157359
v 1.232880 -9.060340 -0.398579
v 1.144940 -8.162500 -0.182139
v 1.242360 -9.052600 -0.423359
v 1.159260 -8.154860 -0.204499
v 1.256680 -9.044980 -0.445699
v 1.177880 -8.147660 -0.223579
v 1.275300 -9.037760 -0.464799
v 1.200080 -8.141140 -0.238659
v 1.297500 -9.031240 -0.479879
v 1.225000 -8.135560 -0.249179
v 1.322420 -9.025661 -0.490399
v 1.251700 -8.131140 -0.254699
v 1.349140 -9.021240 -0.495919
v 1.373540 -9.032360 -0.445079
v 1.390440 -9.031321 -0.442039
v 1.406500 -9.031240 -0.435879
v 1.421100 -9.032100 -0.426819
v 1.433660 -9.033860 -0.415219
v 1.443740 -9.036480 -0.401519
v 1.450920 -9.039820 -0.386259
v 1.454940 -9.043780 -0.370019
v 1.455640 -9.048220 -0.353399
v 1.452980 -9.052919 -0.337079
v 1.447080 -9.057760 -0.321659
v 1.438160 -9.062500 -0.307739
v 1.426580 -9.066980 -0.295859
v 1.412760 -9.071040 -0.286459
v 1.397220 -9.074520 -0.279919
v 1.380600 -9.077260 -0.276479
v 1.363520 -9.079200 -0.276279
v 1.346620 -9.080220 -0.279319
v 1.330560 -9.080299 -0.285479
v 1.315960 -9.079460 -0.294539
v 1.303380 -9.077681 -0.306139
v 1.293320 -9.075080 -0.319839
v 1.286120 -9.071720 -0.335099
v 1.282120 -9.067760 -0.351359
v 1.281420 -9.063340 -0.367959
v 1.284060 -9.058619 -0.384279
v 1.289960 -9.053801 -0.399699
v 1.298880 -9.049060 -0.413619
v 1.310480 -9.044560 -0.425519
v 1.324300 -9.040500 -0.434899
v 1.339820 -9.037020 -0.441439
v 1.356460 -9.034280 -0.444879
v 1.448500 -9.683140 -0.646159
v 1.465400 -9.682120 -0.643119
v 1.481460 -9.682040 -0.636939
v 1.496060 -9.682899 -0.627899
v 1.508640 -9.684660 -0.616299
v 1.518700 -9.687260 -0.602599
v 1.525880 -9.690619 -0.587339
v 1.529900 -9.694580 -0.571079
v 1.530600 -9.699000 -0.554479
v 1.527940 -9.703720 -0.538159
v 1.522060 -9.708540 -0.522739
v 1.513140 -9.713300 -0.508819
v 1.501540 -9.717780 -0.496919
v 1.487720 -9.721840 -0.487539
v 1.472200 -9.725320 -0.480979
v 1.455560 -9.728060 -0.477539
v 1.438480 -9.729980 -0.477339
v 1.421580 -9.731020 -0.480379
v 1.405520 -9.731100 -0.486559
v 1.390920 -9.730240 -0.495619
v 1.378340 -9.728480 -0.507219
v 1.368280 -9.725860 -0.520899
v 1.361100 -9.722520 -0.536179
v 1.357080 -9.718560 -0.552419
v 1.356380 -9.714140 -0.569019
v 1.359040 -9.709420 -0.585359
v 1.364940 -9.704600 -0.600779
v 1.373840 -9.699840 -0.614699
v 1.385440 -9.695360 -0.626579
v 1.399260 -9.691299 -0.635979
v 1.414780 -9.687820 -0.642519
v 1.431420 -9.685080 -0.645959
v 0.577920 0.503780 0.423680
v 0.601840 0.409860 0.408120
v 0.623520 0.320420 0.373980
v 0.642140 0.238900 0.322580
v 0.656980 0.168440 0.255880
v 0.667460 0.111720 0.176460
v 0.673200 0.070960 0.087360
v 0.673980 0.047680 -0.007980
v 0.669740 0.042820 -0.105940
v 0.660680 0.056540 -0.202700
v 0.647100 0.088300 -0.294580
v 0.629580 0.136920 -0.378020
v 0.608740 0.200500 -0.449840
v 0.585420 0.276620 -0.507260
v 0.560500 0.362320 -0.548100
v 0.536560 0.448500 -0.569320
v -0.754260 0.331780 -0.450180
v -0.774140 0.413800 -0.418880
v -0.739200 0.453980 0.389180
v -0.716360 0.375380 0.426620
v -0.692920 0.291000 0.447400
v -0.669780 0.204080 0.450720
v -0.647860 0.117960 0.436460
v -0.627980 0.035960 0.405160
v -0.610900 -0.038800 0.358040
v -0.597300 -0.103420 0.296880
v -0.587680 -0.155420 0.224040
v -0.582420 -0.192800 0.142340
v -0.581720 -0.214140 0.054920
v -0.585600 -0.218600 -0.034900
v -0.593920 -0.206040 -0.123640
v -0.606340 -0.176900 -0.207880
v -0.622420 -0.132320 -0.284400
v -0.641520 -0.074020 -0.350240
v -0.662900 -0.004220 -0.402900
v -0.685760 0.074360 -0.440340
v -0.732320 0.245660 -0.464440
v -0.707720 0.153400 -0.459800
v -0.613220 0.367120 -0.436160
v -0.633100 0.449120 -0.404860
v -0.598180 0.489300 0.403220
v -0.575320 0.410720 0.440660
v -0.551880 0.326340 0.461440
v -0.528760 0.239420 0.464760
v -0.506840 0.153300 0.450500
v -0.486960 0.071280 0.419200
v -0.469880 -0.003460 0.372060
v -0.456280 -0.068080 0.310900
v -0.446660 -0.120080 0.238080
v -0.441380 -0.157480 0.156380
v -0.440680 -0.178800 0.068940
v -0.444560 -0.183280 -0.020880
v -0.452880 -0.170700 -0.109600
v -0.465320 -0.141560 -0.193840
v -0.481400 -0.096980 -0.270360
v -0.500500 -0.038680 -0.336220
v -0.521880 0.031120 -0.388880
v -0.544740 0.109700 -0.426320
v -0.591300 0.281000 -0.450420
v -0.566680 0.188720 -0.445780
v 0.441480 0.467780 0.431360
v 0.465400 0.373860 0.415800
v 0.487080 0.284420 0.381680
v 0.505700 0.202900 0.330260
v 0.520540 0.132420 0.263580
v 0.531020 0.075720 0.184160
v 0.536760 0.034940 0.095060
v 0.537540 0.011680 -0.000300
v 0.533300 0.006800 -0.098240
v 0.524220 0.020520 -0.195020
v 0.510660 0.052300 -0.286880
v 0.493120 0.100920 -0.370340
v 0.472300 0.164500 -0.442140
v 0.448980 0.240600 -0.499580
v 0.424060 0.326320 -0.540400
v 0.400120 0.412500 -0.561620
v 0.437200 0.470900 0.369920
v 0.458320 0.387940 0.356180
v 0.477460 0.308920 0.326040
v 0.493920 0.236920 0.280640
v 0.507020 0.174680 0.221720
v 0.516300 0.124580 0.151560
v 0.521360 0.088560 0.072860
v 0.522040 0.068000 -0.011380
v 0.518300 0.063700 -0.097880
v 0.510280 0.075820 -0.183360
v 0.498300 0.103880 -0.264520
v 0.482820 0.146840 -0.338240
v 0.464420 0.203000 -0.401680
v 0.443820 0.270220 -0.452400
v 0.421800 0.345940 -0.488460
v 0.400660 0.422060 -0.507220
v 0.556640 0.413880 0.350640
v 0.575800 0.334880 0.320500
v 0.592240 0.262860 0.275100
v 0.605360 0.200620 0.216180
v 0.614620 0.150520 0.146020
v 0.619700 0.114520 0.067320
v 0.620360 0.093960 -0.016920
v 0.616620 0.089660 -0.103440
v 0.608620 0.101780 -0.188900
v 0.596640 0.129840 -0.270060
v 0.581140 0.172780 -0.343780
v 0.562760 0.228940 -0.407220
v 0.542140 0.296180 -0.457940
v 0.520140 0.371880 -0.494000
v -0.608260 0.357020 -0.395280
v -0.626200 0.431020 -0.367040
v -0.594680 0.467280 0.362020
v -0.574060 0.396360 0.395800
v -0.552920 0.320240 0.414560
v -0.532060 0.241820 0.417560
v -0.512280 0.164120 0.404680
v -0.494340 0.090120 0.376440
v -0.478920 0.022680 0.333920
v -0.466660 -0.035620 0.278740
v -0.457980 -0.082540 0.213040
v -0.453220 -0.116280 0.139320
v -0.452580 -0.135520 0.060440
v -0.456080 -0.139560 -0.020600
v -0.463600 -0.128200 -0.100660
v -0.474820 -0.101920 -0.176660
v -0.489320 -0.061700 -0.245700
v -0.506560 -0.009100 -0.305120
v -0.525840 0.053880 -0.352620
v -0.546460 0.124780 -0.386400
v -0.588480 0.279340 -0.408140
v -0.566280 0.196080 -0.403960
v -0.699660 0.332920 -0.390140
v -0.717580 0.406900 -0.361900
v -0.733000 0.474340 -0.319360
v -0.745260 0.532660 -0.264200
v -0.753960 0.579560 -0.198480
v -0.758700 0.613300 -0.124760
v -0.759340 0.632560 -0.045880
v -0.755840 0.636580 0.035140
v -0.748320 0.625240 0.115200
v -0.737100 0.598940 0.191220
v -0.722600 0.558720 0.260260
v -0.705380 0.506120 0.319660
v -0.686080 0.443160 0.367180
v -0.665460 0.372240 0.400960
v -0.644320 0.296120 0.419700
v -0.623440 0.217700 0.422700
v -0.603660 0.140000 0.409840
v -0.585720 0.066000 0.381600
v -0.570320 -0.001440 0.339060
v -0.558040 -0.059740 0.283900
v -0.549360 -0.106660 0.218180
v -0.544620 -0.140400 0.144460
v -0.543980 -0.159640 0.065580
v -0.547480 -0.163680 -0.015440
v -0.554980 -0.152320 -0.095500
v -0.566200 -0.126040 -0.171520
v -0.580720 -0.085820 -0.240560
v -0.597940 -0.033220 -0.299960
v -0.617240 0.029760 -0.347480
v -0.637860 0.100660 -0.381260
v -0.679880 0.255220 -0.403000
v -0.657660 0.171960 -0.398820
vn -0.6123 -0.5341 -0.5829
vn 0.6233 -0.2637 -0.7362
vn 0.6593 -0.3894 -0.6432
vn -0.5818 -0.6427 -0.4984
vn -0.6449 -0.4110 -0.6443
vn 0.5854 -0.1224 -0.8014
vn -0.6787 -0.2821 -0.6781
vn 0.5491 0.0246 -0.8354
vn -0.9452 -0.2619 -0.1948
vn -0.7534 -0.3301 -0.5687
vn -0.6226 -0.2767 -0.7320
vn -0.6412 -0.2082 -0.7386
vn -0.5689 -0.1985 0.7981
vn -0.7115 -0.2701 0.6487
vn -0.9314 -0.2373 0.2759
vn -0.5833 -0.1245 0.8027
vn -0.5323 -0.3423 0.7743
vn -0.4922 -0.3396 0.8015
vn -0.4989 -0.4791 0.7222
vn -0.4575 -0.4817 0.7474
vn -0.4701 -0.6039 0.6437
vn -0.4276 -0.6113 0.6660
vn -0.4467 -0.7120 0.5418
vn -0.4037 -0.7235 0.5600
vn -0.4299 -0.7991 0.4203
vn -0.3861 -0.8140 0.4340
vn -0.4203 -0.8619 0.2839
vn -0.3760 -0.8793 0.2924
vn -0.4179 -0.8980 0.1377
vn -0.3738 -0.9168 0.1406
vn -0.4234 -0.9059 -0.0128
vn -0.3795 -0.9250 -0.0156
vn -0.4362 -0.8852 -0.1617
vn -0.3930 -0.9036 -0.1703
vn -0.4559 -0.8367 -0.3034
vn -0.4136 -0.8533 -0.3174
vn -0.4818 -0.7622 -0.4324
vn -0.4405 -0.7760 -0.4514
vn -0.5129 -0.6644 -0.5436
vn -0.4730 -0.6745 -0.5669
vn -0.5482 -0.5471 -0.6326
vn -0.5096 -0.5527 -0.6594
vn -0.5859 -0.4148 -0.6962
vn -0.5489 -0.4153 -0.7254
vn 0.5668 0.1101 -0.8165
vn 0.5855 0.0407 -0.8097
vn 0.5172 0.0952 -0.8506
vn 0.6294 0.1131 0.7688
vn 0.6633 0.1261 0.7377
vn 0.6395 0.1986 0.7427
vn 0.3937 0.2199 0.8925
vn 0.6643 -0.0392 0.7464
vn 0.7003 -0.0194 0.7136
vn 0.6957 -0.1853 0.6940
vn 0.7337 -0.1579 0.6609
vn 0.7225 -0.3193 0.6132
vn 0.7621 -0.2844 0.5816
vn 0.7436 -0.4360 0.5069
vn 0.7847 -0.3941 0.4785
vn 0.7581 -0.5306 0.3791
vn 0.8003 -0.4826 0.3557
vn 0.7653 -0.5993 0.2347
vn 0.8086 -0.5466 0.2178
vn 0.7650 -0.6391 0.0794
vn 0.8089 -0.5837 0.0699
vn 0.7570 -0.6484 -0.0806
vn 0.8015 -0.5923 -0.0823
vn 0.7417 -0.6266 -0.2391
vn 0.7865 -0.5720 -0.2329
vn 0.7198 -0.5746 -0.3896
vn 0.7645 -0.5235 -0.3763
vn 0.6918 -0.4945 -0.5262
vn 0.7362 -0.4486 -0.5068
vn 0.7028 -0.3501 -0.6193
vn 0.6655 -0.2318 -0.7095
vn 0.6259 -0.0982 -0.7737
vn -0.7115 -0.2237 0.6661
vn -0.7392 -0.1048 0.6652
vn -0.7026 -0.0861 0.7064
vn -0.6672 -0.2145 0.7133
vn 0.8451 -0.5284 -0.0817
vn 0.8319 -0.5084 -0.2224
vn 0.5451 0.8276 0.1341
vn 0.5327 0.8463 0.0021
vn 0.7464 0.0052 0.6655
vn 0.7290 0.0729 0.6807
vn 0.7779 -0.1248 0.6159
vn 0.8049 -0.2433 0.5412
vn 0.8265 -0.3458 0.4442
vn 0.8418 -0.4282 0.3288
vn 0.8501 -0.4874 0.1993
vn 0.8512 -0.5213 0.0606
vn 0.8121 -0.4623 -0.3560
vn 0.7867 -0.3915 -0.4773
vn 0.7564 -0.2991 -0.5817
vn 0.7225 -0.1885 -0.6652
vn 0.6863 -0.0639 -0.7245
vn 0.6732 0.0049 -0.7394
vn -0.8761 -0.2543 -0.4097
vn -0.5546 -0.7328 -0.3942
vn -0.5315 -0.8014 -0.2743
vn -0.5135 -0.8461 -0.1429
vn -0.5011 -0.8654 -0.0051
vn -0.4947 -0.8586 0.1342
vn -0.4947 -0.8260 0.2702
vn -0.5010 -0.7686 0.3978
vn -0.5134 -0.6884 0.5123
vn -0.5316 -0.5882 0.6095
vn -0.5548 -0.4714 0.6855
vn -0.5824 -0.3422 0.7373
vn -0.6134 -0.2055 0.7626
vn -0.6464 -0.0664 0.7601
vn 0.0054 0.2405 0.9706
vn -0.6781 -0.0074 0.7349
vn -0.3350 -0.6123 -0.7161
vn 0.3810 -0.6100 -0.6948
vn 0.3671 -0.6995 -0.6132
vn -0.3410 -0.7371 -0.5834
vn 0.1673 0.7394 0.6521
vn -0.6602 0.3618 0.6582
vn -0.6068 0.3120 0.7311
vn 0.2296 0.6251 0.7460
vn -0.0499 0.4189 -0.9067
vn -0.1585 0.1238 -0.9796
vn -0.3755 0.1273 -0.9181
vn -0.3516 0.4651 -0.8124
vn 0.3668 -0.7613 -0.5347
vn -0.3298 -0.8232 -0.4622
vn -0.5391 0.2250 0.8116
vn 0.2954 0.4598 0.8374
vn -0.2457 -0.1781 -0.9528
vn -0.3762 -0.1995 -0.9048
vn 0.3760 -0.8037 -0.4612
vn -0.3065 -0.8843 -0.3522
vn 0.0604 0.8794 0.4723
vn -0.7357 0.4121 0.5375
vn -0.7021 0.3920 0.5945
vn 0.1111 0.8203 0.5611
vn -0.3049 -0.4301 -0.8498
vn -0.3624 -0.4513 -0.8155
vn 0.3924 -0.8324 -0.3912
vn -0.2736 -0.9289 -0.2496
vn 0.0144 0.9235 0.3833
vn -0.7632 0.4282 0.4840
vn -0.3428 -0.6251 -0.7012
vn 0.4154 -0.8505 -0.3227
vn -0.2318 -0.9612 -0.1494
vn -0.0283 0.9563 0.2909
vn -0.7864 0.4431 0.4303
vn -0.3209 -0.7430 -0.5873
vn 0.4452 -0.8588 -0.2534
vn -0.1808 -0.9824 -0.0472
vn -0.0695 0.9791 0.1910
vn -0.8068 0.4588 0.3724
vn -0.2965 -0.8248 -0.4814
vn 0.4827 -0.8571 -0.1800
vn -0.1183 -0.9910 0.0625
vn -0.1106 0.9907 0.0787
vn -0.8255 0.4753 0.3042
vn -0.2683 -0.8837 -0.3835
vn 0.5301 -0.8420 -0.0998
vn -0.0412 -0.9819 0.1849
vn -0.1537 0.9867 -0.0525
vn -0.8438 0.4905 0.2178
vn -0.2345 -0.9276 -0.2907
vn 0.5901 -0.8073 -0.0095
vn 0.0555 -0.9441 0.3249
vn -0.2009 0.9568 -0.2104
vn -0.8622 0.4964 0.1006
vn -0.1935 -0.9607 -0.1991
vn 0.6671 -0.7394 0.0902
vn 0.1763 -0.8578 0.4828
vn -0.2529 0.8806 -0.4007
vn -0.8786 0.4735 -0.0617
vn -0.1436 -0.9841 -0.1042
vn 0.6358 0.0540 -0.7700
vn 0.5513 -0.1200 -0.8256
vn -0.3066 0.7257 -0.6159
vn -0.8858 0.3795 -0.2670
vn -0.0828 -0.9966 0.0001
vn 0.7612 -0.6203 0.1893
vn 0.3178 -0.6952 0.6447
vn -0.8195 -0.3299 -0.4686
vn -0.8515 -0.0970 -0.5153
vn -0.0091 -0.9926 0.1210
vn 0.8600 -0.4388 0.2605
vn 0.4566 -0.4410 0.7727
vn -0.7913 -0.4833 -0.3746
vn 0.0795 -0.9604 0.2672
vn 0.9375 -0.2210 0.2689
vn 0.5556 -0.1279 0.8216
vn -0.7710 -0.5737 -0.2764
vn 0.1823 -0.8767 0.4451
vn 0.9759 -0.0237 0.2167
vn 0.5979 0.1734 0.7826
vn -0.7565 -0.6264 -0.1882
vn 0.2879 -0.7071 0.6458
vn 0.9834 0.1200 0.1360
vn 0.5971 0.4125 0.6880
vn -0.7443 -0.6583 -0.1123
vn 0.3671 -0.4305 0.8246
vn 0.9751 0.2150 0.0538
vn 0.5747 0.5828 0.5745
vn -0.7316 -0.6802 -0.0468
vn 0.3889 -0.0907 0.9168
vn 0.9609 0.2762 -0.0213
vn 0.5452 0.7001 0.4611
vn -0.7159 -0.6981 0.0113
vn 0.3558 0.2227 0.9076
vn 0.9447 0.3158 -0.0887
vn 0.5147 0.7810 0.3537
vn -0.6956 -0.7154 0.0660
vn 0.9281 0.3405 -0.1505
vn 0.4849 0.8375 0.2519
vn -0.6690 -0.7332 0.1218
vn 0.9113 0.3549 -0.2088
vn 0.4555 0.8770 0.1532
vn -0.6339 -0.7511 0.1845
vn 0.8941 0.3610 -0.2652
vn 0.4252 0.9035 0.0542
vn -0.8756 0.1744 -0.4504
vn 0.8757 0.3598 -0.3220
vn 0.3921 0.9186 -0.0487
vn -0.5882 -0.7652 0.2617
vn 0.8553 0.3510 -0.3810
vn 0.3538 0.9216 -0.1595
vn -0.5291 -0.7664 0.3643
vn 0.8314 0.3337 -0.4444
vn 0.3067 0.9087 -0.2833
vn 0.8015 0.3044 -0.5147
vn 0.2460 0.8710 -0.4252
vn -0.4551 -0.7340 0.5040
vn 0.7618 0.2568 -0.5947
vn 0.1661 0.7922 -0.5872
vn -0.3766 -0.6293 0.6798
vn 0.7078 0.1784 -0.6835
vn 0.0646 0.6477 -0.7592
vn -0.3370 -0.4191 0.8431
vn 0.4139 -0.4826 -0.7719
vn 0.4721 -0.3130 -0.8241
vn -0.3756 -0.1515 0.9143
vn -0.4572 0.0760 0.8861
vn 0.5279 0.8079 -0.2618
vn 0.5270 0.8396 -0.1317
vn 0.4728 0.8708 -0.1352
vn 0.4739 0.8369 -0.2739
vn 0.5704 0.5786 -0.5830
vn 0.5958 0.4673 -0.6532
vn 0.8487 0.4074 0.3373
vn 0.6478 0.5271 0.5500
vn 0.6254 0.3452 -0.6998
vn 0.6160 0.6310 0.4716
vn 0.6385 0.2812 -0.7164
vn 0.9655 0.2548 -0.0543
vn 0.5876 0.7178 0.3735
vn 0.5358 0.7522 -0.3835
vn 0.5636 0.7842 0.2596
vn 0.5501 0.6748 -0.4920
vn -0.8420 0.3121 0.4401
vn -0.8587 0.3869 0.3361
vn -0.8280 0.4434 0.3432
vn -0.8108 0.3654 0.4573
vn -0.8209 0.2215 0.5264
vn -0.8524 0.4162 -0.3164
vn -0.8669 0.4629 -0.1848
vn -0.6666 -0.2800 -0.6908
vn -0.7028 -0.1390 -0.6977
vn -0.8315 0.3434 -0.4366
vn -0.3164 -0.4010 -0.8597
vn -0.8702 0.4422 0.2175
vn -0.8049 0.2469 -0.5396
vn -0.7688 0.0074 0.6394
vn -0.8756 0.4749 0.0879
vn -0.7736 0.1307 -0.6201
vn -0.9654 -0.2549 0.0544
vn -0.4570 -0.3355 0.8237
vn -0.7962 0.1188 0.5933
vn -0.8747 0.4823 -0.0480
vn -0.7391 0.0001 -0.6736
vn 0.1851 -0.3783 -0.9070
vn -0.5533 -0.4839 -0.6780
vn -0.5870 -0.4124 -0.6966
vn -0.7338 0.1550 -0.6615
vn -0.7665 0.2766 -0.5796
vn -0.4099 -0.3335 0.8490
vn -0.8423 0.5346 -0.0696
vn -0.8442 0.5307 0.0749
vn -0.7884 0.2692 0.5531
vn -0.7620 0.1586 0.6279
vn -0.6230 -0.2709 -0.7338
vn -0.6605 -0.1250 -0.7404
vn -0.7945 0.3789 -0.4745
vn -0.8171 0.4578 -0.3503
vn -0.8394 0.4995 0.2143
vn -0.7323 0.0377 0.6800
vn -0.6980 0.0191 -0.7159
vn -0.8331 0.5103 -0.2134
vn -0.0033 -0.3573 0.9340
vn 0.5119 0.8117 0.2814
vn 0.5374 0.7409 0.4027
vn 0.8217 -0.3460 -0.4530
vn 0.8455 -0.4124 -0.3391
vn 0.5677 0.6485 0.5071
vn 0.4975 0.6952 -0.5189
vn 0.5191 0.5928 -0.6158
vn 0.4921 0.8579 0.1478
vn 0.4789 0.8778 0.0071
vn 0.8243 0.4203 0.3792
vn 0.6015 0.5380 0.5906
vn 0.5777 0.3442 -0.7401
vn 0.5944 0.2765 -0.7552
vn 0.4823 0.7776 -0.4034
vn 0.5461 0.4742 -0.6906
vn -0.7143 -0.2881 -0.6378
vn -0.7514 -0.1592 -0.6404
vn 0.8389 -0.2066 0.5036
vn 0.8135 -0.0952 0.5737
vn 0.8766 -0.4743 -0.0815
vn 0.8824 -0.4676 0.0523
vn 0.7614 -0.1551 -0.6294
vn 0.7933 -0.2591 -0.5510
vn 0.8985 0.0537 -0.4357
vn 0.8734 -0.3804 0.3041
vn 0.8591 -0.3029 0.4125
vn 0.8642 -0.4556 -0.2136
vn 0.9324 0.0928 0.3493
vn 0.8813 -0.4359 0.1824
vn 0.9655 0.2548 -0.0544
vn 0.1963 -0.5743 0.7947
vn 0.1591 -0.4114 0.8975
vn 0.2516 -0.9659 -0.0611
vn 0.2600 -0.9562 0.1345
vn 0.0831 -0.4989 -0.8626
vn 0.1296 -0.6510 -0.7479
vn 0.2469 -0.8283 0.5029
vn 0.2259 -0.7151 0.6615
vn 0.2063 -0.8751 -0.4378
vn 0.2334 -0.9385 -0.2543
vn 0.1381 -0.3236 0.9361
vn 0.2584 -0.9097 0.3250
vn 0.1712 -0.7780 -0.6045
vn 0.0585 -0.4154 -0.9078
vn -0.6478 -0.5271 -0.5500
vn -0.6160 -0.6310 -0.4717
vn -0.5676 -0.6486 -0.5071
vn -0.6015 -0.5379 -0.5906
vn -0.5875 -0.7178 -0.3735
vn -0.7274 0.0382 0.6852
vn -0.6925 -0.0874 0.7161
vn -0.5705 -0.5785 0.5829
vn -0.5501 -0.6748 0.4920
vn -0.5328 -0.8463 -0.0020
vn -0.5450 -0.8276 -0.1342
vn -0.6819 -0.4101 -0.6057
vn -0.6581 -0.2169 0.7211
vn -0.6254 -0.3451 0.6999
vn -0.5358 -0.7522 0.3835
vn -0.5280 -0.8079 0.2618
vn -0.5636 -0.7842 -0.2596
vn -0.6749 -0.2837 -0.6811
vn -0.7094 -0.1455 -0.6896
vn -0.7366 0.1041 0.6683
vn -0.5958 -0.4673 0.6532
vn -0.5579 0.0850 -0.8256
vn -0.5269 -0.8396 0.1317
vn -0.7463 -0.0052 -0.6656
vn -0.6377 -0.4134 -0.6499
vn -0.5374 -0.7410 -0.4027
vn -0.5118 -0.8117 -0.2814
vn -0.4922 -0.8579 -0.1478
vn -0.4790 -0.8778 -0.0071
vn -0.4728 -0.8707 0.1352
vn -0.4740 -0.8369 0.2738
vn -0.4823 -0.7776 0.4034
vn -0.4975 -0.6952 0.5189
vn -0.5191 -0.5927 0.6158
vn -0.5461 -0.4742 0.6905
vn -0.5777 -0.3442 0.7402
vn -0.6124 -0.2077 0.7627
vn -0.6492 -0.0699 0.7574
vn -0.6862 0.0639 0.7246
vn -0.8794 -0.0293 0.4752
vn -0.9655 -0.2548 0.0544
vn -0.9169 -0.0724 -0.3925
vn -0.1381 0.3238 -0.9360
vn 0.8447 0.4206 -0.3310
vn 0.5917 0.7706 -0.2367
vn 0.6933 0.7150 0.0902
vn 0.9203 0.3903 0.0271
vn 0.5563 0.4269 -0.7129
vn 0.4685 0.6802 -0.5638
vn 0.8999 0.2140 -0.3801
vn 0.6081 0.2036 -0.7673
vn 0.9821 0.1871 -0.0196
vn 0.8870 0.2660 0.3774
vn 0.7879 0.5300 0.3135
vn 0.7923 0.5976 0.1231
vn 0.7500 0.1213 0.6502
vn 0.9098 0.1139 0.3992
vn 0.7316 0.0368 0.6808
vn 0.9343 0.0227 0.3557
vn 0.7445 -0.0120 0.6675
vn 0.9963 0.0473 -0.0714
vn 0.9633 -0.0025 0.2684
vn 0.9133 -0.2093 -0.3493
vn 0.7736 -0.0174 0.6334
vn -0.5238 0.2536 -0.8132
vn -0.6055 0.6261 -0.4913
vn -0.3616 0.7227 -0.5890
vn -0.3075 0.3187 -0.8966
vn -0.8712 0.1337 -0.4724
vn -0.8574 0.4082 -0.3136
vn -0.4656 0.0085 -0.8850
vn -0.8386 -0.0846 -0.5381
vn -0.2470 0.0576 -0.9673
vn 0.0591 0.3860 -0.9206
vn 0.0207 0.7797 -0.6258
vn 0.1107 0.1303 -0.9853
vn 0.1484 -0.0989 -0.9840
vn 0.6366 0.0029 -0.7712
vn -0.1870 -0.1737 -0.9669
vn 0.2665 -0.5120 -0.8166
vn -0.0416 -0.5894 -0.8068
vn 0.6539 -0.2516 -0.7135
vn -0.7909 -0.1206 0.6000
vn -0.8601 0.1122 0.4976
vn -0.8826 0.3135 0.3504
vn -0.9340 -0.0329 0.3558
vn -0.6390 -0.1761 0.7488
vn -0.9638 0.1615 0.2120
vn -0.7506 -0.2136 0.6253
vn -0.5917 -0.2210 0.7753
vn -0.9157 -0.1985 0.3494
vn -0.9997 0.0228 0.0056
vn -0.9022 0.4287 0.0476
vn -0.9860 -0.1615 -0.0409
vn -0.9346 -0.3418 -0.0987
vn -0.7868 -0.3074 -0.5352
vn -0.9055 -0.3183 0.2806
vn -0.7177 -0.6384 -0.2781
vn -0.8511 -0.5179 -0.0864
vn -0.6636 -0.5514 -0.5056
vn 0.6214 0.0916 0.7781
vn 0.3884 0.9191 0.0666
vn -0.1579 0.8690 0.4690
vn 0.1550 -0.0303 0.9875
vn 0.5572 -0.0253 0.8300
vn 0.1717 -0.1228 0.9775
vn -0.4207 -0.1396 0.8964
vn -0.7753 0.5939 0.2150
vn -0.2713 -0.1980 0.9419
vn -0.2436 -0.2112 0.9466
vn -0.5714 -0.2412 0.7844
vn 0.1642 -0.1490 0.9751
vn -0.2469 -0.1946 0.9493
vn 0.1526 -0.1333 0.9793
vn -0.5686 -0.2339 0.7886
vn 0.3663 -0.7394 -0.5649
vn 0.8011 -0.3349 -0.4960
vn 0.2372 -0.5065 -0.8290
vn 0.0939 -0.8373 -0.5387
vn 0.0127 -0.6045 -0.7965
vn -0.3614 -0.2231 -0.9053
vn -0.3609 -0.1168 -0.9253
vn -0.1665 -0.0783 -0.9829
vn -0.1431 -0.1902 -0.9713
vn -0.8436 -0.2858 -0.4546
vn -0.8509 -0.2130 -0.4802
vn -0.3903 -0.5840 -0.7117
vn -0.8134 -0.4068 -0.4158
vn -0.0443 -0.5610 -0.8267
vn -0.4017 -0.1040 0.9099
vn -0.3883 -0.0560 0.9198
vn -0.7608 -0.1483 0.6318
vn -0.7745 -0.1791 0.6066
vn 0.1457 -0.0196 0.9891
vn 0.1381 0.0373 0.9897
vn -0.3713 -0.4979 0.7837
vn 0.2010 -0.4782 0.8549
vn -0.7676 -0.2911 0.5711
vn -0.6358 0.7718 -0.0111
vn -0.6681 0.6933 0.2701
vn -0.3343 0.9373 -0.0988
vn -0.2923 0.9394 0.1790
vn -0.7339 0.6580 -0.1688
vn -0.3296 0.8577 -0.3946
vn 0.2444 0.9378 -0.2465
vn 0.2280 0.9638 0.1382
vn 0.0949 0.9832 -0.1562
vn -0.2111 -0.8416 -0.4972
vn -0.2500 -0.5763 -0.7781
vn -0.3021 -0.6290 -0.7163
vn 0.5320 -0.0663 0.8441
vn 0.5212 -0.0650 0.8510
vn -0.7610 -0.2684 0.5906
vn -0.8199 -0.2792 0.4999
vn -0.4087 -0.2230 -0.8850
vn 0.9146 0.0422 -0.4021
vn 0.6197 -0.7772 -0.1089
vn 0.9619 -0.2437 -0.1241
vn 0.9369 -0.0305 0.3483
vn 0.7000 -0.3241 0.6363
vn 0.3319 -0.4859 -0.8086
vn 0.7655 -0.1882 -0.6153
vn 0.1625 -0.9867 0.0084
vn -0.3651 -0.9307 0.0226
vn -0.8514 -0.5158 0.0959
vn 0.6479 0.0547 0.7597
vn 0.6274 0.0929 0.7731
vn 0.9202 0.0761 0.3840
vn 0.9073 0.0986 0.4088
vn 0.1042 -0.1629 -0.9811
vn 0.0562 -0.0523 -0.9970
vn 0.7193 0.0222 -0.6943
vn 0.7440 -0.0617 -0.6654
vn 0.9989 0.0419 -0.0206
vn 0.9968 0.0802 -0.0031
vn -0.9475 -0.2475 0.2026
vn -0.9517 -0.2115 0.2225
vn -0.2622 -0.1281 -0.9565
vn -0.1205 -0.1134 -0.9862
vn -0.8545 -0.2457 -0.4576
vn -0.2737 0.0111 -0.9617
vn -0.8396 -0.1562 -0.5203
vn -0.1521 0.0404 -0.9875
vn -0.2934 0.0125 -0.9559
vn -0.1571 0.0472 -0.9865
vn -0.8382 -0.1466 -0.5253
vn -0.3179 -0.0165 -0.9480
vn -0.8377 -0.1604 -0.5220
vn -0.1615 0.0234 -0.9866
vn -0.3435 -0.0636 -0.9370
vn -0.1667 -0.0213 -0.9858
vn -0.8432 -0.1865 -0.5042
vn -0.2573 -0.1676 0.9517
vn -0.5802 -0.2131 0.7861
vn 0.1463 -0.1097 0.9831
vn -0.2697 -0.1371 0.9531
vn 0.1434 -0.0791 0.9865
vn -0.6057 -0.1903 0.7726
vn -0.2900 -0.1106 0.9506
vn -0.6461 -0.1734 0.7433
vn 0.1414 -0.0476 0.9888
vn -0.3192 -0.0892 0.9435
vn 0.1399 -0.0162 0.9900
vn -0.6907 -0.1646 0.7041
vn -0.3544 -0.0720 0.9323
vn -0.7299 -0.1584 0.6650
vn 0.1399 0.0126 0.9901
vn 0.5248 -0.0523 0.8496
vn 0.7951 -0.0106 0.6063
vn 0.5336 -0.0269 0.8453
vn 0.8142 0.0039 0.5806
vn 0.5503 0.0037 0.8350
vn 0.8422 0.0288 0.5384
vn 0.5744 0.0348 0.8179
vn 0.8708 0.0543 0.4886
vn 0.6034 0.0649 0.7948
vn 0.8929 0.0775 0.4436
vn 0.0202 -0.0924 -0.9955
vn 0.7409 -0.0180 -0.6713
vn -0.0258 0.0478 -0.9985
vn 0.6743 0.0571 -0.7363
vn -0.0123 0.0567 -0.9983
vn 0.6691 0.0660 -0.7403
vn 0.0098 0.0395 -0.9992
vn 0.6758 0.0647 -0.7342
vn 0.0334 0.0021 -0.9994
vn 0.6964 0.0519 -0.7158
vn 0.9851 0.0205 0.1706
vn 0.9928 0.0267 0.1165
vn 0.9969 0.0417 0.0664
vn 0.9979 0.0600 0.0228
vn 0.9973 0.0739 0.0023
vn -0.8726 -0.2536 0.4174
vn -0.8976 -0.2344 0.3734
vn -0.9203 -0.2210 0.3229
vn -0.9378 -0.2166 0.2712
vn -0.9471 -0.2159 0.2376
vn 0.9782 -0.1143 0.1735
vn 0.4980 -0.0997 -0.8615
vn 0.5962 0.6174 -0.5132
vn 0.8443 0.3684 0.3891
vn -0.6222 -0.0209 -0.7825
vn -0.9778 0.0212 -0.2082
vn -0.7600 0.6353 0.1370
vn -0.5926 0.8026 -0.0679
vn -0.9401 -0.1319 0.3144
vn -0.4524 -0.1786 0.8737
vn -0.5087 0.6511 0.5633
vn -0.6420 0.6741 0.3653
vn 0.7931 -0.0260 0.6085
vn 0.9713 -0.1534 0.1816
vn 0.6066 0.7941 0.0382
vn 0.3077 0.9181 0.2497
vn 0.0377 0.4270 0.9035
vn -0.2271 0.3601 0.9049
vn 0.0772 -0.8102 0.5810
vn -0.3812 -0.8241 -0.4189
vn 0.0163 -0.8223 -0.5689
vn 0.4764 -0.8504 0.2231
vn -0.1501 -0.0580 -0.9870
vn -0.3642 0.0429 -0.9303
vn -0.0464 0.9654 -0.2567
vn 0.4502 0.7101 -0.5413
vn -0.3240 -0.8221 -0.4682
vn -0.2634 -0.8172 -0.5126
vn -0.6766 -0.7050 -0.2125
vn -0.5315 -0.8457 0.0473
vn -0.2900 -0.8208 0.4922
vn 0.1392 -0.0505 0.9890
vn 0.4682 0.0968 0.8783
vn 0.1158 0.9281 0.3539
vn -0.0844 0.8815 0.4646
vn 0.1907 -0.8723 0.4501
vn 0.3604 -0.8346 0.4165
vn 0.4383 -0.8548 0.2777
vn 0.5107 -0.8529 0.1086
vn 0.7211 0.4087 0.5595
vn 0.3995 0.5666 0.7207
vn 0.2116 -0.8303 0.5156
vn 0.1330 -0.8346 0.5346
vn 0.9294 -0.2179 -0.2980
vn 0.6283 0.7633 -0.1506
vn 0.4052 -0.9041 -0.1354
vn -0.2302 -0.7392 0.6330
vn 0.3408 -0.8421 -0.4179
vn 0.3053 -0.8232 -0.4787
vn 0.3983 -0.7527 -0.5242
vn 0.4446 -0.7774 -0.4449
vn 0.7754 -0.4095 -0.4808
vn 0.6947 -0.3663 -0.6190
vn 0.7441 -0.2512 -0.6190
vn 0.8305 -0.2974 -0.4710
vn 0.9153 0.1782 -0.3612
vn 0.8201 0.2290 -0.5243
vn 0.8073 0.3449 -0.4788
vn 0.9010 0.2949 -0.3182
vn 0.7081 0.6983 -0.1045
vn 0.6345 0.7377 -0.2308
vn 0.5642 0.8106 -0.1569
vn 0.6297 0.7756 -0.0446
vn 0.2313 0.9537 0.1920
vn 0.2074 0.9665 0.1509
vn 0.1063 0.9685 0.2252
vn 0.1184 0.9620 0.2461
vn 0.2315 -0.8937 -0.3843
vn 0.2075 -0.8810 -0.4253
vn 0.7081 -0.5150 -0.4830
vn 0.6345 -0.4756 -0.6093
vn 0.9153 0.0588 -0.3984
vn 0.8201 0.1097 -0.5616
vn 0.7754 0.6102 -0.1626
vn 0.6947 0.6533 -0.3009
vn 0.3407 0.9304 0.1354
vn 0.3052 0.9494 0.0744
vn 0.1184 -0.9312 -0.3447
vn 0.1063 -0.9247 -0.3655
vn 0.6298 -0.6125 -0.4778
vn 0.5643 -0.5774 -0.5901
vn 0.9010 -0.0615 -0.4294
vn 0.8073 -0.0114 -0.5900
vn 0.8305 0.5125 -0.2182
vn 0.7441 0.5587 -0.3663
vn 0.4445 0.8925 0.0761
vn 0.3983 0.9173 -0.0032
vn 0.5414 -0.7005 -0.4650
vn 0.4851 -0.6704 -0.5615
vn 0.8726 -0.1809 -0.4537
vn 0.7818 -0.1324 -0.6093
vn 0.8726 0.4068 -0.2704
vn 0.7818 0.4554 -0.4259
vn 0.5414 0.8406 0.0159
vn 0.4851 0.8708 -0.0807
vn 0.5364 0.7720 -0.3409
vn 0.4770 0.8411 -0.2549
vn 0.1752 0.9778 0.1148
vn 0.0898 0.9743 0.2067
vn 0.1754 -0.8696 -0.4615
vn 0.2581 -0.8067 -0.5316
vn 0.5364 -0.4412 -0.7194
vn 0.5874 -0.3287 -0.7395
vn 0.6934 0.1541 -0.7038
vn 0.6934 0.2735 -0.6666
vn 0.5874 0.6909 -0.4214
vn 0.2582 0.9659 0.0216
vn 0.0899 -0.9189 -0.3841
vn 0.4770 -0.5469 -0.6880
vn 0.6826 0.0323 -0.7301
vn 0.6291 0.5990 -0.4953
vn 0.3369 0.9388 -0.0722
vn 0.4101 -0.6441 -0.6457
vn 0.6610 -0.0900 -0.7449
vn 0.6610 0.4977 -0.5615
vn 0.4102 0.8970 -0.1648
vn 0.3367 -0.7312 -0.5933
vn 0.6292 -0.2109 -0.7481
vn 0.6826 0.3887 -0.6189
vn 0.1366 -0.8605 -0.4908
vn 0.2010 -0.7933 -0.5747
vn 0.4178 -0.4133 -0.8091
vn 0.4574 -0.2981 -0.8378
vn 0.5401 0.1902 -0.8198
vn 0.5401 0.3097 -0.7825
vn 0.4575 0.7216 -0.5197
vn 0.4178 0.8000 -0.4306
vn 0.2010 0.9793 -0.0216
vn 0.1365 0.9869 0.0856
vn 0.0699 -0.9143 -0.3991
vn 0.3715 -0.5220 -0.7678
vn 0.5316 0.0679 -0.8443
vn 0.4900 0.6319 -0.6006
vn 0.2624 0.9564 -0.1286
vn 0.3195 -0.6226 -0.7143
vn 0.5148 -0.0555 -0.8555
vn 0.5148 0.5322 -0.6721
vn 0.3194 0.9184 -0.2335
vn 0.2623 -0.7136 -0.6496
vn 0.4900 -0.1781 -0.8533
vn 0.5316 0.4243 -0.7331
vn 0.3715 0.8660 -0.3346
vn 0.0696 0.9790 0.1914
vn 0.1361 0.9893 -0.0534
vn 0.0926 0.9936 0.0642
vn 0.0472 -0.9107 -0.4103
vn 0.0925 -0.8537 -0.5124
vn 0.2518 -0.5037 -0.8264
vn 0.2831 -0.3927 -0.8750
vn 0.3602 0.0941 -0.9281
vn 0.3659 0.2168 -0.9050
vn 0.3320 0.6560 -0.6778
vn 0.3100 0.7441 -0.5918
vn 0.1776 0.9693 -0.1701
vn 0.2164 -0.6069 -0.7647
vn 0.3489 -0.0302 -0.9367
vn 0.3489 0.5576 -0.7533
vn 0.2163 0.9341 -0.2839
vn 0.1777 -0.7007 -0.6910
vn 0.3320 -0.1540 -0.9306
vn 0.3602 0.4505 -0.8169
vn 0.2517 0.8843 -0.3933
vn 0.1362 -0.7834 -0.6065
vn 0.3099 -0.2755 -0.9100
vn 0.3659 0.3363 -0.8677
vn 0.2831 0.8206 -0.4965
vn 0.0476 0.9824 0.1807
vn 0.1223 -0.4927 -0.8616
vn 0.1375 -0.3803 -0.9146
vn 0.1750 0.1098 -0.9784
vn 0.1777 0.2328 -0.9562
vn 0.1612 0.6705 -0.7242
vn 0.1506 0.7576 -0.6351
vn 0.0863 0.9770 -0.1948
vn 0.0662 0.9952 -0.0725
vn 0.1051 -0.5975 -0.7950
vn 0.1694 -0.0150 -0.9854
vn 0.1694 0.5728 -0.8020
vn 0.1051 0.9435 -0.3142
vn 0.0863 -0.6929 -0.7159
vn 0.1612 -0.1396 -0.9770
vn 0.1750 0.4662 -0.8672
vn 0.1222 0.8953 -0.4284
vn 0.0661 -0.7774 -0.6255
vn 0.1505 -0.2620 -0.9532
vn 0.1777 0.3522 -0.9189
vn 0.1375 0.8329 -0.5360
vn 0.0450 0.9977 0.0512
vn 0.0230 0.9845 0.1737
vn 0.0449 -0.8497 -0.5253
vn 0.0232 -0.9087 -0.4167
vn -0.0083 0.9793 -0.2022
vn -0.0063 0.9969 -0.0781
vn -0.0102 -0.5947 -0.8039
vn -0.0119 -0.4895 -0.8719
vn -0.0165 -0.0105 -0.9998
vn -0.0170 0.1144 -0.9933
vn -0.0165 0.5773 -0.8164
vn -0.0156 0.6747 -0.7379
vn -0.0102 0.9463 -0.3231
vn -0.0083 -0.6906 -0.7232
vn -0.0157 -0.1354 -0.9907
vn -0.0170 0.4708 -0.8821
vn -0.0119 0.8985 -0.4387
vn -0.0063 -0.7757 -0.6311
vn -0.0146 -0.2580 -0.9660
vn -0.0172 0.3570 -0.9340
vn -0.0133 0.8366 -0.5476
vn -0.0043 0.9989 0.0474
vn -0.0021 0.9851 0.1720
vn -0.0043 -0.8485 -0.5291
vn -0.0134 -0.3767 -0.9262
vn -0.0172 0.2375 -0.9712
vn -0.0145 0.7616 -0.6479
vn -0.0021 -0.9081 -0.4187
vn -0.1251 -0.5986 -0.7912
vn -0.1456 -0.4941 -0.8571
vn -0.2017 -0.0169 -0.9793
vn -0.2083 0.1078 -0.9721
vn -0.2017 0.5709 -0.7959
vn -0.1920 0.6686 -0.7184
vn -0.1251 0.9423 -0.3104
vn -0.1028 0.9761 -0.1917
vn -0.1028 -0.6939 -0.7127
vn -0.1920 -0.1414 -0.9712
vn -0.2083 0.4642 -0.8609
vn -0.1456 0.8939 -0.4239
vn -0.0788 -0.7781 -0.6231
vn -0.1792 -0.2637 -0.9478
vn -0.2116 0.3503 -0.9124
vn -0.1637 0.8314 -0.5309
vn -0.0536 0.9972 0.0528
vn -0.0272 0.9842 0.1749
vn -0.0535 -0.8503 -0.5236
vn -0.1637 -0.3819 -0.9096
vn -0.2116 0.2308 -0.9497
vn -0.1793 0.7559 -0.6297
vn -0.0789 0.9944 -0.0700
vn -0.0276 -0.9090 -0.4159
vn -0.1933 -0.7026 -0.6849
vn -0.2354 -0.6092 -0.7572
vn -0.3610 -0.1576 -0.9192
vn -0.3793 -0.0340 -0.9247
vn -0.3916 0.4466 -0.8045
vn -0.3793 0.5538 -0.7412
vn -0.2737 0.8816 -0.3845
vn -0.2353 0.9318 -0.2764
vn -0.1482 -0.7848 -0.6018
vn -0.3370 -0.2788 -0.8992
vn -0.3979 0.3324 -0.8551
vn -0.3078 0.8176 -0.4866
vn -0.1007 0.9926 0.0673
vn -0.0517 0.9819 0.1823
vn -0.1005 -0.8547 -0.5092
vn -0.3078 -0.3958 -0.8652
vn -0.3979 0.2129 -0.8924
vn -0.3370 0.7408 -0.5811
vn -0.1481 0.9878 -0.0487
vn -0.0514 -0.9113 -0.4085
vn -0.2737 -0.5065 -0.8177
vn -0.3916 0.0902 -0.9157
vn -0.3610 0.6524 -0.6664
vn -0.1933 0.9674 -0.1639
vn -0.5161 -0.1834 -0.8367
vn -0.5422 -0.0610 -0.8380
vn -0.5599 0.4187 -0.7150
vn -0.5422 0.5267 -0.6547
vn -0.3913 0.8621 -0.3220
vn -0.3364 0.9150 -0.2226
vn -0.2117 -0.7953 -0.5680
vn -0.2762 -0.7163 -0.6408
vn -0.4818 -0.3029 -0.8222
vn -0.5688 0.3040 -0.7642
vn -0.4400 0.7957 -0.4163
vn -0.1439 0.9855 0.0903
vn -0.0737 0.9782 0.1940
vn -0.1438 -0.8619 -0.4862
vn -0.4400 -0.4177 -0.7949
vn -0.5688 0.1846 -0.8015
vn -0.4818 0.7168 -0.5041
vn -0.2118 0.9772 -0.0148
vn -0.0737 -0.9150 -0.3967
vn -0.3913 -0.5259 -0.7552
vn -0.5599 0.0623 -0.8262
vn -0.5160 0.6266 -0.5840
vn -0.2763 0.9536 -0.1197
vn -0.3364 -0.6260 -0.7035
vn -0.2671 -0.8094 -0.5231
vn -0.3486 -0.7346 -0.5821
vn -0.6081 -0.3348 -0.7198
vn -0.6513 -0.2176 -0.7270
vn -0.7178 0.2663 -0.6433
vn -0.7066 0.3815 -0.5960
vn -0.5553 0.7665 -0.3227
vn -0.4939 0.8361 -0.2389
vn -0.1816 0.9759 0.1209
vn -0.0931 0.9733 0.2099
vn -0.1813 -0.8715 -0.4557
vn -0.5553 -0.4469 -0.7014
vn -0.7178 0.1468 -0.6806
vn -0.6081 0.6848 -0.4016
vn -0.2672 0.9632 0.0302
vn -0.0927 -0.9198 -0.3813
vn -0.4938 -0.5519 -0.6720
vn -0.7066 0.0251 -0.7072
vn -0.6513 0.5924 -0.4742
vn -0.3486 0.9353 -0.0610
vn -0.4245 -0.6483 -0.6320
vn -0.6843 -0.0970 -0.7227
vn -0.6843 0.4907 -0.5394
vn -0.4246 0.8927 -0.1511
vn -0.7110 -0.3735 -0.5958
vn -0.7615 -0.2591 -0.5941
vn -0.8393 0.2206 -0.4969
vn -0.8262 0.3365 -0.4519
vn -0.6493 0.7311 -0.2095
vn -0.5774 0.8047 -0.1382
vn -0.2122 0.9644 0.1578
vn -0.1088 0.9673 0.2289
vn -0.2121 -0.8830 -0.4186
vn -0.3124 -0.8264 -0.4685
vn -0.6493 -0.4822 -0.5881
vn -0.8393 0.1011 -0.5342
vn -0.7110 0.6461 -0.2776
vn -0.3123 0.9462 0.0846
vn -0.1086 -0.9258 -0.3620
vn -0.5774 -0.5833 -0.5712
vn -0.8262 -0.0198 -0.5630
vn -0.7615 0.5510 -0.3413
vn -0.4075 0.9131 0.0101
vn -0.4965 -0.6754 -0.5453
vn -0.8001 -0.1405 -0.5831
vn -0.8001 0.4472 -0.3998
vn -0.4965 0.8656 -0.0646
vn -0.4077 -0.7568 -0.5109
vn -0.2347 -0.8962 -0.3764
vn -0.3456 -0.8457 -0.4066
vn -0.7184 -0.5223 -0.4595
vn -0.7866 -0.4175 -0.4550
vn -0.9285 0.0493 -0.3679
vn -0.9285 0.1687 -0.3307
vn -0.7866 0.6022 -0.1368
vn -0.7183 0.6910 -0.0809
vn -0.3456 0.9269 0.1465
vn -0.2348 0.9513 0.1999
vn -0.1203 -0.9325 -0.3405
vn -0.6388 -0.6190 -0.4569
vn -0.9140 -0.0708 -0.3995
vn -0.8425 0.5039 -0.1906
vn -0.4509 0.8879 0.0909
vn -0.5493 -0.7060 -0.4470
vn -0.8852 -0.1899 -0.4247
vn -0.8852 0.3978 -0.2413
vn -0.5493 0.8349 0.0338
vn -0.4511 -0.7820 -0.4302
vn -0.8425 -0.3061 -0.4433
vn -0.9140 0.2855 -0.2883
vn -0.6388 0.7690 -0.0238
vn -0.1201 0.9608 0.2500
vn -0.9821 -0.0067 -0.1883
vn -0.9821 0.1126 -0.1510
vn -0.8319 0.5547 0.0154
vn -0.7598 0.6476 0.0581
vn -0.3655 0.9060 0.2134
vn -0.2484 0.9371 0.2453
vn -0.1271 -0.9398 -0.3173
vn -0.2483 -0.9103 -0.3312
vn -0.6756 -0.6576 -0.3333
vn -0.7598 -0.5657 -0.3206
vn -0.9667 -0.1260 -0.2226
vn -0.8910 0.4531 -0.0276
vn -0.4770 0.8607 0.1781
vn -0.5809 -0.7392 -0.3408
vn -0.9362 -0.2434 -0.2535
vn -0.9362 0.3443 -0.0701
vn -0.5810 0.8018 0.1401
vn -0.4771 -0.8092 -0.3429
vn -0.8910 -0.3570 -0.2803
vn -0.9667 0.2303 -0.1115
vn -0.6757 0.7304 0.0998
vn -0.3656 -0.8666 -0.3396
vn -0.8319 -0.4650 -0.3028
vn -0.1271 0.9535 0.2733
vn -0.1291 -0.9472 -0.2933
vn -0.2523 -0.9251 -0.2838
vn -0.6865 -0.6976 -0.2052
vn -0.7720 -0.6106 -0.1765
vn -0.9822 -0.1835 -0.0395
vn -0.9979 -0.0648 -0.0021
vn -0.9054 0.4004 0.1413
vn -0.8453 0.5055 0.1731
vn -0.4847 0.8324 0.2686
vn -0.3714 0.8844 0.2827
vn -0.5902 -0.7736 -0.2307
vn -0.9513 -0.2987 -0.0759
vn -0.9513 0.2889 0.1074
vn -0.5903 0.7675 0.2502
vn -0.4847 -0.8374 -0.2525
vn -0.9054 -0.4097 -0.1115
vn -0.9823 0.1731 0.0718
vn -0.6865 0.6905 0.2279
vn -0.3715 -0.8882 -0.2705
vn -0.8453 -0.5142 -0.1452
vn -0.9979 0.0546 0.0351
vn -0.7720 0.6026 0.2020
vn -0.2524 0.9224 0.2923
vn -0.1292 0.9458 0.2978
vn -0.9601 -0.2402 0.1432
vn -0.9754 -0.1228 0.1833
vn -0.8849 0.3478 0.3097
vn -0.8262 0.4564 0.3302
vn -0.4737 0.8043 0.3587
vn -0.3631 0.8628 0.3517
vn -0.5769 -0.8078 -0.1209
vn -0.6710 -0.7374 -0.0775
vn -0.9298 -0.3539 0.1009
vn -0.9298 0.2338 0.2843
vn -0.5769 0.7332 0.3600
vn -0.4738 -0.8655 -0.1624
vn -0.8849 -0.4622 0.0569
vn -0.9601 0.1161 0.2545
vn -0.6710 0.6507 0.3556
vn -0.3631 -0.9097 -0.2014
vn -0.8262 -0.5633 0.0120
vn -0.9754 -0.0033 0.2206
vn -0.7546 0.5579 0.3456
vn -0.2466 0.9078 0.3392
vn -0.1262 0.9385 0.3215
vn -0.2465 -0.9397 -0.2370
vn -0.7546 -0.6554 -0.0330
vn -0.1262 -0.9547 -0.2693
vn -0.5414 -0.8406 -0.0158
vn -0.6297 -0.7755 0.0447
vn -0.8726 -0.4068 0.2703
vn -0.9010 -0.2949 0.3182
vn -0.8726 0.1809 0.4537
vn -0.8305 0.2975 0.4710
vn -0.5414 0.7004 0.4651
vn -0.4446 0.7773 0.4451
vn -0.4446 -0.8925 -0.0760
vn -0.8305 -0.5125 0.2182
vn -0.9010 0.0615 0.4294
vn -0.6297 0.6125 0.4779
vn -0.3406 -0.9304 -0.1351
vn -0.7753 -0.6103 0.1626
vn -0.9153 -0.0588 0.3984
vn -0.7081 0.5150 0.4831
vn -0.2314 0.8938 0.3843
vn -0.1185 0.9313 0.3445
vn -0.2314 -0.9537 -0.1921
vn -0.7081 -0.6983 0.1045
vn -0.9153 -0.1782 0.3611
vn -0.7754 0.4094 0.4808
vn -0.3407 0.8422 0.4179
vn -0.1186 -0.9619 -0.2462
vn -0.7818 0.1324 0.6093
vn -0.7441 0.2513 0.6190
vn -0.4851 0.6704 0.5615
vn -0.3984 0.7526 0.5243
vn -0.3983 -0.9172 0.0032
vn -0.4851 -0.8707 0.0807
vn -0.7441 -0.5587 0.3662
vn -0.7818 -0.4554 0.4259
vn -0.8073 0.0114 0.5901
vn -0.5642 0.5775 0.5900
vn -0.3053 -0.9493 -0.0745
vn -0.6947 -0.6534 0.3008
vn -0.8201 -0.1097 0.5616
vn -0.6345 0.4756 0.6093
vn -0.2074 0.8809 0.4255
vn -0.1061 0.9246 0.3659
vn -0.2074 -0.9665 -0.1510
vn -0.6344 -0.7377 0.2307
vn -0.8201 -0.2292 0.5243
vn -0.6948 0.3663 0.6190
vn -0.3053 0.8231 0.4788
vn -0.1061 -0.9686 -0.2250
vn -0.5642 -0.8105 0.1570
vn -0.8073 -0.3450 0.4788
vn -0.3368 -0.9388 0.0723
vn -0.4102 -0.8970 0.1649
vn -0.6291 -0.5990 0.4954
vn -0.6610 -0.4977 0.5615
vn -0.6826 -0.0322 0.7301
vn -0.6610 0.0900 0.7450
vn -0.4770 0.5469 0.6880
vn -0.4101 0.6441 0.6458
vn -0.2581 -0.9659 -0.0214
vn -0.5874 -0.6910 0.4213
vn -0.6934 -0.1541 0.7038
vn -0.5364 0.4413 0.7194
vn -0.1753 0.8696 0.4616
vn -0.0895 0.9189 0.3841
vn -0.1753 -0.9778 -0.1150
vn -0.5364 -0.7721 0.3407
vn -0.6934 -0.2735 0.6666
vn -0.5874 0.3287 0.7395
vn -0.2582 0.8066 0.5317
vn -0.0898 -0.9743 -0.2066
vn -0.4771 -0.8411 0.2549
vn -0.6826 -0.3887 0.6189
vn -0.6291 0.2110 0.7481
vn -0.3368 0.7311 0.5933
vn -0.5316 -0.0678 0.8443
vn -0.5148 0.0556 0.8555
vn -0.3715 0.5220 0.7678
vn -0.3194 0.6226 0.7144
vn -0.2011 -0.9793 0.0218
vn -0.2623 -0.9564 0.1286
vn -0.4575 -0.7216 0.5196
vn -0.4900 -0.6319 0.6006
vn -0.5401 -0.1903 0.8198
vn -0.4177 0.4133 0.8091
vn -0.1366 0.8605 0.4908
vn -0.0700 0.9142 0.3991
vn -0.1366 -0.9869 -0.0856
vn -0.4178 -0.8001 0.4305
vn -0.5401 -0.3097 0.7826
vn -0.4574 0.2980 0.8378
vn -0.2008 0.7932 0.5749
vn -0.0699 -0.9790 -0.1917
vn -0.3716 -0.8660 0.3346
vn -0.5316 -0.4243 0.7331
vn -0.4900 0.1781 0.8534
vn -0.2623 0.7135 0.6497
vn -0.3195 -0.9184 0.2334
vn -0.5148 -0.5323 0.6721
vn -0.2831 0.3927 0.8750
vn -0.2518 0.5038 0.8263
vn -0.0926 0.8538 0.5123
vn -0.0474 0.9109 0.4100
vn -0.0924 -0.9937 -0.0641
vn -0.1362 -0.9892 0.0534
vn -0.2831 -0.8206 0.4964
vn -0.3100 -0.7441 0.5918
vn -0.3659 -0.3363 0.8678
vn -0.3659 -0.2170 0.9050
vn -0.3100 0.2755 0.9099
vn -0.1362 0.7833 0.6065
vn -0.0471 -0.9825 -0.1805
vn -0.2518 -0.8843 0.3932
vn -0.3602 -0.4504 0.8169
vn -0.3321 0.1541 0.9306
vn -0.1777 0.7006 0.6911
vn -0.2164 -0.9341 0.2838
vn -0.3488 -0.5576 0.7533
vn -0.3489 0.0303 0.9367
vn -0.2165 0.6069 0.7647
vn -0.1777 -0.9693 0.1699
vn -0.3320 -0.6560 0.6778
vn -0.3602 -0.0940 0.9281
vn -0.0450 -0.9977 -0.0511
vn -0.0661 -0.9952 0.0724
vn -0.1374 -0.8330 0.5360
vn -0.1505 -0.7576 0.6351
vn -0.1777 -0.3522 0.9189
vn -0.1777 -0.2329 0.9561
vn -0.1506 0.2620 0.9532
vn -0.1375 0.3803 0.9146
vn -0.0661 0.7773 0.6256
vn -0.0448 0.8497 0.5253
vn -0.0228 -0.9845 -0.1740
vn -0.1222 -0.8953 0.4284
vn -0.1750 -0.4661 0.8673
vn -0.1613 0.1396 0.9770
vn -0.0863 0.6928 0.7159
vn -0.1051 -0.9436 0.3141
vn -0.1695 -0.5728 0.8020
vn -0.1694 0.0151 0.9854
vn -0.1051 0.5975 0.7950
vn -0.0864 -0.9770 0.1948
vn -0.1612 -0.6704 0.7242
vn -0.1750 -0.1098 0.9784
vn -0.1222 0.4928 0.8615
vn -0.0232 0.9088 0.4167
vn 0.0147 0.2580 0.9660
vn 0.0134 0.3767 0.9262
vn 0.0063 0.7756 0.6311
vn 0.0044 0.8486 0.5291
vn 0.0022 -0.9851 -0.1721
vn 0.0044 -0.9989 -0.0473
vn 0.0119 -0.8985 0.4388
vn 0.0134 -0.8366 0.5477
vn 0.0170 -0.4707 0.8821
vn 0.0173 -0.3569 0.9340
vn 0.0157 0.1353 0.9907
vn 0.0083 0.6906 0.7232
vn 0.0101 -0.9463 0.3231
vn 0.0165 -0.5773 0.8164
vn 0.0165 0.0106 0.9998
vn 0.0102 0.5947 0.8039
vn 0.0086 -0.9793 0.2021
vn 0.0157 -0.6747 0.7379
vn 0.0170 -0.1144 0.9933
vn 0.0119 0.4896 0.8719
vn 0.0064 -0.9969 0.0780
vn 0.0147 -0.7616 0.6479
vn 0.0173 -0.2376 0.9712
vn 0.0024 0.9082 0.4186
vn 0.0273 -0.9842 -0.1750
vn 0.0536 -0.9972 -0.0528
vn 0.1455 -0.8939 0.4241
vn 0.1637 -0.8314 0.5311
vn 0.2083 -0.4642 0.8609
vn 0.2116 -0.3503 0.9124
vn 0.1920 0.1414 0.9712
vn 0.1793 0.2637 0.9478
vn 0.1028 0.6938 0.7128
vn 0.0787 0.7782 0.6231
vn 0.1251 -0.9424 0.3103
vn 0.2017 -0.5709 0.7959
vn 0.2017 0.0170 0.9793
vn 0.1251 0.5986 0.7912
vn 0.1027 -0.9761 0.1916
vn 0.1920 -0.6686 0.7184
vn 0.2083 -0.1078 0.9721
vn 0.1455 0.4941 0.8571
vn 0.0787 -0.9944 0.0700
vn 0.1792 -0.7559 0.6296
vn 0.2116 -0.2308 0.9497
vn 0.1637 0.3819 0.9096
vn 0.0536 0.8503 0.5236
vn 0.0276 0.9090 0.4159
vn 0.1933 0.7025 0.6849
vn 0.1481 0.7848 0.6018
vn 0.2354 -0.9318 0.2764
vn 0.2737 -0.8816 0.3846
vn 0.3792 -0.5539 0.7412
vn 0.3915 -0.4466 0.8045
vn 0.3792 0.0340 0.9247
vn 0.3609 0.1576 0.9192
vn 0.2354 0.6092 0.7572
vn 0.1933 -0.9674 0.1638
vn 0.3609 -0.6524 0.6664
vn 0.3916 -0.0902 0.9157
vn 0.2737 0.5065 0.8177
vn 0.1480 -0.9878 0.0486
vn 0.3370 -0.7408 0.5811
vn 0.3978 -0.2129 0.8924
vn 0.3077 0.3957 0.8653
vn 0.1005 0.8548 0.5091
vn 0.0514 0.9113 0.4086
vn 0.1005 -0.9927 -0.0673
vn 0.3077 -0.8176 0.4867
vn 0.3978 -0.3323 0.8552
vn 0.3370 0.2788 0.8993
vn 0.0514 -0.9819 -0.1823
vn 0.3365 -0.9150 0.2226
vn 0.3913 -0.8621 0.3220
vn 0.5422 -0.5268 0.6546
vn 0.5598 -0.4187 0.7150
vn 0.5422 0.0610 0.8380
vn 0.5161 0.1833 0.8367
vn 0.3365 0.6260 0.7035
vn 0.2764 0.7163 0.6407
vn 0.2763 -0.9536 0.1197
vn 0.5160 -0.6267 0.5840
vn 0.5599 -0.0623 0.8262
vn 0.3912 0.5260 0.7552
vn 0.2118 -0.9772 0.0148
vn 0.4818 -0.7167 0.5041
vn 0.5687 -0.1846 0.8015
vn 0.4400 0.4177 0.7949
vn 0.1438 0.8620 0.4861
vn 0.0736 0.9150 0.3967
vn 0.1439 -0.9855 -0.0903
vn 0.4400 -0.7956 0.4164
vn 0.5688 -0.3039 0.7643
vn 0.4818 0.3028 0.8223
vn 0.2118 0.7954 0.5679
vn 0.0737 -0.9782 -0.1940
vn 0.4246 0.6484 0.6320
vn 0.3487 0.7346 0.5820
vn 0.3486 -0.9353 0.0609
vn 0.4246 -0.8927 0.1511
vn 0.6513 -0.5925 0.4742
vn 0.6843 -0.4909 0.5393
vn 0.7066 -0.0251 0.7072
vn 0.6843 0.0971 0.7227
vn 0.4938 0.5520 0.6719
vn 0.2672 -0.9632 -0.0301
vn 0.6081 -0.6848 0.4016
vn 0.7178 -0.1469 0.6806
vn 0.5554 0.4469 0.7013
vn 0.1816 0.8715 0.4555
vn 0.0929 0.9198 0.3812
vn 0.1815 -0.9760 -0.1208
vn 0.5554 -0.7664 0.3228
vn 0.7178 -0.2662 0.6433
vn 0.6081 0.3348 0.7198
vn 0.2673 0.8094 0.5229
vn 0.0929 -0.9733 -0.2098
vn 0.4938 -0.8361 0.2389
vn 0.7066 -0.3815 0.5960
vn 0.6513 0.2176 0.7270
vn 0.4077 -0.9131 -0.0102
vn 0.4964 -0.8657 0.0644
vn 0.7615 -0.5510 0.3413
vn 0.8001 -0.4473 0.3997
vn 0.8262 0.0198 0.5631
vn 0.8001 0.1406 0.5832
vn 0.5774 0.5834 0.5712
vn 0.4965 0.6754 0.5453
vn 0.3125 -0.9462 -0.0846
vn 0.7110 -0.6461 0.2776
vn 0.8393 -0.1012 0.5342
vn 0.6494 0.4822 0.5881
vn 0.2121 0.8830 0.4188
vn 0.1087 0.9258 0.3621
vn 0.2122 -0.9644 -0.1579
vn 0.6493 -0.7311 0.2095
vn 0.8393 -0.2205 0.4969
vn 0.7110 0.3735 0.5957
vn 0.3124 0.8264 0.4685
vn 0.1087 -0.9674 -0.2286
vn 0.5775 -0.8046 0.1381
vn 0.8262 -0.3365 0.4519
vn 0.7615 0.2591 0.5942
vn 0.4076 0.7568 0.5110
vn 0.3457 -0.9269 -0.1465
vn 0.4510 -0.8879 -0.0909
vn 0.7866 -0.6022 0.1368
vn 0.8425 -0.5040 0.1905
vn 0.9285 -0.0493 0.3679
vn 0.9140 0.0709 0.3994
vn 0.7183 0.5224 0.4595
vn 0.6388 0.6190 0.4568
vn 0.2348 0.8962 0.3765
vn 0.1202 0.9325 0.3407
vn 0.2348 -0.9513 -0.1999
vn 0.7183 -0.6910 0.0809
vn 0.9285 -0.1687 0.3307
vn 0.7866 0.4175 0.4550
vn 0.3456 0.8457 0.4066
vn 0.1203 -0.9606 -0.2504
vn 0.6388 -0.7690 0.0238
vn 0.9140 -0.2855 0.2882
vn 0.8424 0.3062 0.4434
vn 0.4510 0.7820 0.4302
vn 0.5492 -0.8350 -0.0339
vn 0.8852 -0.3979 0.2413
vn 0.8852 0.1901 0.4247
vn 0.5492 0.7060 0.4471
vn 0.8319 -0.5547 -0.0154
vn 0.8911 -0.4530 0.0276
vn 0.9821 0.0068 0.1883
vn 0.9667 0.1261 0.2226
vn 0.7597 0.5657 0.3206
vn 0.6757 0.6576 0.3333
vn 0.2484 0.9104 0.3310
vn 0.1271 0.9397 0.3174
vn 0.2482 -0.9371 -0.2452
vn 0.3656 -0.9060 -0.2133
vn 0.7597 -0.6476 -0.0580
vn 0.9821 -0.1127 0.1510
vn 0.8319 0.4650 0.3029
vn 0.3656 0.8666 0.3397
vn 0.1271 -0.9534 -0.2736
vn 0.6757 -0.7304 -0.0998
vn 0.9667 -0.2303 0.1114
vn 0.8911 0.3570 0.2803
vn 0.4770 0.8092 0.3430
vn 0.5809 -0.8019 -0.1400
vn 0.9362 -0.3444 0.0700
vn 0.9362 0.2435 0.2534
vn 0.5809 0.7392 0.3408
vn 0.4770 -0.8607 -0.1780
vn 0.2523 0.9249 0.2843
vn 0.1292 0.9472 0.2935
vn 0.2523 -0.9225 -0.2923
vn 0.3714 -0.8844 -0.2827
vn 0.7720 -0.6027 -0.2021
vn 0.8453 -0.5055 -0.1731
vn 0.9979 -0.0546 -0.0352
vn 0.9979 0.0649 0.0021
vn 0.8453 0.5142 0.1451
vn 0.7720 0.6106 0.1766
vn 0.3714 0.8883 0.2700
vn 0.1292 -0.9459 -0.2976
vn 0.6865 -0.6905 -0.2279
vn 0.9823 -0.1732 -0.0719
vn 0.9054 0.4097 0.1114
vn 0.4847 0.8374 0.2525
vn 0.5902 -0.7675 -0.2502
vn 0.9513 -0.2890 -0.1074
vn 0.9513 0.2988 0.0760
vn 0.5903 0.7736 0.2307
vn 0.4847 -0.8324 -0.2686
vn 0.9054 -0.4003 -0.1413
vn 0.9823 0.1833 0.0394
vn 0.6865 0.6975 0.2053
vn 0.7546 -0.5579 -0.3455
vn 0.8262 -0.4565 -0.3301
vn 0.9753 0.0033 -0.2207
vn 0.9753 0.1227 -0.1834
vn 0.8262 0.5632 -0.0120
vn 0.7546 0.6554 0.0331
vn 0.3631 0.9097 0.2015
vn 0.2466 0.9396 0.2373
vn 0.1263 -0.9385 -0.3214
vn 0.2467 -0.9078 -0.3392
vn 0.6710 -0.6507 -0.3555
vn 0.9601 -0.1162 -0.2545
vn 0.8850 0.4622 -0.0569
vn 0.4738 0.8655 0.1624
vn 0.5769 -0.7332 -0.3599
vn 0.9298 -0.2338 -0.2843
vn 0.9298 0.3540 -0.1009
vn 0.5769 0.8078 0.1210
vn 0.4738 -0.8043 -0.3587
vn 0.8850 -0.3478 -0.3096
vn 0.9601 0.2403 -0.1433
vn 0.6710 0.7374 0.0777
vn 0.3631 -0.8628 -0.3518
vn 0.1262 0.9548 0.2690
vn -0.6663 -0.4572 -0.5890
vn -0.3140 -0.5139 -0.7983
vn 0.0298 -0.9965 -0.0787
vn 0.0107 0.9887 0.1493
vn -0.1394 0.9099 -0.3907
vn -0.3549 0.8537 -0.3812
vn -0.0972 0.9650 0.2436
vn 0.0910 -0.9958 -0.0011
vn -0.3418 -0.5691 -0.7479
vn -0.3753 -0.5753 -0.7267
vn 0.0751 -0.9971 -0.0111
vn 0.2816 0.6752 -0.6818
vn -0.0280 0.8210 -0.5703
vn 0.1684 0.9829 0.0748
vn 0.0789 -0.6457 -0.7595
vn -0.6375 0.7326 -0.2386
vn 0.5114 -0.0161 -0.8592
vn -0.4977 -0.0771 0.8639
vn -0.9525 0.1151 -0.2820
vn -0.0000 -0.9546 -0.2979
vn 0.0001 0.9546 0.2979
vn -0.0183 -0.7623 -0.6470
vn -0.0513 -0.7258 -0.6860
vn -0.1887 -0.7381 -0.6477
vn -0.1463 -0.7820 -0.6059
vn -0.1657 -0.6926 0.7021
vn -0.1375 -0.7424 0.6557
vn -0.0126 -0.7211 0.6927
vn -0.0308 -0.6692 0.7425
vn 0.1095 -0.7067 -0.6990
vn -0.0310 -0.7288 -0.6841
vn -0.2496 0.6239 -0.7406
vn -0.1094 0.6460 -0.7554
vn 0.1154 -0.7408 -0.6617
vn 0.0881 -0.6993 -0.7094
vn -0.1657 -0.7487 -0.6418
vn -0.3844 0.6039 -0.6982
vn 0.3769 -0.6968 -0.6103
vn 0.3682 -0.6589 -0.6560
vn 0.2310 -0.6803 -0.6956
vn 0.2488 -0.7188 -0.6491
vn 0.1093 -0.6460 0.7554
vn 0.1172 -0.6996 0.7049
vn 0.2472 -0.6785 0.6917
vn 0.2493 -0.6240 0.7406
vn -0.2898 -0.7660 -0.5738
vn -0.5086 0.5866 -0.6303
vn 0.4950 -0.6753 -0.5468
vn 0.4953 -0.6381 -0.5894
vn 0.3725 -0.6594 0.6530
vn 0.3844 -0.6039 0.6982
vn -0.3986 -0.7798 -0.4826
vn -0.6174 0.5730 -0.5391
vn 0.5976 -0.6564 -0.4605
vn 0.6066 -0.6192 -0.4986
vn 0.4882 -0.6423 0.5908
vn 0.5085 -0.5869 0.6301
vn -0.4882 -0.7896 -0.3717
vn -0.7069 0.5629 -0.4283
vn 0.6817 -0.6392 -0.3559
vn 0.6983 -0.6020 -0.3872
vn 0.5902 -0.6282 0.5070
vn 0.6176 -0.5728 0.5389
vn -0.5545 -0.7951 -0.2455
vn -0.7732 0.5577 -0.3020
vn 0.7435 -0.6256 -0.2364
vn 0.7657 -0.5885 -0.2594
vn 0.6746 -0.6175 0.4044
vn 0.7069 -0.5630 0.4282
vn -0.5954 -0.7960 -0.1089
vn -0.8141 0.5566 -0.1654
vn 0.7808 -0.6154 -0.1075
vn 0.8070 -0.5781 -0.1210
vn 0.7379 -0.6108 0.2873
vn 0.7732 -0.5576 0.3021
vn -0.6092 -0.7923 0.0331
vn -0.8279 0.5604 -0.0234
vn 0.7922 -0.6097 0.0264
vn 0.8202 -0.5716 0.0230
vn 0.7778 -0.6078 0.1599
vn 0.8141 -0.5566 0.1653
vn -0.5955 -0.7841 0.1748
vn -0.8142 0.5684 0.1184
vn 0.8049 -0.5696 0.1667
vn 0.8279 -0.5604 0.0233
vn -0.5545 -0.7719 0.3110
vn -0.7732 0.5808 0.2545
vn 0.7618 -0.5720 0.3043
vn 0.8142 -0.5683 -0.1184
vn -0.4882 -0.7558 0.4363
vn -0.7069 0.5967 0.3798
vn 0.6932 -0.5782 0.4303
vn 0.7733 -0.5806 -0.2547
vn -0.3987 -0.7369 0.5459
vn -0.6174 0.6157 0.4896
vn 0.6017 -0.5882 0.5403
vn 0.7068 -0.5968 -0.3798
vn -0.2898 -0.7156 0.6356
vn -0.5085 0.6373 0.5791
vn 0.4911 -0.6016 0.6299
vn 0.6174 -0.6158 -0.4895
vn -0.3844 0.6600 0.6455
vn 0.3659 -0.6183 0.6955
vn 0.5085 -0.6373 -0.5790
vn -0.2495 0.6834 0.6861
vn 0.2311 -0.6370 0.7354
vn 0.3843 -0.6599 -0.6456
vn -0.1093 0.7068 0.6990
vn 0.2496 -0.6835 -0.6859
vn 0.0307 0.7287 0.6841
vn 0.0915 -0.6572 0.7481
vn 0.1656 0.7487 0.6419
vn -0.0474 -0.6782 0.7333
vn 0.2899 0.7660 0.5738
vn -0.1803 -0.6991 0.6920
vn -0.2633 -0.7989 -0.5407
vn 0.3986 0.7798 0.4826
vn -0.2530 -0.7631 0.5947
vn -0.3025 -0.7191 0.6256
vn -0.3656 -0.8131 -0.4531
vn 0.4882 0.7896 0.3718
vn -0.3549 -0.7823 0.5119
vn -0.4098 -0.7376 0.5367
vn -0.4488 -0.8235 -0.3469
vn 0.5545 0.7952 0.2455
vn -0.4390 -0.7991 0.4108
vn -0.4979 -0.7540 0.4286
vn -0.5098 -0.8298 -0.2268
vn 0.5955 0.7960 0.1089
vn -0.5023 -0.8129 0.2948
vn -0.5638 -0.7674 0.3053
vn -0.5464 -0.8318 -0.0978
vn 0.6094 0.7922 -0.0331
vn -0.5424 -0.8231 0.1680
vn -0.6051 -0.7775 0.1715
vn -0.5573 -0.8296 0.0356
vn 0.5955 0.7841 -0.1749
vn -0.6201 -0.7839 0.0318
vn 0.5545 0.7719 -0.3110
vn -0.6082 -0.7863 -0.1084
vn 0.4882 0.7559 -0.4363
vn -0.5696 -0.7848 -0.2442
vn 0.3987 0.7369 -0.5459
vn -0.5056 -0.7792 -0.3705
vn -0.4184 -0.7695 -0.4825
vn -0.3110 -0.7567 -0.5751
vn 0.2899 0.7155 -0.6356
vn 0.1656 0.6928 -0.7019
vn 0.0308 0.6691 -0.7426
vn 0.1777 -0.9841 -0.0000
vn -0.2082 0.8272 0.5219
vn 0.2083 -0.4297 0.8786
vn 0.3436 -0.3922 0.8533
vn -0.0729 0.8649 0.4966
vn 0.4737 -0.3635 0.8021
vn 0.0573 0.8935 0.4454
vn 0.5934 -0.3453 0.7271
vn 0.1768 0.9119 0.3704
vn 0.6987 -0.3378 0.6307
vn 0.2823 0.9193 0.2743
vn 0.7848 -0.3416 0.5171
vn 0.3683 0.9158 0.1603
vn 0.8490 -0.3559 0.3906
vn 0.4326 0.9010 0.0340
vn 0.8883 -0.3814 0.2558
vn 0.4719 0.8759 -0.1009
vn 0.9018 -0.4158 0.1179
vn 0.4853 0.8411 -0.2387
vn 0.8884 -0.4588 -0.0173
vn 0.4720 0.7983 -0.3741
vn 0.8489 -0.5081 -0.1455
vn 0.4325 0.7488 -0.5022
vn 0.7848 -0.5622 -0.2609
vn 0.3683 0.6950 -0.6175
vn 0.6986 -0.6186 -0.3595
vn 0.2822 0.6382 -0.7163
vn 0.5934 -0.6756 -0.4375
vn 0.1769 0.5816 -0.7940
vn 0.4735 -0.7307 -0.4917
vn 0.0574 0.5261 -0.8485
vn 0.3433 -0.7820 -0.5202
vn -0.0731 0.4752 -0.8768
vn 0.2083 -0.8273 -0.5218
vn -0.2082 0.4298 -0.8786
vn 0.0730 -0.8649 -0.4966
vn -0.3435 0.3920 -0.8534
vn -0.0573 -0.8934 -0.4456
vn -0.4737 0.3635 -0.8022
vn -0.1770 -0.9119 -0.3702
vn -0.5935 0.3452 -0.7270
vn -0.2821 -0.9193 -0.2743
vn -0.6986 0.3376 -0.6309
vn -0.3685 -0.9157 -0.1604
vn -0.7850 0.3411 -0.5171
vn -0.4324 -0.9010 -0.0340
vn -0.8490 0.3559 -0.3906
vn -0.4719 -0.8759 0.1009
vn -0.8885 0.3810 -0.2558
vn -0.4852 -0.8412 0.2387
vn -0.9017 0.4159 -0.1180
vn -0.4719 -0.7983 0.3743
vn -0.8884 0.4587 0.0175
vn -0.4324 -0.7489 0.5021
vn -0.8490 0.5081 0.1453
vn -0.3686 -0.6949 0.6174
vn -0.7849 0.5621 0.2607
vn -0.2822 -0.6384 0.7161
vn -0.6987 0.6186 0.3595
vn -0.1769 -0.5813 0.7942
vn -0.5934 0.6756 0.4375
vn -0.0573 -0.5263 0.8484
vn -0.4736 0.7307 0.4918
vn -0.3275 -0.7270 0.6034
vn -0.2477 -0.6716 0.6983
vn -0.3432 0.7821 0.5202
vn 0.0728 -0.4752 0.8769
vn -0.1306 -0.9401 -0.3149
vn -0.0193 -0.9236 -0.3829
vn -0.0498 -0.9003 -0.4324
vn -0.1689 -0.9178 -0.3592
vn 0.3494 -0.8211 -0.4513
vn 0.2255 -0.8629 -0.4523
vn 0.5868 -0.3888 0.7103
vn 0.6865 -0.3836 0.6177
vn -0.3731 -0.9278 -0.0075
vn -0.4129 -0.9032 0.1170
vn 0.2177 -0.4679 0.8566
vn 0.3476 -0.4319 0.8322
vn 0.8205 -0.5604 -0.1127
vn 0.7592 -0.6132 -0.2182
vn -0.1492 -0.6156 0.7738
vn -0.0357 -0.5616 0.8266
vn 0.1009 -0.8975 -0.4293
vn 0.7676 -0.3897 0.5088
vn 0.8272 -0.4064 0.3880
vn -0.4287 -0.8696 0.2452
vn -0.4196 -0.8278 0.3723
vn 0.6781 -0.6676 -0.3076
vn 0.5803 -0.7215 -0.3778
vn 0.0883 -0.5120 0.8545
vn -0.2289 -0.9465 -0.2276
vn 0.8628 -0.4331 0.2606
vn 0.8734 -0.4688 0.1316
vn -0.3853 -0.7797 0.4935
vn 0.4694 -0.7732 -0.4265
vn 0.4723 -0.4051 0.7829
vn -0.3110 -0.9423 -0.1237
vn 0.8590 -0.5119 0.0056
vn 0.3417 -0.3766 0.8611
vn 0.2043 -0.4147 0.8867
vn 0.0674 -0.4614 0.8846
vn -0.0640 -0.5139 0.8555
vn -0.1845 -0.5710 0.7999
vn -0.2892 -0.6302 0.7206
vn -0.3743 -0.6892 0.6204
vn -0.4366 -0.7452 0.5040
vn -0.4736 -0.7966 0.3756
vn -0.4842 -0.8413 0.2404
vn -0.4684 -0.8774 0.1037
vn -0.4265 -0.9040 -0.0295
vn -0.3607 -0.9199 -0.1540
vn -0.2736 -0.9246 -0.2651
vn 0.0790 -0.8725 -0.4822
vn 0.2121 -0.8354 -0.5070
vn 0.3454 -0.7905 -0.5058
vn 0.4736 -0.7395 -0.4784
vn 0.5922 -0.6836 -0.4265
vn 0.6966 -0.6258 -0.3508
vn 0.7829 -0.5677 -0.2546
vn 0.8473 -0.5120 -0.1412
vn 0.8879 -0.4598 -0.0152
vn 0.9022 -0.4145 0.1193
vn 0.8901 -0.3767 0.2566
vn 0.8514 -0.3487 0.3918
vn 0.7877 -0.3309 0.5196
vn 0.7010 -0.3251 0.6348
vn 0.5949 -0.3311 0.7324
vn 0.4735 -0.3482 0.8090
vn -0.0304 0.8526 -0.5218
vn 0.1097 0.8610 -0.4967
vn 0.2537 -0.4555 -0.8533
vn 0.1136 -0.4639 -0.8785
vn 0.2431 0.8617 -0.4455
vn 0.3871 -0.4547 -0.8021
vn 0.3640 0.8547 -0.3702
vn 0.5083 -0.4617 -0.7270
vn 0.4684 0.8400 -0.2739
vn 0.6124 -0.4763 -0.6310
vn 0.5519 0.8184 -0.1604
vn 0.6959 -0.4981 -0.5172
vn 0.6116 0.7904 -0.0340
vn 0.7556 -0.5259 -0.3905
vn 0.6448 0.7576 0.1010
vn 0.7890 -0.5586 -0.2557
vn 0.6506 0.7209 0.2388
vn 0.7947 -0.5954 -0.1182
vn 0.6287 0.6818 0.3741
vn 0.7727 -0.6346 0.0173
vn 0.5798 0.6418 0.5020
vn 0.7240 -0.6744 0.1452
vn 0.5057 0.6025 0.6175
vn 0.6497 -0.7141 0.2607
vn 0.4096 0.5651 0.7162
vn 0.5536 -0.7512 0.3596
vn 0.2947 0.5314 0.7942
vn 0.4389 -0.7849 0.4374
vn 0.1661 0.5027 0.8484
vn 0.3101 -0.8138 0.4915
vn 0.0283 0.4798 0.8769
vn 0.1724 -0.8364 0.5203
vn -0.1135 0.4640 0.8785
vn 0.0306 -0.8526 0.5217
vn -0.2539 0.4552 0.8534
vn -0.1100 -0.8610 0.4966
vn -0.3871 0.4547 0.8021
vn -0.2429 -0.8618 0.4453
vn -0.5081 0.4617 0.7271
vn -0.3640 -0.8546 0.3703
vn -0.6124 0.4764 0.6309
vn -0.4684 -0.8399 0.2743
vn -0.6961 0.4980 0.5171
vn -0.5520 -0.8183 0.1604
vn -0.7556 0.5260 0.3905
vn -0.6114 -0.7906 0.0336
vn -0.7889 0.5586 0.2559
vn -0.6449 -0.7576 -0.1008
vn -0.7947 0.5954 0.1180
vn -0.6506 -0.7209 -0.2387
vn -0.7726 0.6346 -0.0174
vn -0.6287 -0.6817 -0.3742
vn -0.7238 0.6745 -0.1455
vn -0.5797 -0.6418 -0.5020
vn -0.6497 0.7140 -0.2608
vn -0.5056 -0.6025 -0.6176
vn -0.5536 0.7512 -0.3595
vn -0.4094 -0.5650 -0.7163
vn -0.4390 0.7849 -0.4372
vn -0.2948 -0.5315 -0.7941
vn -0.3103 0.8136 -0.4917
vn -0.1663 -0.5026 -0.8484
vn -0.3826 -0.6048 -0.6985
vn -0.4725 -0.6422 -0.6036
vn -0.1721 0.8365 -0.5202
vn -0.0279 -0.4799 -0.8769
vn -0.3246 -0.8920 0.3147
vn -0.3572 -0.8622 0.3592
vn -0.2371 -0.8700 0.4322
vn -0.2123 -0.8990 0.3829
vn 0.0396 -0.8909 0.4525
vn 0.1697 -0.8759 0.4516
vn 0.5910 -0.5189 -0.6176
vn 0.4924 -0.5031 -0.7102
vn -0.5930 -0.7967 -0.1169
vn -0.5590 -0.8291 0.0078
vn 0.2494 -0.4953 -0.8322
vn 0.1150 -0.5029 -0.8566
vn 0.6140 -0.7585 0.2183
vn 0.6851 -0.7197 0.1125
vn -0.1523 -0.5420 -0.8265
vn -0.2750 -0.5710 -0.7736
vn -0.0896 -0.8987 0.4293
vn 0.7238 -0.5705 -0.3881
vn 0.6693 -0.5415 -0.5088
vn -0.5833 -0.7219 -0.3724
vn -0.6013 -0.7605 -0.2452
vn 0.4165 -0.8270 0.3776
vn 0.5233 -0.7947 0.3077
vn -0.0209 -0.5188 -0.8546
vn -0.4222 -0.8775 0.2275
vn 0.7561 -0.6411 -0.1316
vn 0.7530 -0.6041 -0.2609
vn -0.5402 -0.6819 -0.4932
vn 0.2971 -0.8543 0.4264
vn 0.3769 -0.4951 -0.7828
vn -0.5015 -0.8562 0.1241
vn 0.7328 -0.6804 -0.0055
vn 0.2553 -0.4398 -0.8611
vn 0.3901 -0.4400 -0.8089
vn 0.5124 -0.4482 -0.7325
vn 0.6176 -0.4647 -0.6346
vn 0.7007 -0.4887 -0.5198
vn 0.7594 -0.5192 -0.3920
vn 0.7915 -0.5546 -0.2569
vn 0.7956 -0.5939 -0.1191
vn 0.7716 -0.6359 0.0151
vn 0.7214 -0.6779 0.1413
vn 0.6464 -0.7193 0.2544
vn 0.5503 -0.7577 0.3509
vn 0.4360 -0.7927 0.4260
vn 0.3085 -0.8220 0.4786
vn 0.1723 -0.8453 0.5058
vn 0.0326 -0.8613 0.5070
vn -0.1056 -0.8697 0.4822
vn -0.4613 -0.8467 0.2650
vn -0.5457 -0.8237 0.1541
vn -0.6062 -0.7948 0.0294
vn -0.6416 -0.7600 -0.1036
vn -0.6497 -0.7212 -0.2402
vn -0.6299 -0.6798 -0.3756
vn -0.5830 -0.6372 -0.5041
vn -0.5103 -0.5955 -0.6205
vn -0.4145 -0.5559 -0.7205
vn -0.2998 -0.5199 -0.7999
vn -0.1701 -0.4890 -0.8555
vn -0.0307 -0.4650 -0.8848
vn 0.1130 -0.4482 -0.8868
vt 0.553725 0.321192
vt 0.565275 0.323618
vt 0.566085 0.320976
vt 0.554535 0.318550
vt 0.552860 0.324168
vt 0.564410 0.326594
vt 0.552029 0.327161
vt 0.563578 0.329586
vt 0.568964 0.334747
vt 0.569895 0.331254
vt 0.569065 0.331636
vt 0.568332 0.334381
vt 0.570193 0.333144
vt 0.571332 0.333173
vt 0.570456 0.336464
vt 0.569505 0.335730
vt 0.570845 0.330581
vt 0.572162 0.329912
vt 0.571437 0.328141
vt 0.572914 0.326807
vt 0.571945 0.325917
vt 0.573561 0.323976
vt 0.572350 0.323995
vt 0.574076 0.321530
vt 0.572636 0.322448
vt 0.574440 0.319561
vt 0.572793 0.321335
vt 0.574640 0.318145
vt 0.572814 0.320700
vt 0.574666 0.317337
vt 0.572698 0.320568
vt 0.574519 0.317168
vt 0.572451 0.320942
vt 0.574204 0.317644
vt 0.572081 0.321809
vt 0.573734 0.318747
vt 0.571602 0.323135
vt 0.573125 0.320435
vt 0.571034 0.324870
vt 0.572402 0.322643
vt 0.570398 0.326946
vt 0.571592 0.325285
vt 0.569718 0.329284
vt 0.570727 0.328261
vt 0.563853 0.333199
vt 0.564585 0.330453
vt 0.562647 0.333080
vt 0.565015 0.331506
vt 0.565714 0.331961
vt 0.565026 0.334547
vt 0.564139 0.334797
vt 0.565845 0.328245
vt 0.566366 0.329399
vt 0.566597 0.325140
vt 0.566958 0.326959
vt 0.567244 0.322309
vt 0.567466 0.324735
vt 0.567759 0.319862
vt 0.567870 0.322813
vt 0.568123 0.317893
vt 0.568157 0.321265
vt 0.568323 0.316478
vt 0.568313 0.320153
vt 0.568349 0.315670
vt 0.568334 0.319518
vt 0.568202 0.315501
vt 0.568219 0.319385
vt 0.567887 0.315977
vt 0.567971 0.319760
vt 0.567417 0.317080
vt 0.567601 0.320627
vt 0.566808 0.318768
vt 0.567123 0.321953
vt 0.566555 0.323687
vt 0.565919 0.325764
vt 0.565239 0.328102
vt 0.551514 0.330408
vt 0.552090 0.328247
vt 0.555394 0.329075
vt 0.554817 0.331236
vt 0.585807 0.320147
vt 0.585492 0.320623
vt 0.584143 0.325978
vt 0.584355 0.325657
vt 0.583450 0.332891
vt 0.582619 0.336152
vt 0.584202 0.329786
vt 0.584849 0.326955
vt 0.585364 0.324509
vt 0.585728 0.322540
vt 0.585928 0.321124
vt 0.585954 0.320316
vt 0.585021 0.321726
vt 0.584413 0.323414
vt 0.583690 0.325622
vt 0.582880 0.328264
vt 0.582015 0.331240
vt 0.581183 0.334233
vt 0.551097 0.330654
vt 0.555258 0.316342
vt 0.555867 0.314654
vt 0.556338 0.313551
vt 0.556653 0.313075
vt 0.556800 0.313244
vt 0.556773 0.314052
vt 0.556574 0.315467
vt 0.556210 0.317437
vt 0.555694 0.319883
vt 0.555048 0.322714
vt 0.554295 0.325819
vt 0.553465 0.329080
vt 0.552589 0.332371
vt 0.563251 0.337992
vt 0.551702 0.335566
vt 0.629287 0.085860
vt 0.635110 0.084288
vt 0.635224 0.083847
vt 0.629757 0.085165
vt 0.618079 0.094202
vt 0.611455 0.088212
vt 0.611850 0.087501
vt 0.618550 0.093506
vt 0.628280 0.089825
vt 0.628377 0.088730
vt 0.613785 0.088420
vt 0.613687 0.089515
vt 0.635399 0.083459
vt 0.630284 0.084648
vt 0.612170 0.086777
vt 0.618946 0.092658
vt 0.628583 0.087678
vt 0.613991 0.087368
vt 0.635628 0.083138
vt 0.630846 0.084331
vt 0.616990 0.095035
vt 0.610502 0.089487
vt 0.611000 0.088882
vt 0.617553 0.094719
vt 0.628890 0.086709
vt 0.614298 0.086399
vt 0.635903 0.082898
vt 0.631423 0.084226
vt 0.616414 0.095141
vt 0.609980 0.090002
vt 0.614694 0.085551
vt 0.636213 0.082748
vt 0.631991 0.084337
vt 0.615845 0.095030
vt 0.609454 0.090408
vt 0.615165 0.084855
vt 0.636546 0.082693
vt 0.632530 0.084658
vt 0.615306 0.094708
vt 0.608945 0.090690
vt 0.615692 0.084338
vt 0.636890 0.082735
vt 0.633018 0.085179
vt 0.614818 0.094187
vt 0.608472 0.090836
vt 0.616254 0.084021
vt 0.637230 0.082872
vt 0.633437 0.085879
vt 0.614400 0.093487
vt 0.608054 0.090840
vt 0.616831 0.083916
vt 0.637554 0.083101
vt 0.633770 0.086732
vt 0.614066 0.092635
vt 0.607706 0.090704
vt 0.617399 0.084027
vt 0.637850 0.083411
vt 0.634005 0.087703
vt 0.613831 0.091664
vt 0.607441 0.090431
vt 0.617938 0.084349
vt 0.635314 0.086227
vt 0.635166 0.085754
vt 0.613703 0.090610
vt 0.607270 0.090033
vt 0.618426 0.084869
vt 0.638107 0.083790
vt 0.634133 0.088757
vt 0.607368 0.088259
vt 0.607233 0.088926
vt 0.618845 0.085569
vt 0.638313 0.084225
vt 0.634149 0.089852
vt 0.607600 0.087550
vt 0.619178 0.086422
vt 0.638462 0.084698
vt 0.634052 0.090946
vt 0.607920 0.086826
vt 0.619413 0.087393
vt 0.638547 0.085192
vt 0.633846 0.091998
vt 0.608315 0.086115
vt 0.619541 0.088447
vt 0.638566 0.085687
vt 0.633539 0.092968
vt 0.608770 0.085445
vt 0.619557 0.089542
vt 0.638517 0.086164
vt 0.633142 0.093816
vt 0.609268 0.084840
vt 0.619460 0.090636
vt 0.638404 0.086605
vt 0.632671 0.094512
vt 0.609790 0.084325
vt 0.619254 0.091689
vt 0.638229 0.086994
vt 0.632145 0.095029
vt 0.610316 0.083919
vt 0.637999 0.087314
vt 0.631582 0.095345
vt 0.610825 0.083637
vt 0.637724 0.087554
vt 0.631006 0.095451
vt 0.611298 0.083491
vt 0.637414 0.087704
vt 0.630437 0.095340
vt 0.607200 0.089525
vt 0.637081 0.087760
vt 0.629899 0.095018
vt 0.611716 0.083487
vt 0.636738 0.087718
vt 0.629411 0.094497
vt 0.612064 0.083623
vt 0.636397 0.087580
vt 0.628992 0.093797
vt 0.636073 0.087352
vt 0.628659 0.092945
vt 0.612329 0.083896
vt 0.635777 0.087042
vt 0.628423 0.091974
vt 0.612500 0.084294
vt 0.635521 0.086662
vt 0.628296 0.090920
vt 0.612570 0.084802
vt 0.635061 0.084765
vt 0.635080 0.085260
vt 0.612537 0.085401
vt 0.612402 0.086068
vt 0.584436 0.326316
vt 0.584454 0.325771
vt 0.581258 0.324927
vt 0.581240 0.325472
vt 0.583709 0.330250
vt 0.583272 0.332159
vt 0.581796 0.333141
vt 0.582380 0.331133
vt 0.582765 0.334254
vt 0.582926 0.329350
vt 0.582204 0.336454
vt 0.581236 0.335159
vt 0.583414 0.327861
vt 0.584302 0.327271
vt 0.583825 0.326722
vt 0.584056 0.328599
vt 0.554088 0.321554
vt 0.554465 0.320510
vt 0.557768 0.321338
vt 0.557391 0.322382
vt 0.553641 0.322920
vt 0.554902 0.321013
vt 0.555025 0.320138
vt 0.552437 0.331470
vt 0.552979 0.329434
vt 0.554677 0.322231
vt 0.551888 0.333446
vt 0.554756 0.319828
vt 0.554358 0.323745
vt 0.552604 0.326396
vt 0.554951 0.319533
vt 0.553958 0.325496
vt 0.550267 0.333915
vt 0.551000 0.332425
vt 0.553140 0.324555
vt 0.555042 0.319638
vt 0.553492 0.327417
vt 0.551353 0.335287
vt 0.554656 0.336115
vt 0.555191 0.334274
vt 0.557261 0.326324
vt 0.557661 0.324573
vt 0.554304 0.333253
vt 0.558345 0.320465
vt 0.558254 0.320361
vt 0.556944 0.323748
vt 0.556443 0.325382
vt 0.555740 0.332298
vt 0.556282 0.330262
vt 0.557980 0.323059
vt 0.558205 0.321841
vt 0.558059 0.320655
vt 0.555908 0.327223
vt 0.556796 0.328245
vt 0.558329 0.320965
vt 0.550535 0.334346
vt 0.553838 0.335174
vt 0.580629 0.325879
vt 0.580218 0.327017
vt 0.579730 0.328507
vt 0.580860 0.327756
vt 0.580512 0.329406
vt 0.580947 0.325134
vt 0.581159 0.324813
vt 0.578600 0.332297
vt 0.579184 0.330290
vt 0.579569 0.333411
vt 0.579008 0.335611
vt 0.581106 0.326427
vt 0.580076 0.331316
vt 0.578040 0.334316
vt 0.554155 0.337750
vt 0.553708 0.339115
vt 0.553331 0.340160
vt 0.553040 0.340842
vt 0.552845 0.341137
vt 0.552754 0.341032
vt 0.552771 0.340532
vt 0.552894 0.339657
vt 0.553119 0.338438
vt 0.553438 0.336925
vt 0.590889 0.306531
vt 0.584960 0.318523
vt 0.587574 0.316836
vt 0.593930 0.304611
vt 0.584886 0.306676
vt 0.581701 0.315331
vt 0.594960 0.288866
vt 0.588547 0.289215
vt 0.598231 0.286890
vt 0.593266 0.300380
vt 0.587727 0.312430
vt 0.586576 0.307097
vt 0.589771 0.296818
vt 0.597204 0.283253
vt 0.593187 0.279773
vt 0.599973 0.262374
vt 0.596189 0.258652
vt 0.600996 0.265910
vt 0.601711 0.241390
vt 0.601698 0.244199
vt 0.598493 0.237520
vt 0.560491 0.301002
vt 0.559003 0.313130
vt 0.566239 0.316092
vt 0.567963 0.303575
vt 0.555411 0.298272
vt 0.555772 0.307501
vt 0.563365 0.283319
vt 0.557875 0.280862
vt 0.571257 0.285784
vt 0.576670 0.305578
vt 0.574932 0.317870
vt 0.580148 0.287968
vt 0.584057 0.267695
vt 0.592166 0.268873
vt 0.575261 0.265516
vt 0.587938 0.250928
vt 0.579156 0.248806
vt 0.593103 0.255940
vt 0.559108 0.290711
vt 0.559522 0.303636
vt 0.556021 0.306391
vt 0.555308 0.293350
vt 0.564573 0.290013
vt 0.563796 0.300492
vt 0.561706 0.274186
vt 0.567425 0.273065
vt 0.557676 0.276568
vt 0.553879 0.295796
vt 0.554484 0.308819
vt 0.556189 0.278703
vt 0.560151 0.258738
vt 0.561683 0.260909
vt 0.561819 0.256512
vt 0.565859 0.243233
vt 0.567750 0.236313
vt 0.565928 0.249068
vt 0.584322 0.296900
vt 0.581734 0.310559
vt 0.574923 0.311298
vt 0.577778 0.296975
vt 0.587488 0.278267
vt 0.580841 0.277119
vt 0.570995 0.293390
vt 0.568077 0.306728
vt 0.573979 0.274714
vt 0.577827 0.252453
vt 0.571440 0.252354
vt 0.584461 0.253794
vt 0.581620 0.230937
vt 0.587836 0.231562
vt 0.575613 0.231826
vt 0.591330 0.243838
vt 0.597750 0.250992
vt 0.593958 0.238245
vt 0.582122 0.241689
vt 0.584535 0.236161
vt 0.596400 0.131422
vt 0.593572 0.145709
vt 0.597849 0.146616
vt 0.600149 0.131992
vt 0.593971 0.130947
vt 0.590813 0.144774
vt 0.598736 0.120938
vt 0.596537 0.123438
vt 0.602045 0.121206
vt 0.598903 0.129891
vt 0.596385 0.143334
vt 0.593176 0.143298
vt 0.596087 0.129987
vt 0.601991 0.130198
vt 0.599933 0.143846
vt 0.600478 0.120166
vt 0.603314 0.120301
vt 0.597974 0.122838
vt 0.559266 0.316574
vt 0.561124 0.315226
vt 0.566946 0.320539
vt 0.569152 0.320117
vt 0.564424 0.312975
vt 0.571930 0.318024
vt 0.580156 0.318077
vt 0.578642 0.321329
vt 0.576245 0.322191
vt 0.573407 0.239519
vt 0.575511 0.234007
vt 0.571002 0.246629
vt 0.590800 0.255826
vt 0.593664 0.234000
vt 0.565843 0.254046
vt 0.570411 0.233930
vt 0.567261 0.263211
vt 0.598103 0.268177
vt 0.605978 0.118133
vt 0.607694 0.122413
vt 0.606981 0.124436
vt 0.605850 0.121092
vt 0.605283 0.122059
vt 0.606818 0.125255
vt 0.603216 0.117306
vt 0.600259 0.117183
vt 0.597205 0.120603
vt 0.604738 0.130987
vt 0.603128 0.144701
vt 0.606720 0.131979
vt 0.605451 0.145780
vt 0.603926 0.132817
vt 0.602215 0.147433
vt 0.605463 0.147702
vt 0.606718 0.133312
vt 0.607515 0.132894
vt 0.606386 0.146966
vt 0.594155 0.130403
vt 0.591000 0.143875
vt 0.578346 0.222218
vt 0.586770 0.224220
vt 0.573213 0.219969
vt 0.581490 0.207170
vt 0.576932 0.205082
vt 0.588895 0.208955
vt 0.584520 0.191877
vt 0.590981 0.193454
vt 0.580465 0.190025
vt 0.587520 0.176417
vt 0.583923 0.174843
vt 0.593136 0.177788
vt 0.590575 0.160867
vt 0.595468 0.162028
vt 0.587418 0.159583
vt 0.584437 0.214491
vt 0.578937 0.215425
vt 0.590166 0.214984
vt 0.586727 0.200479
vt 0.591987 0.201097
vt 0.581757 0.201043
vt 0.588940 0.186264
vt 0.584413 0.186571
vt 0.593833 0.186938
vt 0.591235 0.171907
vt 0.595762 0.172579
vt 0.587126 0.172035
vt 0.593773 0.157468
vt 0.590118 0.157463
vt 0.597825 0.158094
vt 0.595489 0.217211
vt 0.599816 0.220442
vt 0.596853 0.202875
vt 0.600726 0.205424
vt 0.598335 0.188408
vt 0.601788 0.190471
vt 0.599898 0.173819
vt 0.602957 0.175506
vt 0.601505 0.159114
vt 0.604187 0.160449
vt 0.595548 0.225969
vt 0.601779 0.226275
vt 0.596610 0.210322
vt 0.602143 0.210409
vt 0.597653 0.194615
vt 0.602512 0.194669
vt 0.598871 0.178827
vt 0.603115 0.178936
vt 0.600461 0.162935
vt 0.604180 0.163096
vt 0.602557 0.223948
vt 0.603002 0.208356
vt 0.603535 0.192923
vt 0.604253 0.177521
vt 0.605251 0.162021
vt 0.574303 0.217478
vt 0.577756 0.202808
vt 0.581008 0.188040
vt 0.584240 0.173198
vt 0.587633 0.158308
vt 0.636966 0.086911
vt 0.624062 0.090713
vt 0.623272 0.094774
vt 0.635569 0.090760
vt 0.604119 0.096590
vt 0.599839 0.095465
vt 0.601469 0.098697
vt 0.606557 0.104086
vt 0.616685 0.080613
vt 0.619059 0.080542
vt 0.618708 0.084373
vt 0.617054 0.084656
vt 0.641240 0.084031
vt 0.646282 0.083484
vt 0.644677 0.087147
vt 0.639538 0.087044
vt 0.617108 0.096278
vt 0.611587 0.094276
vt 0.628328 0.084628
vt 0.617167 0.090087
vt 0.622668 0.088526
vt 0.634676 0.083232
vt 0.616231 0.094214
vt 0.609983 0.097862
vt 0.611646 0.109475
vt 0.617459 0.102124
vt 0.611667 0.091648
vt 0.606134 0.091551
vt 0.600601 0.091453
vt 0.616987 0.077397
vt 0.619497 0.078324
vt 0.627629 0.082560
vt 0.636198 0.084578
vt 0.634399 0.086941
vt 0.626554 0.085657
vt 0.627362 0.079422
vt 0.635226 0.080520
vt 0.639308 0.081031
vt 0.643390 0.081543
vt 0.629099 0.094520
vt 0.622629 0.098280
vt 0.616329 0.086357
vt 0.621980 0.086024
vt 0.644021 0.083223
vt 0.642721 0.087078
vt 0.640980 0.080250
vt 0.610678 0.086691
vt 0.608551 0.082458
vt 0.608155 0.082670
vt 0.609209 0.083463
vt 0.609728 0.083186
vt 0.613481 0.087341
vt 0.612572 0.087827
vt 0.613133 0.089129
vt 0.614107 0.088608
vt 0.615072 0.093997
vt 0.613998 0.094572
vt 0.613852 0.095884
vt 0.614909 0.095319
vt 0.612717 0.099884
vt 0.611887 0.100328
vt 0.611090 0.101149
vt 0.611827 0.100755
vt 0.607315 0.102753
vt 0.607047 0.102896
vt 0.605903 0.102913
vt 0.606038 0.102841
vt 0.607315 0.081879
vt 0.607047 0.082023
vt 0.612717 0.086147
vt 0.611887 0.086591
vt 0.615072 0.092644
vt 0.613998 0.093219
vt 0.613481 0.098888
vt 0.612572 0.099375
vt 0.608551 0.102495
vt 0.608155 0.102707
vt 0.606038 0.081460
vt 0.605903 0.081533
vt 0.611827 0.085045
vt 0.611090 0.085440
vt 0.614909 0.091280
vt 0.613852 0.091846
vt 0.614107 0.097784
vt 0.613133 0.098305
vt 0.609728 0.102071
vt 0.609209 0.102349
vt 0.610825 0.084053
vt 0.610192 0.084392
vt 0.614586 0.089928
vt 0.613562 0.090475
vt 0.614586 0.096587
vt 0.613562 0.097135
vt 0.610825 0.101488
vt 0.610192 0.101827
vt 0.610783 0.100715
vt 0.610109 0.101493
vt 0.606691 0.103021
vt 0.605723 0.102976
vt 0.606691 0.082147
vt 0.607627 0.082854
vt 0.610783 0.086978
vt 0.611362 0.088251
vt 0.612567 0.093720
vt 0.612567 0.095073
vt 0.611362 0.099799
vt 0.607627 0.102892
vt 0.605723 0.081596
vt 0.610109 0.085783
vt 0.612444 0.092339
vt 0.611836 0.098759
vt 0.608518 0.102591
vt 0.609350 0.084687
vt 0.612199 0.090953
vt 0.612199 0.097613
vt 0.609350 0.102122
vt 0.608518 0.083705
vt 0.611836 0.089583
vt 0.612444 0.096378
vt 0.606259 0.082249
vt 0.606989 0.083005
vt 0.609447 0.087293
vt 0.609897 0.088597
vt 0.610836 0.094128
vt 0.610836 0.095482
vt 0.609897 0.100144
vt 0.609447 0.101030
vt 0.606989 0.103043
vt 0.606259 0.103123
vt 0.605506 0.081647
vt 0.608921 0.086064
vt 0.610740 0.092741
vt 0.610267 0.099129
vt 0.607683 0.102788
vt 0.608330 0.084927
vt 0.610549 0.091342
vt 0.610549 0.098002
vt 0.608330 0.102362
vt 0.607683 0.083903
vt 0.610267 0.089953
vt 0.610740 0.096780
vt 0.608921 0.101773
vt 0.605506 0.103028
vt 0.606264 0.103153
vt 0.605770 0.103198
vt 0.605259 0.081685
vt 0.605770 0.082324
vt 0.607573 0.086269
vt 0.607929 0.087525
vt 0.608806 0.093037
vt 0.608871 0.094428
vt 0.608485 0.099401
vt 0.608235 0.100398
vt 0.606734 0.102933
vt 0.607173 0.085104
vt 0.608676 0.091628
vt 0.608676 0.098288
vt 0.607173 0.102539
vt 0.606734 0.084047
vt 0.608485 0.090225
vt 0.608806 0.097075
vt 0.607573 0.101979
vt 0.606264 0.083116
vt 0.608235 0.088850
vt 0.608871 0.095782
vt 0.607929 0.101262
vt 0.605259 0.103065
vt 0.606116 0.086393
vt 0.606289 0.087664
vt 0.606715 0.093214
vt 0.606747 0.094608
vt 0.606559 0.099565
vt 0.606438 0.100550
vt 0.605709 0.103019
vt 0.605480 0.103220
vt 0.605922 0.085210
vt 0.606652 0.091800
vt 0.606652 0.098459
vt 0.605922 0.102645
vt 0.605709 0.084134
vt 0.606559 0.090389
vt 0.606715 0.097252
vt 0.606116 0.102103
vt 0.605480 0.083182
vt 0.606438 0.089003
vt 0.606747 0.095962
vt 0.606289 0.101401
vt 0.605240 0.103243
vt 0.604992 0.103088
vt 0.605240 0.082369
vt 0.604992 0.081707
vt 0.604646 0.103045
vt 0.604668 0.103239
vt 0.604626 0.085241
vt 0.604607 0.086429
vt 0.604555 0.091850
vt 0.604549 0.093266
vt 0.604555 0.098510
vt 0.604564 0.099613
vt 0.604626 0.102676
vt 0.604646 0.084160
vt 0.604564 0.090437
vt 0.604549 0.097304
vt 0.604607 0.102139
vt 0.604668 0.083202
vt 0.604576 0.089048
vt 0.604545 0.096015
vt 0.604590 0.101442
vt 0.604692 0.103256
vt 0.604716 0.103095
vt 0.604692 0.082382
vt 0.604590 0.087705
vt 0.604545 0.094662
vt 0.604576 0.100595
vt 0.604716 0.081714
vt 0.603334 0.085197
vt 0.603102 0.086377
vt 0.602464 0.091778
vt 0.602389 0.093191
vt 0.602464 0.098438
vt 0.602575 0.099544
vt 0.603334 0.102632
vt 0.603587 0.103008
vt 0.603587 0.084123
vt 0.602575 0.090368
vt 0.602389 0.097230
vt 0.603102 0.102087
vt 0.603859 0.083174
vt 0.602720 0.088983
vt 0.602352 0.095939
vt 0.602896 0.101383
vt 0.604145 0.103237
vt 0.604440 0.103085
vt 0.604145 0.082363
vt 0.602896 0.087646
vt 0.602352 0.094586
vt 0.602720 0.100531
vt 0.603859 0.103211
vt 0.604440 0.081704
vt 0.602573 0.084026
vt 0.602096 0.085078
vt 0.600669 0.090185
vt 0.600461 0.091586
vt 0.600321 0.097031
vt 0.600461 0.098245
vt 0.601660 0.101949
vt 0.602096 0.102513
vt 0.603084 0.083099
vt 0.600941 0.088813
vt 0.600250 0.095737
vt 0.601273 0.101227
vt 0.603621 0.103187
vt 0.604176 0.103060
vt 0.603621 0.082313
vt 0.601273 0.087490
vt 0.600250 0.094384
vt 0.600941 0.100360
vt 0.603084 0.103137
vt 0.604176 0.081679
vt 0.601660 0.086239
vt 0.600321 0.092993
vt 0.600669 0.099361
vt 0.602573 0.102911
vt 0.598920 0.089895
vt 0.598623 0.091281
vt 0.598422 0.096716
vt 0.598623 0.097940
vt 0.600337 0.101729
vt 0.600959 0.102324
vt 0.602372 0.082981
vt 0.601641 0.083871
vt 0.599309 0.088542
vt 0.598320 0.095417
vt 0.599784 0.100980
vt 0.603141 0.103107
vt 0.603934 0.103020
vt 0.603141 0.082233
vt 0.599784 0.087243
vt 0.598320 0.094064
vt 0.599309 0.100090
vt 0.602372 0.103019
vt 0.603934 0.081639
vt 0.600337 0.086019
vt 0.598422 0.092678
vt 0.598920 0.099071
vt 0.601641 0.102757
vt 0.600959 0.084889
vt 0.601752 0.082824
vt 0.600829 0.083666
vt 0.597886 0.088182
vt 0.597394 0.089509
vt 0.596638 0.094991
vt 0.596766 0.096297
vt 0.598485 0.100651
vt 0.599183 0.101437
vt 0.602721 0.103001
vt 0.603723 0.102966
vt 0.602721 0.082127
vt 0.598485 0.086914
vt 0.596638 0.093638
vt 0.597886 0.099729
vt 0.601752 0.102862
vt 0.603723 0.081585
vt 0.599183 0.085727
vt 0.596766 0.092258
vt 0.597394 0.098685
vt 0.600829 0.102551
vt 0.599968 0.084639
vt 0.597019 0.090875
vt 0.597019 0.097534
vt 0.599968 0.102074
vt 0.596726 0.087745
vt 0.596151 0.089041
vt 0.595267 0.094475
vt 0.595416 0.095789
vt 0.597426 0.100253
vt 0.598242 0.101083
vt 0.602380 0.102872
vt 0.603551 0.102901
vt 0.602380 0.081998
vt 0.601246 0.082634
vt 0.597426 0.086516
vt 0.595267 0.093122
vt 0.596726 0.099293
vt 0.601246 0.102671
vt 0.603551 0.081521
vt 0.598242 0.085373
vt 0.595416 0.091751
vt 0.596151 0.098217
vt 0.600167 0.102302
vt 0.599161 0.084335
vt 0.595712 0.090383
vt 0.595712 0.097043
vt 0.599161 0.101770
vt 0.600167 0.083417
vt 0.602129 0.081853
vt 0.600874 0.082418
vt 0.596649 0.086064
vt 0.595873 0.087250
vt 0.594259 0.092537
vt 0.594259 0.093890
vt 0.595873 0.098798
vt 0.596649 0.099801
vt 0.600874 0.102455
vt 0.602129 0.102726
vt 0.603424 0.081447
vt 0.597551 0.084972
vt 0.594425 0.091175
vt 0.595238 0.097686
vt 0.599681 0.102019
vt 0.598568 0.083990
vt 0.594753 0.089826
vt 0.594753 0.096485
vt 0.598568 0.101425
vt 0.599681 0.083134
vt 0.595238 0.088510
vt 0.594425 0.095213
vt 0.597551 0.100682
vt 0.603424 0.102828
vt 0.593655 0.091904
vt 0.593655 0.093257
vt 0.595362 0.098262
vt 0.596182 0.099313
vt 0.600651 0.102222
vt 0.601978 0.102569
vt 0.603348 0.081368
vt 0.601978 0.081695
vt 0.597137 0.084538
vt 0.596182 0.085576
vt 0.593830 0.090552
vt 0.594690 0.097113
vt 0.599389 0.101714
vt 0.598212 0.083617
vt 0.594177 0.089223
vt 0.594177 0.095882
vt 0.598212 0.101052
vt 0.599389 0.082829
vt 0.594690 0.087937
vt 0.593830 0.094590
vt 0.597137 0.100248
vt 0.600651 0.082185
vt 0.595362 0.086715
vt 0.603348 0.102748
vt 0.603326 0.081285
vt 0.601934 0.081532
vt 0.597014 0.084088
vt 0.596044 0.085070
vt 0.593654 0.089907
vt 0.593477 0.091248
vt 0.594528 0.096518
vt 0.595211 0.097708
vt 0.599303 0.101397
vt 0.600586 0.101980
vt 0.598107 0.083231
vt 0.594007 0.088598
vt 0.594007 0.095257
vt 0.598107 0.100666
vt 0.599303 0.082512
vt 0.594528 0.087342
vt 0.593654 0.093945
vt 0.597014 0.099798
vt 0.600586 0.081943
vt 0.595211 0.086160
vt 0.593477 0.092601
vt 0.596044 0.098807
vt 0.601934 0.102405
vt 0.603326 0.102666
vt 0.593905 0.089263
vt 0.593731 0.090595
vt 0.594759 0.095926
vt 0.595426 0.097155
vt 0.599426 0.101082
vt 0.600679 0.101739
vt 0.598256 0.082846
vt 0.597189 0.083640
vt 0.594249 0.087975
vt 0.594249 0.094635
vt 0.598256 0.100281
vt 0.599426 0.082197
vt 0.594759 0.086750
vt 0.593905 0.093302
vt 0.597189 0.099350
vt 0.600680 0.081702
vt 0.595426 0.085607
vt 0.593731 0.091948
vt 0.596241 0.098302
vt 0.601997 0.102242
vt 0.603358 0.102584
vt 0.601997 0.081369
vt 0.596241 0.084565
vt 0.603358 0.081203
vt 0.598655 0.082478
vt 0.597654 0.083211
vt 0.594895 0.087378
vt 0.594571 0.088647
vt 0.594895 0.094038
vt 0.595373 0.095358
vt 0.598655 0.099913
vt 0.599753 0.100780
vt 0.599753 0.081895
vt 0.595373 0.086182
vt 0.594571 0.092686
vt 0.597654 0.098920
vt 0.600929 0.081471
vt 0.596000 0.085078
vt 0.594409 0.091322
vt 0.596764 0.097819
vt 0.602166 0.102086
vt 0.603443 0.102505
vt 0.602166 0.081213
vt 0.596764 0.084082
vt 0.594409 0.089969
vt 0.596000 0.096625
vt 0.600929 0.101508
vt 0.603443 0.081124
vt 0.595919 0.093490
vt 0.596348 0.094837
vt 0.599288 0.099574
vt 0.600272 0.100502
vt 0.600272 0.081617
vt 0.599288 0.082139
vt 0.596348 0.085661
vt 0.595919 0.086831
vt 0.595629 0.092120
vt 0.598391 0.098526
vt 0.601326 0.081259
vt 0.596909 0.084591
vt 0.595483 0.090747
vt 0.597593 0.097375
vt 0.602434 0.101943
vt 0.603578 0.102433
vt 0.602434 0.081069
vt 0.597593 0.083638
vt 0.595483 0.089394
vt 0.596909 0.096139
vt 0.601326 0.101296
vt 0.603578 0.081052
vt 0.598391 0.082816
vt 0.595629 0.088082
vt 0.600962 0.081375
vt 0.600131 0.081844
vt 0.597644 0.085207
vt 0.597282 0.086353
vt 0.597037 0.091627
vt 0.597282 0.093013
vt 0.599372 0.098182
vt 0.600131 0.099279
vt 0.601853 0.081074
vt 0.598119 0.084167
vt 0.596913 0.090246
vt 0.598698 0.096988
vt 0.602790 0.101818
vt 0.603757 0.102370
vt 0.602790 0.080945
vt 0.598698 0.083251
vt 0.596913 0.088893
vt 0.598119 0.095715
vt 0.601853 0.101111
vt 0.603757 0.080989
vt 0.599372 0.082473
vt 0.597037 0.087588
vt 0.597644 0.094383
vt 0.600962 0.100260
vt 0.598741 0.091225
vt 0.598931 0.092624
vt 0.600559 0.097902
vt 0.601150 0.099038
vt 0.602492 0.080923
vt 0.601798 0.081178
vt 0.599583 0.083822
vt 0.599214 0.084836
vt 0.598645 0.089837
vt 0.600034 0.096673
vt 0.603221 0.101717
vt 0.603975 0.102319
vt 0.603221 0.080843
vt 0.600034 0.082936
vt 0.598645 0.088484
vt 0.599583 0.095369
vt 0.602492 0.100961
vt 0.603975 0.080938
vt 0.600559 0.082192
vt 0.598741 0.087186
vt 0.599214 0.094012
vt 0.601798 0.100063
vt 0.601150 0.081603
vt 0.598931 0.085964
vt 0.601551 0.096441
vt 0.601907 0.097696
vt 0.603711 0.101642
vt 0.604222 0.102281
vt 0.603711 0.080768
vt 0.603217 0.080813
vt 0.601551 0.082704
vt 0.601246 0.083568
vt 0.600610 0.088184
vt 0.600610 0.089537
vt 0.601246 0.095115
vt 0.603217 0.100850
vt 0.604222 0.080900
vt 0.601907 0.081987
vt 0.600675 0.086891
vt 0.600996 0.093740
vt 0.602747 0.099918
vt 0.602308 0.081427
vt 0.600804 0.085678
vt 0.600804 0.092338
vt 0.602308 0.098862
vt 0.602747 0.081033
vt 0.600996 0.084565
vt 0.600675 0.090929
vt 0.604240 0.080723
vt 0.604000 0.080746
vt 0.603191 0.082565
vt 0.603043 0.083416
vt 0.602734 0.088004
vt 0.602734 0.089357
vt 0.603043 0.094963
vt 0.603191 0.096302
vt 0.604000 0.100784
vt 0.604240 0.101597
vt 0.604488 0.080878
vt 0.603364 0.081863
vt 0.602766 0.086714
vt 0.602921 0.093577
vt 0.603772 0.099832
vt 0.603559 0.081321
vt 0.602828 0.085506
vt 0.602828 0.092166
vt 0.603559 0.098756
vt 0.603772 0.080946
vt 0.602921 0.084401
vt 0.602766 0.090752
vt 0.603364 0.097573
vt 0.604488 0.102259
vt 0.604905 0.094918
vt 0.604891 0.096261
vt 0.604812 0.100764
vt 0.604789 0.101584
vt 0.604765 0.080871
vt 0.604789 0.080710
vt 0.604874 0.081827
vt 0.604891 0.082524
vt 0.604932 0.086662
vt 0.604935 0.087951
vt 0.604917 0.093529
vt 0.604834 0.099806
vt 0.604855 0.081289
vt 0.604926 0.085456
vt 0.604926 0.092115
vt 0.604855 0.098724
vt 0.604834 0.080921
vt 0.604917 0.084353
vt 0.604932 0.090700
vt 0.604874 0.097537
vt 0.604812 0.080727
vt 0.604905 0.083371
vt 0.604935 0.089304
vt 0.604765 0.102252
vt 0.605040 0.080881
vt 0.605336 0.080729
vt 0.606379 0.081879
vt 0.606584 0.082583
vt 0.607091 0.086736
vt 0.607129 0.088027
vt 0.606906 0.093598
vt 0.606761 0.094982
vt 0.605893 0.099843
vt 0.605621 0.100792
vt 0.606147 0.081334
vt 0.607017 0.085528
vt 0.607017 0.092188
vt 0.606147 0.098769
vt 0.605893 0.080957
vt 0.606906 0.084422
vt 0.607091 0.090774
vt 0.606379 0.097589
vt 0.605621 0.080755
vt 0.606761 0.083435
vt 0.607129 0.089380
vt 0.606584 0.096320
vt 0.605336 0.101603
vt 0.605040 0.102262
vt 0.606908 0.099940
vt 0.606397 0.100866
vt 0.607385 0.081453
vt 0.607820 0.082017
vt 0.609020 0.085720
vt 0.609160 0.086935
vt 0.609020 0.092380
vt 0.608812 0.093781
vt 0.607385 0.098888
vt 0.606908 0.081055
vt 0.608812 0.084605
vt 0.609160 0.090973
vt 0.607820 0.097727
vt 0.606397 0.080829
vt 0.608539 0.083606
vt 0.609231 0.089582
vt 0.608207 0.096475
vt 0.605859 0.101653
vt 0.605304 0.102287
vt 0.605859 0.080779
vt 0.608207 0.082738
vt 0.609231 0.088229
vt 0.608539 0.095153
vt 0.605304 0.080906
vt 0.608521 0.081641
vt 0.609144 0.082237
vt 0.610858 0.086025
vt 0.611059 0.087250
vt 0.610858 0.092685
vt 0.610561 0.094071
vt 0.608521 0.099076
vt 0.607839 0.100094
vt 0.607839 0.081209
vt 0.610561 0.084895
vt 0.611059 0.091288
vt 0.609144 0.097946
vt 0.607108 0.080947
vt 0.610172 0.083876
vt 0.611160 0.089902
vt 0.609697 0.096723
vt 0.606340 0.101733
vt 0.605547 0.102327
vt 0.606340 0.080859
vt 0.609697 0.082986
vt 0.611160 0.088549
vt 0.610172 0.095424
vt 0.607108 0.100985
vt 0.605547 0.080946
vt 0.609512 0.099327
vt 0.608651 0.100300
vt 0.608651 0.081415
vt 0.609512 0.081892
vt 0.612086 0.085281
vt 0.612462 0.086431
vt 0.612715 0.091707
vt 0.612462 0.093091
vt 0.610298 0.098239
vt 0.607729 0.081104
vt 0.611595 0.084237
vt 0.612843 0.090328
vt 0.610996 0.097051
vt 0.606759 0.101839
vt 0.605758 0.102381
vt 0.606759 0.080965
vt 0.610996 0.083314
vt 0.612843 0.088975
vt 0.611595 0.095784
vt 0.607729 0.101142
vt 0.605758 0.081000
vt 0.610298 0.082529
vt 0.612715 0.087669
vt 0.612086 0.094457
vt 0.609313 0.081664
vt 0.610320 0.082196
vt 0.613329 0.085749
vt 0.613768 0.086923
vt 0.614065 0.092215
vt 0.613768 0.093582
vt 0.611238 0.098592
vt 0.610320 0.099631
vt 0.608235 0.081294
vt 0.612755 0.084673
vt 0.614214 0.090844
vt 0.612055 0.097450
vt 0.607101 0.101967
vt 0.605930 0.102445
vt 0.607101 0.081094
vt 0.612055 0.083713
vt 0.614214 0.089491
vt 0.612755 0.096221
vt 0.608235 0.101332
vt 0.605930 0.081064
vt 0.611238 0.082883
vt 0.614065 0.088177
vt 0.613329 0.094925
vt 0.609313 0.100549
vt 0.608606 0.081510
vt 0.609800 0.081946
vt 0.613607 0.085168
vt 0.614243 0.086280
vt 0.615221 0.091429
vt 0.615056 0.092791
vt 0.612832 0.097902
vt 0.611929 0.098994
vt 0.607352 0.102113
vt 0.606057 0.102519
vt 0.607352 0.081239
vt 0.612832 0.084165
vt 0.615221 0.090076
vt 0.613607 0.096716
vt 0.608606 0.101548
vt 0.606057 0.081138
vt 0.611929 0.083284
vt 0.615056 0.088753
vt 0.614243 0.095455
vt 0.609800 0.100832
vt 0.610913 0.082541
vt 0.614728 0.087481
vt 0.614728 0.094140
vt 0.610913 0.099976
vt 0.614119 0.085704
vt 0.614791 0.086853
vt 0.615826 0.092062
vt 0.615651 0.093414
vt 0.613299 0.098390
vt 0.612344 0.099428
vt 0.607503 0.102271
vt 0.606132 0.102598
vt 0.607503 0.081397
vt 0.608829 0.081744
vt 0.613299 0.084653
vt 0.615826 0.090709
vt 0.614119 0.097251
vt 0.608829 0.101781
vt 0.606132 0.081217
vt 0.612344 0.083718
vt 0.615651 0.089376
vt 0.614791 0.096029
vt 0.610091 0.101137
vt 0.611269 0.082913
vt 0.615304 0.088084
vt 0.615304 0.094743
vt 0.611269 0.100348
vt 0.610091 0.082252
vt 0.607547 0.102434
vt 0.606155 0.102681
vt 0.607547 0.081560
vt 0.608895 0.081986
vt 0.613436 0.085159
vt 0.614270 0.086258
vt 0.616004 0.091364
vt 0.616004 0.092718
vt 0.614270 0.097806
vt 0.613436 0.098896
vt 0.608895 0.102023
vt 0.606155 0.081300
vt 0.612466 0.084168
vt 0.615827 0.090021
vt 0.614952 0.096623
vt 0.610178 0.101454
vt 0.611374 0.083300
vt 0.615474 0.088708
vt 0.615474 0.095368
vt 0.611374 0.100735
vt 0.610178 0.082568
vt 0.614952 0.087448
vt 0.615827 0.094059
vt 0.612466 0.099878
vt 0.613240 0.085664
vt 0.614054 0.086811
vt 0.615750 0.092018
vt 0.615750 0.093371
vt 0.614054 0.098359
vt 0.613240 0.099401
vt 0.608801 0.102264
vt 0.607484 0.102597
vt 0.606123 0.081382
vt 0.607484 0.081723
vt 0.612292 0.084616
vt 0.615576 0.090664
vt 0.614722 0.097216
vt 0.610055 0.101769
vt 0.611224 0.083684
vt 0.615232 0.089331
vt 0.615232 0.095991
vt 0.611224 0.101119
vt 0.610055 0.082884
vt 0.614722 0.088040
vt 0.615576 0.094702
vt 0.612292 0.100326
vt 0.608801 0.082227
vt 0.606123 0.102763
vt 0.612442 0.084445
vt 0.618132 0.084085
vt 0.624536 0.077933
vt 0.632043 0.086730
vt 0.624515 0.095579
vt 0.618934 0.093813
vt 0.624549 0.085693
vt 0.632085 0.078469
vt 0.623822 0.083725
vt 0.630189 0.082365
vt 0.636532 0.079360
vt 0.637494 0.088595
vt 0.631004 0.092087
vt 0.637382 0.086904
vt 0.636557 0.081005
vt 0.613353 0.092047
vt 0.638918 0.084757
vt 0.609283 0.090537
vt 0.611034 0.088273
vt 0.604740 0.081208
vt 0.604740 0.102758
vt 0.591435 0.185143
vt 0.605966 0.103760
vt 0.605504 0.096837
vt 0.590975 0.185075
vt 0.590091 0.185214
vt 0.590975 0.185266
vt 0.591435 0.185347
vt 0.590984 0.185370
vt 0.591914 0.185121
vt 0.590984 0.184975
vt 0.579115 0.258381
vt 0.580044 0.258527
vt 0.591914 0.185219
vt 0.606447 0.096952
vt 0.590091 0.184842
vt 0.578222 0.258248
vt 0.592852 0.185378
vt 0.607390 0.097083
vt 0.606928 0.097017
vt 0.592392 0.185298
vt 0.591914 0.185523
vt 0.591914 0.185426
vt 0.592392 0.185501
vt 0.592843 0.185670
vt 0.589267 0.184728
vt 0.577398 0.258134
vt 0.593276 0.185456
vt 0.607816 0.097148
vt 0.592852 0.185569
vt 0.593736 0.185802
vt 0.588545 0.184636
vt 0.576676 0.258042
vt 0.593648 0.185529
vt 0.608189 0.097209
vt 0.593276 0.185628
vt 0.594560 0.185917
vt 0.587953 0.184571
vt 0.576084 0.257977
vt 0.593953 0.185594
vt 0.608495 0.097265
vt 0.593648 0.185675
vt 0.595282 0.186008
vt 0.587513 0.184535
vt 0.575644 0.257941
vt 0.594180 0.185648
vt 0.608723 0.097312
vt 0.593953 0.185709
vt 0.595874 0.186073
vt 0.587242 0.184529
vt 0.575373 0.257935
vt 0.594319 0.185690
vt 0.608863 0.097350
vt 0.594180 0.185728
vt 0.596314 0.186110
vt 0.587150 0.184553
vt 0.575281 0.257960
vt 0.594366 0.185718
vt 0.608911 0.097377
vt 0.594319 0.185731
vt 0.596585 0.186116
vt 0.587242 0.184607
vt 0.575373 0.258014
vt 0.608863 0.097391
vt 0.596677 0.186091
vt 0.587513 0.184689
vt 0.575644 0.258095
vt 0.608723 0.097392
vt 0.596585 0.186037
vt 0.587953 0.184795
vt 0.576084 0.258201
vt 0.608495 0.097380
vt 0.596314 0.185956
vt 0.588545 0.184921
vt 0.576676 0.258327
vt 0.608189 0.097356
vt 0.595874 0.185850
vt 0.589267 0.185062
vt 0.577398 0.258469
vt 0.607816 0.097320
vt 0.595282 0.185724
vt 0.578222 0.258620
vt 0.607390 0.097274
vt 0.594560 0.185582
vt 0.579115 0.258776
vt 0.606928 0.097220
vt 0.593736 0.185430
vt 0.580044 0.258930
vt 0.592843 0.185275
vt 0.580974 0.259076
vt 0.606447 0.097159
vt 0.581867 0.259209
vt 0.605966 0.097095
vt 0.582691 0.259323
vt 0.605504 0.097029
vt 0.590551 0.185016
vt 0.583413 0.259414
vt 0.590551 0.185188
vt 0.605078 0.096964
vt 0.590179 0.184969
vt 0.584005 0.259480
vt 0.590179 0.185116
vt 0.604705 0.096902
vt 0.589874 0.184935
vt 0.584445 0.259516
vt 0.589874 0.185051
vt 0.604399 0.096847
vt 0.589648 0.184917
vt 0.584716 0.259522
vt 0.589648 0.184996
vt 0.604171 0.096799
vt 0.589508 0.184914
vt 0.584808 0.259497
vt 0.589508 0.184954
vt 0.604031 0.096761
vt 0.589461 0.184926
vt 0.584716 0.259443
vt 0.603983 0.096735
vt 0.584445 0.259362
vt 0.604031 0.096721
vt 0.584005 0.259256
vt 0.604171 0.096720
vt 0.583413 0.259130
vt 0.604399 0.096732
vt 0.604705 0.096756
vt 0.605078 0.096791
vt 0.582691 0.258988
vt 0.581867 0.258837
vt 0.580974 0.258681
vt 0.572180 0.306560
vt 0.572657 0.306646
vt 0.573116 0.306729
vt 0.573538 0.306805
vt 0.573909 0.306872
vt 0.574213 0.306927
vt 0.574439 0.306968
vt 0.574578 0.306993
vt 0.574625 0.307002
vt 0.571703 0.306474
vt 0.571244 0.306391
vt 0.570822 0.306315
vt 0.570451 0.306248
vt 0.570147 0.306193
vt 0.569921 0.306152
vt 0.569782 0.306127
vt 0.569735 0.306119
vt 0.602926 0.133405
vt 0.609523 0.113496
vt 0.610136 0.113666
vt 0.603540 0.133576
vt 0.610726 0.113796
vt 0.604129 0.133706
vt 0.611270 0.113879
vt 0.604673 0.133789
vt 0.611746 0.113914
vt 0.605150 0.133823
vt 0.612137 0.113897
vt 0.605541 0.133806
vt 0.612428 0.113830
vt 0.605831 0.133740
vt 0.612607 0.113716
vt 0.606010 0.133626
vt 0.612667 0.113559
vt 0.606071 0.133468
vt 0.612607 0.113364
vt 0.606010 0.133274
vt 0.612428 0.113141
vt 0.605831 0.133050
vt 0.612137 0.112896
vt 0.605541 0.132805
vt 0.611746 0.112639
vt 0.605150 0.132549
vt 0.611270 0.112381
vt 0.604673 0.132291
vt 0.610726 0.112131
vt 0.604129 0.132041
vt 0.610136 0.111899
vt 0.603540 0.131808
vt 0.609523 0.111693
vt 0.602926 0.131603
vt 0.608909 0.111523
vt 0.602313 0.131432
vt 0.608319 0.111393
vt 0.601723 0.131303
vt 0.607775 0.111310
vt 0.601179 0.131219
vt 0.607299 0.111276
vt 0.600702 0.131185
vt 0.606908 0.111292
vt 0.600311 0.131202
vt 0.606617 0.111359
vt 0.600021 0.131268
vt 0.606438 0.111473
vt 0.599842 0.131383
vt 0.606378 0.111630
vt 0.599781 0.131540
vt 0.606438 0.111825
vt 0.599842 0.131734
vt 0.606617 0.112048
vt 0.600021 0.131958
vt 0.606908 0.112293
vt 0.600311 0.132203
vt 0.607299 0.112550
vt 0.600702 0.132459
vt 0.607775 0.112808
vt 0.601179 0.132718
vt 0.608319 0.113058
vt 0.601723 0.132968
vt 0.607894 0.112407
vt 0.608138 0.112567
vt 0.602313 0.133200
vt 0.608909 0.113290
vt 0.608435 0.111794
vt 0.608773 0.111846
vt 0.613682 0.097308
vt 0.613343 0.097256
vt 0.609905 0.112161
vt 0.609523 0.112033
vt 0.610610 0.113395
vt 0.610907 0.113416
vt 0.607714 0.111825
vt 0.607602 0.111896
vt 0.609523 0.113156
vt 0.609905 0.113262
vt 0.611332 0.112935
vt 0.611151 0.112782
vt 0.608435 0.112727
vt 0.608773 0.112883
vt 0.609141 0.111927
vt 0.611151 0.113405
vt 0.611332 0.113364
vt 0.607565 0.111994
vt 0.607602 0.112115
vt 0.610907 0.112622
vt 0.610610 0.112462
vt 0.609141 0.113028
vt 0.608138 0.111773
vt 0.611443 0.113293
vt 0.611481 0.113195
vt 0.607714 0.112255
vt 0.610272 0.112306
vt 0.610272 0.113343
vt 0.607894 0.111784
vt 0.611443 0.113074
vt 0.614813 0.098724
vt 0.614431 0.098617
vt 0.614049 0.098489
vt 0.613682 0.098345
vt 0.613343 0.098189
vt 0.613046 0.098028
vt 0.612803 0.097869
vt 0.612622 0.097716
vt 0.612511 0.097577
vt 0.612473 0.097456
vt 0.612511 0.097358
vt 0.612622 0.097287
vt 0.612803 0.097245
vt 0.613046 0.097235
vt 0.614049 0.097389
vt 0.614431 0.097495
vt 0.614813 0.097623
vt 0.615180 0.097768
vt 0.615519 0.097923
vt 0.615816 0.098084
vt 0.616059 0.098244
vt 0.616240 0.098396
vt 0.616351 0.098536
vt 0.616389 0.098657
vt 0.616351 0.098754
vt 0.616240 0.098826
vt 0.616059 0.098867
vt 0.615816 0.098877
vt 0.615519 0.098856
vt 0.615180 0.098804
vt 0.598630 0.134266
vt 0.599265 0.134305
vt 0.601547 0.113456
vt 0.600912 0.113417
vt 0.599869 0.134308
vt 0.602151 0.113459
vt 0.600419 0.134276
vt 0.602700 0.113427
vt 0.600892 0.134210
vt 0.603174 0.113360
vt 0.601271 0.134111
vt 0.603553 0.113262
vt 0.601541 0.133985
vt 0.603823 0.113136
vt 0.601692 0.133836
vt 0.603974 0.112987
vt 0.601718 0.133670
vt 0.604000 0.112820
vt 0.601618 0.133492
vt 0.603900 0.112643
vt 0.601396 0.133311
vt 0.603678 0.112462
vt 0.601061 0.133132
vt 0.603343 0.112283
vt 0.600625 0.132963
vt 0.602907 0.112114
vt 0.600105 0.132811
vt 0.602387 0.111961
vt 0.599521 0.132680
vt 0.601803 0.111831
vt 0.598895 0.132577
vt 0.601177 0.111727
vt 0.598252 0.132504
vt 0.600534 0.111655
vt 0.597617 0.132466
vt 0.599899 0.111616
vt 0.597013 0.132462
vt 0.599295 0.111613
vt 0.596464 0.132495
vt 0.598746 0.111645
vt 0.595990 0.132561
vt 0.598273 0.111712
vt 0.595612 0.132659
vt 0.597894 0.111810
vt 0.595341 0.132785
vt 0.597623 0.111936
vt 0.595190 0.132934
vt 0.597472 0.112085
vt 0.595164 0.133101
vt 0.597446 0.112251
vt 0.595264 0.133278
vt 0.597546 0.112429
vt 0.595486 0.133460
vt 0.597768 0.112610
vt 0.595821 0.133638
vt 0.598103 0.112789
vt 0.596257 0.133807
vt 0.598539 0.112958
vt 0.596777 0.133960
vt 0.599059 0.113111
vt 0.597361 0.134091
vt 0.599643 0.113241
vt 0.599363 0.112799
vt 0.599092 0.112693
vt 0.597987 0.134194
vt 0.600269 0.113345
vt 0.599492 0.111981
vt 0.601248 0.096737
vt 0.601590 0.096717
vt 0.599834 0.111961
vt 0.600606 0.111987
vt 0.601006 0.112032
vt 0.602249 0.113049
vt 0.601954 0.113091
vt 0.598699 0.112255
vt 0.598793 0.112162
vt 0.601236 0.113109
vt 0.600841 0.113085
vt 0.602354 0.112378
vt 0.602563 0.112490
vt 0.600051 0.112975
vt 0.599687 0.112894
vt 0.600210 0.111963
vt 0.602653 0.112910
vt 0.602485 0.112988
vt 0.598745 0.112469
vt 0.598683 0.112359
vt 0.601759 0.112178
vt 0.602083 0.112273
vt 0.600440 0.113040
vt 0.599197 0.112023
vt 0.602763 0.112713
vt 0.602747 0.112817
vt 0.598883 0.112582
vt 0.601395 0.112097
vt 0.601612 0.113111
vt 0.598961 0.112084
vt 0.602701 0.112603
vt 0.602992 0.097865
vt 0.603368 0.097867
vt 0.603710 0.097847
vt 0.604005 0.097805
vt 0.604241 0.097744
vt 0.604409 0.097666
vt 0.604503 0.097573
vt 0.604519 0.097469
vt 0.604457 0.097359
vt 0.604319 0.097246
vt 0.604110 0.097135
vt 0.603839 0.097029
vt 0.603515 0.096934
vt 0.603151 0.096853
vt 0.602762 0.096789
vt 0.602362 0.096743
vt 0.601966 0.096719
vt 0.600953 0.096779
vt 0.600717 0.096840
vt 0.600549 0.096918
vt 0.600455 0.097011
vt 0.600439 0.097115
vt 0.600501 0.097225
vt 0.600639 0.097338
vt 0.600848 0.097450
vt 0.601119 0.097555
vt 0.601443 0.097650
vt 0.601807 0.097731
vt 0.602196 0.097796
vt 0.602596 0.097841
s 1
usemtl joints.002
f 228/1/1 281/2/2 282/3/3 226/4/4
f 230/5/5 280/6/6 281/2/2 228/1/1
f 298/7/7 303/8/8 280/6/6 230/5/5
f 263/9/9 302/10/10 300/11/11 197/12/12
f 244/13/13 278/14/14 279/15/15 245/16/16
f 243/17/17 277/18/18 278/14/14 244/13/13
f 242/19/19 276/20/20 277/18/18 243/17/17
f 241/21/21 275/22/22 276/20/20 242/19/19
f 240/23/23 274/24/24 275/22/22 241/21/21
f 239/25/25 273/26/26 274/24/24 240/23/23
f 238/27/27 272/28/28 273/26/26 239/25/25
f 237/29/29 271/30/30 272/28/28 238/27/27
f 236/31/31 270/32/32 271/30/30 237/29/29
f 235/33/33 269/34/34 270/32/32 236/31/31
f 234/35/35 268/36/36 269/34/34 235/33/33
f 233/37/37 267/38/38 268/36/36 234/35/35
f 232/39/39 266/40/40 267/38/38 233/37/37
f 195/41/41 265/42/42 266/40/40 232/39/39
f 196/43/43 264/44/44 265/42/42 195/41/41
f 300/11/11 302/10/10 264/44/44 196/43/43
f 262/45/45 301/46/46 303/8/8 297/47/47
f 294/48/48 260/49/49 261/50/50 295/51/51
f 293/52/52 259/53/53 260/49/49 294/48/48
f 292/54/54 258/55/55 259/53/53 293/52/52
f 291/56/56 257/57/57 258/55/55 292/54/54
f 290/58/58 256/59/59 257/57/57 291/56/56
f 289/60/60 255/61/61 256/59/59 290/58/58
f 288/62/62 254/63/63 255/61/61 289/60/60
f 287/64/64 253/65/65 254/63/63 288/62/62
f 286/66/66 252/67/67 253/65/65 287/64/64
f 285/68/68 251/69/69 252/67/67 286/66/66
f 284/70/70 250/71/71 251/69/69 285/68/68
f 283/72/72 249/73/73 250/71/71 284/70/70
f 282/3/3 248/74/74 249/73/73 283/72/72
f 281/2/2 247/75/75 248/74/74 282/3/3
f 280/6/6 246/76/76 247/75/75 281/2/2
f 303/8/8 301/46/46 246/76/76 280/6/6
f 197/12/12 300/11/11 301/46/46 262/45/45
f 1720/77/77 1721/78/78 1743/79/79 1742/80/80
f 217/81/81 219/82/82 1693/83/83 1692/84/84
f 277/18/18 203/85/85 201/86/86 278/14/14
f 276/20/20 205/87/87 203/85/85 277/18/18
f 275/22/22 207/88/88 205/87/87 276/20/20
f 274/24/24 209/89/89 207/88/88 275/22/22
f 273/26/26 211/90/90 209/89/89 274/24/24
f 272/28/28 213/91/91 211/90/90 273/26/26
f 271/30/30 215/92/92 213/91/91 272/28/28
f 270/32/32 217/81/81 215/92/92 271/30/30
f 269/34/34 219/82/82 217/81/81 270/32/32
f 268/36/36 221/93/93 219/82/82 269/34/34
f 267/38/38 223/94/94 221/93/93 268/36/36
f 266/40/40 225/95/95 223/94/94 267/38/38
f 265/42/42 227/96/96 225/95/95 266/40/40
f 264/44/44 229/97/97 227/96/96 265/42/42
f 302/10/10 299/98/98 229/97/97 264/44/44
f 297/47/47 303/8/8 298/7/7 231/99/99
f 226/4/4 282/3/3 283/72/72 224/100/100
f 224/100/100 283/72/72 284/70/70 222/101/101
f 222/101/101 284/70/70 285/68/68 220/102/102
f 220/102/102 285/68/68 286/66/66 218/103/103
f 218/103/103 286/66/66 287/64/64 216/104/104
f 216/104/104 287/64/64 288/62/62 214/105/105
f 214/105/105 288/62/62 289/60/60 212/106/106
f 212/106/106 289/60/60 290/58/58 210/107/107
f 210/107/107 290/58/58 291/56/56 208/108/108
f 208/108/108 291/56/56 292/54/54 206/109/109
f 206/109/109 292/54/54 293/52/52 204/110/110
f 204/110/110 293/52/52 294/48/48 202/111/111
f 202/111/111 294/48/48 295/51/51 200/112/112
f 200/112/112 295/51/51 296/113/113 199/114/114
f 301/46/46 300/11/11 196/43/43 246/76/76
f 246/76/76 196/43/43 195/41/41 247/75/75
f 247/75/75 195/41/41 232/39/39 248/74/74
f 248/74/74 232/39/39 233/37/37 249/73/73
f 249/73/73 233/37/37 234/35/35 250/71/71
f 250/71/71 234/35/35 235/33/33 251/69/69
f 251/69/69 235/33/33 236/31/31 252/67/67
f 252/67/67 236/31/31 237/29/29 253/65/65
f 253/65/65 237/29/29 238/27/27 254/63/63
f 254/63/63 238/27/27 239/25/25 255/61/61
f 255/61/61 239/25/25 240/23/23 256/59/59
f 256/59/59 240/23/23 241/21/21 257/57/57
f 257/57/57 241/21/21 242/19/19 258/55/55
f 258/55/55 242/19/19 243/17/17 259/53/53
f 259/53/53 243/17/17 244/13/13 260/49/49
f 260/49/49 244/13/13 245/16/16 261/50/50
f 1438/115/115 1528/116/116 1529/117/117 1440/118/118
f 1473/119/119 1513/120/120 1512/121/121 1471/122/122
f 1430/123/123 1432/124/124 1433/125/125 1431/126/126
f 1440/118/118 1529/117/117 1530/127/127 1442/128/128
f 1471/122/122 1512/121/121 1511/129/129 1469/130/130
f 1432/124/124 1434/131/131 1435/132/132 1433/125/125
f 1442/128/128 1530/127/127 1531/133/133 1444/134/134
f 1477/135/135 1515/136/136 1514/137/137 1475/138/138
f 1434/131/131 1436/139/139 1437/140/140 1435/132/132
f 1444/134/134 1531/133/133 1532/141/141 1446/142/142
f 1479/143/143 1516/144/144 1515/136/136 1477/135/135
f 1436/139/139 1438/115/115 1439/145/145 1437/140/140
f 1446/142/142 1532/141/141 1533/146/146 1448/147/147
f 1481/148/148 1517/149/149 1516/144/144 1479/143/143
f 1438/115/115 1440/118/118 1441/150/150 1439/145/145
f 1448/147/147 1533/146/146 1534/151/151 1450/152/152
f 1483/153/153 1518/154/154 1517/149/149 1481/148/148
f 1440/118/118 1442/128/128 1443/155/155 1441/150/150
f 1450/152/152 1534/151/151 1535/156/156 1452/157/157
f 1485/158/158 1519/159/159 1518/154/154 1483/153/153
f 1442/128/128 1444/134/134 1445/160/160 1443/155/155
f 1452/157/157 1535/156/156 1536/161/161 1454/162/162
f 1487/163/163 1520/164/164 1519/159/159 1485/158/158
f 1444/134/134 1446/142/142 1447/165/165 1445/160/160
f 1454/162/162 1536/161/161 1537/166/166 1456/167/167
f 1489/168/168 1521/169/169 1520/164/164 1487/163/163
f 1446/142/142 1448/147/147 1449/170/170 1447/165/165
f 1456/167/167 1537/166/166 1538/171/171 1458/172/172
f 1491/173/173 1522/174/174 1521/169/169 1489/168/168
f 1448/147/147 1450/152/152 1451/175/175 1449/170/170
f 1430/123/123 1524/176/176 1525/177/177 1432/124/124
f 1493/178/178 1523/179/179 1522/174/174 1491/173/173
f 1450/152/152 1452/157/157 1453/180/180 1451/175/175
f 1458/172/172 1538/171/171 1539/181/181 1460/182/182
f 1435/132/132 1494/183/183 1428/184/184 1433/125/125
f 1452/157/157 1454/162/162 1455/185/185 1453/180/180
f 1460/182/182 1539/181/181 1540/186/186 1462/187/187
f 1437/140/140 1495/188/188 1494/183/183 1435/132/132
f 1454/162/162 1456/167/167 1457/189/189 1455/185/185
f 1462/187/187 1540/186/186 1541/190/190 1464/191/191
f 1439/145/145 1496/192/192 1495/188/188 1437/140/140
f 1456/167/167 1458/172/172 1459/193/193 1457/189/189
f 1464/191/191 1541/190/190 1542/194/194 1466/195/195
f 1441/150/150 1497/196/196 1496/192/192 1439/145/145
f 1458/172/172 1460/182/182 1461/197/197 1459/193/193
f 1466/195/195 1542/194/194 1543/198/198 1468/199/199
f 1443/155/155 1498/200/200 1497/196/196 1441/150/150
f 1460/182/182 1462/187/187 1463/201/201 1461/197/197
f 1468/199/199 1543/198/198 1544/202/202 1470/203/203
f 1445/160/160 1499/204/204 1498/200/200 1443/155/155
f 1462/187/187 1464/191/191 1465/205/205 1463/201/201
f 1470/203/203 1544/202/202 1545/206/206 1472/207/207
f 1447/165/165 1500/208/208 1499/204/204 1445/160/160
f 1464/191/191 1466/195/195 1467/209/209 1465/205/205
f 1472/207/207 1545/206/206 1546/210/210 1474/211/211
f 1449/170/170 1501/212/212 1500/208/208 1447/165/165
f 1466/195/195 1468/199/199 1469/130/130 1467/209/209
f 1474/211/211 1546/210/210 1547/213/213 1476/214/214
f 1451/175/175 1502/215/215 1501/212/212 1449/170/170
f 1468/199/199 1470/203/203 1471/122/122 1469/130/130
f 1476/214/214 1547/213/213 1548/216/216 1478/217/217
f 1453/180/180 1503/218/218 1502/215/215 1451/175/175
f 1470/203/203 1472/207/207 1473/119/119 1471/122/122
f 1478/217/217 1548/216/216 1549/219/219 1480/220/220
f 1431/126/126 1429/221/221 1523/179/179 1493/178/178
f 1472/207/207 1474/211/211 1475/138/138 1473/119/119
f 1480/220/220 1549/219/219 1550/222/222 1482/223/223
f 1455/185/185 1504/224/224 1503/218/218 1453/180/180
f 1474/211/211 1476/214/214 1477/135/135 1475/138/138
f 1482/223/223 1550/222/222 1551/225/225 1484/226/226
f 1457/189/189 1505/227/227 1504/224/224 1455/185/185
f 1476/214/214 1478/217/217 1479/143/143 1477/135/135
f 1484/226/226 1551/225/225 1552/228/228 1486/229/229
f 1433/125/125 1428/184/184 1429/221/221 1431/126/126
f 1478/217/217 1480/220/220 1481/148/148 1479/143/143
f 1486/229/229 1552/228/228 1553/230/230 1488/231/231
f 1459/193/193 1506/232/232 1505/227/227 1457/189/189
f 1480/220/220 1482/223/223 1483/153/153 1481/148/148
f 1488/231/231 1553/230/230 1554/233/233 1490/234/234
f 1461/197/197 1507/235/235 1506/232/232 1459/193/193
f 1482/223/223 1484/226/226 1485/158/158 1483/153/153
f 1490/234/234 1554/233/233 1555/236/236 1492/237/237
f 1463/201/201 1508/238/238 1507/235/235 1461/197/197
f 1484/226/226 1486/229/229 1487/163/163 1485/158/158
f 1524/176/176 1555/236/236 1554/233/233 1553/230/230 1552/228/228 1551/225/225 1550/222/222 1549/219/219 1548/216/216 1547/213/213 1546/210/210 1545/206/206 1544/202/202 1543/198/198 1542/194/194 1541/190/190 1540/186/186 1539/181/181 1538/171/171 1537/166/166 1536/161/161 1535/156/156 1534/151/151 1533/146/146 1532/141/141 1531/133/133 1530/127/127 1529/117/117 1528/116/116 1527/239/239 1526/240/240 1525/177/177
f 1465/205/205 1509/241/241 1508/238/238 1463/201/201
f 1486/229/229 1488/231/231 1489/168/168 1487/163/163
f 1469/130/130 1511/129/129 1510/242/242 1467/209/209
f 1428/184/184 1494/183/183 1495/188/188 1496/192/192 1497/196/196 1498/200/200 1499/204/204 1500/208/208 1501/212/212 1502/215/215 1503/218/218 1504/224/224 1505/227/227 1506/232/232 1507/235/235 1508/238/238 1509/241/241 1510/242/242 1511/129/129 1512/121/121 1513/120/120 1514/137/137 1515/136/136 1516/144/144 1517/149/149 1518/154/154 1519/159/159 1520/164/164 1521/169/169 1522/174/174 1523/179/179 1429/221/221
f 1488/231/231 1490/234/234 1491/173/173 1489/168/168
f 1467/209/209 1510/242/242 1509/241/241 1465/205/205
f 1492/237/237 1430/123/123 1431/126/126 1493/178/178
f 1490/234/234 1492/237/237 1493/178/178 1491/173/173
f 1436/139/139 1527/239/239 1528/116/116 1438/115/115
f 1475/138/138 1514/137/137 1513/120/120 1473/119/119
f 1492/237/237 1555/236/236 1524/176/176 1430/123/123
f 1434/131/131 1526/240/240 1527/239/239 1436/139/139
f 1432/124/124 1525/177/177 1526/240/240 1434/131/131
f 1690/243/243 1691/244/244 1751/245/245 1750/246/246
f 205/87/87 207/88/88 1687/247/247 1686/248/248
f 227/96/96 229/97/97 1698/249/249 1697/250/250
f 215/92/92 217/81/81 1692/84/84 1691/244/244
f 203/85/85 205/87/87 1686/248/248 1685/251/251
f 225/95/95 227/96/96 1697/250/250 1696/252/252
f 213/91/91 215/92/92 1691/244/244 1690/243/243
f 201/86/86 203/85/85 1685/251/251 1684/253/253
f 229/97/97 299/98/98 1699/254/254 1698/249/249
f 231/99/99 298/7/7 1721/78/78 1720/77/77
f 223/94/94 225/95/95 1696/252/252 1695/255/255
f 211/90/90 213/91/91 1690/243/243 1689/256/256
f 221/93/93 223/94/94 1695/255/255 1694/257/257
f 209/89/89 211/90/90 1689/256/256 1688/258/258
f 219/82/82 221/93/93 1694/257/257 1693/83/83
f 207/88/88 209/89/89 1688/258/258 1687/247/247
f 1716/259/259 1715/260/260 1737/261/261 1738/262/262
f 226/4/4 224/100/100 1716/259/259 1717/263/263
f 214/105/105 212/106/106 1710/264/264 1711/265/265
f 202/111/111 200/112/112 1704/266/266 1705/267/267
f 224/100/100 222/101/101 1715/260/260 1716/259/259
f 212/106/106 210/107/107 1709/268/268 1710/264/264
f 200/112/112 199/114/114 1703/269/269 1704/266/266
f 222/101/101 220/102/102 1714/270/270 1715/260/260
f 210/107/107 208/108/108 1708/271/271 1709/268/268
f 298/7/7 230/5/5 1719/272/272 1721/78/78
f 220/102/102 218/103/103 1713/273/273 1714/270/270
f 208/108/108 206/109/109 1707/274/274 1708/271/271
f 198/275/275 231/99/99 1720/77/77 1700/276/276
f 230/5/5 228/1/1 1718/277/277 1719/272/272
f 218/103/103 216/104/104 1712/278/278 1713/273/273
f 206/109/109 204/110/110 1706/279/279 1707/274/274
f 228/1/1 226/4/4 1717/263/263 1718/277/277
f 216/104/104 214/105/105 1711/265/265 1712/278/278
f 204/110/110 202/111/111 1705/267/267 1706/279/279
f 1703/269/269 1702/280/280 1724/281/281 1725/282/282
f 1708/271/271 1707/274/274 1729/283/283 1730/284/284
f 1700/276/276 1720/77/77 1742/80/80 1722/285/285
f 1713/273/273 1712/278/278 1734/286/286 1735/287/287
f 1718/277/277 1717/263/263 1739/288/288 1740/289/289
f 1705/267/267 1704/266/266 1726/290/290 1727/291/291
f 1710/264/264 1709/268/268 1731/292/292 1732/293/293
f 1715/260/260 1714/270/270 1736/294/294 1737/261/261
f 1721/78/78 1719/272/272 1741/295/295 1743/79/79
f 1707/274/274 1706/279/279 1728/296/296 1729/283/283
f 1712/278/278 1711/265/265 1733/297/297 1734/286/286
f 1717/263/263 1716/259/259 1738/262/262 1739/288/288
f 1704/266/266 1703/269/269 1725/282/282 1726/290/290
f 1709/268/268 1708/271/271 1730/284/284 1731/292/292
f 1701/298/298 1700/276/276 1722/285/285 1723/299/298
f 1714/270/270 1713/273/273 1735/287/287 1736/294/294
f 1719/272/272 1718/277/277 1740/289/289 1741/295/295
f 1706/279/279 1705/267/267 1727/291/291 1728/296/296
f 1711/265/265 1710/264/264 1732/293/293 1733/297/297
f 1754/300/299 1755/301/300 1771/301/301 1770/300/302
f 1695/255/255 1696/252/252 1756/302/303 1755/301/300
f 1687/247/247 1688/258/258 1748/303/304 1747/304/305
f 1692/84/84 1693/83/83 1753/305/306 1752/306/307
f 1697/250/250 1698/249/249 1758/307/308 1757/308/309
f 1684/253/253 1685/251/251 1745/309/310 1744/310/311
f 1689/256/256 1690/243/243 1750/246/246 1749/311/312
f 1694/257/257 1695/255/255 1755/301/300 1754/300/299
f 1686/248/248 1687/247/247 1747/304/305 1746/312/313
f 1691/244/244 1692/84/84 1752/306/307 1751/245/245
f 1696/252/252 1697/250/250 1757/308/309 1756/302/303
f 1688/258/258 1689/256/256 1749/311/312 1748/303/304
f 1693/83/83 1694/257/257 1754/300/299 1753/305/306
f 1685/251/251 1686/248/248 1746/312/313 1745/309/310
f 1742/80/80 1743/79/79 1811/79/314 1810/80/315
f 1746/312/313 1747/304/305 1763/304/316 1762/312/317
f 1751/245/245 1752/306/307 1768/306/318 1767/245/319
f 1756/302/303 1757/308/309 1773/308/320 1772/302/321
f 1758/307/308 1759/313/254 1775/313/254 1774/307/322
f 1748/303/304 1749/311/312 1765/311/323 1764/303/324
f 1753/305/306 1754/300/299 1770/300/302 1769/305/325
f 1745/309/310 1746/312/313 1762/312/317 1761/309/326
f 1750/246/246 1751/245/245 1767/245/319 1766/246/327
f 1755/301/300 1756/302/303 1772/302/321 1771/301/301
f 1747/304/305 1748/303/304 1764/303/324 1763/304/316
f 1752/306/307 1753/305/306 1769/305/325 1768/306/318
f 1757/308/309 1758/307/308 1774/307/322 1773/308/320
f 1744/310/311 1745/309/310 1761/309/326 1760/310/328
f 1749/311/312 1750/246/246 1766/246/327 1765/311/323
f 1762/312/317 1763/304/316 1778/304/329 1777/312/330
f 1767/245/319 1768/306/318 1783/306/331 1782/245/332
f 1772/302/321 1773/308/320 1788/308/333 1787/302/334
f 1764/303/324 1765/311/323 1780/311/335 1779/303/336
f 1769/305/325 1770/300/302 1785/300/337 1784/305/338
f 1761/309/326 1762/312/317 1777/312/330 1776/309/339
f 1766/246/327 1767/245/319 1782/245/332 1781/246/340
f 1771/301/301 1772/302/321 1787/302/334 1786/301/341
f 1763/304/316 1764/303/324 1779/303/336 1778/304/329
f 1768/306/318 1769/305/325 1784/305/338 1783/306/331
f 1773/308/320 1774/307/322 1789/307/342 1788/308/333
f 1765/311/323 1766/246/327 1781/246/340 1780/311/335
f 1770/300/302 1771/301/301 1786/301/341 1785/300/337
f 1808/289/343 1807/288/344 1839/288/345 1840/289/346
f 1739/288/288 1738/262/262 1806/262/347 1807/288/344
f 1726/290/290 1725/282/282 1793/282/348 1794/290/349
f 1731/292/292 1730/284/284 1798/284/350 1799/292/351
f 1736/294/294 1735/287/287 1803/287/352 1804/294/353
f 1741/295/295 1740/289/289 1808/289/343 1809/295/354
f 1728/296/296 1727/291/291 1795/291/355 1796/296/356
f 1733/297/297 1732/293/293 1800/293/357 1801/297/358
f 1738/262/262 1737/261/261 1805/261/359 1806/262/347
f 1810/80/315 1811/79/314 1843/79/360 1842/80/361
f 1725/282/282 1724/281/281 1792/281/362 1793/282/348
f 1730/284/284 1729/283/283 1797/283/363 1798/284/350
f 1722/285/285 1742/80/80 1810/80/315 1790/285/364
f 1735/287/287 1734/286/286 1802/286/365 1803/287/352
f 1740/289/289 1739/288/288 1807/288/344 1808/289/343
f 1727/291/291 1726/290/290 1794/290/349 1795/291/355
f 1732/293/293 1731/292/292 1799/292/351 1800/293/357
f 1737/261/261 1736/294/294 1804/294/353 1805/261/359
f 1743/79/79 1741/295/295 1809/295/354 1811/79/314
f 1729/283/283 1728/296/296 1796/296/356 1797/283/363
f 1734/286/286 1733/297/297 1801/297/358 1802/286/365
f 1812/285/366 1842/80/361 1843/79/360 1841/295/367 1840/289/346 1839/288/345 1838/262/368 1837/261/369 1836/294/370 1835/287/371 1834/286/372 1833/297/373 1832/293/374 1831/292/375 1830/284/376 1829/283/377 1828/296/378 1827/291/379 1826/290/380 1825/282/381 1824/281/382 1823/314/383 1822/315/383 1821/316/383 1820/317/383 1819/318/383 1818/319/383 1817/320/383 1816/321/383 1815/322/383 1814/323/383 1813/299/384
f 1795/291/355 1794/290/349 1826/290/380 1827/291/379
f 1800/293/357 1799/292/351 1831/292/375 1832/293/374
f 1805/261/359 1804/294/353 1836/294/370 1837/261/369
f 1811/79/314 1809/295/354 1841/295/367 1843/79/360
f 1797/283/363 1796/296/356 1828/296/378 1829/283/377
f 1802/286/365 1801/297/358 1833/297/373 1834/286/372
f 1807/288/344 1806/262/347 1838/262/368 1839/288/345
f 1794/290/349 1793/282/348 1825/282/381 1826/290/380
f 1799/292/351 1798/284/350 1830/284/376 1831/292/375
f 1791/299/385 1790/285/364 1812/285/366 1813/299/384
f 1804/294/353 1803/287/352 1835/287/371 1836/294/370
f 1809/295/354 1808/289/343 1840/289/346 1841/295/367
f 1796/296/356 1795/291/355 1827/291/379 1828/296/378
f 1801/297/358 1800/293/357 1832/293/374 1833/297/373
f 1806/262/347 1805/261/359 1837/261/369 1838/262/368
f 1793/282/348 1792/281/362 1824/281/382 1825/282/381
f 1798/284/350 1797/283/363 1829/283/377 1830/284/376
f 1790/285/364 1810/80/315 1842/80/361 1812/285/366
f 1803/287/352 1802/286/365 1834/286/372 1835/287/371
usemtl limbs.003
f 1/324/386 96/325/387 151/326/388 51/327/389
f 1/324/386 74/328/390 165/329/391 96/325/387
f 1/324/386 49/330/392 152/331/393 74/328/390
f 1/324/386 51/327/389 145/332/394 49/330/392
f 2/333/395 73/334/396 166/335/397 93/336/398
f 2/333/395 51/327/389 151/326/388 73/334/396
f 2/333/395 50/337/399 145/332/394 51/327/389
f 2/333/395 93/336/398 154/338/400 50/337/399
f 3/339/401 50/337/399 154/338/400 76/340/402
f 3/339/401 52/341/403 145/332/394 50/337/399
f 3/339/401 94/342/404 153/343/405 52/341/403
f 3/339/401 76/340/402 170/344/406 94/342/404
f 4/345/407 92/346/408 155/347/409 55/348/410
f 4/345/407 78/349/411 164/350/412 92/346/408
f 4/345/407 53/351/413 156/352/414 78/349/411
f 4/345/407 55/348/410 146/353/415 53/351/413
f 5/354/416 77/355/417 165/329/391 74/328/390
f 5/354/416 55/348/410 155/347/409 77/355/417
f 5/354/416 54/356/418 146/353/415 55/348/410
f 5/354/416 74/328/390 152/331/393 54/356/418
f 6/357/419 54/356/418 152/331/393 95/358/420
f 6/357/419 56/359/421 146/353/415 54/356/418
f 6/357/419 90/360/422 157/361/423 56/359/421
f 6/357/419 95/358/420 169/362/424 90/360/422
f 7/363/425 89/364/426 158/365/427 59/366/428
f 7/363/425 81/367/429 163/368/430 89/364/426
f 7/363/425 57/369/431 159/370/432 81/367/429
f 7/363/425 59/366/428 147/371/433 57/369/431
f 8/372/434 80/373/435 164/350/412 78/349/411
f 8/372/434 59/366/428 158/365/427 80/373/435
f 8/372/434 58/374/436 147/371/433 59/366/428
f 8/372/434 78/349/411 156/352/414 58/374/436
f 9/375/437 58/374/436 156/352/414 91/376/438
f 9/375/437 60/377/439 147/371/433 58/374/436
f 9/375/437 87/378/440 160/379/441 60/377/439
f 9/375/437 91/376/438 168/380/442 87/378/440
f 10/381/443 86/382/444 161/383/445 63/384/446
f 10/381/443 93/336/398 166/335/397 86/382/444
f 10/381/443 61/385/447 154/338/400 93/336/398
f 10/381/443 63/384/446 148/386/448 61/385/447
f 11/387/449 83/388/450 163/368/430 81/367/429
f 11/387/449 63/384/446 161/383/445 83/388/450
f 11/387/449 62/389/451 148/386/448 63/384/446
f 11/387/449 81/367/429 159/370/432 62/389/451
f 12/390/452 62/389/451 159/370/432 88/391/453
f 12/390/452 64/392/454 148/386/448 62/389/451
f 12/390/452 85/393/455 162/394/456 64/392/454
f 12/390/452 88/391/453 167/395/457 85/393/455
f 13/396/458 75/397/459 153/343/405 67/398/460
f 13/396/458 90/360/422 169/362/424 75/397/459
f 13/396/458 65/399/461 157/361/423 90/360/422
f 13/396/458 67/398/460 149/400/462 65/399/461
f 14/401/463 129/402/464 186/403/465 118/404/466
f 14/401/463 105/405/467 185/406/468 129/402/464
f 14/401/463 99/407/469 173/408/470 105/405/467
f 14/401/463 118/404/466 171/409/471 99/407/469
f 15/410/472 132/411/473 180/412/474 112/413/475
f 15/410/472 66/414/476 179/415/477 132/411/473
f 15/410/472 102/416/478 174/417/479 66/414/476
f 15/410/472 112/413/475 175/418/480 102/416/478
f 16/419/481 80/373/435 158/365/427 71/420/482
f 16/419/481 92/346/408 164/350/412 80/373/435
f 16/419/481 69/421/483 155/347/409 92/346/408
f 16/419/481 71/420/482 150/422/484 69/421/483
f 17/423/485 89/364/426 163/368/430 83/388/450
f 17/423/485 71/420/482 158/365/427 89/364/426
f 17/423/485 70/424/486 150/422/484 71/420/482
f 17/423/485 83/388/450 161/383/445 70/424/486
f 18/425/487 70/424/486 161/383/445 86/382/444
f 18/425/487 72/426/488 150/422/484 70/424/486
f 18/425/487 73/334/396 151/326/388 72/426/488
f 18/425/487 86/382/444 166/335/397 73/334/396
f 19/427/489 69/421/483 150/422/484 72/426/488
f 19/427/489 77/355/417 155/347/409 69/421/483
f 19/427/489 96/325/387 165/329/391 77/355/417
f 19/427/489 72/426/488 151/326/388 96/325/387
f 20/428/490 65/399/461 149/400/462 68/429/491
f 20/428/490 79/430/492 157/361/423 65/399/461
f 20/428/490 87/378/440 168/380/442 79/430/492
f 20/428/490 68/429/491 160/379/441 87/378/440
f 21/431/493 61/385/447 148/386/448 64/392/454
f 21/431/493 76/340/402 154/338/400 61/385/447
f 21/431/493 84/432/494 170/344/406 76/340/402
f 21/431/493 64/392/454 162/394/456 84/432/494
f 22/433/495 57/369/431 147/371/433 60/377/439
f 22/433/495 88/391/453 159/370/432 57/369/431
f 22/433/495 82/434/496 167/395/457 88/391/453
f 22/433/495 60/377/439 160/379/441 82/434/496
f 23/435/497 53/351/413 146/353/415 56/359/421
f 23/435/497 91/376/438 156/352/414 53/351/413
f 23/435/497 79/430/492 168/380/442 91/376/438
f 23/435/497 56/359/421 157/361/423 79/430/492
f 24/436/498 49/330/392 145/332/394 52/341/403
f 24/436/498 95/358/420 152/331/393 49/330/392
f 24/436/498 75/397/459 169/362/424 95/358/420
f 24/436/498 52/341/403 153/343/405 75/397/459
f 25/437/499 103/438/500 176/439/501 101/440/502
f 25/437/499 98/441/503 172/442/504 103/438/500
f 25/437/499 97/443/505 171/409/471 98/441/503
f 25/437/499 101/440/502 174/417/479 97/443/505
f 26/444/506 97/443/505 174/417/479 102/416/478
f 26/444/506 99/407/469 171/409/471 97/443/505
f 26/444/506 100/445/507 173/408/470 99/407/469
f 26/444/506 102/416/478 175/418/480 100/445/507
f 27/446/508 135/447/509 179/415/477 66/414/476
f 27/446/508 107/448/510 191/449/511 135/447/509
f 27/446/508 101/440/502 176/439/501 107/448/510
f 27/446/508 66/414/476 174/417/479 101/440/502
f 28/450/512 138/451/513 192/452/514 124/453/515
f 28/450/512 118/404/466 186/403/465 138/451/513
f 28/450/512 98/441/503 171/409/471 118/404/466
f 28/450/512 124/453/515 172/442/504 98/441/503
f 29/454/516 141/455/517 191/449/511 107/448/510
f 29/454/516 124/453/515 192/452/514 141/455/517
f 29/454/516 103/438/500 172/442/504 124/453/515
f 29/454/516 107/448/510 176/439/501 103/438/500
f 30/456/518 144/457/519 185/406/468 105/405/467
f 30/456/518 112/413/475 180/412/474 144/457/519
f 30/456/518 100/445/507 175/418/480 112/413/475
f 30/456/518 105/405/467 173/408/470 100/445/507
f 31/458/520 68/429/491 149/400/462 106/459/521
f 31/458/520 115/460/522 160/379/441 68/429/491
f 31/458/520 127/461/523 183/462/524 115/460/522
f 31/458/520 106/459/521 188/463/525 127/461/523
f 32/464/526 127/461/523 188/463/525 120/465/527
f 32/464/526 116/466/528 183/462/524 127/461/523
f 32/464/526 128/467/529 184/468/530 116/466/528
f 32/464/526 120/465/527 187/469/531 128/467/529
f 33/470/532 128/467/529 187/469/531 119/471/533
f 33/470/532 117/472/534 184/468/530 128/467/529
f 33/470/532 129/402/464 185/406/468 117/472/534
f 33/470/532 119/471/533 186/403/465 129/402/464
f 34/473/535 85/393/455 167/395/457 104/474/536
f 34/473/535 109/475/537 162/394/456 85/393/455
f 34/473/535 130/476/538 177/477/539 109/475/537
f 34/473/535 104/474/536 182/478/540 130/476/538
f 35/479/541 130/476/538 182/478/540 114/480/542
f 35/479/541 110/481/543 177/477/539 130/476/538
f 35/479/541 131/482/544 178/483/545 110/481/543
f 35/479/541 114/480/542 181/484/546 131/482/544
f 36/485/547 131/482/544 181/484/546 113/486/548
f 36/485/547 111/487/549 178/483/545 131/482/544
f 36/485/547 132/411/473 179/415/477 111/487/549
f 36/485/547 113/486/548 180/412/474 132/411/473
f 37/488/550 84/432/494 162/394/456 109/475/537
f 37/488/550 121/489/551 170/344/406 84/432/494
f 37/488/550 133/490/552 189/491/553 121/489/551
f 37/488/550 109/475/537 177/477/539 133/490/552
f 38/492/554 133/490/552 177/477/539 110/481/543
f 38/492/554 122/493/555 189/491/553 133/490/552
f 38/492/554 134/494/556 190/495/557 122/493/555
f 38/492/554 110/481/543 178/483/545 134/494/556
f 39/496/558 134/494/556 178/483/545 111/487/549
f 39/496/558 123/497/559 190/495/557 134/494/556
f 39/496/558 135/447/509 191/449/511 123/497/559
f 39/496/558 111/487/549 179/415/477 135/447/509
f 40/498/560 67/398/460 153/343/405 108/499/561
f 40/498/560 106/459/521 149/400/462 67/398/460
f 40/498/560 136/500/562 188/463/525 106/459/521
f 40/498/560 108/499/561 194/501/563 136/500/562
f 41/502/564 136/500/562 194/501/563 126/503/565
f 41/502/564 120/465/527 188/463/525 136/500/562
f 41/502/564 137/504/566 187/469/531 120/465/527
f 41/502/564 126/503/565 193/505/567 137/504/566
f 42/506/568 137/504/566 193/505/567 125/507/569
f 42/506/568 119/471/533 187/469/531 137/504/566
f 42/506/568 138/451/513 186/403/465 119/471/533
f 42/506/568 125/507/569 192/452/514 138/451/513
f 43/508/570 94/342/404 170/344/406 121/489/551
f 43/508/570 108/499/561 153/343/405 94/342/404
f 43/508/570 139/509/571 194/501/563 108/499/561
f 43/508/570 121/489/551 189/491/553 139/509/571
f 44/510/572 139/509/571 189/491/553 122/493/555
f 44/510/572 126/503/565 194/501/563 139/509/571
f 44/510/572 140/511/573 193/505/567 126/503/565
f 44/510/572 122/493/555 190/495/557 140/511/573
f 45/512/574 140/511/573 190/495/557 123/497/559
f 45/512/574 125/507/569 193/505/567 140/511/573
f 45/512/574 141/455/517 192/452/514 125/507/569
f 45/512/574 123/497/559 191/449/511 141/455/517
f 46/513/575 82/434/496 160/379/441 115/460/522
f 46/513/575 104/474/536 167/395/457 82/434/496
f 46/513/575 142/514/576 182/478/540 104/474/536
f 46/513/575 115/460/522 183/462/524 142/514/576
f 47/515/577 142/514/576 183/462/524 116/466/528
f 47/515/577 114/480/542 182/478/540 142/514/576
f 47/515/577 143/516/578 181/484/546 114/480/542
f 47/515/577 116/466/528 184/468/530 143/516/578
f 48/517/579 143/516/578 184/468/530 117/472/534
f 48/517/579 113/486/548 181/484/546 143/516/578
f 48/517/579 144/457/519 180/412/474 113/486/548
f 48/517/579 117/472/534 185/406/468 144/457/519
f 1134/518/580 313/519/581 305/520/582 1136/521/583
f 342/522/584 317/523/585 306/524/586 340/525/587
f 312/526/588 320/527/589 307/528/590 336/529/591
f 335/530/592 315/531/593 304/532/594 333/533/595
f 1128/534/596 340/525/587 306/524/586 1137/535/597
f 1130/536/598 332/537/599 309/538/600 1138/539/601
f 1138/539/601 309/538/600 313/519/581 1134/518/580
f 334/540/602 325/541/603 318/542/604 330/543/605
f 332/537/599 316/544/606 325/541/603 334/540/602
f 338/545/607 310/546/608 317/523/585 342/522/584
f 344/547/609 311/548/610 320/527/589 312/526/588
f 343/549/611 327/550/612 323/551/613 339/552/614
f 341/553/615 322/554/616 327/550/612 343/549/611
f 331/555/617 308/556/618 315/531/593 335/530/592
f 1129/557/619 330/543/605 318/542/604 1132/558/620
f 1127/559/621 338/545/607 316/544/606 1131/560/622
f 327/550/612 335/530/592 333/533/595 323/551/613
f 1131/560/622 316/544/606 332/537/599 1130/536/598
f 313/519/581 334/540/602 330/543/605 305/520/582
f 309/538/600 332/537/599 334/540/602 313/519/581
f 322/554/616 331/555/617 335/530/592 327/550/612
f 1136/521/583 305/520/582 330/543/605 1129/557/619
f 325/541/603 342/522/584 340/525/587 318/542/604
f 1132/558/620 318/542/604 340/525/587 1128/534/596
f 316/544/606 338/545/607 342/522/584 325/541/603
f 320/527/589 343/549/611 339/552/614 307/528/590
f 311/548/610 341/553/615 343/549/611 320/527/589
f 315/531/593 329/561/623 345/562/624 304/532/594
f 308/556/618 337/563/625 329/561/623 315/531/593
f 1135/564/626 310/546/608 338/545/607 1127/559/621
f 367/565/627 391/566/628 390/567/629 366/568/630
f 362/569/631 386/570/632 385/571/633 361/572/634
f 357/573/635 381/574/636 380/575/637 356/576/638
f 352/577/639 376/578/640 375/579/641 351/580/642
f 347/581/643 371/582/644 370/583/645 346/584/646
f 368/585/647 392/586/648 391/566/628 367/565/627
f 363/587/649 387/588/650 386/570/632 362/569/631
f 358/589/651 382/590/652 381/574/636 357/573/635
f 353/591/653 377/592/654 376/578/640 352/577/639
f 348/593/655 372/594/656 371/582/644 347/581/643
f 369/595/657 393/596/658 392/586/648 368/585/647
f 364/597/659 388/598/660 387/588/650 363/587/649
f 359/599/661 383/600/662 382/590/652 358/589/651
f 354/601/663 378/602/664 377/592/654 353/591/653
f 349/603/665 373/604/666 372/594/656 348/593/655
f 365/605/667 389/606/668 388/598/660 364/597/659
f 360/607/669 384/608/670 383/600/662 359/599/661
f 355/609/671 379/610/672 378/602/664 354/601/663
f 350/611/673 374/612/674 373/604/666 349/603/665
f 366/568/630 390/567/629 389/606/668 365/605/667
f 361/572/634 385/571/633 384/608/670 360/607/669
f 356/576/638 380/575/637 379/610/672 355/609/671
f 351/580/642 375/579/641 374/612/674 350/611/673
f 376/578/640 400/613/675 399/614/676 375/579/641
f 371/582/644 395/615/677 394/616/678 370/583/645
f 392/586/648 416/617/679 415/618/680 391/566/628
f 387/588/650 411/619/681 410/620/682 386/570/632
f 382/590/652 406/621/683 405/622/684 381/574/636
f 377/592/654 401/623/685 400/613/675 376/578/640
f 372/594/656 396/624/686 395/615/677 371/582/644
f 393/596/658 417/625/687 416/617/679 392/586/648
f 388/598/660 412/626/688 411/619/681 387/588/650
f 383/600/662 407/627/689 406/621/683 382/590/652
f 378/602/664 402/628/690 401/623/685 377/592/654
f 373/604/666 397/629/691 396/624/686 372/594/656
f 389/606/668 413/630/692 412/626/688 388/598/660
f 384/608/670 408/631/693 407/627/689 383/600/662
f 379/610/672 403/632/694 402/628/690 378/602/664
f 374/612/674 398/633/695 397/629/691 373/604/666
f 390/567/629 414/634/696 413/630/692 389/606/668
f 385/571/633 409/635/697 408/631/693 384/608/670
f 380/575/637 404/636/698 403/632/694 379/610/672
f 375/579/641 399/614/676 398/633/695 374/612/674
f 391/566/628 415/618/680 414/634/696 390/567/629
f 386/570/632 410/620/682 409/635/697 385/571/633
f 381/574/636 405/622/684 404/636/698 380/575/637
f 416/617/679 440/637/699 439/638/700 415/618/680
f 411/619/681 435/639/701 434/640/702 410/620/682
f 406/621/683 430/641/703 429/642/704 405/622/684
f 401/623/685 425/643/705 424/644/706 400/613/675
f 396/624/686 420/645/707 419/646/708 395/615/677
f 417/625/687 441/647/709 440/637/699 416/617/679
f 412/626/688 436/648/710 435/639/701 411/619/681
f 407/627/689 431/649/711 430/641/703 406/621/683
f 402/628/690 426/650/712 425/643/705 401/623/685
f 397/629/691 421/651/713 420/645/707 396/624/686
f 413/630/692 437/652/714 436/648/710 412/626/688
f 408/631/693 432/653/715 431/649/711 407/627/689
f 403/632/694 427/654/716 426/650/712 402/628/690
f 398/633/695 422/655/717 421/651/713 397/629/691
f 414/634/696 438/656/718 437/652/714 413/630/692
f 409/635/697 433/657/719 432/653/715 408/631/693
f 404/636/698 428/658/720 427/654/716 403/632/694
f 399/614/676 423/659/721 422/655/717 398/633/695
f 415/618/680 439/638/700 438/656/718 414/634/696
f 410/620/682 434/640/702 433/657/719 409/635/697
f 405/622/684 429/642/704 428/658/720 404/636/698
f 400/613/675 424/644/706 423/659/721 399/614/676
f 395/615/677 419/646/708 418/660/722 394/616/678
f 420/645/707 444/661/723 443/662/724 419/646/708
f 441/647/709 465/663/725 464/664/726 440/637/699
f 436/648/710 460/665/727 459/666/728 435/639/701
f 431/649/711 455/667/729 454/668/730 430/641/703
f 426/650/712 450/669/731 449/670/732 425/643/705
f 421/651/713 445/671/733 444/661/723 420/645/707
f 437/652/714 461/672/734 460/665/727 436/648/710
f 432/653/715 456/673/735 455/667/729 431/649/711
f 427/654/716 451/674/736 450/669/731 426/650/712
f 422/655/717 446/675/737 445/671/733 421/651/713
f 438/656/718 462/676/738 461/672/734 437/652/714
f 433/657/719 457/677/739 456/673/735 432/653/715
f 428/658/720 452/678/740 451/674/736 427/654/716
f 423/659/721 447/679/741 446/675/737 422/655/717
f 439/638/700 463/680/742 462/676/738 438/656/718
f 434/640/702 458/681/743 457/677/739 433/657/719
f 429/642/704 453/682/744 452/678/740 428/658/720
f 424/644/706 448/683/745 447/679/741 423/659/721
f 419/646/708 443/662/724 442/684/746 418/660/722
f 440/637/699 464/664/726 463/680/742 439/638/700
f 435/639/701 459/666/728 458/681/743 434/640/702
f 430/641/703 454/668/730 453/682/744 429/642/704
f 425/643/705 449/670/732 448/683/745 424/644/706
f 460/665/727 484/685/747 483/686/748 459/666/728
f 455/667/729 479/687/749 478/688/750 454/668/730
f 450/669/731 474/689/751 473/690/752 449/670/732
f 445/671/733 469/691/753 468/692/754 444/661/723
f 461/672/734 485/693/755 484/685/747 460/665/727
f 456/673/735 480/694/756 479/687/749 455/667/729
f 451/674/736 475/695/757 474/689/751 450/669/731
f 446/675/737 470/696/758 469/691/753 445/671/733
f 462/676/738 486/697/759 485/693/755 461/672/734
f 457/677/739 481/698/760 480/694/756 456/673/735
f 452/678/740 476/699/761 475/695/757 451/674/736
f 447/679/741 471/700/762 470/696/758 446/675/737
f 463/680/742 487/701/763 486/697/759 462/676/738
f 458/681/743 482/702/764 481/698/760 457/677/739
f 453/682/744 477/703/765 476/699/761 452/678/740
f 448/683/745 472/704/766 471/700/762 447/679/741
f 443/662/724 467/705/767 466/706/768 442/684/746
f 464/664/726 488/707/769 487/701/763 463/680/742
f 459/666/728 483/686/748 482/702/764 458/681/743
f 454/668/730 478/688/750 477/703/765 453/682/744
f 449/670/732 473/690/752 472/704/766 448/683/745
f 444/661/723 468/692/754 467/705/767 443/662/724
f 465/663/725 489/708/770 488/707/769 464/664/726
f 469/691/753 493/709/771 492/710/772 468/692/754
f 485/693/755 509/711/773 508/712/774 484/685/747
f 480/694/756 504/713/775 503/714/776 479/687/749
f 475/695/757 499/715/777 498/716/778 474/689/751
f 470/696/758 494/717/779 493/709/771 469/691/753
f 486/697/759 510/718/780 509/711/773 485/693/755
f 481/698/760 505/719/781 504/713/775 480/694/756
f 476/699/761 500/720/782 499/715/777 475/695/757
f 471/700/762 495/721/783 494/717/779 470/696/758
f 487/701/763 511/722/784 510/718/780 486/697/759
f 482/702/764 506/723/785 505/719/781 481/698/760
f 477/703/765 501/724/786 500/720/782 476/699/761
f 472/704/766 496/725/787 495/721/783 471/700/762
f 467/705/767 491/726/788 490/727/789 466/706/768
f 488/707/769 512/728/790 511/722/784 487/701/763
f 483/686/748 507/729/791 506/723/785 482/702/764
f 478/688/750 502/730/792 501/724/786 477/703/765
f 473/690/752 497/731/793 496/725/787 472/704/766
f 468/692/754 492/710/772 491/726/788 467/705/767
f 489/708/770 513/732/794 512/728/790 488/707/769
f 484/685/747 508/712/774 507/729/791 483/686/748
f 479/687/749 503/714/776 502/730/792 478/688/750
f 474/689/751 498/716/778 497/731/793 473/690/752
f 509/711/773 533/733/795 532/734/796 508/712/774
f 504/713/775 528/735/797 527/736/798 503/714/776
f 499/715/777 523/737/799 522/738/800 498/716/778
f 494/717/779 518/739/801 517/740/802 493/709/771
f 510/718/780 534/741/803 533/733/795 509/711/773
f 505/719/781 529/742/804 528/735/797 504/713/775
f 500/720/782 524/743/805 523/737/799 499/715/777
f 495/721/783 519/744/806 518/739/801 494/717/779
f 511/722/784 535/745/807 534/741/803 510/718/780
f 506/723/785 530/746/808 529/742/804 505/719/781
f 501/724/786 525/747/809 524/743/805 500/720/782
f 496/725/787 520/748/810 519/744/806 495/721/783
f 491/726/788 515/749/811 514/750/812 490/727/789
f 512/728/790 536/751/813 535/745/807 511/722/784
f 507/729/791 531/752/814 530/746/808 506/723/785
f 502/730/792 526/753/815 525/747/809 501/724/786
f 497/731/793 521/754/816 520/748/810 496/725/787
f 492/710/772 516/755/817 515/749/811 491/726/788
f 513/732/794 537/756/818 536/751/813 512/728/790
f 508/712/774 532/734/796 531/752/814 507/729/791
f 503/714/776 527/736/798 526/753/815 502/730/792
f 498/716/778 522/738/800 521/754/816 497/731/793
f 493/709/771 517/740/802 516/755/817 492/710/772
f 534/741/803 558/757/819 557/758/820 533/733/795
f 529/742/804 553/759/821 552/760/822 528/735/797
f 524/743/805 548/761/823 547/762/824 523/737/799
f 519/744/806 543/763/825 542/764/826 518/739/801
f 535/745/807 559/765/827 558/757/819 534/741/803
f 530/746/808 554/766/828 553/759/821 529/742/804
f 525/747/809 549/767/829 548/761/823 524/743/805
f 520/748/810 544/768/830 543/763/825 519/744/806
f 515/749/811 539/769/831 538/770/832 514/750/812
f 536/751/813 560/771/833 559/765/827 535/745/807
f 531/752/814 555/772/834 554/766/828 530/746/808
f 526/753/815 550/773/835 549/767/829 525/747/809
f 521/754/816 545/774/836 544/768/830 520/748/810
f 516/755/817 540/775/837 539/769/831 515/749/811
f 537/756/818 561/776/838 560/771/833 536/751/813
f 532/734/796 556/777/839 555/772/834 531/752/814
f 527/736/798 551/778/840 550/773/835 526/753/815
f 522/738/800 546/779/841 545/774/836 521/754/816
f 517/740/802 541/780/842 540/775/837 516/755/817
f 533/733/795 557/758/820 556/777/839 532/734/796
f 528/735/797 552/760/822 551/778/840 527/736/798
f 523/737/799 547/762/824 546/779/841 522/738/800
f 518/739/801 542/764/826 541/780/842 517/740/802
f 553/759/821 577/781/843 576/782/844 552/760/822
f 548/761/823 572/783/845 571/784/846 547/762/824
f 543/763/825 567/785/847 566/786/848 542/764/826
f 559/765/827 583/787/849 582/788/850 558/757/819
f 554/766/828 578/789/851 577/781/843 553/759/821
f 549/767/829 573/790/852 572/783/845 548/761/823
f 544/768/830 568/791/853 567/785/847 543/763/825
f 539/769/831 563/792/854 562/793/855 538/770/832
f 560/771/833 584/794/856 583/787/849 559/765/827
f 555/772/834 579/795/857 578/789/851 554/766/828
f 550/773/835 574/796/858 573/790/852 549/767/829
f 545/774/836 569/797/859 568/791/853 544/768/830
f 540/775/837 564/798/860 563/792/854 539/769/831
f 561/776/838 585/799/861 584/794/856 560/771/833
f 556/777/839 580/800/862 579/795/857 555/772/834
f 551/778/840 575/801/863 574/796/858 550/773/835
f 546/779/841 570/802/864 569/797/859 545/774/836
f 541/780/842 565/803/865 564/798/860 540/775/837
f 557/758/820 581/804/866 580/800/862 556/777/839
f 552/760/822 576/782/844 575/801/863 551/778/840
f 547/762/824 571/784/846 570/802/864 546/779/841
f 542/764/826 566/786/848 565/803/865 541/780/842
f 558/757/819 582/788/850 581/804/866 557/758/820
f 583/787/849 607/805/867 606/806/868 582/788/850
f 578/789/851 602/807/869 601/808/870 577/781/843
f 573/790/852 597/809/871 596/810/872 572/783/845
f 568/791/853 592/811/873 591/812/874 567/785/847
f 563/792/854 587/813/875 586/814/876 562/793/855
f 584/794/856 608/815/877 607/805/867 583/787/849
f 579/795/857 603/816/878 602/807/869 578/789/851
f 574/796/858 598/817/879 597/809/871 573/790/852
f 569/797/859 593/818/880 592/811/873 568/791/853
f 564/798/860 588/819/881 587/813/875 563/792/854
f 585/799/861 609/820/882 608/815/877 584/794/856
f 580/800/862 604/821/883 603/816/878 579/795/857
f 575/801/863 599/822/884 598/817/879 574/796/858
f 570/802/864 594/823/885 593/818/880 569/797/859
f 565/803/865 589/824/886 588/819/881 564/798/860
f 581/804/866 605/825/887 604/821/883 580/800/862
f 576/782/844 600/826/888 599/822/884 575/801/863
f 571/784/846 595/827/889 594/823/885 570/802/864
f 566/786/848 590/828/890 589/824/886 565/803/865
f 582/788/850 606/806/868 605/825/887 581/804/866
f 577/781/843 601/808/870 600/826/888 576/782/844
f 572/783/845 596/810/872 595/827/889 571/784/846
f 567/785/847 591/812/874 590/828/890 566/786/848
f 602/807/869 626/829/891 625/830/892 601/808/870
f 597/809/871 621/831/893 620/832/894 596/810/872
f 592/811/873 616/833/895 615/834/896 591/812/874
f 587/813/875 611/835/897 610/836/898 586/814/876
f 608/815/877 632/837/899 631/838/900 607/805/867
f 603/816/878 627/839/901 626/829/891 602/807/869
f 598/817/879 622/840/902 621/831/893 597/809/871
f 593/818/880 617/841/903 616/833/895 592/811/873
f 588/819/881 612/842/904 611/835/897 587/813/875
f 609/820/882 633/843/905 632/837/899 608/815/877
f 604/821/883 628/844/906 627/839/901 603/816/878
f 599/822/884 623/845/907 622/840/902 598/817/879
f 594/823/885 618/846/908 617/841/903 593/818/880
f 589/824/886 613/847/909 612/842/904 588/819/881
f 605/825/887 629/848/910 628/844/906 604/821/883
f 600/826/888 624/849/911 623/845/907 599/822/884
f 595/827/889 619/850/912 618/846/908 594/823/885
f 590/828/890 614/851/913 613/847/909 589/824/886
f 606/806/868 630/852/914 629/848/910 605/825/887
f 601/808/870 625/830/892 624/849/911 600/826/888
f 596/810/872 620/832/894 619/850/912 595/827/889
f 591/812/874 615/834/896 614/851/913 590/828/890
f 607/805/867 631/838/900 630/852/914 606/806/868
f 632/837/899 656/853/915 655/854/916 631/838/900
f 627/839/901 651/855/917 650/856/918 626/829/891
f 622/840/902 646/857/919 645/858/920 621/831/893
f 617/841/903 641/859/921 640/860/922 616/833/895
f 612/842/904 636/861/923 635/862/924 611/835/897
f 633/843/905 657/863/925 656/853/915 632/837/899
f 628/844/906 652/864/926 651/855/917 627/839/901
f 623/845/907 647/865/927 646/857/919 622/840/902
f 618/846/908 642/866/928 641/859/921 617/841/903
f 613/847/909 637/867/929 636/861/923 612/842/904
f 629/848/910 653/868/930 652/864/926 628/844/906
f 624/849/911 648/869/931 647/865/927 623/845/907
f 619/850/912 643/870/932 642/866/928 618/846/908
f 614/851/913 638/871/933 637/867/929 613/847/909
f 630/852/914 654/872/934 653/868/930 629/848/910
f 625/830/892 649/873/935 648/869/931 624/849/911
f 620/832/894 644/874/936 643/870/932 619/850/912
f 615/834/896 639/875/937 638/871/933 614/851/913
f 631/838/900 655/854/916 654/872/934 630/852/914
f 626/829/891 650/856/918 649/873/935 625/830/892
f 621/831/893 645/858/920 644/874/936 620/832/894
f 616/833/895 640/860/922 639/875/937 615/834/896
f 611/835/897 635/862/924 634/876/938 610/836/898
f 646/857/919 670/877/939 669/878/940 645/858/920
f 641/859/921 665/879/941 664/880/942 640/860/922
f 636/861/923 660/881/943 659/882/944 635/862/924
f 657/863/925 681/883/945 680/884/946 656/853/915
f 652/864/926 676/885/947 675/886/948 651/855/917
f 647/865/927 671/887/949 670/877/939 646/857/919
f 642/866/928 666/888/950 665/879/941 641/859/921
f 637/867/929 661/889/951 660/881/943 636/861/923
f 653/868/930 677/890/952 676/885/947 652/864/926
f 648/869/931 672/891/953 671/887/949 647/865/927
f 643/870/932 667/892/954 666/888/950 642/866/928
f 638/871/933 662/893/955 661/889/951 637/867/929
f 654/872/934 678/894/956 677/890/952 653/868/930
f 649/873/935 673/895/957 672/891/953 648/869/931
f 644/874/936 668/896/958 667/892/954 643/870/932
f 639/875/937 663/897/959 662/893/955 638/871/933
f 655/854/916 679/898/960 678/894/956 654/872/934
f 650/856/918 674/899/961 673/895/957 649/873/935
f 645/858/920 669/878/940 668/896/958 644/874/936
f 640/860/922 664/880/942 663/897/959 639/875/937
f 635/862/924 659/882/944 658/900/962 634/876/938
f 656/853/915 680/884/946 679/898/960 655/854/916
f 651/855/917 675/886/948 674/899/961 650/856/918
f 681/883/945 705/901/963 704/902/964 680/884/946
f 676/885/947 700/903/965 699/904/966 675/886/948
f 671/887/949 695/905/967 694/906/968 670/877/939
f 666/888/950 690/907/969 689/908/970 665/879/941
f 661/889/951 685/909/971 684/910/972 660/881/943
f 677/890/952 701/911/973 700/903/965 676/885/947
f 672/891/953 696/912/974 695/905/967 671/887/949
f 667/892/954 691/913/975 690/907/969 666/888/950
f 662/893/955 686/914/976 685/909/971 661/889/951
f 678/894/956 702/915/977 701/911/973 677/890/952
f 673/895/957 697/916/978 696/912/974 672/891/953
f 668/896/958 692/917/979 691/913/975 667/892/954
f 663/897/959 687/918/980 686/914/976 662/893/955
f 679/898/960 703/919/981 702/915/977 678/894/956
f 674/899/961 698/920/982 697/916/978 673/895/957
f 669/878/940 693/921/983 692/917/979 668/896/958
f 664/880/942 688/922/984 687/918/980 663/897/959
f 659/882/944 683/923/985 682/924/986 658/900/962
f 680/884/946 704/902/964 703/919/981 679/898/960
f 675/886/948 699/904/966 698/920/982 674/899/961
f 670/877/939 694/906/968 693/921/983 669/878/940
f 665/879/941 689/908/970 688/922/984 664/880/942
f 660/881/943 684/910/972 683/923/985 659/882/944
f 695/905/967 719/925/987 718/926/988 694/906/968
f 690/907/969 714/927/989 713/928/990 689/908/970
f 685/909/971 709/929/991 708/930/992 684/910/972
f 701/911/973 725/931/993 724/932/994 700/903/965
f 696/912/974 720/933/995 719/925/987 695/905/967
f 691/913/975 715/934/996 714/927/989 690/907/969
f 686/914/976 710/935/997 709/929/991 685/909/971
f 702/915/977 726/936/998 725/931/993 701/911/973
f 697/916/978 721/937/999 720/933/995 696/912/974
f 692/917/979 716/938/1000 715/934/996 691/913/975
f 687/918/980 711/939/1001 710/935/997 686/914/976
f 703/919/981 727/940/1002 726/936/998 702/915/977
f 698/920/982 722/941/1003 721/937/999 697/916/978
f 693/921/983 717/942/1004 716/938/1000 692/917/979
f 688/922/984 712/943/1005 711/939/1001 687/918/980
f 683/923/985 707/944/1006 706/945/1007 682/924/986
f 704/902/964 728/946/1008 727/940/1002 703/919/981
f 699/904/966 723/947/1009 722/941/1003 698/920/982
f 694/906/968 718/926/988 717/942/1004 693/921/983
f 689/908/970 713/928/990 712/943/1005 688/922/984
f 684/910/972 708/930/992 707/944/1006 683/923/985
f 705/901/963 729/948/1010 728/946/1008 704/902/964
f 700/903/965 724/932/994 723/947/1009 699/904/966
f 725/931/993 749/949/1011 748/950/1012 724/932/994
f 720/933/995 744/951/1013 743/952/1014 719/925/987
f 715/934/996 739/953/1015 738/954/1016 714/927/989
f 710/935/997 734/955/1017 733/956/1018 709/929/991
f 726/936/998 750/957/1019 749/949/1011 725/931/993
f 721/937/999 745/958/1020 744/951/1013 720/933/995
f 716/938/1000 740/959/1021 739/953/1015 715/934/996
f 711/939/1001 735/960/1022 734/955/1017 710/935/997
f 727/940/1002 751/961/1023 750/957/1019 726/936/998
f 722/941/1003 746/962/1024 745/958/1020 721/937/999
f 717/942/1004 741/963/1025 740/959/1021 716/938/1000
f 712/943/1005 736/964/1026 735/960/1022 711/939/1001
f 707/944/1006 731/965/1027 730/966/1028 706/945/1007
f 728/946/1008 752/967/1029 751/961/1023 727/940/1002
f 723/947/1009 747/968/1030 746/962/1024 722/941/1003
f 718/926/988 742/969/1031 741/963/1025 717/942/1004
f 713/928/990 737/970/1032 736/964/1026 712/943/1005
f 708/930/992 732/971/1033 731/965/1027 707/944/1006
f 729/948/1010 753/972/1034 752/967/1029 728/946/1008
f 724/932/994 748/950/1012 747/968/1030 723/947/1009
f 719/925/987 743/952/1014 742/969/1031 718/926/988
f 714/927/989 738/954/1016 737/970/1032 713/928/990
f 709/929/991 733/956/1018 732/971/1033 708/930/992
f 739/953/1015 763/973/1035 762/974/1036 738/954/1016
f 734/955/1017 758/975/1037 757/976/1038 733/956/1018
f 750/957/1019 774/977/1039 773/978/1040 749/949/1011
f 745/958/1020 769/979/1041 768/980/1042 744/951/1013
f 740/959/1021 764/981/1043 763/973/1035 739/953/1015
f 735/960/1022 759/982/1044 758/975/1037 734/955/1017
f 751/961/1023 775/983/1045 774/977/1039 750/957/1019
f 746/962/1024 770/984/1046 769/979/1041 745/958/1020
f 741/963/1025 765/985/1047 764/981/1043 740/959/1021
f 736/964/1026 760/986/1048 759/982/1044 735/960/1022
f 731/965/1027 755/987/1049 754/988/1050 730/966/1028
f 752/967/1029 776/989/1051 775/983/1045 751/961/1023
f 747/968/1030 771/990/1052 770/984/1046 746/962/1024
f 742/969/1031 766/991/1053 765/985/1047 741/963/1025
f 737/970/1032 761/992/1054 760/986/1048 736/964/1026
f 732/971/1033 756/993/1055 755/987/1049 731/965/1027
f 753/972/1034 777/994/1056 776/989/1051 752/967/1029
f 748/950/1012 772/995/1057 771/990/1052 747/968/1030
f 743/952/1014 767/996/1058 766/991/1053 742/969/1031
f 738/954/1016 762/974/1036 761/992/1054 737/970/1032
f 733/956/1018 757/976/1038 756/993/1055 732/971/1033
f 749/949/1011 773/978/1040 772/995/1057 748/950/1012
f 744/951/1013 768/980/1042 767/996/1058 743/952/1014
f 774/977/1039 798/997/1059 797/998/1060 773/978/1040
f 769/979/1041 793/999/1061 792/1000/1062 768/980/1042
f 764/981/1043 788/1001/1063 787/1002/1064 763/973/1035
f 759/982/1044 783/1003/1065 782/1004/1066 758/975/1037
f 775/983/1045 799/1005/1067 798/997/1059 774/977/1039
f 770/984/1046 794/1006/1068 793/999/1061 769/979/1041
f 765/985/1047 789/1007/1069 788/1001/1063 764/981/1043
f 760/986/1048 784/1008/1070 783/1003/1065 759/982/1044
f 755/987/1049 779/1009/1071 778/1010/1072 754/988/1050
f 776/989/1051 800/1011/1073 799/1005/1067 775/983/1045
f 771/990/1052 795/1012/1074 794/1006/1068 770/984/1046
f 766/991/1053 790/1013/1075 789/1007/1069 765/985/1047
f 761/992/1054 785/1014/1076 784/1008/1070 760/986/1048
f 756/993/1055 780/1015/1077 779/1009/1071 755/987/1049
f 777/994/1056 801/1016/1078 800/1011/1073 776/989/1051
f 772/995/1057 796/1017/1079 795/1012/1074 771/990/1052
f 767/996/1058 791/1018/1080 790/1013/1075 766/991/1053
f 762/974/1036 786/1019/1081 785/1014/1076 761/992/1054
f 757/976/1038 781/1020/1082 780/1015/1077 756/993/1055
f 773/978/1040 797/998/1060 796/1017/1079 772/995/1057
f 768/980/1042 792/1000/1062 791/1018/1080 767/996/1058
f 763/973/1035 787/1002/1064 786/1019/1081 762/974/1036
f 758/975/1037 782/1004/1066 781/1020/1082 757/976/1038
f 788/1001/1063 812/1021/1083 811/1022/1084 787/1002/1064
f 783/1003/1065 807/1023/1085 806/1024/1086 782/1004/1066
f 799/1005/1067 823/1025/1087 822/1026/1088 798/997/1059
f 794/1006/1068 818/1027/1089 817/1028/1090 793/999/1061
f 789/1007/1069 813/1029/1091 812/1021/1083 788/1001/1063
f 784/1008/1070 808/1030/1092 807/1023/1085 783/1003/1065
f 779/1009/1071 803/1031/1093 802/1032/1094 778/1010/1072
f 800/1011/1073 824/1033/1095 823/1025/1087 799/1005/1067
f 795/1012/1074 819/1034/1096 818/1027/1089 794/1006/1068
f 790/1013/1075 814/1035/1097 813/1029/1091 789/1007/1069
f 785/1014/1076 809/1036/1098 808/1030/1092 784/1008/1070
f 780/1015/1077 804/1037/1099 803/1031/1093 779/1009/1071
f 801/1016/1078 825/1038/1100 824/1033/1095 800/1011/1073
f 796/1017/1079 820/1039/1101 819/1034/1096 795/1012/1074
f 791/1018/1080 815/1040/1102 814/1035/1097 790/1013/1075
f 786/1019/1081 810/1041/1103 809/1036/1098 785/1014/1076
f 781/1020/1082 805/1042/1104 804/1037/1099 780/1015/1077
f 797/998/1060 821/1043/1105 820/1039/1101 796/1017/1079
f 792/1000/1062 816/1044/1106 815/1040/1102 791/1018/1080
f 787/1002/1064 811/1022/1084 810/1041/1103 786/1019/1081
f 782/1004/1066 806/1024/1086 805/1042/1104 781/1020/1082
f 798/997/1059 822/1026/1088 821/1043/1105 797/998/1060
f 793/999/1061 817/1028/1090 816/1044/1106 792/1000/1062
f 808/1030/1092 832/1045/1107 831/1046/1108 807/1023/1085
f 803/1031/1093 827/1047/1109 826/1048/1110 802/1032/1094
f 824/1033/1095 848/1049/1111 847/1050/1112 823/1025/1087
f 819/1034/1096 843/1051/1113 842/1052/1114 818/1027/1089
f 814/1035/1097 838/1053/1115 837/1054/1116 813/1029/1091
f 809/1036/1098 833/1055/1117 832/1045/1107 808/1030/1092
f 804/1037/1099 828/1056/1118 827/1047/1109 803/1031/1093
f 825/1038/1100 849/1057/1119 848/1049/1111 824/1033/1095
f 820/1039/1101 844/1058/1120 843/1051/1113 819/1034/1096
f 815/1040/1102 839/1059/1121 838/1053/1115 814/1035/1097
f 810/1041/1103 834/1060/1122 833/1055/1117 809/1036/1098
f 805/1042/1104 829/1061/1123 828/1056/1118 804/1037/1099
f 821/1043/1105 845/1062/1124 844/1058/1120 820/1039/1101
f 816/1044/1106 840/1063/1125 839/1059/1121 815/1040/1102
f 811/1022/1084 835/1064/1126 834/1060/1122 810/1041/1103
f 806/1024/1086 830/1065/1127 829/1061/1123 805/1042/1104
f 822/1026/1088 846/1066/1128 845/1062/1124 821/1043/1105
f 817/1028/1090 841/1067/1129 840/1063/1125 816/1044/1106
f 812/1021/1083 836/1068/1130 835/1064/1126 811/1022/1084
f 807/1023/1085 831/1046/1108 830/1065/1127 806/1024/1086
f 823/1025/1087 847/1050/1112 846/1066/1128 822/1026/1088
f 818/1027/1089 842/1052/1114 841/1067/1129 817/1028/1090
f 813/1029/1091 837/1054/1116 836/1068/1130 812/1021/1083
f 848/1049/1111 872/1069/1131 871/1070/1132 847/1050/1112
f 843/1051/1113 867/1071/1133 866/1072/1134 842/1052/1114
f 838/1053/1115 862/1073/1135 861/1074/1136 837/1054/1116
f 833/1055/1117 857/1075/1137 856/1076/1138 832/1045/1107
f 828/1056/1118 852/1077/1139 851/1078/1140 827/1047/1109
f 849/1057/1119 873/1079/1141 872/1069/1131 848/1049/1111
f 844/1058/1120 868/1080/1142 867/1071/1133 843/1051/1113
f 839/1059/1121 863/1081/1143 862/1073/1135 838/1053/1115
f 834/1060/1122 858/1082/1144 857/1075/1137 833/1055/1117
f 829/1061/1123 853/1083/1145 852/1077/1139 828/1056/1118
f 845/1062/1124 869/1084/1146 868/1080/1142 844/1058/1120
f 840/1063/1125 864/1085/1147 863/1081/1143 839/1059/1121
f 835/1064/1126 859/1086/1148 858/1082/1144 834/1060/1122
f 830/1065/1127 854/1087/1149 853/1083/1145 829/1061/1123
f 846/1066/1128 870/1088/1150 869/1084/1146 845/1062/1124
f 841/1067/1129 865/1089/1151 864/1085/1147 840/1063/1125
f 836/1068/1130 860/1090/1152 859/1086/1148 835/1064/1126
f 831/1046/1108 855/1091/1153 854/1087/1149 830/1065/1127
f 847/1050/1112 871/1070/1132 870/1088/1150 846/1066/1128
f 842/1052/1114 866/1072/1134 865/1089/1151 841/1067/1129
f 837/1054/1116 861/1074/1136 860/1090/1152 836/1068/1130
f 832/1045/1107 856/1076/1138 855/1091/1153 831/1046/1108
f 827/1047/1109 851/1078/1140 850/1092/1154 826/1048/1110
f 857/1075/1137 881/1093/1155 880/1094/1156 856/1076/1138
f 852/1077/1139 876/1095/1157 875/1096/1158 851/1078/1140
f 873/1079/1141 897/1097/1159 896/1098/1160 872/1069/1131
f 868/1080/1142 892/1099/1161 891/1100/1162 867/1071/1133
f 863/1081/1143 887/1101/1163 886/1102/1164 862/1073/1135
f 858/1082/1144 882/1103/1165 881/1093/1155 857/1075/1137
f 853/1083/1145 877/1104/1166 876/1095/1157 852/1077/1139
f 869/1084/1146 893/1105/1167 892/1099/1161 868/1080/1142
f 864/1085/1147 888/1106/1168 887/1101/1163 863/1081/1143
f 859/1086/1148 883/1107/1169 882/1103/1165 858/1082/1144
f 854/1087/1149 878/1108/1170 877/1104/1166 853/1083/1145
f 870/1088/1150 894/1109/1171 893/1105/1167 869/1084/1146
f 865/1089/1151 889/1110/1172 888/1106/1168 864/1085/1147
f 860/1090/1152 884/1111/1173 883/1107/1169 859/1086/1148
f 855/1091/1153 879/1112/1174 878/1108/1170 854/1087/1149
f 871/1070/1132 895/1113/1175 894/1109/1171 870/1088/1150
f 866/1072/1134 890/1114/1176 889/1110/1172 865/1089/1151
f 861/1074/1136 885/1115/1177 884/1111/1173 860/1090/1152
f 856/1076/1138 880/1094/1156 879/1112/1174 855/1091/1153
f 851/1078/1140 875/1096/1158 874/1116/1178 850/1092/1154
f 872/1069/1131 896/1098/1160 895/1113/1175 871/1070/1132
f 867/1071/1133 891/1100/1162 890/1114/1176 866/1072/1134
f 862/1073/1135 886/1102/1164 885/1115/1177 861/1074/1136
f 897/1097/1159 921/1117/1179 920/1118/1180 896/1098/1160
f 892/1099/1161 916/1119/1181 915/1120/1182 891/1100/1162
f 887/1101/1163 911/1121/1183 910/1122/1184 886/1102/1164
f 882/1103/1165 906/1123/1185 905/1124/1186 881/1093/1155
f 877/1104/1166 901/1125/1187 900/1126/1188 876/1095/1157
f 893/1105/1167 917/1127/1189 916/1119/1181 892/1099/1161
f 888/1106/1168 912/1128/1190 911/1121/1183 887/1101/1163
f 883/1107/1169 907/1129/1191 906/1123/1185 882/1103/1165
f 878/1108/1170 902/1130/1192 901/1125/1187 877/1104/1166
f 894/1109/1171 918/1131/1193 917/1127/1189 893/1105/1167
f 889/1110/1172 913/1132/1194 912/1128/1190 888/1106/1168
f 884/1111/1173 908/1133/1195 907/1129/1191 883/1107/1169
f 879/1112/1174 903/1134/1196 902/1130/1192 878/1108/1170
f 895/1113/1175 919/1135/1197 918/1131/1193 894/1109/1171
f 890/1114/1176 914/1136/1198 913/1132/1194 889/1110/1172
f 885/1115/1177 909/1137/1199 908/1133/1195 884/1111/1173
f 880/1094/1156 904/1138/1200 903/1134/1196 879/1112/1174
f 875/1096/1158 899/1139/1201 898/1140/1202 874/1116/1178
f 896/1098/1160 920/1118/1180 919/1135/1197 895/1113/1175
f 891/1100/1162 915/1120/1182 914/1136/1198 890/1114/1176
f 886/1102/1164 910/1122/1184 909/1137/1199 885/1115/1177
f 881/1093/1155 905/1124/1186 904/1138/1200 880/1094/1156
f 876/1095/1157 900/1126/1188 899/1139/1201 875/1096/1158
f 901/1125/1187 925/1141/1203 924/1142/1204 900/1126/1188
f 917/1127/1189 941/1143/1205 940/1144/1206 916/1119/1181
f 912/1128/1190 936/1145/1207 935/1146/1208 911/1121/1183
f 907/1129/1191 931/1147/1209 930/1148/1210 906/1123/1185
f 902/1130/1192 926/1149/1211 925/1141/1203 901/1125/1187
f 918/1131/1193 942/1150/1212 941/1143/1205 917/1127/1189
f 913/1132/1194 937/1151/1213 936/1145/1207 912/1128/1190
f 908/1133/1195 932/1152/1214 931/1147/1209 907/1129/1191
f 903/1134/1196 927/1153/1215 926/1149/1211 902/1130/1192
f 919/1135/1197 943/1154/1216 942/1150/1212 918/1131/1193
f 914/1136/1198 938/1155/1217 937/1151/1213 913/1132/1194
f 909/1137/1199 933/1156/1218 932/1152/1214 908/1133/1195
f 904/1138/1200 928/1157/1219 927/1153/1215 903/1134/1196
f 899/1139/1201 923/1158/1220 922/1159/1221 898/1140/1202
f 920/1118/1180 944/1160/1222 943/1154/1216 919/1135/1197
f 915/1120/1182 939/1161/1223 938/1155/1217 914/1136/1198
f 910/1122/1184 934/1162/1224 933/1156/1218 909/1137/1199
f 905/1124/1186 929/1163/1225 928/1157/1219 904/1138/1200
f 900/1126/1188 924/1142/1204 923/1158/1220 899/1139/1201
f 921/1117/1179 945/1164/1226 944/1160/1222 920/1118/1180
f 916/1119/1181 940/1144/1206 939/1161/1223 915/1120/1182
f 911/1121/1183 935/1146/1208 934/1162/1224 910/1122/1184
f 906/1123/1185 930/1148/1210 929/1163/1225 905/1124/1186
f 941/1143/1205 965/1165/1227 964/1166/1228 940/1144/1206
f 936/1145/1207 960/1167/1229 959/1168/1230 935/1146/1208
f 931/1147/1209 955/1169/1231 954/1170/1232 930/1148/1210
f 926/1149/1211 950/1171/1233 949/1172/1234 925/1141/1203
f 942/1150/1212 966/1173/1235 965/1165/1227 941/1143/1205
f 937/1151/1213 961/1174/1236 960/1167/1229 936/1145/1207
f 932/1152/1214 956/1175/1237 955/1169/1231 931/1147/1209
f 927/1153/1215 951/1176/1238 950/1171/1233 926/1149/1211
f 943/1154/1216 967/1177/1239 966/1173/1235 942/1150/1212
f 938/1155/1217 962/1178/1240 961/1174/1236 937/1151/1213
f 933/1156/1218 957/1179/1241 956/1175/1237 932/1152/1214
f 928/1157/1219 952/1180/1242 951/1176/1238 927/1153/1215
f 923/1158/1220 947/1181/1243 946/1182/1244 922/1159/1221
f 944/1160/1222 968/1183/1245 967/1177/1239 943/1154/1216
f 939/1161/1223 963/1184/1246 962/1178/1240 938/1155/1217
f 934/1162/1224 958/1185/1247 957/1179/1241 933/1156/1218
f 929/1163/1225 953/1186/1248 952/1180/1242 928/1157/1219
f 924/1142/1204 948/1187/1249 947/1181/1243 923/1158/1220
f 945/1164/1226 969/1188/1250 968/1183/1245 944/1160/1222
f 940/1144/1206 964/1166/1228 963/1184/1246 939/1161/1223
f 935/1146/1208 959/1168/1230 958/1185/1247 934/1162/1224
f 930/1148/1210 954/1170/1232 953/1186/1248 929/1163/1225
f 925/1141/1203 949/1172/1234 948/1187/1249 924/1142/1204
f 950/1171/1233 974/1189/1251 973/1190/1252 949/1172/1234
f 966/1173/1235 990/1191/1253 989/1192/1254 965/1165/1227
f 961/1174/1236 985/1193/1255 984/1194/1256 960/1167/1229
f 956/1175/1237 980/1195/1257 979/1196/1258 955/1169/1231
f 951/1176/1238 975/1197/1259 974/1189/1251 950/1171/1233
f 967/1177/1239 991/1198/1260 990/1191/1253 966/1173/1235
f 962/1178/1240 986/1199/1261 985/1193/1255 961/1174/1236
f 957/1179/1241 981/1200/1262 980/1195/1257 956/1175/1237
f 952/1180/1242 976/1201/1263 975/1197/1259 951/1176/1238
f 947/1181/1243 971/1202/1264 970/1203/1265 946/1182/1244
f 968/1183/1245 992/1204/1266 991/1198/1260 967/1177/1239
f 963/1184/1246 987/1205/1267 986/1199/1261 962/1178/1240
f 958/1185/1247 982/1206/1268 981/1200/1262 957/1179/1241
f 953/1186/1248 977/1207/1269 976/1201/1263 952/1180/1242
f 948/1187/1249 972/1208/1270 971/1202/1264 947/1181/1243
f 969/1188/1250 993/1209/1271 992/1204/1266 968/1183/1245
f 964/1166/1228 988/1210/1272 987/1205/1267 963/1184/1246
f 959/1168/1230 983/1211/1273 982/1206/1268 958/1185/1247
f 954/1170/1232 978/1212/1274 977/1207/1269 953/1186/1248
f 949/1172/1234 973/1190/1252 972/1208/1270 948/1187/1249
f 965/1165/1227 989/1192/1254 988/1210/1272 964/1166/1228
f 960/1167/1229 984/1194/1256 983/1211/1273 959/1168/1230
f 955/1169/1231 979/1196/1258 978/1212/1274 954/1170/1232
f 990/1191/1253 1014/1213/1275 1013/1214/1276 989/1192/1254
f 985/1193/1255 1009/1215/1277 1008/1216/1278 984/1194/1256
f 980/1195/1257 1004/1217/1279 1003/1218/1280 979/1196/1258
f 975/1197/1259 999/1219/1281 998/1220/1282 974/1189/1251
f 991/1198/1260 1015/1221/1283 1014/1213/1275 990/1191/1253
f 986/1199/1261 1010/1222/1284 1009/1215/1277 985/1193/1255
f 981/1200/1262 1005/1223/1285 1004/1217/1279 980/1195/1257
f 976/1201/1263 1000/1224/1286 999/1219/1281 975/1197/1259
f 971/1202/1264 995/1225/1287 994/1226/1288 970/1203/1265
f 992/1204/1266 1016/1227/1289 1015/1221/1283 991/1198/1260
f 987/1205/1267 1011/1228/1290 1010/1222/1284 986/1199/1261
f 982/1206/1268 1006/1229/1291 1005/1223/1285 981/1200/1262
f 977/1207/1269 1001/1230/1292 1000/1224/1286 976/1201/1263
f 972/1208/1270 996/1231/1293 995/1225/1287 971/1202/1264
f 993/1209/1271 1017/1232/1294 1016/1227/1289 992/1204/1266
f 988/1210/1272 1012/1233/1295 1011/1228/1290 987/1205/1267
f 983/1211/1273 1007/1234/1296 1006/1229/1291 982/1206/1268
f 978/1212/1274 1002/1235/1297 1001/1230/1292 977/1207/1269
f 973/1190/1252 997/1236/1298 996/1231/1293 972/1208/1270
f 989/1192/1254 1013/1214/1276 1012/1233/1295 988/1210/1272
f 984/1194/1256 1008/1216/1278 1007/1234/1296 983/1211/1273
f 979/1196/1258 1003/1218/1280 1002/1235/1297 978/1212/1274
f 974/1189/1251 998/1220/1282 997/1236/1298 973/1190/1252
f 1015/1221/1283 1040/1237/1299 1039/1238/1300 1014/1213/1275
f 1010/1222/1284 1035/1239/1301 1034/1240/1302 1009/1215/1277
f 1005/1223/1285 1030/1241/1303 1029/1242/1304 1004/1217/1279
f 1000/1224/1286 1025/1243/1305 1024/1244/1306 999/1219/1281
f 995/1225/1287 1020/1245/1307 1019/1246/1308 994/1226/1288
f 1016/1227/1289 1041/1247/1309 1040/1237/1299 1015/1221/1283
f 1011/1228/1290 1036/1248/1310 1035/1239/1301 1010/1222/1284
f 1006/1229/1291 1031/1249/1311 1030/1241/1303 1005/1223/1285
f 1001/1230/1292 1026/1250/1312 1025/1243/1305 1000/1224/1286
f 996/1231/1293 1021/1251/1313 1020/1245/1307 995/1225/1287
f 1017/1232/1294 1042/1252/1314 1041/1247/1309 1016/1227/1289
f 1012/1233/1295 1037/1253/1315 1036/1248/1310 1011/1228/1290
f 1007/1234/1296 1032/1254/1316 1031/1249/1311 1006/1229/1291
f 1002/1235/1297 1027/1255/1317 1026/1250/1312 1001/1230/1292
f 997/1236/1298 1022/1256/1318 1021/1251/1313 996/1231/1293
f 1013/1214/1276 1038/1257/1319 1037/1253/1315 1012/1233/1295
f 1008/1216/1278 1033/1258/1320 1032/1254/1316 1007/1234/1296
f 1003/1218/1280 1028/1259/1321 1027/1255/1317 1002/1235/1297
f 998/1220/1282 1023/1260/1322 1022/1256/1318 997/1236/1298
f 1014/1213/1275 1039/1238/1300 1038/1257/1319 1013/1214/1276
f 1009/1215/1277 1034/1240/1302 1033/1258/1320 1008/1216/1278
f 1004/1217/1279 1029/1242/1304 1028/1259/1321 1003/1218/1280
f 999/1219/1281 1024/1244/1306 1023/1260/1322 998/1220/1282
f 1035/1239/1301 1059/1261/1323 1058/1262/1324 1034/1240/1302
f 1030/1241/1303 1054/1263/1325 1053/1264/1326 1029/1242/1304
f 1025/1243/1305 1049/1265/1327 1048/1266/1328 1024/1244/1306
f 1020/1245/1307 1044/1267/1329 1043/1268/1330 1019/1246/1308
f 1041/1247/1309 1065/1269/1331 1064/1270/1332 1040/1237/1299
f 1036/1248/1310 1060/1271/1333 1059/1261/1323 1035/1239/1301
f 1031/1249/1311 1055/1272/1334 1054/1263/1325 1030/1241/1303
f 1026/1250/1312 1050/1273/1335 1049/1265/1327 1025/1243/1305
f 1021/1251/1313 1045/1274/1336 1044/1267/1329 1020/1245/1307
f 1042/1252/1314 1066/1275/1337 1065/1269/1331 1041/1247/1309
f 1037/1253/1315 1061/1276/1338 1060/1271/1333 1036/1248/1310
f 1032/1254/1316 1056/1277/1339 1055/1272/1334 1031/1249/1311
f 1027/1255/1317 1051/1278/1340 1050/1273/1335 1026/1250/1312
f 1022/1256/1318 1046/1279/1341 1045/1274/1336 1021/1251/1313
f 1038/1257/1319 1062/1280/1342 1061/1276/1338 1037/1253/1315
f 1033/1258/1320 1057/1281/1343 1056/1277/1339 1032/1254/1316
f 1028/1259/1321 1052/1282/1344 1051/1278/1340 1027/1255/1317
f 1023/1260/1322 1047/1283/1345 1046/1279/1341 1022/1256/1318
f 1039/1238/1300 1063/1284/1346 1062/1280/1342 1038/1257/1319
f 1034/1240/1302 1058/1262/1324 1057/1281/1343 1033/1258/1320
f 1029/1242/1304 1053/1264/1326 1052/1282/1344 1028/1259/1321
f 1024/1244/1306 1048/1266/1328 1047/1283/1345 1023/1260/1322
f 1040/1237/1299 1064/1270/1332 1063/1284/1346 1039/1238/1300
f 1044/1267/1329 1068/1285/1347 1067/1286/1348 1043/1268/1330
f 1065/1269/1331 1089/1287/1349 1088/1288/1350 1064/1270/1332
f 1060/1271/1333 1084/1289/1351 1083/1290/1352 1059/1261/1323
f 1055/1272/1334 1079/1291/1353 1078/1292/1354 1054/1263/1325
f 1050/1273/1335 1074/1293/1355 1073/1294/1356 1049/1265/1327
f 1045/1274/1336 1069/1295/1357 1068/1285/1347 1044/1267/1329
f 1066/1275/1337 1090/1296/1358 1089/1287/1349 1065/1269/1331
f 1061/1276/1338 1085/1297/1359 1084/1289/1351 1060/1271/1333
f 1056/1277/1339 1080/1298/1360 1079/1291/1353 1055/1272/1334
f 1051/1278/1340 1075/1299/1361 1074/1293/1355 1050/1273/1335
f 1046/1279/1341 1070/1300/1362 1069/1295/1357 1045/1274/1336
f 1062/1280/1342 1086/1301/1363 1085/1297/1359 1061/1276/1338
f 1057/1281/1343 1081/1302/1364 1080/1298/1360 1056/1277/1339
f 1052/1282/1344 1076/1303/1365 1075/1299/1361 1051/1278/1340
f 1047/1283/1345 1071/1304/1366 1070/1300/1362 1046/1279/1341
f 1063/1284/1346 1087/1305/1367 1086/1301/1363 1062/1280/1342
f 1058/1262/1324 1082/1306/1368 1081/1302/1364 1057/1281/1343
f 1053/1264/1326 1077/1307/1369 1076/1303/1365 1052/1282/1344
f 1048/1266/1328 1072/1308/1370 1071/1304/1366 1047/1283/1345
f 1064/1270/1332 1088/1288/1350 1087/1305/1367 1063/1284/1346
f 1059/1261/1323 1083/1290/1352 1082/1306/1368 1058/1262/1324
f 1054/1263/1325 1078/1292/1354 1077/1307/1369 1053/1264/1326
f 1049/1265/1327 1073/1294/1356 1072/1308/1370 1048/1266/1328
f 1084/1289/1351 1108/1309/1371 1107/1310/1372 1083/1290/1352
f 1079/1291/1353 1103/1311/1373 1102/1312/1374 1078/1292/1354
f 1074/1293/1355 1098/1313/1375 1097/1314/1376 1073/1294/1356
f 1069/1295/1357 1093/1315/1377 1092/1316/1378 1068/1285/1347
f 1090/1296/1358 1114/1317/1379 1113/1318/1380 1089/1287/1349
f 1085/1297/1359 1109/1319/1381 1108/1309/1371 1084/1289/1351
f 1080/1298/1360 1104/1320/1382 1103/1311/1373 1079/1291/1353
f 1075/1299/1361 1099/1321/1383 1098/1313/1375 1074/1293/1355
f 1070/1300/1362 1094/1322/1384 1093/1315/1377 1069/1295/1357
f 1086/1301/1363 1110/1323/1385 1109/1319/1381 1085/1297/1359
f 1081/1302/1364 1105/1324/1386 1104/1320/1382 1080/1298/1360
f 1076/1303/1365 1100/1325/1387 1099/1321/1383 1075/1299/1361
f 1071/1304/1366 1095/1326/1388 1094/1322/1384 1070/1300/1362
f 1087/1305/1367 1111/1327/1389 1110/1323/1385 1086/1301/1363
f 1082/1306/1368 1106/1328/1390 1105/1324/1386 1081/1302/1364
f 1077/1307/1369 1101/1329/1391 1100/1325/1387 1076/1303/1365
f 1072/1308/1370 1096/1330/1392 1095/1326/1388 1071/1304/1366
f 1088/1288/1350 1112/1331/1393 1111/1327/1389 1087/1305/1367
f 1083/1290/1352 1107/1310/1372 1106/1328/1390 1082/1306/1368
f 1078/1292/1354 1102/1312/1374 1101/1329/1391 1077/1307/1369
f 1073/1294/1356 1097/1314/1376 1096/1330/1392 1072/1308/1370
f 1068/1285/1347 1092/1316/1378 1091/1332/1394 1067/1286/1348
f 1089/1287/1349 1113/1318/1380 1112/1331/1393 1088/1288/1350
f 344/547/609 1125/1333/1395 1115/1334/1396 314/1335/1397
f 328/1336/1398 1120/1337/1399 1116/1338/1400 319/1339/1401
f 326/1340/1402 1119/1341/1403 1117/1342/1404 321/1343/1405
f 345/562/624 1126/1344/1406 1118/1345/1407 324/1346/1408
f 314/1335/1397 1115/1334/1396 1119/1341/1403 326/1340/1402
f 321/1343/1405 1117/1342/1404 1124/1347/1409 337/563/625
f 324/1346/1408 1118/1345/1407 1120/1337/1399 328/1336/1398
f 319/1339/1401 1116/1338/1400 1123/1348/1410 336/529/591
f 339/552/614 319/1339/1401 336/529/591 307/528/590
f 337/563/625 1124/1347/1409 1122/1349/1411 329/561/623
f 329/561/623 1122/1349/1411 1126/1344/1406 345/562/624
f 333/533/595 324/1346/1408 328/1336/1398 323/551/613
f 331/555/617 321/1343/1405 337/563/625 308/556/618
f 341/553/615 314/1335/1397 326/1340/1402 322/554/616
f 304/532/594 345/562/624 324/1346/1408 333/533/595
f 322/554/616 326/1340/1402 321/1343/1405 331/555/617
f 323/551/613 328/1336/1398 319/1339/1401 339/552/614
f 311/548/610 344/547/609 314/1335/1397 341/553/615
f 310/546/608 1135/564/626 1133/1350/1412 317/523/585
f 317/523/585 1133/1350/1412 1137/535/597 306/524/586
f 1125/1333/1395 344/547/609 312/526/588 1121/1351/1413
f 1121/1351/1413 312/526/588 336/529/591 1123/1348/1410
f 1133/1350/1412 1135/564/626 1127/559/621 1131/560/622 1130/536/598 1138/539/601 1134/518/580 1136/521/583 1129/557/619 1132/558/620 1128/534/596 1137/535/597
f 1125/1333/1395 1121/1351/1413 1123/1348/1410 1116/1338/1400 1120/1337/1399 1118/1345/1407 1126/1344/1406 1122/1349/1411 1124/1347/1409 1117/1342/1404 1119/1341/1403 1115/1334/1396
f 1139/1352/1414 393/596/658 369/595/657
f 346/584/646 370/583/645 1018/1353/1415
f 1139/1352/1414 417/625/687 393/596/658
f 370/583/645 394/616/678 1018/1353/1415
f 1139/1352/1414 441/647/709 417/625/687
f 394/616/678 418/660/722 1018/1353/1415
f 1139/1352/1414 465/663/725 441/647/709
f 418/660/722 442/684/746 1018/1353/1415
f 1139/1352/1414 489/708/770 465/663/725
f 442/684/746 466/706/768 1018/1353/1415
f 1139/1352/1414 513/732/794 489/708/770
f 466/706/768 490/727/789 1018/1353/1415
f 490/727/789 514/750/812 1018/1353/1415
f 1139/1352/1414 537/756/818 513/732/794
f 514/750/812 538/770/832 1018/1353/1415
f 1139/1352/1414 561/776/838 537/756/818
f 538/770/832 562/793/855 1018/1353/1415
f 1139/1352/1414 585/799/861 561/776/838
f 562/793/855 586/814/876 1018/1353/1415
f 1139/1352/1414 609/820/882 585/799/861
f 1139/1352/1414 633/843/905 609/820/882
f 586/814/876 610/836/898 1018/1353/1415
f 1139/1352/1414 657/863/925 633/843/905
f 610/836/898 634/876/938 1018/1353/1415
f 1139/1352/1414 681/883/945 657/863/925
f 634/876/938 658/900/962 1018/1353/1415
f 1139/1352/1414 705/901/963 681/883/945
f 658/900/962 682/924/986 1018/1353/1415
f 1139/1352/1414 729/948/1010 705/901/963
f 682/924/986 706/945/1007 1018/1353/1415
f 1139/1352/1414 753/972/1034 729/948/1010
f 706/945/1007 730/966/1028 1018/1353/1415
f 730/966/1028 754/988/1050 1018/1353/1415
f 1139/1352/1414 777/994/1056 753/972/1034
f 754/988/1050 778/1010/1072 1018/1353/1415
f 1139/1352/1414 801/1016/1078 777/994/1056
f 778/1010/1072 802/1032/1094 1018/1353/1415
f 1139/1352/1414 825/1038/1100 801/1016/1078
f 1139/1352/1414 849/1057/1119 825/1038/1100
f 802/1032/1094 826/1048/1110 1018/1353/1415
f 1139/1352/1414 873/1079/1141 849/1057/1119
f 826/1048/1110 850/1092/1154 1018/1353/1415
f 1139/1352/1414 897/1097/1159 873/1079/1141
f 850/1092/1154 874/1116/1178 1018/1353/1415
f 1139/1352/1414 921/1117/1179 897/1097/1159
f 874/1116/1178 898/1140/1202 1018/1353/1415
f 1139/1352/1414 945/1164/1226 921/1117/1179
f 898/1140/1202 922/1159/1221 1018/1353/1415
f 922/1159/1221 946/1182/1244 1018/1353/1415
f 1139/1352/1414 969/1188/1250 945/1164/1226
f 946/1182/1244 970/1203/1265 1018/1353/1415
f 1139/1352/1414 993/1209/1271 969/1188/1250
f 970/1203/1265 994/1226/1288 1018/1353/1415
f 1139/1352/1414 1017/1232/1294 993/1209/1271
f 994/1226/1288 1019/1246/1308 1018/1353/1415
f 1139/1352/1414 1042/1252/1314 1017/1232/1294
f 1139/1352/1414 1066/1275/1337 1042/1252/1314
f 1019/1246/1308 1043/1268/1330 1018/1353/1415
f 1139/1352/1414 1090/1296/1358 1066/1275/1337
f 1043/1268/1330 1067/1286/1348 1018/1353/1415
f 1139/1352/1414 1114/1317/1379 1090/1296/1358
f 1067/1286/1348 1091/1332/1394 1018/1353/1415
f 1114/1317/1379 369/595/657 368/585/647 1113/1318/1380
f 1109/1319/1381 364/597/659 363/587/649 1108/1309/1371
f 1104/1320/1382 359/599/661 358/589/651 1103/1311/1373
f 1099/1321/1383 354/601/663 353/591/653 1098/1313/1375
f 1094/1322/1384 349/603/665 348/593/655 1093/1315/1377
f 1139/1352/1414 369/595/657 1114/1317/1379
f 1110/1323/1385 365/605/667 364/597/659 1109/1319/1381
f 1105/1324/1386 360/607/669 359/599/661 1104/1320/1382
f 1100/1325/1387 355/609/671 354/601/663 1099/1321/1383
f 1095/1326/1388 350/611/673 349/603/665 1094/1322/1384
f 1111/1327/1389 366/568/630 365/605/667 1110/1323/1385
f 1106/1328/1390 361/572/634 360/607/669 1105/1324/1386
f 1101/1329/1391 356/576/638 355/609/671 1100/1325/1387
f 1096/1330/1392 351/580/642 350/611/673 1095/1326/1388
f 1091/1332/1394 346/584/646 1018/1353/1415
f 1112/1331/1393 367/565/627 366/568/630 1111/1327/1389
f 1107/1310/1372 362/569/631 361/572/634 1106/1328/1390
f 1102/1312/1374 357/573/635 356/576/638 1101/1329/1391
f 1097/1314/1376 352/577/639 351/580/642 1096/1330/1392
f 1092/1316/1378 347/581/643 346/584/646 1091/1332/1394
f 1113/1318/1380 368/585/647 367/565/627 1112/1331/1393
f 1108/1309/1371 363/587/649 362/569/631 1107/1310/1372
f 1103/1311/1373 358/589/651 357/573/635 1102/1312/1374
f 1098/1313/1375 353/591/653 352/577/639 1097/1314/1376
f 1093/1315/1377 348/593/655 347/581/643 1092/1316/1378
usemtl hydraulics.002
f 1140/1354/1416 1236/1355/1417 1238/1356/1418 1206/1357/1419
f 1170/1358/1420 1218/1359/1421 1219/1360/1422 1172/1361/1423
f 1142/1362/1424 1144/1363/1425 1145/1364/1426 1143/1365/1427
f 1141/1366/1428 1237/1367/1429 1236/1355/1417 1140/1354/1416
f 1142/1362/1424 1141/1366/1428 1140/1354/1416 1144/1363/1425
f 1144/1363/1425 1146/1368/1430 1147/1369/1431 1145/1364/1426
f 1234/1370/1432 1266/1371/1433 1267/1372/1434 1235/1373/1435
f 1174/1374/1436 1220/1375/1437 1221/1376/1438 1176/1377/1439
f 1146/1368/1430 1148/1378/1440 1149/1379/1441 1147/1369/1431
f 1233/1380/1442 1265/1381/1443 1266/1371/1433 1234/1370/1432
f 1176/1377/1439 1221/1376/1438 1222/1382/1444 1178/1383/1445
f 1148/1378/1440 1150/1384/1446 1151/1385/1447 1149/1379/1441
f 1232/1386/1448 1264/1387/1449 1265/1381/1443 1233/1380/1442
f 1178/1383/1445 1222/1382/1444 1223/1388/1450 1180/1389/1451
f 1150/1384/1446 1152/1390/1452 1153/1391/1453 1151/1385/1447
f 1231/1392/1454 1263/1393/1455 1264/1387/1449 1232/1386/1448
f 1180/1389/1451 1223/1388/1450 1224/1394/1456 1182/1395/1457
f 1152/1390/1452 1154/1396/1458 1155/1397/1459 1153/1391/1453
f 1230/1398/1460 1262/1399/1461 1263/1393/1455 1231/1392/1454
f 1182/1395/1457 1224/1394/1456 1225/1400/1462 1184/1401/1463
f 1154/1396/1458 1156/1402/1464 1157/1403/1465 1155/1397/1459
f 1229/1404/1466 1261/1405/1467 1262/1399/1461 1230/1398/1460
f 1184/1401/1463 1225/1400/1462 1226/1406/1468 1186/1407/1469
f 1156/1402/1464 1158/1408/1470 1159/1409/1471 1157/1403/1465
f 1228/1410/1472 1260/1411/1473 1261/1405/1467 1229/1404/1466
f 1186/1407/1469 1226/1406/1468 1227/1412/1474 1188/1413/1475
f 1158/1408/1470 1160/1414/1476 1161/1415/1477 1159/1409/1471
f 1227/1412/1474 1259/1416/1478 1260/1411/1473 1228/1410/1472
f 1188/1413/1475 1227/1412/1474 1228/1410/1472 1190/1417/1479
f 1160/1414/1476 1162/1418/1480 1163/1419/1481 1161/1415/1477
f 1226/1406/1468 1258/1420/1482 1259/1416/1478 1227/1412/1474
f 1190/1417/1479 1228/1410/1472 1229/1404/1466 1192/1421/1483
f 1162/1418/1480 1164/1422/1484 1165/1423/1485 1163/1419/1481
f 1225/1400/1462 1257/1424/1486 1258/1420/1482 1226/1406/1468
f 1192/1421/1483 1229/1404/1466 1230/1398/1460 1194/1425/1487
f 1164/1422/1484 1166/1426/1488 1167/1427/1489 1165/1423/1485
f 1224/1394/1456 1256/1428/1490 1257/1424/1486 1225/1400/1462
f 1194/1425/1487 1230/1398/1460 1231/1392/1454 1196/1429/1491
f 1166/1426/1488 1168/1430/1492 1169/1431/1493 1167/1427/1489
f 1223/1388/1450 1255/1432/1494 1256/1428/1490 1224/1394/1456
f 1196/1429/1491 1231/1392/1454 1232/1386/1448 1198/1433/1495
f 1168/1430/1492 1170/1358/1420 1171/1434/1496 1169/1431/1493
f 1222/1382/1444 1254/1435/1497 1255/1432/1494 1223/1388/1450
f 1198/1433/1495 1232/1386/1448 1233/1380/1442 1200/1436/1498
f 1170/1358/1420 1172/1361/1423 1173/1437/1499 1171/1434/1496
f 1221/1376/1438 1253/1438/1500 1254/1435/1497 1222/1382/1444
f 1200/1436/1498 1233/1380/1442 1234/1370/1432 1202/1439/1501
f 1172/1361/1423 1174/1374/1436 1175/1440/1502 1173/1437/1499
f 1235/1373/1435 1267/1372/1434 1237/1367/1429 1141/1366/1428
f 1202/1439/1501 1234/1370/1432 1235/1373/1435 1204/1441/1503
f 1174/1374/1436 1176/1377/1439 1177/1442/1504 1175/1440/1502
f 1220/1375/1437 1252/1443/1505 1253/1438/1500 1221/1376/1438
f 1204/1441/1503 1235/1373/1435 1141/1366/1428 1142/1362/1424
f 1176/1377/1439 1178/1383/1445 1179/1444/1506 1177/1442/1504
f 1219/1360/1422 1251/1445/1507 1252/1443/1505 1220/1375/1437
f 1144/1363/1425 1140/1354/1416 1206/1357/1419 1146/1368/1430
f 1178/1383/1445 1180/1389/1451 1181/1446/1508 1179/1444/1506
f 1218/1359/1421 1250/1447/1509 1251/1445/1507 1219/1360/1422
f 1146/1368/1430 1206/1357/1419 1207/1448/1510 1148/1378/1440
f 1180/1389/1451 1182/1395/1457 1183/1449/1511 1181/1446/1508
f 1217/1450/1512 1249/1451/1513 1250/1447/1509 1218/1359/1421
f 1148/1378/1440 1207/1448/1510 1208/1452/1514 1150/1384/1446
f 1182/1395/1457 1184/1401/1463 1185/1453/1515 1183/1449/1511
f 1216/1454/1516 1248/1455/1517 1249/1451/1513 1217/1450/1512
f 1150/1384/1446 1208/1452/1514 1209/1456/1518 1152/1390/1452
f 1184/1401/1463 1186/1407/1469 1187/1457/1519 1185/1453/1515
f 1215/1458/1520 1247/1459/1521 1248/1455/1517 1216/1454/1516
f 1152/1390/1452 1209/1456/1518 1210/1460/1522 1154/1396/1458
f 1186/1407/1469 1188/1413/1475 1189/1461/1523 1187/1457/1519
f 1214/1462/1524 1246/1463/1525 1247/1459/1521 1215/1458/1520
f 1154/1396/1458 1210/1460/1522 1211/1464/1526 1156/1402/1464
f 1188/1413/1475 1190/1417/1479 1191/1465/1527 1189/1461/1523
f 1213/1466/1528 1245/1467/1529 1246/1463/1525 1214/1462/1524
f 1156/1402/1464 1211/1464/1526 1212/1468/1530 1158/1408/1470
f 1190/1417/1479 1192/1421/1483 1193/1469/1531 1191/1465/1527
f 1212/1468/1530 1244/1470/1532 1245/1467/1529 1213/1466/1528
f 1158/1408/1470 1212/1468/1530 1213/1466/1528 1160/1414/1476
f 1192/1421/1483 1194/1425/1487 1195/1471/1533 1193/1469/1531
f 1211/1464/1526 1243/1472/1534 1244/1470/1532 1212/1468/1530
f 1160/1414/1476 1213/1466/1528 1214/1462/1524 1162/1418/1480
f 1194/1425/1487 1196/1429/1491 1197/1473/1535 1195/1471/1533
f 1210/1460/1522 1242/1474/1536 1243/1472/1534 1211/1464/1526
f 1162/1418/1480 1214/1462/1524 1215/1458/1520 1164/1422/1484
f 1196/1429/1491 1198/1433/1495 1199/1475/1537 1197/1473/1535
f 1237/1367/1429 1267/1372/1434 1266/1371/1433 1265/1381/1443 1264/1387/1449 1263/1393/1455 1262/1399/1461 1261/1405/1467 1260/1411/1473 1259/1416/1478 1258/1420/1482 1257/1424/1486 1256/1428/1490 1255/1432/1494 1254/1435/1497 1253/1438/1500 1252/1443/1505 1251/1445/1507 1250/1447/1509 1249/1451/1513 1248/1455/1517 1247/1459/1521 1246/1463/1525 1245/1467/1529 1244/1470/1532 1243/1472/1534 1242/1474/1536 1241/1476/1538 1240/1477/1539 1239/1478/1540 1238/1356/1418 1236/1355/1417
f 1164/1422/1484 1215/1458/1520 1216/1454/1516 1166/1426/1488
f 1198/1433/1495 1200/1436/1498 1201/1479/1541 1199/1475/1537
f 1168/1430/1492 1217/1450/1512 1218/1359/1421 1170/1358/1420
f 1209/1456/1518 1241/1476/1538 1242/1474/1536 1210/1460/1522
f 1200/1436/1498 1202/1439/1501 1203/1480/1542 1201/1479/1541
f 1145/1364/1426 1147/1369/1431 1149/1379/1441 1151/1385/1447 1153/1391/1453 1155/1397/1459 1157/1403/1465 1159/1409/1471 1161/1415/1477 1163/1419/1481 1165/1423/1485 1167/1427/1489 1169/1431/1493 1171/1434/1496 1173/1437/1499 1175/1440/1502 1177/1442/1504 1179/1444/1506 1181/1446/1508 1183/1449/1511 1185/1453/1515 1187/1457/1519 1189/1461/1523 1191/1465/1527 1193/1469/1531 1195/1471/1533 1197/1473/1535 1199/1475/1537 1201/1479/1541 1203/1480/1542 1205/1481/1543 1143/1365/1427
f 1204/1441/1503 1142/1362/1424 1143/1365/1427 1205/1481/1543
f 1202/1439/1501 1204/1441/1503 1205/1481/1543 1203/1480/1542
f 1206/1357/1419 1238/1356/1418 1239/1478/1540 1207/1448/1510
f 1172/1361/1423 1219/1360/1422 1220/1375/1437 1174/1374/1436
f 1166/1426/1488 1216/1454/1516 1217/1450/1512 1168/1430/1492
f 1207/1448/1510 1239/1478/1540 1240/1477/1539 1208/1452/1514
f 1208/1452/1514 1240/1477/1539 1241/1476/1538 1209/1456/1518
f 1269/1482/1544 1299/1483/1544 1298/1484/1544 1297/1485/1544 1296/1486/1544 1295/1487/1544 1294/1488/1544 1293/1489/1544 1292/1490/1544 1291/1489/1544 1290/1488/1544 1289/1487/1544 1288/1486/1544 1287/1485/1544 1286/1484/1544 1285/1483/1544 1284/1482/1544 1283/1491/1544 1282/1492/1544 1281/1493/1544 1280/1494/1544 1279/1495/1544 1278/1496/1544 1277/1497/1544 1276/1498/1544 1275/1497/1544 1274/1496/1544 1273/1495/1544 1272/1494/1544 1271/1493/1544 1270/1492/1544 1268/1491/1544
f 1300/1499/1545 1301/1500/1546 1303/1501/1547 1302/1502/1548
f 1302/1502/1548 1303/1501/1547 1305/1503/1549 1304/1504/1550
f 1304/1504/1550 1305/1503/1549 1307/1505/1551 1306/1506/1552
f 1306/1506/1552 1307/1505/1551 1309/1507/1553 1308/1508/1554
f 1308/1508/1554 1309/1507/1553 1311/1509/1555 1310/1510/1556
f 1310/1510/1556 1311/1509/1555 1313/1511/1557 1312/1512/1558
f 1312/1512/1558 1313/1511/1557 1315/1513/1559 1314/1514/1560
f 1314/1514/1560 1315/1513/1559 1317/1515/1561 1316/1516/1562
f 1316/1516/1562 1317/1515/1561 1319/1517/1563 1318/1518/1564
f 1318/1518/1564 1319/1517/1563 1321/1519/1565 1320/1520/1566
f 1320/1520/1566 1321/1519/1565 1323/1521/1567 1322/1522/1568
f 1322/1522/1568 1323/1521/1567 1325/1523/1569 1324/1524/1570
f 1324/1524/1570 1325/1523/1569 1327/1525/1571 1326/1526/1572
f 1326/1526/1572 1327/1525/1571 1329/1527/1573 1328/1528/1574
f 1328/1528/1574 1329/1527/1573 1331/1529/1575 1330/1530/1576
f 1330/1530/1576 1331/1529/1575 1333/1531/1577 1332/1532/1578
f 1332/1532/1578 1333/1531/1577 1335/1533/1579 1334/1534/1580
f 1334/1534/1580 1335/1533/1579 1337/1535/1581 1336/1536/1582
f 1336/1536/1582 1337/1535/1581 1339/1537/1583 1338/1538/1584
f 1338/1538/1584 1339/1537/1583 1341/1539/1585 1340/1540/1586
f 1340/1540/1586 1341/1539/1585 1343/1541/1587 1342/1542/1588
f 1342/1542/1588 1343/1541/1587 1345/1543/1589 1344/1544/1590
f 1344/1544/1590 1345/1543/1589 1347/1545/1591 1346/1546/1592
f 1346/1546/1592 1347/1545/1591 1349/1547/1593 1348/1548/1594
f 1348/1548/1594 1349/1547/1593 1351/1549/1595 1350/1550/1596
f 1350/1550/1596 1351/1549/1595 1353/1551/1597 1352/1552/1598
f 1352/1552/1598 1353/1551/1597 1355/1553/1599 1354/1554/1600
f 1354/1554/1600 1355/1553/1599 1357/1555/1601 1356/1556/1602
f 1356/1556/1602 1357/1555/1601 1359/1557/1603 1358/1558/1604
f 1358/1558/1604 1359/1557/1603 1361/1559/1605 1360/1560/1606
f 1357/1555/1601 1355/1553/1599 1391/1561/1607 1392/1562/1608
f 1362/1563/1609 1363/1564/1610 1301/1500/1546 1300/1499/1545
f 1360/1560/1606 1361/1559/1605 1363/1564/1610 1362/1563/1609
f 1300/1499/1545 1302/1502/1548 1304/1504/1550 1306/1506/1552 1308/1508/1554 1310/1510/1556 1312/1512/1558 1314/1514/1560 1316/1516/1562 1318/1518/1564 1320/1520/1566 1322/1522/1568 1324/1524/1570 1326/1526/1572 1328/1528/1574 1330/1530/1576 1332/1532/1578 1334/1534/1580 1336/1536/1582 1338/1538/1584 1340/1540/1586 1342/1542/1588 1344/1544/1590 1346/1546/1592 1348/1548/1594 1350/1550/1596 1352/1552/1598 1354/1554/1600 1356/1556/1602 1358/1558/1604 1360/1560/1606 1362/1563/1609
f 1383/1565/1611 1382/1566/1612 1414/1567/1613 1415/1568/1614
f 1333/1531/1577 1331/1529/1575 1379/1569/1615 1380/1570/1616
f 1309/1507/1553 1307/1505/1551 1367/1571/1617 1368/1572/1618
f 1347/1545/1591 1345/1543/1589 1386/1573/1619 1387/1574/1620
f 1303/1501/1547 1301/1500/1546 1364/1575/1621 1365/1576/1622
f 1323/1521/1567 1321/1519/1565 1374/1577/1623 1375/1578/1624
f 1361/1559/1605 1359/1557/1603 1393/1579/1625 1394/1580/1626
f 1337/1535/1581 1335/1533/1579 1381/1581/1627 1382/1566/1612
f 1313/1511/1557 1311/1509/1555 1369/1582/1628 1370/1583/1629
f 1351/1549/1595 1349/1547/1593 1388/1584/1630 1389/1585/1631
f 1327/1525/1571 1325/1523/1569 1376/1586/1632 1377/1587/1633
f 1301/1500/1546 1363/1564/1610 1395/1588/1634 1364/1575/1621
f 1341/1539/1585 1339/1537/1583 1383/1565/1611 1384/1589/1635
f 1317/1515/1561 1315/1513/1559 1371/1590/1636 1372/1591/1637
f 1355/1553/1599 1353/1551/1597 1390/1592/1638 1391/1561/1607
f 1331/1529/1575 1329/1527/1573 1378/1593/1639 1379/1569/1615
f 1307/1505/1551 1305/1503/1549 1366/1594/1640 1367/1571/1617
f 1345/1543/1589 1343/1541/1587 1385/1595/1641 1386/1573/1619
f 1321/1519/1565 1319/1517/1563 1373/1596/1642 1374/1577/1623
f 1359/1557/1603 1357/1555/1601 1392/1562/1608 1393/1579/1625
f 1335/1533/1579 1333/1531/1577 1380/1570/1616 1381/1581/1627
f 1311/1509/1555 1309/1507/1553 1368/1572/1618 1369/1582/1628
f 1349/1547/1593 1347/1545/1591 1387/1574/1620 1388/1584/1630
f 1325/1523/1569 1323/1521/1567 1375/1578/1624 1376/1586/1632
f 1363/1564/1610 1361/1559/1605 1394/1580/1626 1395/1588/1634
f 1339/1537/1583 1337/1535/1581 1382/1566/1612 1383/1565/1611
f 1315/1513/1559 1313/1511/1557 1370/1583/1629 1371/1590/1636
f 1353/1551/1597 1351/1549/1595 1389/1585/1631 1390/1592/1638
f 1329/1527/1573 1327/1525/1571 1377/1587/1633 1378/1593/1639
f 1305/1503/1549 1303/1501/1547 1365/1576/1622 1366/1594/1640
f 1343/1541/1587 1341/1539/1585 1384/1589/1635 1385/1595/1641
f 1319/1517/1563 1317/1515/1561 1372/1591/1637 1373/1596/1642
f 1397/1597/1643 1396/1598/1644 1427/1599/1645 1426/1600/1646 1425/1601/1647 1424/1602/1648 1423/1603/1649 1422/1604/1650 1421/1605/1651 1420/1606/1652 1419/1607/1653 1418/1608/1654 1417/1609/1655 1416/1610/1656 1415/1568/1614 1414/1567/1613 1413/1611/1657 1412/1612/1658 1411/1613/1659 1410/1614/1660 1409/1615/1661 1408/1616/1662 1407/1617/1663 1406/1618/1664 1405/1619/1665 1404/1620/1666 1403/1621/1667 1402/1622/1668 1401/1623/1669 1400/1624/1670 1399/1625/1671 1398/1626/1672
f 1378/1593/1639 1377/1587/1633 1409/1615/1661 1410/1614/1660
f 1373/1596/1642 1372/1591/1637 1404/1620/1666 1405/1619/1665
f 1368/1572/1618 1367/1571/1617 1399/1625/1671 1400/1624/1670
f 1394/1580/1626 1393/1579/1625 1425/1601/1647 1426/1600/1646
f 1389/1585/1631 1388/1584/1630 1420/1606/1652 1421/1605/1651
f 1384/1589/1635 1383/1565/1611 1415/1568/1614 1416/1610/1656
f 1379/1569/1615 1378/1593/1639 1410/1614/1660 1411/1613/1659
f 1374/1577/1623 1373/1596/1642 1405/1619/1665 1406/1618/1664
f 1369/1582/1628 1368/1572/1618 1400/1624/1670 1401/1623/1669
f 1395/1588/1634 1394/1580/1626 1426/1600/1646 1427/1599/1645
f 1390/1592/1638 1389/1585/1631 1421/1605/1651 1422/1604/1650
f 1385/1595/1641 1384/1589/1635 1416/1610/1656 1417/1609/1655
f 1380/1570/1616 1379/1569/1615 1411/1613/1659 1412/1612/1658
f 1375/1578/1624 1374/1577/1623 1406/1618/1664 1407/1617/1663
f 1370/1583/1629 1369/1582/1628 1401/1623/1669 1402/1622/1668
f 1365/1576/1622 1364/1575/1621 1396/1598/1644 1397/1597/1643
f 1364/1575/1621 1395/1588/1634 1427/1599/1645 1396/1598/1644
f 1391/1561/1607 1390/1592/1638 1422/1604/1650 1423/1603/1649
f 1386/1573/1619 1385/1595/1641 1417/1609/1655 1418/1608/1654
f 1381/1581/1627 1380/1570/1616 1412/1612/1658 1413/1611/1657
f 1376/1586/1632 1375/1578/1624 1407/1617/1663 1408/1616/1662
f 1371/1590/1636 1370/1583/1629 1402/1622/1668 1403/1621/1667
f 1366/1594/1640 1365/1576/1622 1397/1597/1643 1398/1626/1672
f 1392/1562/1608 1391/1561/1607 1423/1603/1649 1424/1602/1648
f 1387/1574/1620 1386/1573/1619 1418/1608/1654 1419/1607/1653
f 1382/1566/1612 1381/1581/1627 1413/1611/1657 1414/1567/1613
f 1377/1587/1633 1376/1586/1632 1408/1616/1662 1409/1615/1661
f 1372/1591/1637 1371/1590/1636 1403/1621/1667 1404/1620/1666
f 1367/1571/1617 1366/1594/1640 1398/1626/1672 1399/1625/1671
f 1393/1579/1625 1392/1562/1608 1424/1602/1648 1425/1601/1647
f 1388/1584/1630 1387/1574/1620 1419/1607/1653 1420/1606/1652
f 1556/1627/1673 1558/1628/1674 1559/1629/1675 1557/1630/1676
f 1558/1628/1674 1560/1631/1677 1561/1632/1678 1559/1629/1675
f 1560/1631/1677 1562/1633/1679 1563/1634/1680 1561/1632/1678
f 1562/1633/1679 1564/1635/1681 1565/1636/1682 1563/1634/1680
f 1564/1635/1681 1566/1637/1683 1567/1638/1684 1565/1636/1682
f 1566/1637/1683 1568/1639/1685 1569/1640/1686 1567/1638/1684
f 1568/1639/1685 1570/1641/1687 1571/1642/1688 1569/1640/1686
f 1570/1641/1687 1572/1643/1689 1573/1644/1690 1571/1642/1688
f 1572/1643/1689 1574/1645/1691 1575/1646/1692 1573/1644/1690
f 1574/1645/1691 1576/1647/1693 1577/1648/1694 1575/1646/1692
f 1576/1647/1693 1578/1649/1695 1579/1650/1696 1577/1648/1694
f 1578/1649/1695 1580/1651/1697 1581/1652/1698 1579/1650/1696
f 1580/1651/1697 1582/1653/1699 1583/1654/1700 1581/1652/1698
f 1582/1653/1699 1584/1655/1701 1585/1656/1702 1583/1654/1700
f 1584/1655/1701 1586/1657/1703 1587/1658/1704 1585/1656/1702
f 1586/1657/1703 1588/1659/1705 1589/1660/1706 1587/1658/1704
f 1588/1659/1705 1590/1661/1707 1591/1662/1708 1589/1660/1706
f 1590/1661/1707 1592/1663/1709 1593/1664/1710 1591/1662/1708
f 1592/1663/1709 1594/1665/1711 1595/1666/1712 1593/1664/1710
f 1594/1665/1711 1596/1667/1713 1597/1668/1714 1595/1666/1712
f 1596/1667/1713 1598/1669/1715 1599/1670/1716 1597/1668/1714
f 1598/1669/1715 1600/1671/1717 1601/1672/1718 1599/1670/1716
f 1600/1671/1717 1602/1673/1719 1603/1674/1720 1601/1672/1718
f 1602/1673/1719 1604/1675/1721 1605/1676/1722 1603/1674/1720
f 1604/1675/1721 1606/1677/1723 1607/1678/1724 1605/1676/1722
f 1606/1677/1723 1608/1679/1725 1609/1680/1726 1607/1678/1724
f 1608/1679/1725 1610/1681/1727 1611/1682/1728 1609/1680/1726
f 1610/1681/1727 1612/1683/1729 1613/1684/1730 1611/1682/1728
f 1612/1683/1729 1614/1685/1731 1615/1686/1732 1613/1684/1730
f 1614/1685/1731 1616/1687/1733 1617/1688/1734 1615/1686/1732
f 1613/1684/1730 1648/1689/1735 1647/1690/1736 1611/1682/1728
f 1618/1691/1737 1556/1627/1673 1557/1630/1676 1619/1692/1738
f 1616/1687/1733 1618/1691/1737 1619/1692/1738 1617/1688/1734
f 1556/1627/1673 1618/1691/1737 1616/1687/1733 1614/1685/1731 1612/1683/1729 1610/1681/1727 1608/1679/1725 1606/1677/1723 1604/1675/1721 1602/1673/1719 1600/1671/1717 1598/1669/1715 1596/1667/1713 1594/1665/1711 1592/1663/1709 1590/1661/1707 1588/1659/1705 1586/1657/1703 1584/1655/1701 1582/1653/1699 1580/1651/1697 1578/1649/1695 1576/1647/1693 1574/1645/1691 1572/1643/1689 1570/1641/1687 1568/1639/1685 1566/1637/1683 1564/1635/1681 1562/1633/1679 1560/1631/1677 1558/1628/1674
f 1639/1693/1739 1671/1694/1740 1670/1695/1741 1638/1696/1742
f 1589/1660/1706 1636/1697/1743 1635/1698/1744 1587/1658/1704
f 1565/1636/1682 1624/1699/1745 1623/1700/1746 1563/1634/1680
f 1603/1674/1720 1643/1701/1747 1642/1702/1748 1601/1672/1718
f 1559/1629/1675 1621/1703/1749 1620/1704/1750 1557/1630/1676
f 1579/1650/1696 1631/1705/1751 1630/1706/1752 1577/1648/1694
f 1617/1688/1734 1650/1707/1753 1649/1708/1754 1615/1686/1732
f 1593/1664/1710 1638/1696/1742 1637/1709/1755 1591/1662/1708
f 1569/1640/1686 1626/1710/1756 1625/1711/1757 1567/1638/1684
f 1607/1678/1724 1645/1712/1758 1644/1713/1759 1605/1676/1722
f 1583/1654/1700 1633/1714/1760 1632/1715/1761 1581/1652/1698
f 1557/1630/1676 1620/1704/1750 1651/1716/1762 1619/1692/1738
f 1597/1668/1714 1640/1717/1763 1639/1693/1739 1595/1666/1712
f 1573/1644/1690 1628/1718/1764 1627/1719/1765 1571/1642/1688
f 1611/1682/1728 1647/1690/1736 1646/1720/1766 1609/1680/1726
f 1587/1658/1704 1635/1698/1744 1634/1721/1767 1585/1656/1702
f 1563/1634/1680 1623/1700/1746 1622/1722/1768 1561/1632/1678
f 1601/1672/1718 1642/1702/1748 1641/1723/1769 1599/1670/1716
f 1577/1648/1694 1630/1706/1752 1629/1724/1770 1575/1646/1692
f 1615/1686/1732 1649/1708/1754 1648/1689/1735 1613/1684/1730
f 1591/1662/1708 1637/1709/1755 1636/1697/1743 1589/1660/1706
f 1567/1638/1684 1625/1711/1757 1624/1699/1745 1565/1636/1682
f 1605/1676/1722 1644/1713/1759 1643/1701/1747 1603/1674/1720
f 1581/1652/1698 1632/1715/1761 1631/1705/1751 1579/1650/1696
f 1619/1692/1738 1651/1716/1762 1650/1707/1753 1617/1688/1734
f 1595/1666/1712 1639/1693/1739 1638/1696/1742 1593/1664/1710
f 1571/1642/1688 1627/1719/1765 1626/1710/1756 1569/1640/1686
f 1609/1680/1726 1646/1720/1766 1645/1712/1758 1607/1678/1724
f 1585/1656/1702 1634/1721/1767 1633/1714/1760 1583/1654/1700
f 1561/1632/1678 1622/1722/1768 1621/1703/1749 1559/1629/1675
f 1599/1670/1716 1641/1723/1769 1640/1717/1763 1597/1668/1714
f 1575/1646/1692 1629/1724/1770 1628/1718/1764 1573/1644/1690
f 1653/1725/1771 1654/1726/1772 1655/1727/1773 1656/1728/1774 1657/1729/1775 1658/1730/1776 1659/1731/1777 1660/1732/1778 1661/1733/1779 1662/1734/1780 1663/1735/1781 1664/1736/1782 1665/1737/1783 1666/1738/1784 1667/1739/1785 1668/1740/1786 1669/1741/1787 1670/1695/1741 1671/1694/1740 1672/1742/1788 1673/1743/1789 1674/1744/1790 1675/1745/1791 1676/1746/1792 1677/1747/1793 1678/1748/1794 1679/1749/1795 1680/1750/1796 1681/1751/1797 1682/1752/1798 1683/1753/1799 1652/1754/1800
f 1634/1721/1767 1666/1738/1784 1665/1737/1783 1633/1714/1760
f 1629/1724/1770 1661/1733/1779 1660/1732/1778 1628/1718/1764
f 1624/1699/1745 1656/1728/1774 1655/1727/1773 1623/1700/1746
f 1650/1707/1753 1682/1752/1798 1681/1751/1797 1649/1708/1754
f 1645/1712/1758 1677/1747/1793 1676/1746/1792 1644/1713/1759
f 1640/1717/1763 1672/1742/1788 1671/1694/1740 1639/1693/1739
f 1635/1698/1744 1667/1739/1785 1666/1738/1784 1634/1721/1767
f 1630/1706/1752 1662/1734/1780 1661/1733/1779 1629/1724/1770
f 1625/1711/1757 1657/1729/1775 1656/1728/1774 1624/1699/1745
f 1651/1716/1762 1683/1753/1799 1682/1752/1798 1650/1707/1753
f 1646/1720/1766 1678/1748/1794 1677/1747/1793 1645/1712/1758
f 1641/1723/1769 1673/1743/1789 1672/1742/1788 1640/1717/1763
f 1636/1697/1743 1668/1740/1786 1667/1739/1785 1635/1698/1744
f 1631/1705/1751 1663/1735/1781 1662/1734/1780 1630/1706/1752
f 1626/1710/1756 1658/1730/1776 1657/1729/1775 1625/1711/1757
f 1621/1703/1749 1653/1725/1771 1652/1754/1800 1620/1704/1750
f 1620/1704/1750 1652/1754/1800 1683/1753/1799 1651/1716/1762
f 1647/1690/1736 1679/1749/1795 1678/1748/1794 1646/1720/1766
f 1642/1702/1748 1674/1744/1790 1673/1743/1789 1641/1723/1769
f 1637/1709/1755 1669/1741/1787 1668/1740/1786 1636/1697/1743
f 1632/1715/1761 1664/1736/1782 1663/1735/1781 1631/1705/1751
f 1627/1719/1765 1659/1731/1777 1658/1730/1776 1626/1710/1756
f 1622/1722/1768 1654/1726/1772 1653/1725/1771 1621/1703/1749
f 1648/1689/1735 1680/1750/1796 1679/1749/1795 1647/1690/1736
f 1643/1701/1747 1675/1745/1791 1674/1744/1790 1642/1702/1748
f 1638/1696/1742 1670/1695/1741 1669/1741/1787 1637/1709/1755
f 1633/1714/1760 1665/1737/1783 1664/1736/1782 1632/1715/1761
f 1628/1718/1764 1660/1732/1778 1659/1731/1777 1627/1719/1765
f 1623/1700/1746 1655/1727/1773 1654/1726/1772 1622/1722/1768
f 1649/1708/1754 1681/1751/1797 1680/1750/1796 1648/1689/1735
f 1644/1713/1759 1676/1746/1792 1675/1745/1791 1643/1701/1747
