# Blender 4.3.2
# www.blender.org
mtllib right_leg.mtl
o body.008
v -0.384000 0.233440 -0.005140
v -0.387320 0.215540 0.166540
v -0.377820 0.266840 0.331800
v -0.377820 0.266840 -0.083200
v -0.387320 0.215540 0.082060
v -0.384000 0.233440 0.253740
v -0.368360 0.317860 -0.157140
v 0.056800 0.130740 0.077600
v 0.060140 0.148740 0.250220
v 0.075860 0.233600 0.403020
v 0.060140 0.148740 -0.010020
v 0.056800 0.130740 0.162580
v 0.066360 0.182320 0.328720
v -0.562000 0.246580 0.166640
v -0.558660 0.264540 0.254100
v 0.066360 0.182340 -0.088540
v 0.231160 0.099480 0.077700
v 0.231160 0.099480 0.162500
v 0.234480 0.117440 0.249920
v -0.496980 0.110620 -0.173680
v -0.506040 0.061640 -0.059200
v -0.005040 0.160840 0.119320
v -0.115720 0.159600 0.119320
v -0.224500 0.179960 0.119320
v -0.327220 0.221180 0.119320
v -2.052460 -4.557480 -0.323760
v -0.457080 -4.889300 -0.881760
v 0.062760 -4.944520 0.663920
v -1.686640 -4.639600 1.394580
v -0.882040 -7.122740 -0.276399
v -0.945940 0.439560 -0.623600
v -2.052460 -4.557480 0.661860
v -1.722300 -0.812460 0.860720
v -1.722280 -0.811960 -0.442560
v -1.184840 -4.800640 -0.137420
v -0.547660 -1.155120 -1.521080
v 0.174400 -1.279660 -1.246580
v 0.062760 -4.944520 -0.321700
v 0.697500 -1.317760 -0.438740
v 0.697500 -1.318440 0.863840
v -0.873200 -4.858240 1.591500
v -0.235880 -1.212920 1.975760
v -1.207260 -0.971420 1.776760
v -0.882040 -7.122740 0.528441
v -1.580840 -7.139120 0.613241
v -1.580840 -7.139120 0.054081
v 0.025540 0.197820 1.010960
v 0.025540 0.198140 -0.747860
v -0.562000 0.246580 0.081940
v -0.552460 0.298040 -0.083780
v -0.558660 0.264540 -0.005520
v 0.250180 0.202100 0.402380
v 0.234480 0.117440 -0.009740
v 0.261660 0.264040 -0.222160
v 0.250180 0.202100 -0.162200
v 0.240700 0.150940 0.328260
v 0.240700 0.150960 -0.088080
v -0.467020 0.272220 -0.364320
v -0.483800 0.181720 -0.276700
v -0.510680 0.036660 0.062340
v -0.510680 0.036660 0.186260
v -0.506040 0.061620 0.307780
v -0.496980 0.110600 0.422260
v -0.483800 0.181720 0.525300
v 0.171560 0.263980 -0.437380
v 0.151840 0.157560 -0.368520
v 0.135080 0.067060 -0.280900
v 0.121900 -0.004040 -0.177880
v 0.112840 -0.053020 -0.063400
v 0.108200 -0.078000 0.058140
v 0.108200 -0.078000 0.182060
v 0.112840 -0.053040 0.303580
v 0.121900 -0.004060 0.418060
v 0.135080 0.067060 0.521100
v 0.151840 0.157560 0.608720
v -0.697620 -4.873080 -0.565980
v -1.084060 -7.161180 -0.111359
v -0.063100 -1.244660 -1.495740
v -0.457080 -4.889300 1.394940
v 0.174400 -1.280680 1.776860
v -1.084060 -7.161180 0.608701
v 0.386940 0.129540 0.924360
v 0.386940 0.130560 -0.621600
v -1.348800 -4.753120 1.570360
v -0.453140 0.285960 -0.740740
v -1.686640 -4.639600 -0.883460
v -1.207220 -0.970660 -1.249280
v -0.714520 -1.125020 1.952240
v -1.911980 -6.934080 0.528581
v -1.911980 -6.934080 -0.276539
v -0.697620 -4.873080 1.569500
v -0.063100 -1.245300 1.950620
v 0.198260 0.165200 1.003540
v 0.198260 0.165840 -0.740460
v -0.873200 -4.858240 -0.137240
v -1.268980 -7.196360 0.054121
v -0.235880 -1.212620 -1.520880
v -1.268980 -7.196360 0.613201
v -1.348800 -4.753120 -0.566820
v -0.714500 -1.124540 -1.496720
v -1.735900 -7.043100 0.608881
v -1.735900 -7.043100 -0.111519
v -1.184840 -4.800640 1.591660
v -0.286240 0.255620 -0.747920
v -0.547660 -1.155360 1.976260
v -0.286260 0.255400 1.011320
v -2.022820 -2.249000 -0.376900
v -0.032260 -2.725300 -1.125180
v 0.560460 -2.767640 0.880540
v -1.487200 -2.410860 1.823180
v -2.022820 -2.249000 0.876420
v -0.818640 -2.598360 -0.859480
v 0.560460 -2.767640 -0.372780
v -0.499420 -2.657500 2.048260
v -0.322740 -2.689900 -1.104740
v -0.032260 -2.725300 1.824140
v -0.989700 -2.566360 2.014400
v -1.487200 -2.410860 -1.128320
v -0.322740 -2.689900 2.013040
v -0.499420 -2.657500 -0.859220
v -0.989700 -2.566360 -1.106100
v -0.818640 -2.598360 2.048540
v 0.075480 0.235760 -0.160860
v 0.087180 0.299840 -0.218080
v -0.380240 0.242380 -0.047140
v -0.386760 0.207160 0.124300
v -0.387040 0.228380 0.039120
v -0.380240 0.242380 0.295740
v -0.387040 0.228380 0.209460
v -0.374580 0.295720 -0.118240
v 0.061080 0.142820 0.034460
v 0.053360 0.123160 0.120100
v 0.061080 0.142820 0.205740
v 0.059920 0.158560 0.292420
v 0.073620 0.210520 0.363980
v 0.073520 0.211060 -0.123300
v 0.059920 0.158560 -0.052220
v 0.056880 0.290800 0.093660
v -0.565520 0.238900 0.124300
v -0.557620 0.258760 0.209700
v -0.558980 0.274220 0.296220
v 0.231480 0.112220 0.034640
v 0.231680 0.091200 0.120100
v 0.267120 0.304620 -0.244120
v 0.231480 0.112220 0.205560
v 0.238220 0.126520 0.292020
v 0.244000 0.179780 -0.123260
v 0.258240 0.292440 -0.014920
v 0.254340 0.271360 0.034340
v 0.252080 0.259220 0.093440
v 0.252080 0.259220 0.146760
v -0.565080 0.096840 0.181360
v -0.560780 0.120060 0.294360
v 0.239200 0.275440 -0.395940
v 0.180520 -0.041340 0.063020
v 0.180520 -0.041340 0.177160
v 0.184820 -0.018120 0.290160
v -0.397940 0.291360 -0.327460
v -0.413360 0.208060 -0.246820
v -0.490860 0.143540 -0.226880
v -0.552420 0.165160 -0.151200
v -0.425620 0.141960 -0.151060
v -0.502040 0.083220 -0.117600
v -0.560780 0.120060 -0.045780
v -0.433960 0.096880 -0.045680
v -0.508940 0.046060 0.000980
v -0.438260 0.073680 0.067260
v -0.438260 0.073680 0.181320
v -0.433960 0.096880 0.294280
v -0.425620 0.141960 0.399640
v -0.490860 0.143540 0.475480
v -0.413360 0.208040 0.495400
v 0.112420 0.299600 -0.394800
v 0.094120 0.200820 -0.330920
v 0.143060 0.110080 -0.326880
v 0.078600 0.116940 -0.250900
v 0.066440 0.050240 -0.155540
v 0.116820 -0.031460 -0.121800
v 0.058080 0.005120 -0.050060
v 0.053780 -0.018120 0.063000
v 0.053780 -0.018120 0.177180
v 0.058080 0.005120 0.290240
v 0.066440 0.050240 0.395740
v 0.128000 0.028880 0.471280
v 0.078700 0.116380 0.491580
v 0.047540 0.224840 0.119320
v 0.006080 0.220280 -0.363120
v -0.060360 0.157480 0.119320
v -0.104580 0.219040 -0.363120
v -0.170620 0.167100 0.119320
v -0.213380 0.239420 -0.363120
v -0.276880 0.198040 0.119320
v -0.316100 0.280620 -0.363120
v -1.380480 0.202400 -0.520020
v -1.941160 -4.564000 -0.677260
v -2.029600 -6.288840 0.521900
v -1.576440 -0.855960 1.460860
v 0.327920 -0.221060 -1.149620
v -0.282100 -4.910520 -0.675280
v -1.839960 -6.310740 -0.610720
v 0.752340 -0.248760 0.869980
v -0.282100 -4.910520 1.125900
v -0.352000 -6.560580 -0.285479
v -1.004680 0.084000 1.538920
v -0.772780 -6.512860 0.965100
v -1.380520 0.201560 0.868000
v -1.576400 -0.855140 -0.924740
v -2.029600 -6.288840 -0.286020
v -1.941160 -4.564000 1.124280
v -1.004640 0.085140 -1.151920
v 0.348800 -1.305200 -0.921200
v -0.772780 -6.512860 -0.610120
v 0.752340 -0.247660 -0.516780
v 0.348800 -1.306300 1.462880
v -0.352000 -6.560580 0.522380
v 0.327920 -0.222600 1.538680
v -1.839960 -6.310740 0.965200
v -2.072280 -4.571500 0.136220
v -1.739400 -0.808580 0.163760
v -1.945140 -1.872820 0.873140
v -1.945140 -1.872700 -0.393960
v -1.030780 -4.837100 -0.147260
v -0.392240 -1.183700 -1.532340
v -1.414500 -2.033960 -1.159980
v -0.430600 -2.279140 -1.307040
v 0.076260 -4.964700 0.138280
v 0.714020 -1.320960 0.167420
v 0.597900 -2.388260 -0.389920
v 0.597900 -2.388420 0.877000
v -1.030780 -4.837100 1.601520
v -0.392240 -1.183840 1.987300
v 0.022360 -2.347340 1.813740
v -0.748040 -2.220440 2.032140
v -0.885060 -7.174260 0.107181
v -1.927640 -6.983800 0.107181
v -1.430860 -7.198020 0.615261
v -1.430860 -7.198020 0.052061
v 0.392840 0.129400 0.136680
v -0.130800 0.227020 1.014400
v -0.130800 0.227160 -0.751240
v -0.545120 0.326260 -0.118900
v -0.558980 0.274220 -0.047640
v -0.557620 0.258760 0.038900
v 0.256860 0.227120 -0.197580
v 0.244000 0.179780 0.363460
v 0.238220 0.126520 -0.051840
v -0.524720 0.314640 -0.327700
v -0.540160 0.231300 -0.247020
v -0.565080 0.096840 0.067240
v -0.552420 0.165160 0.399800
v 0.220860 0.176480 -0.331940
v 0.205420 0.093120 -0.251240
v 0.193180 0.027000 -0.155420
v 0.184820 -0.018120 -0.049980
v 0.193180 0.027000 0.395620
v 0.205420 0.093120 0.491420
v 0.220860 0.176480 0.572120
v -0.475820 0.224740 -0.322680
v -0.511260 0.033500 0.124300
v -0.508940 0.046060 0.247620
v -0.502040 0.083200 0.366200
v 0.161380 0.209020 -0.405480
v 0.128000 0.028880 -0.231080
v 0.109940 -0.068600 -0.003220
v 0.107620 -0.081160 0.120100
v 0.109940 -0.068600 0.243420
v 0.116820 -0.031460 0.362000
v 0.143040 0.110080 0.567060
v -0.041680 -0.154620 -1.376040
v -1.156100 -6.526000 1.120220
v -1.156100 -6.526000 -0.010840
v -0.041680 -0.155080 1.696640
v 0.022360 -2.347100 -1.156940
v -0.430600 -2.279220 2.031800
v -1.282900 -7.282180 0.211001
v 0.027400 0.198140 0.126760
v -0.629380 -4.877820 -0.869260
v -1.025000 -7.149940 -0.237399
v 0.004260 -1.254880 -1.432280
v -0.629380 -4.877820 1.524840
v 0.004260 -1.255640 1.906020
v -1.025000 -7.149940 0.588421
v 0.253420 0.154780 0.983400
v 0.253420 0.155540 -0.710400
v -1.464080 -6.469240 -0.010920
v -0.349680 -0.098320 1.697240
v -0.349660 -0.097980 -1.376160
v -1.464080 -6.469240 1.120301
v -0.748040 -2.220400 -1.307300
v -1.414500 -2.034160 1.813000
v -1.598580 -7.224380 0.211001
v -0.288180 0.256480 0.126840
v -1.439100 -4.723040 1.525660
v -0.582300 0.325440 -0.711200
v -1.439100 -4.723040 -0.870600
v -0.843620 -1.084980 -1.433980
v -0.843660 -1.085540 1.907520
v -1.785440 -7.012420 0.588641
v -1.785440 -7.012420 -0.237619
v -0.254900 -2.311620 -1.344400
v 0.129140 -0.186380 -1.360500
v -0.978740 -6.519720 1.109081
v -0.978740 -6.519720 -0.324859
v 0.129140 -0.187360 1.681100
v -0.254900 -2.311780 1.998980
v -1.092760 -7.230600 0.168501
v 0.202040 0.165280 0.126760
v -0.749640 -4.868680 1.576020
v -0.114280 -1.235720 1.958060
v 0.147100 0.174860 1.005740
v 0.147100 0.175400 -0.742660
v -0.749640 -4.868680 -0.234440
v -1.138840 -7.171580 0.014801
v -0.114280 -1.235160 -1.503180
v -1.138840 -7.171580 0.610041
v -0.918120 -2.189000 2.000420
v -1.622340 -6.402000 -0.325280
v -0.514380 -0.068740 1.682680
v -0.514360 -0.068020 -1.361100
v -1.622340 -6.402000 1.109520
v -0.918100 -2.188880 -1.345680
v -1.752680 -7.111720 0.168501
v -1.301980 -4.766700 -0.234880
v -0.666840 -1.133280 -1.503680
v -1.691600 -7.070520 0.610121
v -1.691600 -7.070520 0.014701
v -1.301980 -4.766700 1.576440
v -0.405480 0.277300 -0.742800
v -0.666860 -1.133680 1.959100
v -1.863760 -2.293800 -0.812420
v 0.185860 -2.752100 -0.808540
v 0.185860 -2.752100 1.495440
v -1.863760 -2.293800 1.492100
v -2.047960 -2.244660 0.184100
v -0.659400 -2.628020 -0.875260
v 0.585480 -2.772600 0.188220
v -0.659400 -2.628000 2.064320
v -0.241960 -2.700260 -1.248600
v -0.241960 -2.700260 1.964180
v -1.120160 -2.526340 1.965380
v -1.120160 -2.526340 -1.250820
v -0.375080 -2.680320 2.023460
v -0.375080 -2.680320 -0.904620
v -0.940840 -2.575500 -0.905300
v -0.940840 -2.575500 2.024160
v -2.032760 -2.843160 -0.362960
v -0.141420 -3.283100 -1.062900
v 0.432860 -3.328780 0.825740
v -1.539780 -2.984900 1.714620
v -2.032760 -2.843160 0.822140
v -0.913040 -3.166100 -0.396560
v 0.432860 -3.328780 -0.359360
v -0.595800 -3.224840 1.932400
v -0.419400 -3.252680 -0.828120
v -0.141420 -3.283100 1.715440
v -1.082260 -3.130060 1.901840
v -1.539780 -2.984900 -1.065700
v -0.419400 -3.252680 1.900600
v -0.595800 -3.224840 -0.396300
v -1.082260 -3.130060 -0.829360
v -0.913040 -3.166100 1.932640
v 0.078080 0.263140 -0.194640
v 0.058980 0.284780 0.120400
v 0.262500 0.275920 0.007840
v 0.256420 0.285440 0.067740
v 0.258220 0.252840 0.120100
v 0.256420 0.285440 0.172440
v -0.533520 0.269960 -0.290360
v -0.566400 0.092560 0.124300
v -0.562680 0.106940 0.238140
v -0.557860 0.138660 0.348700
v 0.229380 0.225220 -0.365140
v 0.198580 0.058900 -0.204140
v 0.181900 -0.031100 0.006240
v 0.180200 -0.045760 0.120100
v 0.181900 -0.031100 0.233940
v 0.188740 0.000340 0.344500
v 0.213080 0.131640 0.534740
v -0.405720 0.246520 -0.290120
v -0.546000 0.196920 -0.199880
v -0.420220 0.173880 -0.199720
v -0.557860 0.138660 -0.100120
v -0.430020 0.115300 -0.099980
v -0.562680 0.106940 0.010460
v -0.436880 0.083940 0.010520
v -0.438560 0.069220 0.124300
v -0.436900 0.083940 0.238080
v -0.430020 0.115300 0.348580
v -0.546000 0.196920 0.448480
v -0.420220 0.173880 0.448320
v 0.103680 0.249340 -0.363980
v 0.085240 0.156040 -0.293820
v 0.213080 0.131640 -0.294560
v 0.072820 0.082140 -0.204140
v 0.061040 0.023760 -0.104400
v 0.188740 0.000340 -0.104320
v 0.056160 -0.008040 0.006200
v 0.045460 0.269880 -0.238040
v 0.052480 -0.022380 0.120100
v 0.056160 -0.008040 0.234000
v -0.049220 0.216940 -0.363120
v 0.061040 0.023760 0.344600
v 0.072840 0.081980 0.444460
v 0.198580 0.058900 0.444320
v 0.085360 0.155100 0.534920
v -0.159480 0.226540 -0.363120
v -0.265740 0.257480 -0.363120
v -1.954660 -5.835900 0.873380
v -1.954660 -5.835900 -0.534700
v -0.572960 -6.108820 -0.533740
v -0.572960 -6.108820 0.874040
v -1.330120 -0.104060 1.323300
v -1.330060 -0.103040 -0.896800
v 0.405760 -0.514320 -0.893720
v 0.405760 -0.515680 1.324560
v -1.390900 0.204700 0.146440
v -1.789300 -1.917320 -0.841660
v -2.045800 -6.320780 0.105020
v -1.789300 -1.917520 1.485460
v -0.196200 -0.126060 -1.383120
v 0.229620 -2.373620 -0.837860
v -1.313600 -6.514660 -0.015900
v 0.761840 -0.249620 0.149320
v 0.229620 -2.373900 1.488440
v -0.348280 -6.596080 0.105540
v -0.196200 -0.126260 1.703840
v -1.313600 -6.514660 1.125280
v -1.968320 -1.868440 0.179020
v -0.589700 -2.249720 -1.322000
v 0.620900 -2.392640 0.183020
v -0.589700 -2.249740 2.046780
v -1.448120 -7.291140 0.211001
v -0.130760 0.227620 0.126780
v 0.186720 -0.196520 -1.307060
v -0.919040 -6.517700 1.072580
v -0.919040 -6.517700 -0.558240
v 0.186720 -0.197660 1.644780
v -0.177460 -2.321980 -1.331120
v -0.177460 -2.322180 1.951160
v -1.032060 -7.214140 0.131921
v 0.257820 0.154800 0.129240
v -1.682400 -6.376781 -0.558839
v -0.642840 -0.029500 1.646220
v -0.642800 -0.028660 -1.308260
v -1.682400 -6.376781 1.073061
v -1.048260 -2.149040 -1.333220
v -1.048260 -2.149180 1.952440
v -1.801900 -7.075720 0.131921
v -0.306940 -2.302000 -1.301500
v 0.078540 -0.176980 -1.365100
v -1.031280 -6.521580 1.112381
v -1.031280 -6.521580 -0.084300
v 0.078540 -0.177800 1.685700
v -0.306940 -2.302140 2.008700
v -1.149080 -7.245880 0.200381
v 0.150320 0.175020 0.126760
v -0.869540 -2.197980 2.009480
v -1.577140 -6.421200 -0.084500
v -0.467340 -0.077180 1.686840
v -0.467320 -0.076580 -1.365400
v -1.577140 -6.421200 1.112600
v -0.869520 -2.197880 -1.302120
v -1.708660 -7.143900 0.200381
v -0.408980 0.278420 0.126900
v -1.885760 -2.878160 -0.777480
v 0.065860 -3.308440 -0.774080
v 0.065860 -3.308440 1.401900
v -1.885760 -2.878160 1.399000
v -2.056540 -2.843580 0.172140
v -0.755140 -3.197500 -0.410800
v 0.454880 -3.337700 0.175740
v -0.755140 -3.197500 1.946880
v -0.341760 -3.261580 -1.117160
v -0.341760 -3.261580 1.852840
v -1.202680 -3.092480 1.853940
v -1.202680 -3.092480 -1.119160
v -0.471660 -3.244440 1.910020
v -0.471660 -3.244440 -0.489840
v -1.033940 -3.140360 -0.490460
v -1.033940 -3.140340 1.910640
v -2.206320 -7.594419 -0.622479
v -0.958360 -7.873460 -0.521859
v -2.236020 -7.736360 -0.610559
v -2.352360 -7.736360 0.840621
v -2.324940 -7.594419 0.857141
v -2.295240 -7.452500 0.845200
v -1.047280 -7.731520 0.945821
v -2.264380 -7.316040 0.805321
v -1.016440 -7.595060 0.905921
v -2.233600 -7.190260 0.738981
v -0.985640 -7.469280 0.839581
v -2.204020 -7.080020 0.648741
v -0.956080 -7.359040 0.749361
v -2.176820 -6.989540 0.538101
v -0.928880 -7.268560 0.638701
v -2.153040 -6.922320 0.411281
v -0.905100 -7.201340 0.511901
v -2.133580 -6.880920 0.273161
v -0.885640 -7.159940 0.373781
v -2.119200 -6.866940 0.129061
v -0.871240 -7.145960 0.229681
v -2.110440 -6.880920 -0.015479
v -0.862500 -7.159940 0.085121
v -2.107640 -6.922320 -0.154939
v -0.859700 -7.201340 -0.054339
v -2.110920 -6.989540 -0.283919
v -0.862980 -7.268560 -0.183319
v -2.120140 -7.080020 -0.397499
v -0.872200 -7.359040 -0.296879
v -2.134960 -7.190260 -0.491279
v -0.887020 -7.469280 -0.390659
v -2.154800 -7.316040 -0.561679
v -0.906840 -7.595060 -0.461059
v -2.178880 -7.452500 -0.605980
v -0.930940 -7.731520 -0.505359
v -1.495260 -7.766180 -0.414259
v -1.565140 -7.654660 0.738981
v -1.540900 -7.547421 0.707641
v -1.516700 -7.448600 0.655501
v -1.493460 -7.361980 0.584621
v -1.472100 -7.290880 0.497681
v -1.453400 -7.238060 0.398021
v -1.438120 -7.205520 0.289501
v -1.426820 -7.194540 0.176281
v -1.419940 -7.205520 0.062681
v -1.417740 -7.238060 -0.046879
v -1.420320 -7.290880 -0.148239
v -1.427560 -7.361980 -0.237479
v -1.439200 -7.448600 -0.311159
v -1.454780 -7.547421 -0.366479
v -1.473720 -7.654660 -0.401279
v -1.782000 -7.726980 0.732841
v -1.758660 -7.615460 0.723461
v -1.734440 -7.508220 0.692121
v -1.710240 -7.409400 0.640001
v -1.687000 -7.322760 0.569101
v -1.665640 -7.251680 0.482161
v -1.646940 -7.198860 0.382501
v -1.631660 -7.166320 0.273981
v -1.620340 -7.155340 0.160761
v -1.613460 -7.166320 0.047181
v -1.611280 -7.198860 -0.062399
v -1.613840 -7.251680 -0.163759
v -1.621100 -7.322760 -0.252999
v -1.632740 -7.409400 -0.326679
v -1.648320 -7.508220 -0.381999
v -1.667240 -7.615460 -0.416799
v -1.688800 -7.726980 -0.429779
v -1.446060 -7.774660 -0.560959
v -1.534980 -7.632740 0.906721
v -1.504140 -7.496260 0.866821
v -1.473340 -7.370480 0.800481
v -1.443780 -7.260240 0.710261
v -1.416580 -7.169760 0.599601
v -1.392800 -7.102540 0.472801
v -1.373340 -7.061140 0.334681
v -1.358960 -7.047160 0.190581
v -1.350200 -7.061140 0.046021
v -1.347400 -7.102540 -0.093439
v -1.350680 -7.169760 -0.222419
v -1.359900 -7.260240 -0.335979
v -1.374720 -7.370480 -0.429759
v -1.394540 -7.496260 -0.500159
v -1.418640 -7.632740 -0.544459
v -1.748700 -7.861300 -0.570919
v -1.837620 -7.719380 0.896761
v -1.807920 -7.577440 0.884841
v -1.777080 -7.440980 0.844941
v -1.746280 -7.315200 0.778601
v -1.716720 -7.204960 0.688381
v -1.689520 -7.114480 0.577721
v -1.665720 -7.047260 0.450921
v -1.646280 -7.005860 0.312801
v -1.631880 -6.991880 0.168701
v -1.623120 -7.005860 0.024141
v -1.620340 -7.047260 -0.115319
v -1.623620 -7.114480 -0.244299
v -1.632840 -7.204960 -0.357859
v -1.647640 -7.315200 -0.451639
v -1.667480 -7.440980 -0.522039
v -1.691580 -7.577440 -0.566339
v -1.719000 -7.719380 -0.582859
v 0.726920 0.220680 -0.089480
v 0.933100 0.123660 -0.089480
v 1.149820 0.053240 -0.089480
v 1.373660 0.010540 -0.089480
v 0.743720 0.220680 -0.260020
v 0.945940 0.123660 -0.219800
v 1.158500 0.053240 -0.177520
v 1.378040 0.010540 -0.133840
v 0.793460 0.220680 -0.424000
v 0.983960 0.123660 -0.345100
v 1.184180 0.053240 -0.262160
v 1.390980 0.010540 -0.176500
v 0.874240 0.220680 -0.575140
v 1.045680 0.123660 -0.460600
v 1.225880 0.053240 -0.340180
v 1.412000 0.010540 -0.215820
v 0.846900 0.342780 -0.843660
v 0.982960 0.220680 -0.707620
v 1.128760 0.123660 -0.561820
v 1.282000 0.053240 -0.408560
v 1.440280 0.010540 -0.250280
v 1.008540 0.342780 -0.976300
v 1.115420 0.220680 -0.816320
v 1.229980 0.123660 -0.644880
v 1.350380 0.053240 -0.464680
v 1.474740 0.010540 -0.278580
v 1.192940 0.342780 -1.074860
v 1.266560 0.220680 -0.897100
v 1.345460 0.123660 -0.706620
v 1.428400 0.053240 -0.506400
v 1.514060 0.010540 -0.299580
v 1.393020 0.342780 -1.135560
v 1.430540 0.220680 -0.946860
v 1.470780 0.123660 -0.744620
v 1.513060 0.053240 -0.532080
v 1.556720 0.010540 -0.312540
v 1.601100 0.342780 -1.156060
v 1.601100 0.220680 -0.963660
v 1.601100 0.123660 -0.757460
v 1.470780 0.123660 0.565680
v 1.513060 0.053240 0.353120
v 1.345460 0.123660 0.527660
v 1.428400 0.053240 0.327440
v 1.514060 0.010540 0.120640
v 1.229980 0.123660 0.465940
v 1.350380 0.053240 0.285740
v 1.474740 0.010540 0.099620
v 1.128760 0.123660 0.382860
v 1.282000 0.053240 0.229620
v 1.440280 0.010540 0.071340
v 1.045680 0.123660 0.281640
v 1.225880 0.053240 0.161240
v 1.412000 0.010540 0.036880
v 0.793460 0.220680 0.245060
v 0.983960 0.123660 0.166160
v 1.184180 0.053240 0.083220
v 1.390980 0.010540 -0.002440
v 0.743720 0.220680 0.081060
v 0.945940 0.123660 0.040840
v 1.158500 0.053240 -0.001440
v 1.378040 0.010540 -0.045100
v 1.601100 -0.003760 -0.089480
v -1.180160 -5.729880 -0.682620
v -1.200540 -5.726200 -0.684660
v -1.200540 -5.726200 -0.784580
v -0.636100 -2.599480 -0.784580
v -1.160980 -5.733340 -0.780620
v -0.596560 -2.606620 -0.780620
v -1.122960 -5.740220 -0.768900
v -0.558520 -2.613480 -0.768900
v -1.087900 -5.746540 -0.749860
v -0.523480 -2.619800 -0.749860
v -1.057180 -5.752080 -0.724240
v -0.492760 -2.625340 -0.724240
v -1.031980 -5.756640 -0.693040
v -0.467540 -2.629900 -0.693040
v -1.013240 -5.760020 -0.657420
v -0.448820 -2.633280 -0.657420
v -1.001720 -5.762100 -0.618780
v -0.437280 -2.635360 -0.618780
v -0.997820 -5.762800 -0.578580
v -0.433380 -2.636060 -0.578580
v -1.001720 -5.762100 -0.538400
v -0.437280 -2.635360 -0.538400
v -1.013240 -5.760020 -0.499760
v -0.448820 -2.633280 -0.499760
v -1.031980 -5.756640 -0.464140
v -0.467540 -2.629900 -0.464140
v -1.057180 -5.752080 -0.432940
v -0.492760 -2.625340 -0.432940
v -1.087900 -5.746540 -0.407320
v -0.523480 -2.619800 -0.407320
v -1.122960 -5.740220 -0.388280
v -0.558520 -2.613480 -0.388280
v -1.160980 -5.733340 -0.376560
v -0.596560 -2.606620 -0.376560
v -1.200540 -5.726200 -0.372600
v -0.636100 -2.599480 -0.372600
v -1.240080 -5.719060 -0.376560
v -0.675640 -2.592340 -0.376560
v -1.278100 -5.712200 -0.388280
v -0.713680 -2.585480 -0.388280
v -1.313160 -5.705880 -0.407320
v -0.748720 -2.579140 -0.407320
v -1.343880 -5.700340 -0.432940
v -0.779440 -2.573600 -0.432940
v -1.369080 -5.695780 -0.464140
v -0.804660 -2.569040 -0.464140
v -1.387820 -5.692400 -0.499760
v -0.823380 -2.565660 -0.499760
v -1.399360 -5.690320 -0.538400
v -0.834920 -2.563580 -0.538400
v -1.403240 -5.689620 -0.578580
v -0.838820 -2.562880 -0.578580
v -1.399360 -5.690320 -0.618780
v -0.834920 -2.563580 -0.618780
v -1.387820 -5.692400 -0.657420
v -0.823380 -2.565660 -0.657420
v -1.369080 -5.695780 -0.693040
v -0.804660 -2.569040 -0.693040
v -1.343880 -5.700340 -0.724240
v -0.779440 -2.573600 -0.724240
v -1.313160 -5.705880 -0.749860
v -0.748720 -2.579140 -0.749860
v -1.278100 -5.712200 -0.768900
v -0.713680 -2.585480 -0.768900
v -1.240080 -5.719060 -0.780620
v -0.675640 -2.592340 -0.780620
v -1.160580 -5.733420 -0.676580
v -1.142540 -5.736680 -0.666780
v -1.126720 -5.739540 -0.653580
v -1.113740 -5.741880 -0.637520
v -1.104100 -5.743620 -0.619180
v -1.098160 -5.744700 -0.599280
v -1.096160 -5.745040 -0.578580
v -1.098160 -5.744700 -0.557900
v -1.104100 -5.743620 -0.538000
v -1.113740 -5.741880 -0.519660
v -1.126720 -5.739540 -0.503580
v -1.142540 -5.736680 -0.490400
v -1.160580 -5.733420 -0.480600
v -1.180160 -5.729880 -0.474560
v -1.200540 -5.726200 -0.472520
v -1.220900 -5.722540 -0.474560
v -1.240480 -5.719000 -0.480600
v -1.258520 -5.715740 -0.490400
v -1.274340 -5.712880 -0.503580
v -1.287320 -5.710540 -0.519660
v -1.296960 -5.708800 -0.538000
v -1.302900 -5.707720 -0.557900
v -1.304920 -5.707360 -0.578580
v -1.302900 -5.707720 -0.599280
v -1.296960 -5.708800 -0.619180
v -1.287320 -5.710540 -0.637520
v -1.274340 -5.712880 -0.653580
v -1.258520 -5.715740 -0.666780
v -1.240480 -5.719000 -0.676580
v -1.220900 -5.722540 -0.682620
v -1.823120 -8.961540 -0.714579
v -1.843480 -8.957860 -0.716619
v -1.803520 -8.965080 -0.708539
v -1.785480 -8.968340 -0.698739
v -1.769660 -8.971180 -0.685559
v -1.756680 -8.973520 -0.669479
v -1.747040 -8.975260 -0.651139
v -1.741100 -8.976340 -0.631239
v -1.739100 -8.976700 -0.610559
v -1.741100 -8.976340 -0.589859
v -1.747040 -8.975260 -0.569959
v -1.756680 -8.973520 -0.551619
v -1.769660 -8.971180 -0.535559
v -1.785480 -8.968340 -0.522359
v -1.803520 -8.965080 -0.512559
v -1.823120 -8.961540 -0.506519
v -1.843480 -8.957860 -0.504479
v -1.863840 -8.954180 -0.506519
v -1.883420 -8.950661 -0.512559
v -1.901460 -8.947400 -0.522359
v -1.917280 -8.944540 -0.535559
v -1.930260 -8.942200 -0.551619
v -1.939900 -8.940460 -0.569959
v -1.945840 -8.939380 -0.589859
v -1.947860 -8.939020 -0.610559
v -1.945840 -8.939380 -0.631239
v -1.939900 -8.940460 -0.651139
v -1.930260 -8.942200 -0.669479
v -1.917280 -8.944540 -0.685559
v -1.901460 -8.947400 -0.698739
v -1.883420 -8.950661 -0.708539
v -1.863840 -8.954180 -0.714579
v -1.324280 0.326460 -1.417820
v 1.041160 0.192800 -2.122220
v 1.501820 0.430640 -1.798280
v -1.134260 -0.171700 -1.552740
v -0.717160 -0.463300 -1.717040
v 1.421520 0.010300 1.150480
v 1.467460 -0.062640 0.819880
v 1.156360 -0.128060 -1.363160
v 1.149660 -0.368360 0.172000
v 1.488760 0.327840 -1.372800
v -1.203640 0.321220 -1.660020
v -0.707720 0.245180 -2.236840
v -0.013160 -0.520520 -2.015760
v -0.671440 -0.422480 -1.944100
v 0.708220 -0.419620 -1.713080
v 0.165580 0.094540 -2.367900
v -1.077460 -0.181600 -1.651300
v 0.510480 -0.535780 -1.391140
v 1.033560 -0.346760 -0.741480
v -0.122940 -0.582860 -1.707380
v 0.867400 0.044820 1.494260
v 1.099060 -0.250980 0.890440
v 1.352760 -0.011240 1.039400
v 1.262980 0.084760 1.204420
v 1.544180 -0.058800 -0.068080
v 1.489660 -0.083540 0.355400
v 1.451180 0.023600 -0.630760
v 1.468760 0.180940 -1.165580
v 1.342140 -0.150700 0.299820
v 1.264960 -0.049080 0.902880
v 1.380020 -0.126620 -0.317000
v 1.328900 -0.197620 0.283700
v 1.352300 -0.167980 -0.371440
v 0.971400 0.247420 1.575980
v 1.257820 -0.091300 0.925680
v 1.294320 0.025920 1.007440
v 1.430120 -0.047260 0.892460
v 1.601080 0.078560 -0.434600
v 1.372520 -0.050900 0.800480
v 1.397040 -0.090620 0.319640
v 1.328660 0.087180 1.260400
v 1.448560 -0.070780 -0.229900
v 1.300220 0.023040 1.119180
v 1.354440 -0.033700 0.912920
v -1.189720 0.331960 -1.357620
v 0.964740 0.262260 -2.016900
v 1.377020 0.481120 -1.737980
v -1.011640 -0.116100 -1.492480
v -0.651120 -0.337140 -1.678500
v 1.469360 0.083740 0.801740
v 1.061620 -0.020460 -1.328400
v 1.066720 -0.246380 0.169400
v 1.418980 0.341160 -1.275060
v -1.080200 0.333800 -1.580240
v -0.632840 0.273780 -2.113000
v -0.019480 -0.402700 -1.927200
v -0.608700 -0.321560 -1.856680
v 0.642860 -0.301020 -1.654560
v 0.156860 0.150760 -2.231800
v -0.967180 -0.111400 -1.582940
v 0.455180 -0.400820 -1.369020
v 0.941940 -0.233020 -0.720840
v -0.122420 -0.438760 -1.675880
v 0.813760 0.142360 1.397460
v 1.024260 -0.134760 0.838880
v 1.457200 0.059880 -0.057480
v 1.457480 0.060400 0.357820
v 1.402560 0.116820 -0.605020
v 1.432540 0.336880 -1.186460
v 1.229560 -0.101040 0.310520
v 1.196360 -0.054460 0.859940
v 1.270380 -0.079560 -0.367680
v 1.220000 -0.102580 0.272000
v 1.247540 -0.066060 -0.359240
v 1.152220 -0.012440 0.872560
v 1.284060 0.117000 0.964060
v 1.601080 0.175980 -0.410240
v 1.355320 0.054680 0.776680
v 1.359880 0.010520 0.314660
v 1.393860 0.018780 -0.217400
v 1.344100 0.077420 0.875400
v -2.224400 -7.593040 -0.393399
v -2.244360 -7.688440 -0.385399
v -2.322560 -7.688440 0.590061
v -2.304140 -7.593040 0.601161
v -2.284160 -7.497640 0.593141
v -2.263440 -7.405900 0.566321
v -2.242740 -7.321360 0.521740
v -2.222860 -7.247260 0.461081
v -2.204580 -7.186440 0.386721
v -2.188580 -7.141260 0.301461
v -2.175500 -7.113420 0.208621
v -2.165840 -7.104040 0.111761
v -2.159960 -7.113420 0.014601
v -2.158080 -7.141260 -0.079139
v -2.160280 -7.186440 -0.165839
v -2.166480 -7.247260 -0.242179
v -2.176440 -7.321360 -0.305219
v -2.189760 -7.405900 -0.352539
v -2.205960 -7.497640 -0.382319
v -1.015460 -7.686400 0.663021
v -0.994940 -7.602520 0.618801
v -0.975220 -7.529020 0.558641
v -0.957080 -7.468680 0.484841
v -0.941220 -7.423860 0.400281
v -0.928240 -7.396240 0.308181
v -0.918660 -7.386920 0.212101
v -0.912820 -7.396240 0.115701
v -0.910960 -7.423860 0.022701
v -0.913140 -7.468680 -0.063299
v -0.919280 -7.529020 -0.139039
v -0.929160 -7.602520 -0.201559
v -0.942380 -7.686400 -0.248519
v -0.958460 -7.777400 -0.278059
v -2.035780 -7.631260 -0.378279
v -2.055740 -7.726660 -0.370259
v -2.133940 -7.726660 0.605181
v -2.115500 -7.631260 0.616281
v -2.095540 -7.535840 0.608261
v -2.074800 -7.444120 0.581441
v -2.054100 -7.359580 0.536861
v -2.034240 -7.285480 0.476201
v -2.015960 -7.224660 0.401841
v -1.999960 -7.179460 0.316581
v -1.986880 -7.151640 0.223761
v -1.977220 -7.142240 0.126881
v -1.971320 -7.151640 0.029721
v -1.969440 -7.179460 -0.064019
v -1.971660 -7.224660 -0.150719
v -1.977860 -7.285480 -0.227059
v -1.987800 -7.359580 -0.290099
v -2.001140 -7.444120 -0.337419
v -2.017340 -7.535840 -0.367179
v -1.295160 -7.724900 0.668861
v -1.274600 -7.633900 0.642261
v -1.254060 -7.550040 0.598021
v -1.234340 -7.476520 0.537861
v -1.216220 -7.416180 0.464081
v -1.200360 -7.371360 0.379501
v -1.187380 -7.343760 0.287401
v -1.177780 -7.334440 0.191321
v -1.171940 -7.343760 0.094921
v -1.170080 -7.371360 0.001941
v -1.172260 -7.416200 -0.084079
v -1.178420 -7.476520 -0.159799
v -1.188300 -7.550040 -0.222339
v -1.201520 -7.633900 -0.269279
v -1.217580 -7.724900 -0.298819
v -2.040340 -7.630900 -0.320499
v -2.057840 -7.714560 -0.313479
v -2.076020 -7.795020 -0.289959
v -2.126420 -7.714560 0.541981
v -2.110260 -7.630900 0.551721
v -2.092740 -7.547240 0.544681
v -2.074560 -7.466780 0.521161
v -2.056420 -7.392640 0.482061
v -2.038980 -7.327660 0.428881
v -2.022960 -7.274320 0.363641
v -2.008920 -7.234680 0.288901
v -1.997460 -7.210279 0.207481
v -1.988980 -7.202040 0.122521
v -1.983820 -7.210279 0.037321
v -1.982160 -7.234680 -0.044899
v -1.984100 -7.274320 -0.120939
v -1.989540 -7.327660 -0.187879
v -1.998260 -7.392640 -0.243159
v -2.009960 -7.466780 -0.284659
v -2.024160 -7.547240 -0.310779
v -2.151420 -7.608400 -0.329419
v -2.168940 -7.692060 -0.322379
v -2.187120 -7.772520 -0.298859
v -2.205280 -7.846660 -0.259759
v -2.222700 -7.911640 -0.206579
v -2.238740 -7.964980 -0.141339
v -2.252760 -8.004600 -0.066579
v -2.264220 -8.029020 0.014841
v -2.272700 -8.037260 0.099781
v -2.277860 -8.029020 0.185001
v -2.279520 -8.004600 0.267201
v -2.277580 -7.964980 0.343241
v -2.272140 -7.911640 0.410181
v -2.263420 -7.846660 0.465461
v -2.251720 -7.772520 0.506961
v -2.237520 -7.692060 0.533081
v -2.221360 -7.608400 0.542821
v -2.203840 -7.524740 0.535781
v -2.185660 -7.444280 0.512261
v -2.167500 -7.370140 0.473161
v -2.150080 -7.305140 0.419961
v -2.134040 -7.251820 0.354741
v -2.120020 -7.212180 0.279981
v -2.108560 -7.187780 0.198561
v -2.100080 -7.179540 0.113621
v -2.094900 -7.187780 0.028401
v -2.093260 -7.212180 -0.053799
v -2.095200 -7.251820 -0.129839
v -2.100620 -7.305140 -0.196779
v -2.109360 -7.370140 -0.252079
v -2.121060 -7.444280 -0.293559
v -2.135260 -7.524740 -0.319679
v -1.285760 -7.735720 0.617081
v -1.267300 -7.654000 0.593201
v -1.248860 -7.578700 0.553481
v -1.231140 -7.512700 0.499461
v -1.214860 -7.458520 0.433201
v -1.200620 -7.418280 0.357281
v -1.188980 -7.393480 0.274581
v -1.180360 -7.385120 0.188301
v -1.175120 -7.393480 0.101741
v -1.173440 -7.418280 0.018241
v -1.175400 -7.458520 -0.058979
v -1.180920 -7.512700 -0.126979
v -1.189800 -7.578700 -0.183139
v -1.201680 -7.654000 -0.225279
v -1.216100 -7.735720 -0.251799
v -1.129540 -7.681920 0.604241
v -1.111100 -7.606600 0.564521
v -1.093400 -7.540600 0.510501
v -1.077120 -7.486420 0.444241
v -1.062860 -7.446180 0.368321
v -1.051220 -7.421380 0.285621
v -1.042600 -7.413020 0.199341
v -1.037360 -7.421380 0.112781
v -1.035700 -7.446180 0.029301
v -1.037660 -7.486420 -0.047939
v -1.043180 -7.540600 -0.115939
v -1.052040 -7.606600 -0.172079
v -1.063920 -7.681920 -0.214239
v -1.078340 -7.763620 -0.240759
vn 0.9404 -0.3398 -0.0131
vn 0.9439 -0.3288 -0.0312
vn 0.7543 -0.6482 -0.1047
vn 0.7474 -0.6508 -0.1336
vn 0.7440 -0.6337 -0.2120
vn 0.9417 -0.3297 -0.0675
vn 0.9417 -0.3321 0.0536
vn 0.9438 -0.3289 0.0312
vn 0.7542 -0.6482 0.1047
vn 0.7456 -0.6616 0.0795
vn 0.7374 -0.6754 -0.0000
vn 0.9395 -0.3425 -0.0000
vn 0.9434 -0.3128 0.1097
vn 0.6683 -0.6698 0.3236
vn 0.7440 -0.6336 0.2120
vn 0.9417 -0.3297 0.0675
vn 0.9471 -0.3009 -0.1117
vn 0.7564 -0.5917 -0.2789
vn 0.7665 -0.5699 -0.2961
vn 0.9477 -0.3065 -0.0892
vn 0.9417 -0.3321 -0.0535
vn 0.7456 -0.6617 -0.0794
vn 0.9404 -0.3399 0.0130
vn 0.7474 -0.6508 0.1334
vn 0.9449 -0.3207 -0.0663
vn 0.6771 -0.6232 -0.3913
vn -0.9989 0.0234 -0.0403
vn -0.9991 0.0298 -0.0316
vn -0.9351 -0.3383 -0.1054
vn -0.9319 -0.3541 -0.0792
vn -0.9292 -0.3697 -0.0000
vn -0.9999 0.0164 -0.0045
vn -0.9997 0.0185 -0.0157
vn -0.9997 0.0186 0.0144
vn -0.9991 0.0298 0.0316
vn -0.9351 -0.3383 0.1054
vn -0.9296 -0.3429 0.1350
vn -0.9203 -0.3281 0.2130
vn -0.9973 0.0283 0.0679
vn -0.9969 0.0385 0.0681
vn -0.9946 0.0523 0.0901
vn -0.9184 -0.2604 0.2980
vn -0.8531 -0.3421 0.3939
vn -0.9997 0.0186 -0.0144
vn -0.9973 0.0283 -0.0679
vn -0.9203 -0.3281 -0.2131
vn -0.9296 -0.3429 -0.1350
vn -0.9983 0.0259 0.0527
vn -0.9319 -0.3541 0.0792
vn -0.9921 0.0567 0.1115
vn -0.9169 -0.2846 0.2798
vn -0.9982 0.0264 0.0538
vn -0.9999 0.0157 -0.0000
vn -0.9296 -0.3685 -0.0000
vn -0.9324 -0.3526 0.0798
vn -0.9357 -0.3367 0.1051
vn -0.9990 0.0302 0.0315
vn -0.9997 0.0187 0.0131
vn -0.9302 -0.3418 0.1339
vn -0.8663 -0.4385 0.2392
vn -0.9997 0.0114 0.0236
vn -0.9922 0.0564 -0.1111
vn -0.9948 0.0504 -0.0884
vn -0.9184 -0.2602 -0.2980
vn -0.9168 -0.2848 -0.2800
vn 0.9689 -0.2393 -0.0624
vn 0.9669 -0.2550 -0.0000
vn 0.7363 -0.6767 -0.0000
vn 0.7443 -0.6632 -0.0790
vn 0.7529 -0.6497 -0.1052
vn 0.9730 -0.2305 -0.0103
vn 0.9903 -0.1387 0.0095
vn 0.9891 -0.1368 -0.0545
vn 0.9901 -0.1401 -0.0000
vn 0.9689 -0.2396 0.0620
vn 0.9650 -0.2611 0.0237
vn 0.7529 -0.6497 0.1051
vn 0.7443 -0.6632 0.0790
vn 0.9891 -0.1368 0.0545
vn 0.9908 -0.1351 0.0094
vn 0.9403 -0.3400 0.0142
vn 0.9415 -0.3301 0.0675
vn 0.7428 -0.6349 0.2125
vn 0.7462 -0.6520 0.1346
vn -0.1561 -0.8506 -0.5020
vn -0.1654 -0.9023 -0.3981
vn -0.9207 -0.3272 -0.2127
vn -0.9173 -0.2830 -0.2800
vn -0.8629 -0.3501 -0.3646
vn -0.1476 -0.8055 -0.5740
vn -0.1728 -0.9418 -0.2883
vn -0.1769 -0.9628 -0.2043
vn -0.9357 -0.3367 -0.1051
vn -0.9302 -0.3418 -0.1339
vn 0.4615 -0.8811 -0.1035
vn 0.2869 -0.9512 -0.1137
vn 0.8089 -0.5844 -0.0640
vn 0.0104 -0.9925 -0.1221
vn 0.0119 -0.9925 -0.1220
vn -0.0865 -0.9885 -0.1238
vn -0.0858 -0.9886 -0.1238
vn -0.1826 -0.9753 -0.1244
vn -0.2771 -0.9528 -0.1238
vn -0.2778 -0.9526 -0.1238
vn -0.3689 -0.9214 -0.1220
vn -0.3703 -0.9209 -0.1220
vn -0.4145 -0.9020 -0.1207
vn -0.9982 0.0264 -0.0538
vn -0.9990 0.0302 -0.0315
vn -0.9324 -0.3526 -0.0798
vn -0.9920 0.0575 -0.1124
vn -0.9912 0.0678 -0.1139
vn -0.9973 0.0282 -0.0678
vn -0.9997 0.0187 -0.0131
vn 0.9448 -0.3206 0.0677
vn 0.6754 -0.6240 0.3930
vn 0.7652 -0.5711 0.2972
vn 0.9475 -0.3069 0.0897
vn 0.9658 -0.2572 0.0333
vn 0.7462 -0.6520 -0.1346
vn 0.7428 -0.6349 -0.2126
vn 0.9679 -0.2496 -0.0291
vn 0.9897 -0.1425 0.0150
vn 0.9846 -0.1602 0.0696
vn 0.9555 -0.2525 -0.1527
vn 0.9477 -0.2941 -0.1241
vn 0.7616 -0.5182 -0.3891
vn 0.7775 -0.4563 -0.4327
vn 0.7075 -0.4641 -0.5330
vn 0.9583 -0.2431 -0.1501
vn 0.9432 -0.3227 -0.0788
vn 0.9475 -0.3069 -0.0897
vn 0.7651 -0.5712 -0.2972
vn 0.7604 -0.5624 -0.3249
vn 0.9468 -0.3019 0.1111
vn 0.7552 -0.5931 0.2791
vn 0.9666 -0.2329 -0.1070
vn 0.7552 -0.5931 -0.2791
vn 0.9904 -0.0978 -0.0977
vn -0.1152 -0.6313 -0.7670
vn 0.4888 -0.6164 -0.6173
vn 0.4843 -0.6527 -0.5827
vn -0.1241 -0.6792 -0.7234
vn -0.6836 -0.4377 -0.5841
vn -0.6749 -0.4017 -0.6191
vn -0.1384 -0.7552 -0.6407
vn -0.7031 -0.4925 -0.5129
vn -0.1794 -0.9766 -0.1182
vn -0.1806 -0.9836 -0.0000
vn -0.1794 -0.9766 0.1183
vn -0.1769 -0.9628 0.2042
vn -0.1730 -0.9417 0.2885
vn -0.1654 -0.9023 0.3981
vn -0.1561 -0.8506 0.5021
vn 0.4848 -0.7474 0.4543
vn 0.0954 -0.8315 0.5473
vn -0.7214 -0.5410 0.4323
vn -0.7200 -0.5664 0.4010
vn 0.4868 -0.7321 0.4766
vn -0.0986 -0.4989 -0.8610
vn 0.5183 -0.5085 -0.6876
vn -0.1036 -0.5272 -0.8434
vn -0.6794 -0.3052 -0.6672
vn -0.6749 -0.2845 -0.6809
vn -0.1153 -0.5931 -0.7968
vn -0.1291 -0.6770 -0.7246
vn -0.8978 -0.2066 -0.3889
vn -0.8326 -0.2213 -0.5077
vn -0.1412 -0.7533 -0.6424
vn -0.1489 -0.8046 -0.5749
vn -0.9116 -0.2516 -0.3250
vn -0.1566 -0.8506 -0.5020
vn -0.1660 -0.9022 -0.3981
vn -0.1732 -0.9417 -0.2886
vn -0.1771 -0.9628 -0.2040
vn -0.1797 -0.9766 -0.1179
vn -0.1809 -0.9835 -0.0000
vn -0.1797 -0.9766 0.1179
vn -0.1772 -0.9627 0.2043
vn -0.1731 -0.9417 0.2886
vn -0.1660 -0.9022 0.3981
vn -0.1564 -0.8508 0.5017
vn -0.1480 -0.8054 0.5740
vn -0.1385 -0.7549 0.6411
vn 0.4815 -0.6535 0.5841
vn 0.1039 -0.7172 0.6891
vn -0.6889 -0.4750 0.5476
vn 0.4863 -0.6170 0.6187
vn -0.9963 0.0340 -0.0791
vn -0.9895 0.0665 -0.1281
vn -0.9822 0.0977 -0.1603
vn -0.6014 0.3464 0.7199
vn -0.0192 0.2846 0.9585
vn 0.4120 0.2573 0.8741
vn -0.5896 0.4183 0.6909
vn 0.7014 0.2607 0.6634
vn -0.5561 0.5533 0.6202
vn 0.7304 0.3688 0.5749
vn -0.5238 0.6718 0.5238
vn 0.7571 0.4575 0.4664
vn -0.4938 0.7693 0.4054
vn 0.7804 0.5235 0.3420
vn -0.4673 0.8421 0.2694
vn 0.7995 0.5641 0.2066
vn -0.4453 0.8871 0.1212
vn 0.8136 0.5777 0.0652
vn -0.4288 0.9028 -0.0339
vn 0.8222 0.5640 -0.0766
vn -0.4182 0.8883 -0.1898
vn 0.8249 0.5234 -0.2133
vn -0.4142 0.8442 -0.3404
vn 0.8217 0.4575 -0.3398
vn -0.4168 0.7720 -0.4800
vn 0.8127 0.3688 -0.4512
vn -0.4259 0.6744 -0.6031
vn 0.7981 0.2607 -0.5432
vn -0.4413 0.5554 -0.7048
vn 0.7244 0.3176 -0.6119
vn 0.7450 0.3034 -0.5940
vn 0.7237 0.1710 -0.6686
vn 0.6994 0.1831 -0.6909
vn 0.5676 -0.7636 0.3080
vn 0.5706 -0.7016 0.4268
vn -0.4882 0.2715 -0.8294
vn 0.5233 0.0882 -0.8476
vn 0.0989 0.0960 -0.9905
vn -0.4993 0.1946 -0.8443
vn -0.4623 0.4193 -0.7813
vn 0.7787 0.1373 -0.6122
vn -0.5115 0.6473 -0.5651
vn -0.5294 0.5370 -0.6568
vn -0.8335 -0.2278 0.5034
vn -0.8471 -0.3294 0.4170
vn 0.5422 -0.0429 0.8392
vn 0.9312 -0.1677 0.3237
vn 0.7686 -0.0080 0.6397
vn 0.5524 0.0327 0.8330
vn 0.6186 0.1660 0.7680
vn 0.5891 0.1785 0.7881
vn 0.6502 0.2978 0.6990
vn 0.6251 0.3122 0.7154
vn 0.6804 0.4136 0.6049
vn 0.6591 0.4291 0.6176
vn 0.7081 0.5090 0.4894
vn 0.6899 0.5248 0.4986
vn 0.7321 0.5803 0.3568
vn 0.7163 0.5961 0.3627
vn 0.7516 0.6246 0.2121
vn 0.7373 0.6404 0.2150
vn 0.7657 0.6404 0.0608
vn 0.7523 0.6560 0.0609
vn 0.7739 0.6266 -0.0914
vn 0.7606 0.6423 -0.0942
vn 0.7760 0.5840 -0.2384
vn 0.7619 0.5998 -0.2444
vn 0.7717 0.5140 -0.3746
vn 0.7561 0.5298 -0.3842
vn 0.7613 0.4192 -0.4947
vn 0.7435 0.4346 -0.5083
vn -0.4828 0.5465 -0.6843
vn -0.5030 0.4155 -0.7578
vn 0.6695 0.0362 -0.7419
vn 0.6980 0.0271 -0.7156
vn 0.6832 -0.0472 -0.7287
vn 0.4393 -0.0659 -0.8959
vn -0.6438 0.3451 0.6829
vn -0.6267 0.4148 0.6597
vn -0.5943 0.5449 0.5916
vn -0.5631 0.6589 0.4987
vn -0.5341 0.7528 0.3847
vn -0.5085 0.8228 0.2538
vn -0.4872 0.8662 0.1110
vn -0.4712 0.8812 -0.0383
vn -0.4609 0.8672 -0.1885
vn -0.4569 0.8246 -0.3335
vn -0.4593 0.7551 -0.4678
vn -0.4681 0.6612 -0.5863
vn -0.5526 0.4118 -0.7246
vn -0.5278 0.2733 -0.8042
vn -0.5410 0.1996 -0.8170
vn -0.6109 0.1379 -0.7796
vn 0.0564 -0.0953 -0.9938
vn -0.6094 0.0611 -0.7905
vn -0.8846 0.2197 0.4114
vn -0.6955 0.2771 0.6630
vn -0.6616 0.4117 0.6267
vn -0.6280 0.5368 0.5635
vn -0.5956 0.6472 0.4759
vn -0.5660 0.7382 0.3671
vn -0.5403 0.8061 0.2413
vn -0.5196 0.8481 0.1036
vn -0.5047 0.8623 -0.0405
vn -0.4963 0.8482 -0.1852
vn -0.4946 0.8063 -0.3245
vn -0.4998 0.7384 -0.4528
vn -0.5801 0.2770 -0.7660
vn -0.8152 -0.1120 0.5683
vn -0.8556 -0.4127 0.3124
vn -0.8126 -0.3688 0.4512
vn -0.8217 -0.4575 0.3399
vn -0.8348 -0.5127 -0.2007
vn -0.8168 -0.4747 -0.3280
vn -0.6858 0.0137 -0.7277
vn -0.6585 0.1444 -0.7386
vn 0.5927 -0.5167 0.6178
vn 0.6111 -0.4009 0.6825
vn -0.7560 0.2102 0.6199
vn -0.7677 0.1445 0.6243
vn -0.7950 -0.4126 -0.4447
vn -0.9771 0.1978 -0.0784
vn -0.6426 0.2099 -0.7369
vn -0.8586 -0.4746 0.1936
vn -0.7698 -0.3294 -0.5467
vn -0.7930 0.0138 0.6090
vn -0.8561 -0.5127 0.0651
vn -0.7427 -0.2278 -0.6297
vn -0.8480 -0.5257 -0.0680
vn -0.7143 -0.1120 -0.6908
vn 0.6564 -0.6183 -0.4323
vn 0.6313 -0.7016 -0.3304
vn 0.5702 -0.8017 0.1795
vn 0.6836 -0.5167 -0.5155
vn 0.6186 -0.3393 0.7087
vn 0.5782 -0.8146 0.0463
vn 0.7012 -0.4592 -0.5453
vn -0.7787 -0.1373 0.6122
vn -0.7982 -0.2607 0.5431
vn 0.5915 -0.8016 -0.0864
vn 0.5792 -0.6182 0.5314
vn 0.6094 -0.7636 -0.2136
vn -0.7015 -0.2607 -0.6633
vn -0.7304 -0.3688 -0.5749
vn -0.6564 0.6182 0.4323
vn -0.6835 0.5167 0.5155
vn 0.5993 -0.5144 0.6133
vn 0.6176 -0.3996 0.6774
vn -0.8222 -0.5640 0.0765
vn -0.8136 -0.5778 -0.0652
vn -0.6409 -0.0035 -0.7676
vn -0.6118 0.1357 -0.7792
vn -0.7804 -0.5234 -0.3420
vn -0.7570 -0.4575 -0.4664
vn -0.8249 -0.5234 0.2133
vn -0.7281 0.1357 0.6719
vn -0.7550 -0.0034 0.6557
vn -0.6713 -0.1373 -0.7284
vn -0.7082 0.2049 0.6756
vn -0.7995 -0.5640 -0.2065
vn -0.5974 0.2056 -0.7751
vn 0.6123 -0.7617 -0.2120
vn 0.6336 -0.7003 -0.3287
vn 0.7496 0.4660 0.4700
vn 0.7730 0.5328 0.3444
vn 0.8956 -0.3667 -0.2519
vn 0.6849 -0.5164 -0.5140
vn 0.5950 -0.7992 -0.0851
vn 0.5823 -0.8116 0.0470
vn 0.5855 -0.6152 0.5280
vn 0.6581 -0.6175 -0.4308
vn 0.5749 -0.7983 0.1794
vn 0.5730 -0.7600 0.3069
vn 0.6280 -0.3383 0.7008
vn 0.5765 -0.6981 0.4245
vn -0.6110 0.4009 -0.6826
vn -0.5928 0.5167 -0.6178
vn -0.5915 0.8017 0.0864
vn -0.5782 0.8145 -0.0464
vn -0.5264 0.8492 -0.0422
vn -0.5405 0.8355 0.0991
vn 0.0192 -0.2845 -0.9585
vn -0.8531 0.0408 -0.5201
vn -0.6410 -0.0035 -0.7675
vn -0.4289 -0.0744 -0.9003
vn -0.5701 0.8017 -0.1795
vn -0.5614 0.4087 -0.7196
vn -0.5418 0.5321 -0.6506
vn -0.7404 0.2752 0.6133
vn -0.7677 0.1444 0.6243
vn -0.6095 0.7635 0.2135
vn -0.6313 0.7016 0.3304
vn -0.5707 0.7016 -0.4267
vn -0.5677 0.7635 -0.3079
vn -0.6584 0.1444 -0.7386
vn -0.6333 0.2752 -0.7233
vn -0.7120 0.4009 0.5766
vn -0.5791 0.6183 -0.5314
vn -0.7784 0.0779 0.6229
vn -0.6118 0.1357 -0.7793
vn -0.9771 0.1979 -0.0783
vn -0.9087 0.1294 0.3970
vn -0.6990 0.2749 0.6602
vn -0.6688 0.4087 0.6210
vn -0.6385 0.5321 0.5560
vn -0.6096 0.6402 0.4674
vn -0.5829 0.7289 0.3590
vn -0.5596 0.7949 0.2346
vn -0.5178 0.8355 -0.1839
vn -0.5151 0.7949 -0.3207
vn -0.5183 0.7289 -0.4472
vn -0.5273 0.6403 -0.5586
vn -0.5849 0.2749 -0.7631
vn 0.7876 0.2695 -0.5541
vn 0.7677 0.1444 -0.6244
vn 0.6943 0.2662 0.6687
vn 0.8428 0.0626 0.5346
vn 0.0226 0.4621 0.8866
vn 0.0432 0.5446 0.8376
vn 0.8159 0.5353 -0.2185
vn 0.8122 0.4689 -0.3470
vn 0.7916 0.5747 0.2074
vn 0.8054 0.5893 0.0642
vn 0.8026 0.3792 -0.4605
vn 0.7231 0.3759 0.5795
vn 0.8137 0.5759 -0.0796
vn 0.7536 0.0788 -0.6526
vn 0.9654 -0.1573 0.2081
vn 0.1761 0.5446 -0.8200
vn 0.1493 0.3751 -0.9149
vn 0.1779 0.9614 0.2100
vn 0.1973 0.9802 0.0158
vn 0.1960 0.6931 -0.6937
vn 0.0830 0.6931 0.7160
vn 0.1196 0.8150 0.5669
vn 0.2091 0.9614 -0.1790
vn 0.2129 0.9056 -0.3668
vn 0.1337 0.2845 -0.9493
vn 0.1517 0.9056 0.3961
vn 0.2084 0.8150 -0.5406
vn -0.9836 -0.0043 -0.1805
vn -1.0000 -0.0032 -0.0027
vn -0.9999 0.0118 -0.0037
vn -0.9819 0.0114 -0.1889
vn -0.8233 -0.0076 -0.5676
vn -0.8295 -0.0265 -0.5579
vn -0.8395 -0.0589 -0.5401
vn -0.9591 -0.1122 -0.2599
vn -0.9949 -0.1005 -0.0025
vn 0.3946 -0.2084 -0.8949
vn -0.6426 -0.0089 -0.7662
vn -0.5058 -0.0732 -0.8595
vn 0.5390 -0.2127 -0.8150
vn 0.7519 -0.2008 -0.6280
vn 0.7112 -0.2143 -0.6695
vn 0.6630 -0.2529 -0.7046
vn 0.1837 -0.3259 -0.9274
vn -0.6765 -0.1409 -0.7229
vn 0.9055 -0.2622 0.3336
vn 0.9711 -0.2388 -0.0025
vn 0.9743 -0.2253 -0.0036
vn 0.9223 -0.2475 0.2969
vn 0.8006 -0.2578 0.5408
vn 0.7773 -0.2721 0.5673
vn 0.7389 -0.3106 0.5979
vn 0.8248 -0.4466 0.3468
vn 0.8707 -0.4918 -0.0027
vn -0.6232 -0.1163 0.7734
vn -0.4846 -0.1363 0.8640
vn -0.4183 -0.1213 0.9002
vn -0.5669 -0.1052 0.8171
vn -0.8648 -0.0466 0.4999
vn -0.8810 -0.0581 0.4696
vn -0.8952 -0.0829 0.4380
vn -0.7441 -0.2282 0.6279
vn -0.5669 -0.2914 0.7705
vn 0.3064 -0.7603 -0.5728
vn 0.4878 -0.8728 -0.0151
vn 0.1466 -0.9882 -0.0450
vn -0.5030 -0.6874 -0.5239
vn 0.8000 -0.4302 -0.4182
vn -0.2829 0.7943 -0.5376
vn 0.0900 0.8464 -0.5249
vn -0.1545 0.5729 -0.8049
vn -0.3598 0.5814 -0.7297
vn -0.7496 0.3854 -0.5381
vn -0.8369 0.4662 -0.2868
vn -0.9901 -0.0128 0.1396
vn -0.9899 0.0019 0.1414
vn -0.9739 -0.1122 0.1974
vn -0.9533 0.2656 0.1437
vn -0.8034 0.2542 0.5384
vn -0.7873 0.3255 0.5236
vn -0.9376 0.3248 0.1238
vn -0.9468 0.3219 -0.0012
vn -0.9641 0.2654 -0.0018
vn -0.9785 0.2061 -0.0033
vn -0.9685 0.2031 0.1440
vn -0.8247 0.1781 0.5367
vn -0.9520 0.2514 -0.1747
vn -0.8067 0.1916 -0.5591
vn -0.8122 0.1202 -0.5709
vn -0.9639 0.1890 -0.1878
vn 0.2507 -0.1544 -0.9557
vn 0.8274 -0.2029 -0.5236
vn 0.7380 -0.3871 -0.5527
vn 0.1589 -0.4079 -0.8991
vn -0.0740 -0.4017 -0.9128
vn -0.0204 -0.1129 -0.9934
vn -0.0155 -0.0854 -0.9962
vn 0.2000 -0.1282 -0.9714
vn 0.7851 -0.2055 -0.5843
vn -0.0904 -0.0122 -0.9958
vn 0.0001 -0.0222 -0.9998
vn 0.0180 0.5605 -0.8279
vn 0.0388 0.5573 -0.8294
vn 0.1006 0.5452 -0.8322
vn -0.0048 -0.0278 -0.9996
vn -0.0896 -0.4864 -0.8691
vn -0.1236 -0.4835 -0.8666
vn 0.3317 -0.4717 -0.8170
vn 0.7951 -0.1108 -0.5963
vn 0.6379 -0.1080 -0.7625
vn 0.6675 0.3654 -0.6488
vn 0.7604 0.3048 -0.5734
vn 0.8474 0.0214 -0.5305
vn 0.8332 -0.1024 -0.5434
vn 0.8021 -0.1349 -0.5817
vn 0.7336 -0.1724 -0.6574
vn 0.3020 -0.2249 -0.9264
vn 0.8851 -0.2331 -0.4029
vn 0.9013 -0.2193 -0.3735
vn 0.9392 -0.0842 -0.3328
vn 0.9189 0.2772 -0.2808
vn 0.9363 0.3513 -0.0005
vn 0.9976 -0.0692 -0.0019
vn 0.9957 -0.0929 -0.0033
vn 0.9304 -0.1120 -0.3490
vn 0.9569 -0.0587 0.2845
vn 0.9200 0.2957 0.2573
vn 0.8617 0.0861 0.5001
vn 0.8638 -0.0497 0.5014
vn 0.8478 -0.0879 0.5230
vn 0.9553 -0.0895 0.2818
vn 0.0659 -0.2485 0.9664
vn 0.1021 -0.2515 0.9625
vn 0.1335 -0.2198 0.9664
vn 0.0916 -0.2160 0.9721
vn -0.0359 -0.1972 0.9797
vn -0.0426 -0.2328 0.9716
vn -0.0812 -0.4406 0.8940
vn 0.0522 -0.4561 0.8884
vn 0.0953 -0.4586 0.8835
vn 0.1297 0.1296 0.9830
vn 0.1622 0.1195 0.9795
vn 0.1913 0.5929 0.7822
vn 0.1722 0.5971 0.7835
vn 0.1133 0.6075 0.7862
vn 0.0291 0.1506 0.9882
vn 0.0097 0.0478 0.9988
vn 0.1377 0.0221 0.9902
vn 0.1788 0.0110 0.9838
vn -0.4446 0.2064 0.8716
vn -0.2667 0.1856 0.9457
vn -0.2187 0.2696 0.9378
vn -0.3987 0.2879 0.8707
vn -0.4819 0.1205 0.8679
vn -0.3198 0.0963 0.9426
vn 0.5338 -0.7664 0.3574
vn 0.5874 -0.4314 0.6847
vn 0.4855 -0.4559 0.7459
vn 0.3734 -0.8174 0.4387
vn -0.3932 -0.7576 0.5210
vn -0.2126 -0.4101 0.8869
vn -0.2547 -0.3977 0.8815
vn -0.4788 -0.7177 0.5056
vn -0.4958 -0.8656 -0.0700
vn -0.4543 -0.8819 -0.1257
vn -0.1791 -0.9735 -0.1421
vn -0.1531 -0.8339 0.5303
vn -0.1913 -0.5725 -0.7973
vn 0.2047 -0.7543 -0.6238
vn -0.1040 -0.5672 -0.8170
vn 0.1862 0.8659 0.4643
vn 0.1942 0.8629 0.4666
vn 0.1614 0.8715 0.4631
vn 0.1896 0.9472 -0.2586
vn 0.1836 0.9830 -0.0004
vn 0.1844 0.9829 -0.0003
vn 0.1943 0.9463 -0.2584
vn 0.1824 0.5301 -0.8281
vn 0.1623 0.5345 -0.8294
vn 0.1752 0.9497 -0.2596
vn 0.1815 0.9834 -0.0005
vn -0.9702 0.1367 -0.2001
vn -0.8431 0.0772 -0.5322
vn -0.8218 -0.1231 -0.5563
vn -0.9701 0.0914 -0.2249
vn -0.9634 0.0947 -0.2509
vn -0.8015 0.0615 -0.5948
vn -0.7045 -0.6192 -0.3467
vn 0.0652 -0.9959 -0.0634
vn 0.1549 -0.9853 -0.0717
vn -0.4400 -0.6455 -0.6242
vn 0.2368 -0.0539 -0.9701
vn -0.0009 -0.0224 -0.9997
vn 0.4182 0.4341 -0.7979
vn -0.3943 -0.1872 -0.8997
vn -0.4605 -0.3299 -0.8241
vn 0.6860 -0.2883 0.6681
vn 0.6763 -0.2666 0.6867
vn 0.5126 -0.2568 0.8193
vn 0.5288 -0.2854 0.7993
vn 0.7474 -0.0177 0.6642
vn 0.6904 0.4081 0.5973
vn 0.5344 0.4812 0.6949
vn 0.5691 0.0211 0.8220
vn 0.5449 -0.0591 0.8364
vn 0.7183 -0.0790 0.6912
vn 0.2724 -0.8223 0.4997
vn 0.2749 -0.4576 0.8456
vn 0.1890 -0.8408 0.5073
vn 0.5542 0.7996 0.2312
vn 0.4750 0.8800 0.0004
vn 0.1847 0.9828 0.0003
vn 0.3581 0.8642 0.3534
vn 0.5832 0.7758 -0.2409
vn 0.3837 0.8855 -0.2620
vn -0.3328 -0.1698 0.9276
vn -0.1866 -0.2028 0.9613
vn -0.2044 -0.1629 0.9652
vn -0.3095 -0.1407 0.9404
vn -0.3987 -0.3445 0.8499
vn 0.1099 0.8565 -0.5043
vn 0.1461 0.9290 -0.3401
vn -0.0796 0.5450 -0.8347
vn -0.3595 -0.1029 -0.9275
vn -0.4376 -0.0767 -0.8959
vn 0.4176 -0.2395 -0.8765
vn 0.5646 -0.2131 -0.7974
vn 0.5646 -0.3510 -0.7470
vn -0.4215 -0.2535 -0.8707
vn -0.5262 0.1132 -0.8428
vn -0.3696 0.0755 -0.9261
vn -0.2246 -0.1387 -0.9645
vn -0.5317 0.0176 -0.8468
vn -0.1859 0.1750 0.9669
vn -0.1076 0.1695 0.9796
vn -0.0649 0.2613 0.9631
vn -0.1426 0.2688 0.9526
vn -0.2398 0.0852 0.9671
vn -0.1627 0.0739 0.9839
vn -0.8133 -0.4864 0.3193
vn -0.8263 -0.5630 -0.0154
vn -0.4869 -0.8722 -0.0465
vn -0.6314 -0.6408 0.4367
vn -0.6253 -0.5554 -0.5482
vn 0.2325 -0.8128 -0.5341
vn 0.3082 -0.2724 0.9115
vn 0.3178 -0.2406 0.9171
vn 0.3563 0.0726 0.9315
vn 0.3548 0.5229 0.7750
vn 0.3568 -0.0246 0.9339
vn 0.2970 0.8333 0.4662
vn 0.2965 0.9100 -0.2898
vn 0.1843 0.9829 -0.0002
vn -0.2852 -0.0641 -0.9563
vn -0.2877 -0.3315 -0.8985
vn -0.2295 -0.0553 -0.9717
vn -0.0255 -0.6042 -0.7965
vn 0.1099 -0.9860 -0.1257
vn 0.0805 -0.0440 -0.9958
vn -0.0559 -0.4960 -0.8665
vn 0.0971 -0.8473 0.5221
vn 0.9538 -0.1893 -0.2332
vn 0.9294 -0.2386 -0.2815
vn 0.9394 -0.2265 -0.2575
vn -0.1053 0.0093 -0.9944
vn 0.2964 -0.3168 -0.9010
vn -0.5462 -0.6729 0.4989
vn -0.4052 -0.9119 -0.0652
vn 0.4577 -0.8197 -0.3443
vn -0.1509 -0.2119 0.9656
vn -0.1630 -0.1731 0.9713
vn 0.1607 0.9525 -0.2588
vn 0.1795 0.9838 -0.0006
vn 0.1788 0.9839 -0.0006
vn -0.0730 0.1671 0.9832
vn 0.0270 0.5074 0.8613
vn -0.1196 0.0695 0.9904
vn 0.1449 0.8744 0.4631
vn -0.9757 0.1022 -0.1937
vn -0.9939 0.1100 -0.0036
vn -0.8200 0.0586 -0.5694
vn 0.6523 -0.2046 -0.7298
vn -0.2012 -0.2125 -0.9562
vn 0.7757 -0.1694 -0.6080
vn 0.9416 -0.1680 0.2917
vn 0.9870 -0.1606 -0.0036
vn 0.8264 -0.1750 0.5352
vn -0.5194 0.0073 0.8545
vn -0.3639 -0.0155 0.9313
vn -0.8437 0.0687 0.5324
vn -0.9834 0.1043 0.1483
vn -0.0169 -0.6843 -0.7290
vn 0.5850 -0.5963 -0.5497
vn -0.1270 -0.6866 -0.7158
vn 0.9188 -0.1657 -0.3582
vn 0.1238 -0.1000 0.9873
vn 0.1691 -0.1081 0.9796
vn -0.0138 -0.0759 0.9970
vn -0.9108 -0.0672 -0.4073
vn -0.7468 -0.3685 -0.5536
vn 0.6865 -0.1720 0.7065
vn 0.5200 -0.1583 0.8394
vn -0.2788 -0.0319 0.9598
vn -0.1972 -0.0435 0.9794
vn -0.5017 -0.0376 -0.8642
vn 0.0980 -0.2724 -0.9572
vn 0.3355 -0.1345 0.9324
vn -0.2230 -0.6486 -0.7278
vn 0.7820 -0.3897 -0.4865
vn -0.1516 -0.0514 0.9871
vn 0.7504 -0.6571 -0.0716
vn 0.0553 -0.9905 0.1255
vn 0.6633 -0.7136 -0.2255
vn 0.9734 -0.2204 -0.0627
vn 0.9813 -0.0965 0.1666
vn 0.7208 -0.6341 -0.2800
vn 0.9177 -0.3840 -0.1017
vn 0.5849 -0.6003 0.5454
vn 0.0181 -0.8839 0.4673
vn -0.0927 -0.9572 0.2741
vn 0.7530 -0.5656 0.3364
vn -0.7304 -0.6019 0.3230
vn -0.7476 -0.4758 -0.4633
vn -0.4254 -0.6840 -0.5926
vn -0.3362 -0.8697 0.3613
vn -0.0503 -0.9342 0.3532
vn 0.4431 -0.8040 -0.3967
vn 0.5451 -0.6481 -0.5319
vn 0.0429 -0.7986 -0.6003
vn -0.1541 -0.9014 0.4046
vn -0.6591 -0.7510 -0.0395
vn -0.5164 -0.8322 0.2018
vn -0.7624 -0.6467 0.0236
vn -0.8398 -0.5192 -0.1586
vn -0.8151 -0.4317 0.3863
vn -0.8084 -0.2414 -0.5368
vn 0.1038 -0.5397 -0.8354
vn -0.4695 -0.3631 -0.8048
vn 0.8054 -0.5866 0.0847
vn 0.9636 0.1997 0.1778
vn 0.9121 0.4045 0.0665
vn 0.9485 0.3072 0.0774
vn -0.0916 -0.9939 0.0621
vn -0.1661 -0.9762 0.1393
vn -0.2191 -0.9491 0.2265
vn 0.0299 -0.9993 0.0236
vn -0.5414 -0.8404 -0.0237
vn -0.7844 -0.4672 -0.4080
vn 0.1328 -0.9907 -0.0309
vn -0.0913 -0.9914 0.0940
vn -0.6488 -0.7606 0.0244
vn -0.1934 -0.9039 0.3815
vn 0.1340 0.8975 0.4203
vn 0.2032 0.9280 0.3122
vn -0.6369 0.7371 0.2257
vn -0.9162 0.2145 0.3384
vn -0.2066 0.9469 0.2463
vn -0.0973 0.9310 0.3519
vn -0.6784 0.6590 0.3247
vn 0.3268 0.3433 0.8805
vn 0.4239 0.6962 0.5793
vn 0.7553 0.4674 0.4594
vn 0.3810 -0.1261 0.9159
vn -0.4436 0.8071 0.3896
vn -0.6513 0.4097 0.6386
vn -0.5535 0.6516 0.5187
vn -0.1746 0.5616 0.8088
vn -0.0445 0.8065 0.5896
vn 0.8151 0.2347 0.5296
vn 0.2169 -0.1878 0.9580
vn -0.1147 0.5338 0.8378
vn 0.4697 0.3512 0.8100
vn 0.4557 0.8896 -0.0302
vn 0.4753 0.7656 0.4336
vn -0.1669 0.9857 -0.0234
vn 0.4333 0.8983 -0.0727
vn -0.0674 0.9873 -0.1436
vn -0.9931 0.1122 0.0357
vn -0.9880 -0.1291 -0.0849
vn -0.4825 0.8758 -0.0100
vn -0.9111 -0.1271 -0.3920
vn -0.9332 0.3555 -0.0523
vn -0.3882 0.9204 -0.0461
vn -0.9635 0.2565 -0.0771
vn -0.3295 0.9417 -0.0675
vn -0.8394 -0.5409 -0.0527
vn -0.8660 -0.2593 -0.4276
vn -0.9384 -0.2112 -0.2735
vn -0.7120 -0.0706 -0.6987
vn -0.3715 -0.9284 -0.0000
vn -0.4258 -0.9048 -0.0000
vn -0.4176 -0.9048 -0.0831
vn -0.3644 -0.9284 -0.0725
vn -0.2524 -0.9676 -0.0000
vn -0.2475 -0.9676 -0.0493
vn -0.1292 -0.9916 -0.0000
vn -0.1267 -0.9916 -0.0252
vn -0.3432 -0.9284 -0.1422
vn -0.2332 -0.9676 -0.0966
vn -0.1193 -0.9916 -0.0494
vn -0.3934 -0.9048 -0.1629
vn -0.3089 -0.9284 -0.2064
vn -0.2098 -0.9676 -0.1402
vn -0.1074 -0.9916 -0.0718
vn -0.3540 -0.9048 -0.2365
vn -0.1784 -0.9676 -0.1784
vn -0.0913 -0.9916 -0.0913
vn -0.3161 -0.8846 -0.3429
vn -0.2627 -0.9284 -0.2627
vn -0.3411 -0.8432 -0.4156
vn -0.2977 -0.8443 -0.4455
vn -0.2693 -0.8747 -0.4031
vn -0.2064 -0.9284 -0.3089
vn -0.1402 -0.9676 -0.2098
vn -0.0846 -0.9888 -0.1232
vn -0.2051 -0.8443 -0.4950
vn -0.1855 -0.8747 -0.4478
vn -0.1422 -0.9284 -0.3432
vn -0.0966 -0.9676 -0.2332
vn -0.0717 -0.9823 -0.1731
vn -0.1046 -0.8443 -0.5255
vn -0.0946 -0.8747 -0.4754
vn -0.0854 -0.9206 -0.3811
vn -0.0736 -0.9673 -0.2426
vn -0.0547 -0.9821 -0.1801
vn -0.0527 -0.8432 -0.5351
vn -0.0477 -0.8737 -0.4842
vn -0.0419 -0.9041 -0.4254
vn -0.0901 -0.9506 0.2970
vn -0.1183 -0.9511 0.2855
vn -0.1094 -0.9622 0.2492
vn -0.1717 -0.9511 0.2569
vn -0.1402 -0.9676 0.2098
vn -0.0887 -0.9821 0.1660
vn -0.1041 -0.9823 0.1558
vn -0.1785 -0.9676 0.1785
vn -0.1070 -0.9888 0.1043
vn -0.2185 -0.9511 0.2185
vn -0.2098 -0.9676 0.1402
vn -0.1074 -0.9916 0.0718
vn -0.2569 -0.9511 0.1717
vn -0.3306 -0.9360 0.1206
vn -0.2332 -0.9676 0.0966
vn -0.1193 -0.9916 0.0494
vn -0.4090 -0.9040 0.1241
vn -0.4176 -0.9048 0.0831
vn -0.3644 -0.9284 0.0725
vn -0.2475 -0.9676 0.0492
vn -0.1267 -0.9916 0.0252
vn -0.0550 -0.9985 -0.0054
vn 0.0031 -0.7401 -0.6724
vn 0.1289 -0.7642 -0.6320
vn 0.3759 -0.0656 -0.9243
vn 0.1920 -0.0285 -0.9810
vn 0.1525 -0.7242 0.6726
vn 0.0178 -0.7000 0.7140
vn 0.0004 -0.7462 0.6657
vn 0.1251 -0.7696 0.6261
vn -0.1217 -0.6748 -0.7279
vn 0.1218 0.6748 -0.7279
vn 0.2615 0.6496 -0.7139
vn 0.0178 -0.7000 -0.7140
vn -0.1283 -0.7152 -0.6870
vn 0.0006 0.0098 -1.0000
vn 0.3959 0.6253 -0.6725
vn 0.1522 -0.7244 -0.6724
vn -0.3879 -0.6661 -0.6371
vn -0.2604 -0.6900 -0.6754
vn -0.1908 0.0477 -0.9805
vn -0.3746 0.0837 -0.9234
vn -0.1217 -0.6748 0.7279
vn -0.2615 -0.6495 0.7139
vn -0.2601 -0.6966 0.6686
vn -0.1296 -0.7214 0.6803
vn 0.5198 0.6030 -0.6052
vn 0.2762 -0.7466 -0.6052
vn -0.5055 -0.6442 -0.5741
vn -0.5439 0.1164 -0.8310
vn -0.3959 -0.6253 0.6725
vn -0.3862 -0.6726 0.6312
vn 0.6282 0.5835 -0.5147
vn 0.3847 -0.7662 -0.5148
vn -0.6089 -0.6250 -0.4885
vn -0.6925 0.1448 -0.7068
vn -0.5198 -0.6030 0.6052
vn -0.5029 -0.6502 0.5695
vn 0.7174 0.5672 -0.4045
vn 0.4737 -0.7823 -0.4044
vn -0.6938 -0.6094 -0.3838
vn -0.8146 0.1676 -0.5552
vn -0.6282 -0.5835 0.5147
vn -0.6058 -0.6305 0.4853
vn 0.7836 0.5554 -0.2784
vn 0.5401 -0.7942 -0.2785
vn -0.7567 -0.5979 -0.2642
vn -0.9054 0.1839 -0.3826
vn -0.7174 -0.5673 0.4044
vn -0.6909 -0.6137 0.3822
vn 0.8244 0.5480 -0.1420
vn 0.5807 -0.8017 -0.1419
vn -0.7950 -0.5914 -0.1347
vn -0.9614 0.1932 -0.1958
vn -0.7836 -0.5554 0.2785
vn -0.7544 -0.6010 0.2639
vn 0.8381 0.5455 -0.0000
vn 0.5946 -0.8041 -0.0000
vn -0.8075 -0.5898 0.0004
vn -0.9808 0.1951 -0.0006
vn -0.8244 -0.5480 0.1420
vn -0.7938 -0.5929 0.1353
vn 0.8244 0.5480 0.1420
vn 0.5807 -0.8017 0.1419
vn -0.9624 0.1895 0.1946
vn -0.8382 -0.5453 -0.0000
vn 0.7836 0.5554 0.2784
vn 0.5401 -0.7942 0.2785
vn -0.9073 0.1767 0.3816
vn -0.8244 -0.5480 -0.1420
vn 0.7174 0.5672 0.4045
vn 0.4737 -0.7823 0.4044
vn -0.8170 0.1571 0.5548
vn -0.7836 -0.5554 -0.2785
vn 0.6282 0.5835 0.5147
vn 0.3847 -0.7662 0.5148
vn -0.6956 0.1314 0.7063
vn -0.7174 -0.5673 -0.4044
vn 0.5198 0.6030 0.6052
vn 0.2762 -0.7466 0.6052
vn -0.5474 0.1007 0.8308
vn -0.6282 -0.5835 -0.5147
vn 0.3959 0.6253 0.6725
vn -0.3779 0.0661 0.9235
vn -0.5198 -0.6030 -0.6052
vn 0.2615 0.6496 0.7139
vn -0.1944 0.0290 0.9805
vn -0.3959 -0.6253 -0.6725
vn 0.1218 0.6748 0.7279
vn -0.2615 -0.6495 -0.7139
vn -0.0179 0.7001 0.7139
vn -0.0028 -0.0093 1.0000
vn -0.1524 0.7242 0.6726
vn 0.1888 -0.0473 0.9809
vn -0.2761 0.7467 0.6051
vn 0.3731 -0.0834 0.9240
vn 0.2443 -0.7864 -0.5674
vn -0.3846 0.7662 0.5147
vn 0.2398 -0.7910 0.5628
vn 0.5430 -0.1162 0.8317
vn 0.3449 -0.8057 -0.4815
vn -0.4738 0.7822 0.4045
vn 0.3400 -0.8097 0.4782
vn 0.6920 -0.1447 0.7073
vn 0.4270 -0.8218 -0.3773
vn -0.5399 0.7943 0.2785
vn 0.4225 -0.8249 0.3756
vn 0.8145 -0.1675 0.5554
vn 0.4872 -0.8340 -0.2592
vn -0.5807 0.8016 0.1420
vn 0.4840 -0.8359 0.2588
vn 0.9054 -0.1838 0.3827
vn 0.5240 -0.8415 -0.1315
vn -0.5946 0.8041 -0.0000
vn 0.5221 -0.8426 0.1325
vn 0.9616 -0.1932 0.1948
vn 0.5355 -0.8445 0.0004
vn -0.5807 0.8016 -0.1420
vn 0.9808 -0.1951 -0.0006
vn -0.5399 0.7943 -0.2785
vn 0.9622 -0.1895 -0.1957
vn -0.4738 0.7822 -0.4045
vn 0.9065 -0.1766 -0.3834
vn -0.3846 0.7662 -0.5147
vn -0.2761 0.7467 -0.6051
vn 0.8160 -0.1568 -0.5564
vn -0.1524 0.7242 -0.6726
vn -0.0179 0.7001 -0.7139
vn 0.5454 -0.1003 -0.8322
vn 0.6939 -0.1311 -0.7080
vt 0.443983 0.520668
vt 0.443911 0.520549
vt 0.442744 0.517165
vt 0.442812 0.517469
vt 0.442905 0.517900
vt 0.444071 0.520877
vt 0.443905 0.520248
vt 0.442712 0.516925
vt 0.442705 0.516821
vt 0.443918 0.520052
vt 0.444128 0.521450
vt 0.443008 0.518525
vt 0.443134 0.519272
vt 0.444203 0.522126
vt 0.443983 0.520667
vt 0.444349 0.522645
vt 0.443295 0.520073
vt 0.454308 0.518262
vt 0.454408 0.518545
vt 0.454293 0.515011
vt 0.454237 0.514775
vt 0.454207 0.514675
vt 0.454227 0.518084
vt 0.454359 0.521870
vt 0.454309 0.522011
vt 0.454386 0.518683
vt 0.454338 0.515319
vt 0.454407 0.515756
vt 0.454381 0.518913
vt 0.454754 0.520671
vt 0.454702 0.520130
vt 0.454683 0.517120
vt 0.454821 0.517926
vt 0.454532 0.519470
vt 0.454534 0.516376
vt 0.439813 0.520975
vt 0.439731 0.520795
vt 0.439710 0.517367
vt 0.439741 0.517468
vt 0.439797 0.517704
vt 0.439916 0.521260
vt 0.439891 0.521396
vt 0.439842 0.518012
vt 0.439910 0.518447
vt 0.439884 0.521622
vt 0.454700 0.520143
vt 0.454683 0.517123
vt 0.458392 0.517529
vt 0.458404 0.517336
vt 0.457198 0.514127
vt 0.457206 0.514231
vt 0.457238 0.514471
vt 0.458399 0.517828
vt 0.458984 0.521885
vt 0.458882 0.521271
vt 0.459026 0.521122
vt 0.457205 0.514231
vt 0.458983 0.521885
vt 0.458470 0.517950
vt 0.458557 0.518163
vt 0.457398 0.515207
vt 0.457306 0.514775
vt 0.441336 0.517790
vt 0.441218 0.517148
vt 0.440038 0.519068
vt 0.440188 0.519812
vt 0.441479 0.518562
vt 0.441124 0.516643
vt 0.441056 0.516278
vt 0.452859 0.518967
vt 0.453120 0.520359
vt 0.454042 0.521521
vt 0.454091 0.520466
vt 0.451564 0.518888
vt 0.451824 0.520281
vt 0.450267 0.518938
vt 0.450527 0.520330
vt 0.448981 0.519113
vt 0.449242 0.520506
vt 0.447719 0.519415
vt 0.447979 0.520807
vt 0.446492 0.519838
vt 0.446753 0.521231
vt 0.445312 0.520380
vt 0.445573 0.521773
vt 0.440037 0.522180
vt 0.440209 0.522842
vt 0.458837 0.519933
vt 0.457789 0.517380
vt 0.457629 0.516579
vt 0.458693 0.519410
vt 0.459126 0.521662
vt 0.458935 0.521556
vt 0.459106 0.521384
vt 0.458994 0.520519
vt 0.457968 0.518283
vt 0.458151 0.519333
vt 0.458350 0.520475
vt 0.459234 0.522334
vt 0.458615 0.518735
vt 0.457502 0.515832
vt 0.459026 0.522049
vt 0.442038 0.521576
vt 0.443656 0.522024
vt 0.443474 0.520974
vt 0.441832 0.520464
vt 0.440480 0.521523
vt 0.440686 0.522569
vt 0.441645 0.519456
vt 0.440325 0.520617
vt 0.441016 0.516058
vt 0.441002 0.515984
vt 0.456996 0.521383
vt 0.458580 0.521651
vt 0.456757 0.520095
vt 0.455406 0.521040
vt 0.455610 0.522217
vt 0.456534 0.518890
vt 0.456328 0.517778
vt 0.454974 0.518854
vt 0.455182 0.519904
vt 0.456141 0.516770
vt 0.455976 0.515876
vt 0.454819 0.517938
vt 0.455833 0.515105
vt 0.455714 0.514463
vt 0.455620 0.513957
vt 0.455553 0.513592
vt 0.455512 0.513372
vt 0.455498 0.513299
vt 0.455833 0.515104
vt 0.454977 0.518832
vt 0.454745 0.520722
vt 0.454806 0.521363
vt 0.455019 0.522223
vt 0.417022 0.336414
vt 0.428446 0.334100
vt 0.429169 0.337297
vt 0.417745 0.339611
vt 0.429890 0.340243
vt 0.418466 0.342557
vt 0.430583 0.342825
vt 0.419159 0.345139
vt 0.431220 0.344944
vt 0.419796 0.347258
vt 0.431777 0.346519
vt 0.420353 0.348833
vt 0.432233 0.347489
vt 0.420809 0.349803
vt 0.432570 0.347816
vt 0.421146 0.350130
vt 0.432775 0.347489
vt 0.421351 0.349803
vt 0.432840 0.346519
vt 0.421416 0.348833
vt 0.432763 0.344944
vt 0.421340 0.347258
vt 0.432547 0.342825
vt 0.421124 0.345139
vt 0.432200 0.340243
vt 0.420777 0.342557
vt 0.414384 0.343852
vt 0.414733 0.341646
vt 0.414368 0.339331
vt 0.413919 0.340906
vt 0.431640 0.341307
vt 0.431588 0.340257
vt 0.419748 0.336414
vt 0.431171 0.334100
vt 0.430529 0.330776
vt 0.419105 0.333090
vt 0.420312 0.339611
vt 0.431736 0.337297
vt 0.403316 0.349361
vt 0.402969 0.346779
vt 0.401998 0.343708
vt 0.402231 0.345443
vt 0.409934 0.334385
vt 0.411236 0.334207
vt 0.411783 0.336819
vt 0.410630 0.337709
vt 0.412351 0.339331
vt 0.411352 0.340906
vt 0.412918 0.341646
vt 0.412073 0.343852
vt 0.413462 0.343675
vt 0.412766 0.346434
vt 0.413962 0.345340
vt 0.413403 0.348553
vt 0.414400 0.346577
vt 0.413960 0.350128
vt 0.414758 0.347339
vt 0.414416 0.351098
vt 0.415023 0.347596
vt 0.414753 0.351425
vt 0.415184 0.347339
vt 0.414958 0.351098
vt 0.415236 0.346577
vt 0.415023 0.350128
vt 0.415175 0.345340
vt 0.414947 0.348553
vt 0.415006 0.343675
vt 0.414731 0.346434
vt 0.419266 0.340727
vt 0.418901 0.338412
vt 0.413355 0.337709
vt 0.413924 0.336819
vt 0.413420 0.334207
vt 0.412712 0.334385
vt 0.416316 0.335901
vt 0.416884 0.338412
vt 0.417451 0.340727
vt 0.417995 0.342756
vt 0.418496 0.344422
vt 0.418933 0.345659
vt 0.419291 0.346421
vt 0.419556 0.346678
vt 0.419717 0.346421
vt 0.419769 0.345659
vt 0.419709 0.344422
vt 0.419539 0.342756
vt 0.402504 0.343832
vt 0.418458 0.335901
vt 0.417953 0.333288
vt 0.401298 0.337311
vt 0.412016 0.331060
vt 0.400602 0.333987
vt 0.398519 0.337311
vt 0.399215 0.340636
vt 0.399937 0.343832
vt 0.400659 0.346779
vt 0.401351 0.349361
vt 0.401988 0.351480
vt 0.402545 0.353055
vt 0.403001 0.354024
vt 0.403338 0.354352
vt 0.403543 0.354024
vt 0.403609 0.353055
vt 0.403532 0.351480
vt 0.401940 0.340636
vt 0.401685 0.341727
vt 0.402376 0.346868
vt 0.406649 0.344548
vt 0.406794 0.345973
vt 0.402019 0.348578
vt 0.401713 0.347926
vt 0.399474 0.339579
vt 0.399006 0.337344
vt 0.431213 0.337122
vt 0.430903 0.335157
vt 0.400406 0.335109
vt 0.400874 0.337344
vt 0.401338 0.346868
vt 0.397877 0.333987
vt 0.398575 0.335109
vt 0.402428 0.347926
vt 0.400910 0.345443
vt 0.401306 0.339579
vt 0.402384 0.348578
vt 0.400445 0.343708
vt 0.402246 0.348798
vt 0.399960 0.341727
vt 0.430134 0.338844
vt 0.430559 0.340257
vt 0.431596 0.341954
vt 0.429672 0.337122
vt 0.430527 0.333026
vt 0.431459 0.342172
vt 0.429191 0.335157
vt 0.406104 0.340832
vt 0.406416 0.342813
vt 0.431235 0.341954
vt 0.431444 0.338844
vt 0.430931 0.341307
vt 0.404863 0.342813
vt 0.405328 0.344548
vt 0.425143 0.338351
vt 0.424833 0.336387
vt 0.406802 0.347683
vt 0.406664 0.347903
vt 0.403892 0.338684
vt 0.403425 0.336449
vt 0.406131 0.347031
vt 0.405757 0.345973
vt 0.406846 0.347031
vt 0.405292 0.336449
vt 0.405724 0.338684
vt 0.404378 0.340832
vt 0.404825 0.334214
vt 0.406437 0.347683
vt 0.402993 0.334214
vt 0.424861 0.342536
vt 0.424489 0.341486
vt 0.423122 0.336387
vt 0.423603 0.338351
vt 0.425165 0.343183
vt 0.425389 0.343401
vt 0.425375 0.340073
vt 0.424065 0.340073
vt 0.425526 0.343183
vt 0.425570 0.342536
vt 0.424457 0.334255
vt 0.425519 0.341486
vt 0.404339 0.332066
vt 0.403854 0.330085
vt 0.403389 0.328350
vt 0.402960 0.326925
vt 0.402586 0.325867
vt 0.402280 0.325215
vt 0.402053 0.324995
vt 0.401915 0.325215
vt 0.401871 0.325867
vt 0.401923 0.326925
vt 0.402068 0.328350
vt 0.402301 0.330085
vt 0.402613 0.332066
vt 0.422640 0.334255
vt 0.404902 0.408447
vt 0.404437 0.408119
vt 0.404806 0.448593
vt 0.405363 0.448603
vt 0.408806 0.447783
vt 0.407509 0.408295
vt 0.407192 0.378502
vt 0.405437 0.367893
vt 0.405057 0.367145
vt 0.442271 0.400675
vt 0.438235 0.400944
vt 0.444972 0.438802
vt 0.449665 0.438298
vt 0.454520 0.437704
vt 0.446370 0.400178
vt 0.439556 0.372110
vt 0.434876 0.362646
vt 0.431450 0.362532
vt 0.448157 0.399382
vt 0.448474 0.398909
vt 0.457343 0.437019
vt 0.456826 0.437228
vt 0.438443 0.361528
vt 0.438530 0.360696
vt 0.413470 0.406524
vt 0.419268 0.404569
vt 0.424806 0.442763
vt 0.416910 0.445283
vt 0.409879 0.367380
vt 0.413570 0.365833
vt 0.432317 0.348360
vt 0.432246 0.347153
vt 0.428803 0.346219
vt 0.428968 0.347723
vt 0.430820 0.525495
vt 0.439338 0.522822
vt 0.437921 0.514528
vt 0.429445 0.517194
vt 0.421822 0.512786
vt 0.420642 0.519940
vt 0.412635 0.496168
vt 0.416051 0.495150
vt 0.421821 0.512762
vt 0.420641 0.519921
vt 0.420397 0.519994
vt 0.412235 0.496260
vt 0.406872 0.471434
vt 0.407415 0.471331
vt 0.411066 0.470284
vt 0.412635 0.496180
vt 0.416052 0.495169
vt 0.411066 0.470289
vt 0.407415 0.471334
vt 0.425224 0.402752
vt 0.422480 0.403547
vt 0.428759 0.441641
vt 0.431591 0.441039
vt 0.435289 0.440303
vt 0.428833 0.401898
vt 0.422208 0.362603
vt 0.418683 0.363667
vt 0.416035 0.364793
vt 0.440149 0.488142
vt 0.437357 0.488654
vt 0.442031 0.513406
vt 0.444787 0.512904
vt 0.448382 0.512247
vt 0.443790 0.487473
vt 0.439164 0.462503
vt 0.435456 0.463190
vt 0.432610 0.463717
vt 0.457062 0.485225
vt 0.453077 0.485806
vt 0.457351 0.510596
vt 0.460658 0.510021
vt 0.462482 0.503152
vt 0.461148 0.484627
vt 0.458355 0.459601
vt 0.453501 0.460222
vt 0.448820 0.460810
vt 0.463025 0.484333
vt 0.464310 0.509398
vt 0.464533 0.509352
vt 0.463413 0.484258
vt 0.461231 0.459156
vt 0.460692 0.459258
vt 0.463025 0.484317
vt 0.464310 0.509372
vt 0.462482 0.503120
vt 0.461148 0.484601
vt 0.458355 0.459594
vt 0.460692 0.459254
vt 0.432524 0.401402
vt 0.435418 0.401158
vt 0.441929 0.439203
vt 0.439022 0.439663
vt 0.425897 0.362338
vt 0.428821 0.362441
vt 0.447452 0.486789
vt 0.450301 0.486255
vt 0.454817 0.511035
vt 0.452001 0.511567
vt 0.448382 0.512242
vt 0.443790 0.487470
vt 0.442891 0.461812
vt 0.445788 0.461275
vt 0.424699 0.492445
vt 0.433216 0.489772
vt 0.437920 0.514508
vt 0.429444 0.517167
vt 0.419845 0.467552
vt 0.428423 0.464858
vt 0.415949 0.347976
vt 0.413354 0.349583
vt 0.412954 0.347865
vt 0.415533 0.345979
vt 0.419057 0.344415
vt 0.419461 0.346597
vt 0.453575 0.519833
vt 0.456423 0.519295
vt 0.449913 0.520517
vt 0.453575 0.519840
vt 0.453619 0.519840
vt 0.456498 0.519299
vt 0.456423 0.519308
vt 0.454817 0.511054
vt 0.452001 0.511578
vt 0.449914 0.520520
vt 0.449915 0.520531
vt 0.436636 0.401055
vt 0.443153 0.439010
vt 0.430052 0.362485
vt 0.427585 0.347460
vt 0.427381 0.345833
vt 0.426062 0.345476
vt 0.426302 0.347216
vt 0.451499 0.486045
vt 0.450301 0.486268
vt 0.456002 0.510834
vt 0.447007 0.461053
vt 0.445788 0.461279
vt 0.457062 0.485202
vt 0.460658 0.509985
vt 0.457351 0.510570
vt 0.453077 0.485788
vt 0.448820 0.460806
vt 0.453501 0.460216
vt 0.462041 0.518234
vt 0.462179 0.518230
vt 0.459016 0.518825
vt 0.458913 0.518825
vt 0.462041 0.518258
vt 0.458913 0.518842
vt 0.421383 0.403865
vt 0.427627 0.441883
vt 0.414976 0.365242
vt 0.442363 0.521898
vt 0.443480 0.521695
vt 0.440929 0.513606
vt 0.424700 0.492463
vt 0.433217 0.489785
vt 0.428423 0.464862
vt 0.419845 0.467557
vt 0.436241 0.488848
vt 0.437357 0.488645
vt 0.442030 0.513391
vt 0.440928 0.513589
vt 0.431472 0.463925
vt 0.432610 0.463715
vt 0.408192 0.352779
vt 0.407825 0.351615
vt 0.410770 0.349461
vt 0.411156 0.350944
vt 0.451499 0.486030
vt 0.456002 0.510811
vt 0.447007 0.461050
vt 0.457621 0.519069
vt 0.457621 0.519084
vt 0.457710 0.519071
vt 0.423253 0.346636
vt 0.422927 0.344625
vt 0.447452 0.486796
vt 0.442891 0.461814
vt 0.436241 0.488859
vt 0.431472 0.463928
vt 0.412316 0.350225
vt 0.411923 0.348618
vt 0.446272 0.521187
vt 0.446227 0.521207
vt 0.443397 0.521721
vt 0.440149 0.488137
vt 0.444786 0.512896
vt 0.435456 0.463189
vt 0.446272 0.521182
vt 0.405596 0.462520
vt 0.405007 0.462622
vt 0.409321 0.461471
vt 0.452221 0.451363
vt 0.447310 0.451950
vt 0.457331 0.450736
vt 0.459815 0.450372
vt 0.460402 0.450255
vt 0.418142 0.458729
vt 0.426739 0.456024
vt 0.433802 0.454337
vt 0.430940 0.454872
vt 0.437532 0.453642
vt 0.441279 0.452951
vt 0.444192 0.452417
vt 0.445417 0.452192
vt 0.429795 0.455087
vt 0.485230 0.511020
vt 0.477187 0.507077
vt 0.480063 0.512200
vt 0.488940 0.520688
vt 0.488803 0.516766
vt 0.488155 0.525286
vt 0.489010 0.521286
vt 0.475950 0.521352
vt 0.473295 0.516249
vt 0.478721 0.509321
vt 0.483986 0.512512
vt 0.426409 0.511178
vt 0.427739 0.510946
vt 0.437250 0.505304
vt 0.436179 0.504347
vt 0.464934 0.502650
vt 0.469566 0.505370
vt 0.477365 0.519715
vt 0.452669 0.503007
vt 0.450098 0.501547
vt 0.484671 0.513921
vt 0.483059 0.515813
vt 0.482965 0.515925
vt 0.484397 0.513931
vt 0.421958 0.522846
vt 0.424784 0.522724
vt 0.456856 0.517414
vt 0.436400 0.520942
vt 0.484703 0.510770
vt 0.485611 0.511427
vt 0.484906 0.511383
vt 0.484201 0.512997
vt 0.479906 0.506571
vt 0.487050 0.513828
vt 0.483866 0.514845
vt 0.487870 0.513242
vt 0.485495 0.512422
vt 0.486503 0.512238
vt 0.489147 0.513822
vt 0.487350 0.513732
vt 0.484823 0.513742
vt 0.486274 0.515440
vt 0.483694 0.517479
vt 0.486440 0.519206
vt 0.486532 0.523090
vt 0.477844 0.514720
vt 0.475041 0.509741
vt 0.482813 0.513468
vt 0.486215 0.523190
vt 0.485232 0.526469
vt 0.437726 0.507302
vt 0.438720 0.507667
vt 0.430322 0.512590
vt 0.429281 0.512480
vt 0.468035 0.508148
vt 0.463639 0.505811
vt 0.475575 0.521343
vt 0.450110 0.504922
vt 0.452521 0.505767
vt 0.427675 0.523018
vt 0.425110 0.522975
vt 0.456651 0.518731
vt 0.438154 0.521612
vt 0.481778 0.512833
vt 0.482734 0.513336
vt 0.482125 0.513057
vt 0.481000 0.513924
vt 0.481377 0.514414
vt 0.477964 0.509428
vt 0.476969 0.512043
vt 0.487110 0.516602
vt 0.484122 0.514702
vt 0.484428 0.515703
vt 0.487116 0.516614
vt 0.484199 0.517013
vt 0.487395 0.517161
vt 0.472039 0.518534
vt 0.483976 0.517124
vt 0.484345 0.517182
vt 0.490480 0.518434
vt 0.490480 0.521764
vt 0.474834 0.518096
vt 0.470004 0.520369
vt 0.470398 0.520369
vt 0.475134 0.518096
vt 0.479910 0.516447
vt 0.480113 0.516447
vt 0.485153 0.515446
vt 0.485256 0.515446
vt 0.476025 0.518096
vt 0.480715 0.516447
vt 0.485559 0.515446
vt 0.471563 0.520369
vt 0.477471 0.518096
vt 0.481692 0.516447
vt 0.486051 0.515446
vt 0.473455 0.520369
vt 0.483006 0.516447
vt 0.486714 0.515446
vt 0.476001 0.520369
vt 0.479417 0.518096
vt 0.472815 0.523229
vt 0.476601 0.523229
vt 0.479104 0.520369
vt 0.481788 0.518096
vt 0.484608 0.516447
vt 0.487521 0.515446
vt 0.480920 0.523229
vt 0.482644 0.520369
vt 0.484493 0.518096
vt 0.486435 0.516447
vt 0.488442 0.515446
vt 0.485606 0.523229
vt 0.486486 0.520369
vt 0.487428 0.518096
vt 0.488418 0.516447
vt 0.489441 0.515446
vt 0.490480 0.523229
vt 0.490480 0.520369
vt 0.490480 0.518096
vt 0.490480 0.515111
vt 0.425334 0.380986
vt 0.425792 0.380903
vt 0.410732 0.305206
vt 0.410274 0.305289
vt 0.426674 0.380744
vt 0.425783 0.380905
vt 0.424857 0.381072
vt 0.438078 0.454311
vt 0.439004 0.454143
vt 0.409797 0.305375
vt 0.439895 0.453983
vt 0.423921 0.381241
vt 0.424380 0.381158
vt 0.409320 0.305461
vt 0.408861 0.305544
vt 0.423930 0.381239
vt 0.440716 0.453835
vt 0.427495 0.380596
vt 0.423498 0.381317
vt 0.408438 0.305620
vt 0.423040 0.381400
vt 0.441435 0.453705
vt 0.428214 0.380466
vt 0.423128 0.381384
vt 0.408068 0.305687
vt 0.422219 0.381548
vt 0.442026 0.453598
vt 0.428805 0.380359
vt 0.422824 0.381439
vt 0.407764 0.305742
vt 0.421499 0.381678
vt 0.442464 0.453519
vt 0.429243 0.380280
vt 0.422598 0.381479
vt 0.407538 0.305783
vt 0.420909 0.381784
vt 0.442735 0.453470
vt 0.429514 0.380231
vt 0.422459 0.381505
vt 0.407399 0.305808
vt 0.420470 0.381864
vt 0.442826 0.453454
vt 0.429605 0.380215
vt 0.422412 0.381513
vt 0.407352 0.305816
vt 0.420200 0.381912
vt 0.420108 0.381929
vt 0.437151 0.454478
vt 0.436260 0.454639
vt 0.435440 0.454787
vt 0.426215 0.380826
vt 0.434720 0.454917
vt 0.411155 0.305130
vt 0.426585 0.380760
vt 0.434129 0.455023
vt 0.411526 0.305063
vt 0.426890 0.380705
vt 0.433691 0.455103
vt 0.411830 0.305008
vt 0.427115 0.380664
vt 0.433421 0.455151
vt 0.412056 0.304967
vt 0.427255 0.380639
vt 0.433329 0.455168
vt 0.412195 0.304942
vt 0.427302 0.380630
vt 0.412242 0.304934
s 1
usemtl joints.008
f 1/1/1 127/2/2 385/3/3 165/4/4
f 1/1/1 165/4/4 383/5/5 125/6/6
f 2/7/7 129/2/8 387/3/9 168/8/10
f 2/7/7 168/8/10 386/9/11 126/10/12
f 3/11/13 170/12/14 388/5/15 128/6/16
f 4/11/17 125/6/6 383/5/5 162/12/18
f 4/11/17 162/12/18 381/13/19 130/14/20
f 5/7/21 126/10/12 386/9/11 167/8/22
f 5/7/21 167/8/22 385/3/3 127/2/2
f 6/15/23 128/6/16 388/5/15 169/4/24
f 6/15/23 169/4/24 387/3/9 129/2/8
f 7/16/25 130/14/20 381/13/19 159/17/26
f 8/18/27 131/19/28 397/20/29 180/21/30
f 8/18/27 180/21/30 399/22/31 132/23/32
f 8/18/27 132/23/32 363/24/33 138/25/33
f 9/26/34 133/19/35 400/20/36 182/27/37
f 9/26/34 182/27/37 402/28/38 134/29/39
f 10/30/40 135/31/41 403/32/42 185/33/43
f 11/26/44 137/29/45 395/28/46 179/27/47
f 11/26/44 179/27/47 397/20/29 131/19/28
f 12/18/48 132/23/32 399/22/31 181/21/49
f 12/18/48 181/21/49 400/20/36 133/19/35
f 13/34/50 134/29/39 402/28/38 183/35/51
f 13/34/50 183/35/51 403/32/42 135/31/41
f 14/36/52 139/37/53 369/38/54 152/39/55
f 14/36/52 152/39/55 370/40/56 140/41/57
f 15/42/58 140/41/57 370/40/56 153/43/59
f 15/42/58 153/43/59 371/44/60 141/45/61
f 16/34/62 136/46/63 394/47/64 177/35/65
f 16/34/62 177/35/65 395/28/46 137/29/45
f 17/48/66 143/49/67 375/50/68 155/51/69
f 17/48/66 155/51/69 374/52/70 142/53/71
f 17/48/66 142/53/71 365/54/72 150/55/73
f 17/48/66 150/55/73 366/56/74 143/49/67
f 18/48/75 145/53/76 376/52/77 156/57/78
f 18/48/75 156/57/78 375/50/68 143/49/67
f 18/48/75 143/49/67 366/56/74 151/55/79
f 18/48/75 151/55/79 367/58/80 145/53/76
f 19/59/81 146/60/82 377/61/83 157/62/84
f 19/59/81 157/62/84 376/52/77 145/53/76
f 20/63/85 162/12/18 383/5/5 163/64/86
f 20/63/85 163/64/86 382/44/87 161/65/88
f 20/63/85 161/65/88 380/66/89 160/67/90
f 20/63/85 160/67/90 381/13/19 162/12/18
f 21/68/91 165/4/4 385/3/3 166/69/92
f 21/68/91 166/69/92 384/40/93 164/43/94
f 21/68/91 164/43/94 382/44/87 163/64/86
f 21/68/91 163/64/86 383/5/5 165/4/4
f 22/70/95 187/71/96 398/72/97 186/73/97
f 22/70/95 188/74/98 401/75/99 187/71/96
f 23/76/100 189/77/101 401/75/99 188/74/98
f 23/76/100 190/78/102 406/79/102 189/77/101
f 24/80/103 191/81/104 406/79/102 190/78/102
f 24/80/103 192/82/105 407/83/106 191/81/104
f 25/84/107 193/85/107 407/83/106 192/82/105
f 49/36/108 243/41/109 384/40/93 249/39/110
f 49/36/108 249/39/110 369/38/54 139/37/53
f 50/86/111 241/87/112 380/66/89 161/65/88
f 50/86/111 161/65/88 382/44/87 242/45/113
f 51/42/114 242/45/113 382/44/87 164/43/94
f 51/42/114 164/43/94 384/40/93 243/41/109
f 52/88/115 256/89/116 404/90/117 245/91/118
f 53/59/119 142/53/71 374/52/70 254/62/120
f 53/59/119 254/62/120 396/61/121 246/60/122
f 53/59/119 246/60/122 364/92/123 149/93/124
f 53/59/119 149/93/124 365/54/72 142/53/71
f 54/94/125 244/95/126 393/96/127 251/97/128
f 54/94/125 251/97/128 372/98/129 144/99/130
f 55/88/131 147/91/132 373/90/133 252/89/134
f 55/88/131 252/89/134 393/96/127 244/95/126
f 56/100/135 245/91/118 404/90/117 255/101/136
f 56/100/135 255/101/136 377/61/83 146/60/82
f 57/100/137 246/60/122 396/61/121 253/101/138
f 57/100/137 253/101/138 373/90/133 147/91/132
f 57/100/137 148/102/139 364/92/123 246/60/122
f 58/103/140 158/104/141 379/105/142 258/106/143
f 58/103/140 258/106/143 368/107/144 247/108/145
f 59/109/146 159/17/26 381/13/19 160/67/90
f 59/109/146 160/67/90 380/66/89 248/110/147
f 59/109/146 248/110/147 368/107/144 258/106/143
f 59/109/146 258/106/143 379/105/142 159/17/26
f 60/111/148 167/8/22 386/9/11 259/112/149
f 60/111/148 259/112/149 369/38/54 249/39/110
f 60/111/148 249/39/110 384/40/93 166/69/92
f 60/111/148 166/69/92 385/3/3 167/8/22
f 61/111/150 168/8/10 387/3/9 260/69/151
f 61/111/150 260/69/151 370/40/56 152/39/55
f 61/111/150 152/39/55 369/38/54 259/112/149
f 61/111/150 259/112/149 386/9/11 168/8/10
f 62/68/152 169/4/24 388/5/15 261/64/153
f 62/68/152 261/64/153 371/44/60 153/43/59
f 62/68/152 153/43/59 370/40/56 260/69/151
f 62/68/152 260/69/151 387/3/9 169/4/24
f 63/63/154 170/12/14 390/13/155 171/67/156
f 63/63/154 171/67/156 389/66/157 250/65/158
f 63/63/154 250/65/158 371/44/60 261/64/153
f 63/63/154 261/64/153 388/5/15 170/12/14
f 64/109/159 171/67/156 390/13/155 172/17/159
f 65/113/160 154/114/161 372/98/129 262/115/162
f 65/113/160 262/115/162 391/116/163 173/117/164
f 66/118/165 251/97/128 393/96/127 175/119/166
f 66/118/165 175/119/166 392/120/167 174/121/168
f 66/118/165 174/121/168 391/116/163 262/115/162
f 66/118/165 262/115/162 372/98/129 251/97/128
f 67/122/169 252/89/134 373/90/133 263/123/170
f 67/122/169 263/123/170 394/47/64 176/124/171
f 67/122/169 176/124/171 392/120/167 175/119/166
f 67/122/169 175/119/166 393/96/127 252/89/134
f 68/125/172 253/101/138 396/61/121 178/126/173
f 68/125/172 178/126/173 395/28/46 177/35/65
f 68/125/172 177/35/65 394/47/64 263/123/170
f 68/125/172 263/123/170 373/90/133 253/101/138
f 69/127/174 254/62/120 374/52/70 264/128/175
f 69/127/174 264/128/175 397/20/29 179/27/47
f 69/127/174 179/27/47 395/28/46 178/126/173
f 69/127/174 178/126/173 396/61/121 254/62/120
f 70/129/176 155/51/69 375/50/68 265/130/177
f 70/129/176 265/130/177 399/22/31 180/21/30
f 70/129/176 180/21/30 397/20/29 264/128/175
f 70/129/176 264/128/175 374/52/70 155/51/69
f 71/129/178 156/57/78 376/52/77 266/128/179
f 71/129/178 266/128/179 400/20/36 181/21/49
f 71/129/178 181/21/49 399/22/31 265/130/177
f 71/129/178 265/130/177 375/50/68 156/57/78
f 72/127/180 157/62/84 377/61/83 267/126/181
f 72/127/180 267/126/181 402/28/38 182/27/37
f 72/127/180 182/27/37 400/20/36 266/128/179
f 72/127/180 266/128/179 376/52/77 157/62/84
f 73/131/182 255/101/136 404/90/117 184/123/183
f 73/131/182 184/123/183 403/32/42 183/35/51
f 73/131/182 183/35/51 402/28/38 267/126/181
f 73/131/182 267/126/181 377/61/83 255/101/136
f 74/122/184 256/89/116 378/96/185 268/119/186
f 74/122/184 268/119/186 405/132/187 185/33/43
f 74/122/184 185/33/43 403/32/42 184/123/183
f 74/122/184 184/123/183 404/90/117 256/89/116
f 75/118/188 268/119/186 378/96/185 257/97/188
f 123/133/189 362/134/190 392/120/167 176/124/171
f 123/133/189 176/124/171 394/47/64 136/46/63
f 124/135/191 174/121/168 392/120/167 362/134/190
f 550/136/192 487/137/193 489/138/194 551/139/195
f 551/139/195 489/138/194 491/140/196 552/141/197
f 552/141/197 491/140/196 493/142/198 553/143/199
f 553/143/199 493/142/198 495/144/200 554/145/201
f 554/145/201 495/144/200 497/146/202 555/147/203
f 555/147/203 497/146/202 499/148/204 556/149/205
f 556/149/205 499/148/204 501/150/206 557/151/207
f 557/151/207 501/150/206 503/152/208 558/153/209
f 558/153/209 503/152/208 505/154/210 559/155/211
f 559/155/211 505/154/210 507/156/212 560/157/213
f 560/157/213 507/156/212 509/158/214 561/159/215
f 561/159/215 509/158/214 511/160/216 562/161/217
f 579/162/218 545/163/219 546/164/220 580/165/221
f 507/156/212 505/154/210 881/166/222 882/167/223
f 564/168/224 515/169/225 482/170/226 549/171/227
f 563/172/228 513/173/229 515/169/225 564/168/224
f 508/174/230 510/175/231 870/176/232 869/177/233
f 566/178/234 532/179/235 533/180/236 567/181/237
f 567/181/237 533/180/236 534/182/238 568/183/239
f 568/183/239 534/182/238 535/184/240 569/185/241
f 569/185/241 535/184/240 536/186/242 570/187/243
f 570/187/243 536/186/242 537/188/244 571/189/245
f 571/189/245 537/188/244 538/190/246 572/191/247
f 572/191/247 538/190/246 539/192/248 573/193/249
f 573/193/249 539/192/248 540/194/250 574/195/251
f 574/195/251 540/194/250 541/196/252 575/197/253
f 575/197/253 541/196/252 542/198/254 576/199/255
f 576/199/255 542/198/254 543/200/256 577/201/257
f 577/201/257 543/200/256 544/202/258 578/203/259
f 578/203/259 544/202/258 545/163/219 579/162/218
f 529/204/260 562/161/217 563/172/228 530/205/261
f 581/206/262 547/207/263 548/208/264 582/209/265
f 580/165/221 546/164/220 547/207/263 581/206/262
f 517/210/266 550/136/192 551/139/195 518/211/267
f 518/211/267 551/139/195 552/141/197 519/212/268
f 519/212/268 552/141/197 553/143/199 520/213/269
f 520/213/269 553/143/199 554/145/201 521/214/270
f 521/214/270 554/145/201 555/147/203 522/215/271
f 522/215/271 555/147/203 556/149/205 523/216/272
f 523/216/272 556/149/205 557/151/207 524/217/273
f 524/217/273 557/151/207 558/153/209 525/218/274
f 525/218/274 558/153/209 559/155/211 526/219/275
f 526/219/275 559/155/211 560/157/213 527/220/276
f 527/220/276 560/157/213 561/159/215 528/221/277
f 528/221/277 561/159/215 562/161/217 529/204/260
f 510/175/231 579/162/218 580/165/221 512/222/278
f 531/223/279 564/168/224 549/171/227 516/224/280
f 530/205/261 563/172/228 564/168/224 531/223/279
f 481/225/281 582/209/265 565/226/282 483/227/283
f 485/228/284 566/178/234 567/181/237 486/229/285
f 486/229/285 567/181/237 568/183/239 488/230/286
f 488/230/286 568/183/239 569/185/241 490/231/287
f 490/231/287 569/185/241 570/187/243 492/232/288
f 492/232/288 570/187/243 571/189/245 494/233/289
f 494/233/289 571/189/245 572/191/247 496/234/290
f 496/234/290 572/191/247 573/193/249 498/235/291
f 498/235/291 573/193/249 574/195/251 500/236/292
f 500/236/292 574/195/251 575/197/253 502/237/293
f 502/237/293 575/197/253 576/199/255 504/238/294
f 504/238/294 576/199/255 577/201/257 506/239/295
f 506/239/295 577/201/257 578/203/259 508/174/230
f 508/174/230 578/203/259 579/162/218 510/175/231
f 545/163/219 529/204/260 530/205/261 546/164/220
f 514/240/296 581/206/262 582/209/265 481/225/281
f 512/222/278 580/165/221 581/206/262 514/240/296
f 533/180/236 517/210/266 518/211/267 534/182/238
f 534/182/238 518/211/267 519/212/268 535/184/240
f 535/184/240 519/212/268 520/213/269 536/186/242
f 536/186/242 520/213/269 521/214/270 537/188/244
f 537/188/244 521/214/270 522/215/271 538/190/246
f 538/190/246 522/215/271 523/216/272 539/192/248
f 539/192/248 523/216/272 524/217/273 540/194/250
f 540/194/250 524/217/273 525/218/274 541/196/252
f 541/196/252 525/218/274 526/219/275 542/198/254
f 542/198/254 526/219/275 527/220/276 543/200/256
f 543/200/256 527/220/276 528/221/277 544/202/258
f 544/202/258 528/221/277 529/204/260 545/163/219
f 512/222/278 871/241/297 870/176/232 510/175/231
f 547/207/263 531/223/279 516/224/280 548/208/264
f 546/164/220 530/205/261 531/223/279 547/207/263
f 868/242/298 869/177/233 902/243/299 901/244/300
f 496/234/290 498/235/291 864/245/301 863/246/302
f 485/228/284 486/229/285 858/247/303 857/248/304
f 513/173/229 511/160/216 884/249/305 885/250/306
f 481/225/281 483/227/283 855/251/307 854/252/308
f 506/239/295 508/174/230 869/177/233 868/242/298
f 494/233/289 496/234/290 863/246/302 862/253/309
f 484/254/310 485/228/284 857/248/304 856/255/311
f 504/238/294 506/239/295 868/242/298 867/256/312
f 492/232/288 494/233/289 862/253/309 861/257/313
f 514/240/296 481/225/281 854/252/308 872/258/314
f 502/237/293 504/238/294 867/256/312 866/259/315
f 490/231/287 492/232/288 861/257/313 860/260/316
f 512/222/278 514/240/296 872/258/314 871/241/297
f 500/236/292 502/237/293 866/259/315 865/261/317
f 488/230/286 490/231/287 860/260/316 859/262/318
f 498/235/291 500/236/292 865/261/317 864/245/301
f 486/229/285 488/230/286 859/262/318 858/247/303
f 495/144/200 493/142/198 875/263/319 876/264/320
f 505/154/210 503/152/208 880/265/321 881/166/222
f 493/142/198 491/140/196 874/266/322 875/263/319
f 515/169/225 513/173/229 885/250/306 886/267/323
f 503/152/208 501/150/206 879/268/324 880/265/321
f 491/140/196 489/138/194 873/269/325 874/266/322
f 871/241/297 904/270/326 903/271/327 870/176/232
f 501/150/206 499/148/204 878/272/328 879/268/324
f 511/160/216 509/158/214 883/273/329 884/249/305
f 499/148/204 497/146/202 877/274/330 878/272/328
f 509/158/214 507/156/212 882/167/223 883/273/329
f 497/146/202 495/144/200 876/264/320 877/274/330
f 893/275/331 894/276/332 929/276/333 928/275/334
f 884/249/305 918/277/335 919/278/336 885/250/306
f 860/260/316 861/257/313 894/276/332 893/275/331
f 865/261/317 866/259/315 899/279/337 898/280/338
f 857/248/304 858/247/303 891/281/339 890/282/340
f 862/253/309 863/246/302 896/283/341 895/284/342
f 867/256/312 868/242/298 901/244/300 900/285/343
f 872/258/314 854/252/308 887/286/344 905/287/345
f 859/262/318 860/260/316 893/275/331 892/288/346
f 854/252/308 855/251/307 888/289/347 887/286/344
f 864/245/301 865/261/317 898/280/338 897/290/348
f 869/177/233 870/176/232 903/271/327 902/243/299
f 856/255/311 857/248/304 890/282/340 889/291/349
f 861/257/313 862/253/309 895/284/342 894/276/332
f 866/259/315 867/256/312 900/285/343 899/279/337
f 871/241/297 872/258/314 905/287/345 904/270/326
f 858/247/303 859/262/318 892/288/346 891/281/339
f 863/246/302 864/245/301 897/290/348 896/283/341
f 911/292/350 910/293/351 977/293/352 978/292/353
f 874/266/322 873/269/325 907/294/354 908/295/355
f 879/268/324 878/272/328 912/296/356 913/297/357
f 884/249/305 883/273/329 917/298/358 918/277/335
f 876/264/320 875/263/319 909/299/359 910/293/351
f 881/166/222 880/265/321 914/300/360 915/301/361
f 886/267/323 885/250/306 919/278/336 920/302/362
f 878/272/328 877/274/330 911/292/350 912/296/356
f 883/273/329 882/167/223 916/303/363 917/298/358
f 903/271/327 904/270/326 939/270/364 938/271/365
f 875/263/319 874/266/322 908/295/355 909/299/359
f 880/265/321 879/268/324 913/297/357 914/300/360
f 877/274/330 876/264/320 910/293/351 911/292/350
f 882/167/223 881/166/222 915/301/361 916/303/363
f 932/290/366 933/280/367 965/280/368 964/290/369
f 923/304/370 943/304/371 942/289/372 922/289/373
f 898/280/338 899/279/337 934/279/374 933/280/367
f 939/270/364 971/270/375 970/271/376 938/271/365
f 890/282/340 891/281/339 926/281/377 925/282/378
f 895/284/342 896/283/341 931/283/379 930/284/380
f 900/285/343 901/244/300 936/244/381 935/285/382
f 905/287/345 887/286/344 921/286/383 940/287/384
f 892/288/346 893/275/331 928/275/334 927/288/385
f 887/286/344 888/289/347 922/289/373 921/286/383
f 897/290/348 898/280/338 933/280/367 932/290/366
f 902/243/299 903/271/327 938/271/365 937/243/386
f 889/291/349 890/282/340 925/282/378 924/291/387
f 894/276/332 895/284/342 930/284/380 929/276/333
f 899/279/337 900/285/343 935/285/382 934/279/374
f 904/270/326 905/287/345 940/287/384 939/270/364
f 891/281/339 892/288/346 927/288/385 926/281/377
f 896/283/341 897/290/348 932/290/366 931/283/379
f 901/244/300 902/243/299 937/243/386 936/244/381
f 941/286/388 942/289/372 943/304/371 944/305/389 945/306/389 946/307/389 947/308/389 948/309/389 949/310/389 950/311/389 951/312/389 952/313/389 953/314/389 954/315/389 955/316/389 956/291/390 957/282/344 958/281/391 959/288/392 960/275/393 961/276/394 962/284/395 963/283/396 964/290/369 965/280/368 966/279/397 967/285/398 968/244/399 969/243/400 970/271/376 971/270/375 972/287/401
f 937/243/386 938/271/365 970/271/376 969/243/400
f 924/291/387 925/282/378 957/282/344 956/291/390
f 929/276/333 930/284/380 962/284/395 961/276/394
f 934/279/374 935/285/382 967/285/398 966/279/397
f 939/270/364 940/287/384 972/287/401 971/270/375
f 926/281/377 927/288/385 959/288/392 958/281/391
f 931/283/379 932/290/366 964/290/369 963/283/396
f 936/244/381 937/243/386 969/243/400 968/244/399
f 918/277/335 985/277/402 986/278/403 919/278/336
f 928/275/334 929/276/333 961/276/394 960/275/393
f 933/280/367 934/279/374 966/279/397 965/280/368
f 925/282/378 926/281/377 958/281/391 957/282/344
f 930/284/380 931/283/379 963/283/396 962/284/395
f 935/285/382 936/244/381 968/244/399 967/285/398
f 940/287/384 921/286/383 941/286/388 972/287/401
f 927/288/385 928/275/334 960/275/393 959/288/392
f 921/286/383 922/289/373 942/289/372 941/286/388
f 975/295/404 974/294/405 988/294/406 989/295/407
f 916/303/363 915/301/361 982/301/408 983/303/409
f 908/295/355 907/294/354 974/294/405 975/295/404
f 913/297/357 912/296/356 979/296/410 980/297/411
f 918/277/335 917/298/358 984/298/412 985/277/402
f 910/293/351 909/299/359 976/299/413 977/293/352
f 915/301/361 914/300/360 981/300/414 982/301/408
f 920/302/362 919/278/336 986/278/403 987/302/415
f 907/294/354 906/317/416 973/317/416 974/294/405
f 912/296/356 911/292/350 978/292/353 979/296/410
f 917/298/358 916/303/363 983/303/409 984/298/412
f 985/277/402 999/277/417 1000/278/418 986/278/403
f 909/299/359 908/295/355 975/295/404 976/299/413
f 914/300/360 913/297/357 980/297/411 981/300/414
f 980/297/411 979/296/410 993/296/419 994/297/420
f 985/277/402 984/298/412 998/298/421 999/277/417
f 977/293/352 976/299/413 990/299/422 991/293/423
f 982/301/408 981/300/414 995/300/424 996/301/425
f 987/302/415 986/278/403 1000/278/418 1001/302/426
f 979/296/410 978/292/353 992/292/427 993/296/419
f 984/298/412 983/303/409 997/303/428 998/298/421
f 976/299/413 975/295/404 989/295/407 990/299/422
f 981/300/414 980/297/411 994/297/420 995/300/424
f 978/292/353 977/293/352 991/293/423 992/292/427
f 983/303/409 982/301/408 996/301/425 997/303/428
f 562/161/217 511/160/216 513/173/229 563/172/228
usemtl limbs.009
f 26/318/429 218/319/430 469/320/431 346/321/432
f 26/318/429 346/321/432 465/322/433 195/323/434
f 26/318/429 195/323/434 409/324/435 208/325/436
f 26/318/429 208/325/436 418/326/437 218/319/430
f 27/327/438 277/328/439 473/329/440 347/330/441
f 27/327/438 347/330/441 466/331/442 199/332/443
f 27/327/438 199/332/443 410/333/444 212/334/445
f 27/327/438 212/334/445 436/335/446 277/328/439
f 28/336/447 226/337/448 471/338/449 348/339/450
f 28/336/447 348/339/450 467/331/451 202/332/452
f 28/336/447 202/332/452 411/333/453 215/340/454
f 28/336/447 215/340/454 425/341/455 226/337/448
f 29/342/456 293/343/457 475/344/458 349/345/459
f 29/342/456 349/345/459 468/322/460 209/323/461
f 29/342/456 209/323/461 408/324/462 217/346/463
f 29/342/456 217/346/463 445/347/464 293/343/457
f 30/348/465 234/349/466 440/350/467 278/351/468
f 30/348/465 278/351/468 436/335/446 212/334/445
f 30/348/465 212/334/445 410/333/444 203/340/469
f 30/348/465 203/340/469 425/341/455 234/349/466
f 31/352/470 294/353/471 444/354/472 210/355/473
f 31/352/470 210/355/473 413/356/474 194/357/475
f 32/318/476 209/323/461 468/322/460 350/321/477
f 32/318/476 350/321/477 469/320/431 218/319/430
f 32/318/476 218/319/430 418/326/437 196/325/478
f 32/318/476 196/325/478 408/324/462 209/323/461
f 33/358/479 197/359/480 412/360/481 206/361/482
f 33/358/479 206/361/482 416/362/483 219/363/484
f 33/358/479 219/363/484 428/364/485 220/365/486
f 33/358/479 220/365/486 419/366/487 197/359/480
f 34/367/488 219/363/484 416/362/483 194/357/475
f 34/367/488 194/357/475 413/356/474 207/368/489
f 34/367/488 207/368/489 417/369/490 221/370/491
f 34/367/488 221/370/491 428/364/485 219/363/484
f 35/371/492 323/372/493 479/373/494 351/374/495
f 35/371/492 351/374/495 470/375/496 222/376/497
f 35/371/492 222/376/497 422/377/498 285/378/499
f 35/371/492 285/378/499 458/379/500 323/372/493
f 36/380/501 324/381/502 460/382/503 287/383/504
f 36/380/501 287/383/504 420/384/505 223/385/506
f 36/380/501 223/385/506 429/386/507 289/387/508
f 36/380/501 289/387/508 462/388/509 324/381/502
f 37/389/510 279/390/511 434/391/512 198/392/513
f 37/389/510 198/392/513 414/393/514 211/394/515
f 37/389/510 211/394/515 421/395/516 273/396/517
f 37/389/510 273/396/517 438/397/518 279/390/511
f 38/336/519 199/332/443 466/331/442 352/339/520
f 38/336/519 352/339/520 471/338/449 226/337/448
f 38/336/519 226/337/448 425/341/455 203/340/469
f 38/336/519 203/340/469 410/333/444 199/332/443
f 39/398/521 211/394/515 414/393/514 213/399/522
f 39/398/521 213/399/522 423/400/523 227/401/524
f 39/398/521 227/401/524 430/402/525 228/403/526
f 39/398/521 228/403/526 421/395/516 211/394/515
f 40/404/527 227/401/524 423/400/523 201/405/528
f 40/404/527 201/405/528 415/406/529 214/407/530
f 40/404/527 214/407/530 424/408/531 229/409/532
f 40/404/527 229/409/532 430/402/525 227/401/524
f 41/410/533 308/411/534 477/412/535 353/413/536
f 41/410/533 353/413/536 472/375/537 230/376/538
f 41/410/533 230/376/538 427/377/539 270/414/540
f 41/410/533 270/414/540 451/415/541 308/411/534
f 42/416/542 309/417/543 453/418/544 272/419/545
f 42/416/542 272/419/545 426/420/546 231/421/547
f 42/416/542 231/421/547 431/386/548 274/422/549
f 42/416/542 274/422/549 454/423/550 309/417/543
f 43/424/551 297/425/552 443/426/553 204/427/554
f 43/424/551 204/427/554 412/360/481 197/359/480
f 43/424/551 197/359/480 419/366/487 290/428/555
f 43/424/551 290/428/555 447/429/556 297/425/552
f 44/348/557 205/334/558 435/335/559 282/351/560
f 44/348/557 282/351/560 440/350/467 234/349/466
f 44/348/557 234/349/466 425/341/455 215/340/454
f 44/348/557 215/340/454 411/333/453 205/334/558
f 45/430/561 288/378/562 461/379/563 325/431/564
f 45/430/561 325/431/564 463/432/565 291/433/566
f 45/430/561 291/433/566 432/434/567 236/435/568
f 45/430/561 236/435/568 427/377/539 288/378/562
f 46/430/569 291/433/566 463/432/565 326/431/570
f 46/430/569 326/431/570 458/379/500 285/378/499
f 46/430/569 285/378/499 422/377/498 237/435/571
f 46/430/569 237/435/571 432/434/567 291/433/566
f 47/436/572 272/419/545 453/418/544 310/437/573
f 47/436/572 239/438/574 426/420/546 272/419/545
f 48/439/575 276/440/576 456/441/577 311/442/578
f 48/439/575 311/442/578 450/443/579 269/444/580
f 48/439/575 269/444/580 420/384/505 240/445/581
f 48/439/575 240/445/581 433/446/582 276/440/576
f 76/447/583 312/411/584 478/412/585 354/448/586
f 76/447/583 354/448/586 473/329/440 277/328/439
f 76/447/583 277/328/439 436/335/446 303/449/587
f 76/447/583 303/449/587 452/415/588 312/411/584
f 77/450/589 306/451/590 455/452/591 313/453/592
f 77/450/589 313/453/592 452/415/588 303/449/587
f 77/450/589 303/449/587 436/335/446 278/351/468
f 77/450/589 278/351/468 440/350/467 306/451/590
f 78/454/593 314/455/594 450/443/579 301/456/595
f 78/454/593 301/456/595 434/391/512 279/390/511
f 78/454/593 279/390/511 438/397/518 300/457/596
f 78/454/593 300/457/596 449/458/597 314/455/594
f 79/327/598 202/332/452 467/331/451 355/330/599
f 79/327/598 355/330/599 474/329/600 280/328/601
f 79/327/598 280/328/601 435/335/559 205/334/558
f 79/327/598 205/334/558 411/333/453 202/332/452
f 80/459/602 214/407/530 415/406/529 216/460/603
f 80/459/602 216/460/603 437/461/604 281/462/605
f 80/459/602 281/462/605 439/463/606 232/464/607
f 80/459/602 232/464/607 424/408/531 214/407/530
f 81/450/608 302/449/609 451/415/541 315/453/610
f 81/450/608 315/453/610 455/452/591 306/451/590
f 81/450/608 306/451/590 440/350/467 282/351/560
f 81/450/608 282/351/560 435/335/559 302/449/609
f 82/465/611 216/460/603 415/406/529 201/405/528
f 82/465/611 201/405/528 423/400/523 238/466/612
f 82/465/611 238/466/612 441/467/613 283/468/614
f 82/465/611 283/468/614 437/461/604 216/460/603
f 83/469/615 238/466/612 423/400/523 213/399/522
f 83/469/615 213/399/522 414/393/514 198/392/513
f 83/469/615 198/392/513 434/391/512 284/470/616
f 83/469/615 284/470/616 441/467/613 238/466/612
f 84/471/617 327/372/618 480/373/619 356/472/620
f 84/471/617 356/472/620 475/344/458 293/343/457
f 84/471/617 293/343/457 445/347/464 320/473/621
f 84/471/617 320/473/621 461/379/563 327/372/618
f 85/474/622 328/475/623 460/382/503 319/476/624
f 85/474/622 319/476/624 444/354/472 294/353/471
f 86/342/625 195/323/434 465/322/433 357/345/626
f 86/342/625 357/345/626 476/344/627 295/343/628
f 86/342/625 295/343/628 442/347/629 200/346/630
f 86/342/625 200/346/630 409/324/435 195/323/434
f 87/477/631 207/368/489 413/356/474 210/355/473
f 87/477/631 210/355/473 444/354/472 296/478/632
f 87/477/631 296/478/632 446/479/633 224/480/634
f 87/477/631 224/480/634 417/369/490 207/368/489
f 88/481/635 329/482/636 459/483/637 318/484/638
f 88/481/635 318/484/638 443/426/553 297/425/552
f 88/481/635 297/425/552 447/429/556 316/485/639
f 88/481/635 316/485/639 457/486/640 329/482/636
f 89/487/641 217/346/463 408/324/462 196/325/478
f 89/487/641 196/325/478 418/326/437 235/488/642
f 89/487/641 235/488/642 448/489/643 298/490/644
f 89/487/641 298/490/644 445/347/464 217/346/463
f 90/487/645 235/488/642 418/326/437 208/325/436
f 90/487/645 208/325/436 409/324/435 200/346/630
f 90/487/645 200/346/630 442/347/629 299/490/646
f 90/487/645 299/490/646 448/489/643 235/488/642
f 91/447/647 280/328/601 474/329/600 358/448/648
f 91/447/647 358/448/648 477/412/535 308/411/534
f 91/447/647 308/411/534 451/415/541 302/449/609
f 91/447/647 302/449/609 435/335/559 280/328/601
f 92/491/649 281/462/605 437/461/604 304/492/650
f 92/491/649 304/492/650 453/418/544 309/417/543
f 92/491/649 309/417/543 454/423/550 305/493/651
f 92/491/649 305/493/651 439/463/606 281/462/605
f 93/494/652 304/492/650 437/461/604 283/468/614
f 93/494/652 310/437/573 453/418/544 304/492/650
f 94/495/653 307/496/654 441/467/613 284/470/616
f 94/495/653 284/470/616 434/391/512 301/456/595
f 94/495/653 301/456/595 450/443/579 311/442/578
f 94/495/653 311/442/578 456/441/577 307/496/654
f 95/410/655 222/376/497 470/375/496 359/413/656
f 95/410/655 359/413/656 478/412/585 312/411/584
f 95/410/655 312/411/584 452/415/588 271/414/657
f 95/410/655 271/414/657 422/377/498 222/376/497
f 96/497/658 275/498/659 432/434/567 237/435/571
f 96/497/658 237/435/571 422/377/498 271/414/657
f 96/497/658 271/414/657 452/415/588 313/453/592
f 96/497/658 313/453/592 455/452/591 275/498/659
f 97/499/660 223/385/506 420/384/505 269/444/580
f 97/499/660 269/444/580 450/443/579 314/455/594
f 97/499/660 314/455/594 449/458/597 225/500/661
f 97/499/660 225/500/661 429/386/507 223/385/506
f 98/497/662 270/414/540 427/377/539 236/435/568
f 98/497/662 236/435/568 432/434/567 275/498/659
f 98/497/662 275/498/659 455/452/591 315/453/610
f 98/497/662 315/453/610 451/415/541 270/414/540
f 99/471/663 295/343/628 476/344/627 360/472/664
f 99/471/663 360/472/664 479/373/494 323/372/493
f 99/471/663 323/372/493 458/379/500 317/473/665
f 99/471/663 317/473/665 442/347/629 295/343/628
f 100/501/666 296/478/632 444/354/472 319/476/624
f 100/501/666 319/476/624 460/382/503 324/381/502
f 100/501/666 324/381/502 462/388/509 321/502/667
f 100/501/666 321/502/667 446/479/633 296/478/632
f 101/503/668 320/473/621 445/347/464 298/490/644
f 101/503/668 298/490/644 448/489/643 322/504/669
f 101/503/668 322/504/669 463/432/565 325/431/564
f 101/503/668 325/431/564 461/379/563 320/473/621
f 102/503/670 322/504/669 448/489/643 299/490/646
f 102/503/670 299/490/646 442/347/629 317/473/665
f 102/503/670 317/473/665 458/379/500 326/431/570
f 102/503/670 326/431/570 463/432/565 322/504/669
f 103/371/671 230/376/538 472/375/537 361/374/672
f 103/371/671 361/374/672 480/373/619 327/372/618
f 103/371/671 327/372/618 461/379/563 288/378/562
f 103/371/671 288/378/562 427/377/539 230/376/538
f 104/505/673 292/506/674 433/446/582 240/445/581
f 104/505/673 240/445/581 420/384/505 287/383/504
f 104/505/673 287/383/504 460/382/503 328/475/623
f 104/505/673 328/475/623 464/507/675 292/506/674
f 105/508/676 231/421/547 426/420/546 286/509/677
f 105/508/676 286/509/677 459/483/637 329/482/636
f 105/508/676 329/482/636 457/486/640 233/510/678
f 105/508/676 233/510/678 431/386/548 231/421/547
f 106/511/679 286/509/677 426/420/546 239/438/574
f 107/512/680 334/513/681 428/364/485 221/370/491
f 107/512/680 221/370/491 417/369/490 330/514/682
f 107/512/680 330/514/682 465/322/433 346/321/432
f 107/512/680 346/321/432 469/320/431 334/513/681
f 108/515/683 338/516/684 438/397/518 273/396/517
f 108/515/683 273/396/517 421/395/516 331/517/685
f 108/515/683 331/517/685 466/331/442 347/330/441
f 108/515/683 347/330/441 473/329/440 338/516/684
f 109/518/686 336/519/687 430/402/525 229/409/532
f 109/518/686 229/409/532 424/408/531 332/517/688
f 109/518/686 332/517/688 467/331/451 348/339/450
f 109/518/686 348/339/450 471/338/449 336/519/687
f 110/520/689 340/521/690 447/429/556 290/428/555
f 110/520/689 290/428/555 419/366/487 333/514/691
f 110/520/689 333/514/691 468/322/460 349/345/459
f 110/520/689 349/345/459 475/344/458 340/521/690
f 111/512/692 333/514/691 419/366/487 220/365/486
f 111/512/692 220/365/486 428/364/485 334/513/681
f 111/512/692 334/513/681 469/320/431 350/321/477
f 111/512/692 350/321/477 468/322/460 333/514/691
f 112/522/693 344/523/694 462/388/509 289/387/508
f 112/522/693 289/387/508 429/386/507 335/524/695
f 112/522/693 335/524/695 470/375/496 351/374/495
f 112/522/693 351/374/495 479/373/494 344/523/694
f 113/518/696 331/517/685 421/395/516 228/403/526
f 113/518/696 228/403/526 430/402/525 336/519/687
f 113/518/696 336/519/687 471/338/449 352/339/520
f 113/518/696 352/339/520 466/331/442 331/517/685
f 114/525/697 342/526/698 454/423/550 274/422/549
f 114/525/697 274/422/549 431/386/548 337/524/699
f 114/525/697 337/524/699 472/375/537 353/413/536
f 114/525/697 353/413/536 477/412/535 342/526/698
f 115/527/700 343/526/701 449/458/597 300/457/596
f 115/527/700 300/457/596 438/397/518 338/516/684
f 115/527/700 338/516/684 473/329/440 354/448/586
f 115/527/700 354/448/586 478/412/585 343/526/701
f 116/515/702 332/517/688 424/408/531 232/464/607
f 116/515/702 232/464/607 439/463/606 339/516/703
f 116/515/702 339/516/703 474/329/600 355/330/599
f 116/515/702 355/330/599 467/331/451 332/517/688
f 117/528/704 345/523/705 457/486/640 316/485/639
f 117/528/704 316/485/639 447/429/556 340/521/690
f 117/528/704 340/521/690 475/344/458 356/472/620
f 117/528/704 356/472/620 480/373/619 345/523/705
f 118/520/706 330/514/682 417/369/490 224/480/634
f 118/520/706 224/480/634 446/479/633 341/521/707
f 118/520/706 341/521/707 476/344/627 357/345/626
f 118/520/706 357/345/626 465/322/433 330/514/682
f 119/527/708 339/516/703 439/463/606 305/493/651
f 119/527/708 305/493/651 454/423/550 342/526/698
f 119/527/708 342/526/698 477/412/535 358/448/648
f 119/527/708 358/448/648 474/329/600 339/516/703
f 120/525/709 335/524/695 429/386/507 225/500/661
f 120/525/709 225/500/661 449/458/597 343/526/701
f 120/525/709 343/526/701 478/412/585 359/413/656
f 120/525/709 359/413/656 470/375/496 335/524/695
f 121/528/710 341/521/707 446/479/633 321/502/667
f 121/528/710 321/502/667 462/388/509 344/523/694
f 121/528/710 344/523/694 479/373/494 360/472/664
f 121/528/710 360/472/664 476/344/627 341/521/707
f 122/522/711 337/524/699 431/386/548 233/510/678
f 122/522/711 233/510/678 457/486/640 345/523/705
f 122/522/711 345/523/705 480/373/619 361/374/672
f 122/522/711 361/374/672 472/375/537 337/524/699
usemtl torso.002
f 805/529/712 791/530/713 780/531/714 800/532/715 799/533/716
f 775/534/717 782/535/718 780/531/714
f 806/536/719 793/537/720 794/538/721 807/539/722
f 776/540/723 789/541/724 786/542/725 777/543/726
f 791/530/713 790/544/727 787/545/728 780/531/714
f 780/531/714 787/545/728 774/546/729 775/534/717
f 777/543/726 786/542/725 785/547/730 792/548/731
f 816/549/732 815/550/733 796/551/734 808/552/735
f 773/553/736 783/554/737 789/541/724 776/540/723
f 787/545/728 785/547/730 788/555/738 774/546/729
f 789/541/724 783/554/737 784/556/739 786/542/725
f 786/542/725 784/556/739 788/555/738 785/547/730
f 792/548/731 785/547/730 787/545/728 790/544/727
f 804/557/740 805/529/712 803/558/741 801/559/742
f 807/539/722 804/557/740 801/559/742 802/560/743
f 782/535/718 800/532/715 780/531/714
f 781/561/744 791/530/713 805/529/712 804/557/740
f 794/538/721 781/561/744 804/557/740 807/539/722
f 809/562/745 795/563/746 815/550/733 816/549/732
f 798/564/747 812/565/748 814/566/749 797/567/750
f 779/568/751 811/569/752 812/565/748 798/564/747
f 778/570/753 813/571/753 815/550/733 795/563/746
f 779/568/751 809/562/745 816/549/732 811/569/752
f 803/558/741 805/529/712 799/533/716
f 840/572/754 841/573/755 823/574/756 834/575/757 846/576/758
f 823/574/756 825/577/759 819/578/760
f 821/579/761 829/580/762 832/581/763 820/582/764
f 823/574/756 830/583/765 833/584/766 834/575/757
f 819/578/760 818/585/767 830/583/765 823/574/756
f 835/586/768 828/587/769 829/580/762 821/579/761
f 820/582/764 832/581/763 826/588/770 817/589/771
f 818/585/767 831/590/772 828/587/769 830/583/765
f 829/580/762 827/591/773 826/588/770 832/581/763
f 828/587/769 831/590/772 827/591/773 829/580/762
f 833/584/766 830/583/765 828/587/769 835/586/768
f 842/592/774 844/593/775 846/576/758 845/594/776
f 843/595/777 842/592/774 845/594/776 847/596/778
f 823/574/756 841/573/755 825/577/759
f 845/594/776 846/576/758 834/575/757 824/597/779
f 847/596/778 845/594/776 824/597/779 837/598/780
f 838/599/781 852/600/782 851/601/783 839/602/784
f 839/602/784 851/601/783 850/603/785 822/604/786
f 840/572/754 846/576/758 844/593/775
f 773/553/736 776/540/723 820/582/764 817/589/771
f 776/540/723 777/543/726 821/579/761 820/582/764
f 791/530/713 781/561/744 824/597/779 834/575/757
f 781/561/744 794/538/721 837/598/780 824/597/779
f 777/543/726 792/548/731 835/586/768 821/579/761
f 794/538/721 793/537/720 836/605/787 837/598/780
f 792/548/731 790/544/727 833/584/766 835/586/768
f 790/544/727 791/530/713 834/575/757 833/584/766
f 799/533/716 800/532/715 841/573/755 840/572/754
f 801/559/742 803/558/741 844/593/775 842/592/774
f 802/560/743 801/559/742 842/592/774 843/595/777
f 800/532/715 782/535/718 825/577/759 841/573/755
f 816/549/732 808/552/735 848/606/788 853/607/789
f 814/566/749 812/565/748 851/601/783 852/600/782
f 812/565/748 811/569/752 850/603/785 851/601/783
f 810/608/790 814/566/749 852/600/782 849/609/790
f 811/569/752 816/549/732 853/607/789 850/603/785
f 803/558/741 799/533/716 840/572/754 844/593/775
usemtl guts.001
f 584/610/791 583/611/792 587/612/793 588/613/794
f 585/614/795 584/610/791 588/613/794 589/615/796
f 586/616/797 585/614/795 589/615/796 590/617/798
f 589/615/796 588/613/794 592/618/799 593/619/800
f 590/617/798 589/615/796 593/619/800 594/620/801
f 588/613/794 587/612/793 591/621/802 592/618/799
f 593/619/800 592/618/799 596/622/803 597/623/804
f 594/620/801 593/619/800 597/623/804 598/624/805
f 592/618/799 591/621/802 595/625/806 596/622/803
f 598/624/805 597/623/804 602/626/807 603/627/808
f 596/622/803 595/625/806 600/628/809 601/629/810
f 597/623/804 596/622/803 601/629/810 602/626/807
f 600/628/809 599/630/811 604/631/812 605/632/813
f 601/629/810 600/628/809 605/632/813 606/633/814
f 602/626/807 601/629/810 606/633/814 607/634/815
f 603/627/808 602/626/807 607/634/815 608/635/816
f 605/632/813 604/631/812 609/636/817 610/637/818
f 606/633/814 605/632/813 610/637/818 611/638/819
f 607/634/815 606/633/814 611/638/819 612/639/820
f 608/635/816 607/634/815 612/639/820 613/640/821
f 610/637/818 609/636/817 614/641/822 615/642/823
f 611/638/819 610/637/818 615/642/823 616/643/824
f 612/639/820 611/638/819 616/643/824 617/644/825
f 613/640/821 612/639/820 617/644/825 618/645/826
f 615/642/823 614/641/822 619/646/827 620/647/828
f 616/643/824 615/642/823 620/647/828 621/648/829
f 623/644/830 622/643/830 624/638/831 625/639/832
f 625/639/832 624/638/831 627/633/833 628/634/834
f 626/640/835 625/639/832 628/634/834 629/635/836
f 629/635/836 628/634/834 631/626/837 632/627/838
f 628/634/834 627/633/833 630/629/839 631/626/837
f 632/627/838 631/626/837 634/623/840 635/624/841
f 631/626/837 630/629/839 633/622/842 634/623/840
f 634/623/840 633/622/842 637/618/843 638/619/844
f 635/624/841 634/623/840 638/619/844 639/620/845
f 637/618/843 636/621/846 640/612/847 641/613/848
f 638/619/844 637/618/843 641/613/848 642/615/849
f 639/620/845 638/619/844 642/615/849 643/617/850
f 644/649/851 586/616/797 590/617/798
f 644/649/851 590/617/798 594/620/801
f 644/649/851 594/620/801 598/624/805
f 644/649/851 598/624/805 603/627/808
f 644/649/851 603/627/808 608/635/816
f 644/649/851 632/627/838 635/624/841
f 644/649/851 635/624/841 639/620/845
f 644/649/851 639/620/845 643/617/850
f 641/613/848 640/612/847 583/611/792 584/610/791
f 642/615/849 641/613/848 584/610/791 585/614/795
f 643/617/850 642/615/849 585/614/795 586/616/797
f 644/649/851 643/617/850 586/616/797
usemtl hydraulics.005
f 645/650/852 711/651/853 743/652/854 741/653/855
f 675/654/856 677/655/857 724/650/858 723/651/859
f 647/656/860 648/657/861 650/658/862 649/655/863
f 646/656/864 645/650/852 741/653/855 742/659/865
f 647/656/860 649/655/863 645/650/852 646/656/864
f 649/655/863 650/658/862 652/660/866 651/654/867
f 739/661/868 740/662/869 772/663/870 771/664/871
f 679/656/872 681/665/873 726/662/874 725/656/875
f 651/654/867 652/660/866 654/666/876 653/667/877
f 738/668/878 739/661/868 771/664/871 770/669/879
f 681/665/873 683/670/880 727/661/881 726/662/874
f 653/667/877 654/666/876 656/671/882 655/672/883
f 737/673/884 738/668/878 770/669/879 769/674/885
f 683/670/880 685/675/886 728/668/887 727/661/881
f 655/672/883 656/671/882 658/676/888 657/677/889
f 736/678/890 737/673/884 769/674/885 768/679/891
f 685/675/886 687/680/892 729/673/893 728/668/887
f 657/677/889 658/676/888 660/681/894 659/682/895
f 735/683/896 736/678/890 768/679/891 767/684/897
f 687/680/892 689/685/898 730/678/899 729/673/893
f 659/682/895 660/681/894 662/686/900 661/687/901
f 734/688/902 735/683/896 767/684/897 766/689/903
f 689/685/898 691/690/904 731/683/905 730/678/899
f 661/687/901 662/686/900 664/691/906 663/692/907
f 733/693/908 734/688/902 766/689/903 765/694/909
f 691/690/904 693/695/910 732/688/911 731/683/905
f 663/692/907 664/691/906 666/686/912 665/687/913
f 732/688/911 733/693/908 765/694/909 764/689/914
f 693/695/910 695/696/915 733/693/908 732/688/911
f 665/687/913 666/686/912 668/681/916 667/682/917
f 731/683/905 732/688/911 764/689/914 763/684/918
f 695/696/915 697/695/919 734/688/902 733/693/908
f 667/682/917 668/681/916 670/676/920 669/677/921
f 730/678/899 731/683/905 763/684/918 762/679/922
f 697/695/919 699/690/923 735/683/896 734/688/902
f 669/677/921 670/676/920 672/671/924 671/672/925
f 729/673/893 730/678/899 762/679/922 761/674/926
f 699/690/923 701/685/927 736/678/890 735/683/896
f 671/672/925 672/671/924 674/666/928 673/667/929
f 728/668/887 729/673/893 761/674/926 760/669/930
f 701/685/927 703/680/931 737/673/884 736/678/890
f 673/667/929 674/666/928 676/660/932 675/654/856
f 727/661/881 728/668/887 760/669/930 759/664/933
f 703/680/931 705/675/934 738/668/878 737/673/884
f 675/654/856 676/660/932 678/658/935 677/655/857
f 726/662/874 727/661/881 759/664/933 758/663/936
f 705/675/934 707/670/937 739/661/868 738/668/878
f 677/655/857 678/658/935 680/657/938 679/656/872
f 740/662/869 646/656/864 742/659/865 772/663/870
f 707/670/937 709/665/939 740/662/869 739/661/868
f 679/656/872 680/657/938 682/697/940 681/665/873
f 725/656/875 726/662/874 758/663/936 757/659/941
f 709/665/939 647/656/860 646/656/864 740/662/869
f 681/665/873 682/697/940 684/698/942 683/670/880
f 724/650/858 725/656/875 757/659/941 756/653/943
f 649/655/863 651/654/867 711/651/853 645/650/852
f 683/670/880 684/698/942 686/699/944 685/675/886
f 723/651/859 724/650/858 756/653/943 755/652/945
f 651/654/867 653/667/877 712/700/946 711/651/853
f 685/675/886 686/699/944 688/701/947 687/680/892
f 722/700/948 723/651/859 755/652/945 754/702/949
f 653/667/877 655/672/883 713/703/950 712/700/946
f 687/680/892 688/701/947 690/704/951 689/685/898
f 721/703/952 722/700/948 754/702/949 753/705/953
f 655/672/883 657/677/889 714/706/954 713/703/950
f 689/685/898 690/704/951 692/707/955 691/690/904
f 720/706/956 721/703/952 753/705/953 752/708/957
f 657/677/889 659/682/895 715/709/958 714/706/954
f 691/690/904 692/707/955 694/710/959 693/695/910
f 719/709/960 720/706/956 752/708/957 751/711/961
f 659/682/895 661/687/901 716/712/962 715/709/958
f 693/695/910 694/710/959 696/713/963 695/696/915
f 718/712/964 719/709/960 751/711/961 750/714/965
f 661/687/901 663/692/907 717/715/966 716/712/962
f 695/696/915 696/713/963 698/710/967 697/695/919
f 717/715/966 718/712/964 750/714/965 749/716/968
f 663/692/907 665/687/913 718/712/964 717/715/966
f 697/695/919 698/710/967 700/707/969 699/690/923
f 716/712/962 717/715/966 749/716/968 748/714/970
f 665/687/913 667/682/917 719/709/960 718/712/964
f 699/690/923 700/707/969 702/704/971 701/685/927
f 715/709/958 716/712/962 748/714/970 747/711/972
f 667/682/917 669/677/921 720/706/956 719/709/960
f 701/685/927 702/704/971 704/701/973 703/680/931
f 669/677/921 671/672/925 721/703/952 720/706/956
f 703/680/931 704/701/973 706/699/974 705/675/934
f 673/667/929 675/654/856 723/651/859 722/700/948
f 714/706/954 715/709/958 747/711/972 746/708/975
f 705/675/934 706/699/974 708/698/976 707/670/937
f 650/658/862 648/657/861 710/697/977 708/698/976 706/699/974 704/701/973 702/704/971 700/707/969 698/710/967 696/713/963 694/710/959 692/707/955 690/704/951 688/701/947 686/699/944 684/698/942 682/697/940 680/657/938 678/658/935 676/660/932 674/666/928 672/671/924 670/676/920 668/681/916 666/686/912 664/691/906 662/686/900 660/681/894 658/676/888 656/671/882 654/666/876 652/660/866
f 709/665/939 710/697/977 648/657/861 647/656/860
f 707/670/937 708/698/976 710/697/977 709/665/939
f 711/651/853 712/700/946 744/702/978 743/652/854
f 677/655/857 679/656/872 725/656/875 724/650/858
f 671/672/925 673/667/929 722/700/948 721/703/952
f 712/700/946 713/703/950 745/705/979 744/702/978
f 713/703/950 714/706/954 746/708/975 745/705/979
