# Blender 4.3.2
# www.blender.org
mtllib right_foot.mtl
o body.007
v -0.986400 -0.794260 -0.742940
v -1.087900 -1.056860 0.232560
v -1.374240 -2.679420 0.049300
v 0.311340 -1.030340 -1.199880
v -0.379380 -0.834940 -1.365940
v -0.694780 -2.452280 -1.532980
v 0.370380 -1.469680 0.446360
v 0.701180 -1.252600 -0.446260
v 0.433400 -2.834660 -0.614060
v -0.586420 -0.666980 0.855680
v -0.017480 -0.816840 0.938880
v -0.428780 -3.102960 0.604680
v -1.005240 -3.470780 -0.876320
v -1.221700 -8.270041 -0.303119
v -1.328560 -8.335420 0.205061
v 0.363640 -0.365500 -0.380480
v 0.143420 -0.519160 0.642460
v -0.528220 -0.301360 0.543440
v -0.361240 -0.125740 -0.524400
v -0.240100 -3.655180 -0.724740
v -0.982620 -2.958980 0.531540
v 0.082820 -3.034980 0.253980
v 0.022280 -2.643680 -1.360180
v -1.294420 -2.431680 -0.918400
v -1.630600 -8.837379 -0.040679
v -1.386440 -8.877940 -0.003799
v -1.577660 -8.288640 0.169041
v -1.542980 -8.210520 -0.362839
v -1.696240 -8.207240 -0.159979
v -1.125860 -8.313560 -0.064259
v -0.450960 -4.393760 -0.203520
v -0.714540 -5.689120 -0.296340
v -0.973020 -7.012980 -0.362019
v -0.710980 -4.723660 0.341820
v -0.903240 -5.928720 0.224540
v -1.109560 -7.158100 0.181981
v -1.182820 -4.607560 0.284360
v -1.304320 -5.837200 0.171500
v -1.439640 -7.087840 0.134441
v -1.185360 -4.233660 -0.309640
v -1.275180 -5.572200 -0.379460
v -1.395100 -6.924720 -0.435799
v -1.484580 -4.319940 -0.104340
v -1.526320 -5.644460 -0.185880
v -1.599560 -6.963700 -0.224879
v -0.278340 -4.596160 0.059240
v -0.564600 -5.852920 -0.049720
v -0.847400 -7.122240 -0.103539
v -1.160220 -1.548420 -0.866620
v -1.256020 -1.788060 0.150320
v -1.116260 -0.876260 -0.178280
v -1.417920 -2.528480 -0.355600
v 0.188620 -1.785260 -1.360560
v -0.527880 -1.586760 -1.526560
v -0.007660 -0.920500 -1.315160
v -0.319220 -2.545300 -1.476200
v 0.259440 -2.175160 0.369720
v 0.602560 -1.982320 -0.563620
v 0.640180 -1.357000 0.079940
v 0.362180 -2.929680 -0.096800
v -0.841240 -2.000920 0.698760
v -0.264480 -2.152620 0.781140
v -0.307020 -0.663800 1.021080
v -0.712000 -3.045740 0.627960
v -0.612160 -3.562520 -0.809480
v -1.460380 -8.322320 0.227061
v -1.117460 -3.709560 -0.441660
v -0.329920 -3.890480 -0.317180
v 0.035760 -0.196220 -0.458980
v -0.177020 -0.303600 0.687220
v 0.284300 -0.423080 0.164340
v -0.463580 -0.162520 0.044480
v -0.851420 -0.542440 0.346700
v -0.730160 -0.788080 -1.219460
v -1.279340 -3.165360 -0.915780
v -1.212680 -2.838320 0.332860
v -0.305200 -0.310160 -1.036700
v 0.635780 -1.146880 -0.937700
v -0.137400 -3.351640 -1.160860
v 0.658700 -0.696600 -0.354400
v 0.137060 -1.499480 0.712740
v -0.112200 -3.893780 0.137660
v 0.166940 -0.137720 0.938960
v -1.104920 -3.890780 0.383560
v -0.590720 -4.021560 0.446060
v -0.416100 0.025840 0.853500
v 0.082160 -3.496600 -0.650220
v -0.156120 -3.107200 0.475440
v 0.352680 -0.917880 0.523920
v -0.860440 -3.168100 -1.333480
v 0.367980 -2.741960 -1.100820
v 0.374860 -0.512540 -0.874420
v -0.938700 -1.208960 0.555300
v -1.448440 -3.575280 -0.044320
v -1.040980 -2.401980 -1.392900
v -0.733320 -0.282320 -0.608480
v -1.512700 -8.872700 -0.004599
v -1.600940 -8.669780 -0.242899
v -1.321440 -8.717660 -0.195759
v -1.256080 -8.731939 -0.027339
v -1.625120 -8.711080 0.133421
v -1.395800 -8.750600 0.165541
v -1.703880 -8.654680 -0.097359
v -0.476200 -4.683800 0.235740
v -1.118020 -8.290359 -0.227619
v -0.810560 -4.308300 -0.255580
v -1.662300 -8.246300 0.037761
v -1.451360 -4.220600 -0.285860
v -0.955560 -4.702620 0.362880
v -1.112140 -5.899960 0.245500
v -1.282560 -7.131360 0.204821
v -1.208340 -8.331340 0.106721
v -0.953520 -7.158320 0.075881
v -0.709940 -5.915640 0.121760
v -0.231800 -4.489780 -0.112300
v -0.541400 -5.768180 -0.214300
v -0.838240 -7.067820 -0.276199
v -1.381760 -8.245740 -0.333859
v -1.181920 -6.963420 -0.401659
v -0.990340 -5.621780 -0.337500
v -1.367560 -4.469620 0.123020
v -1.451720 -5.749120 0.021420
v -1.554160 -7.030860 -0.013899
v -1.662220 -8.189360 -0.326199
v -1.553860 -6.917840 -0.398759
v -1.482640 -5.569940 -0.352240
v -0.585180 -5.036240 -0.243380
v -0.842620 -6.349140 -0.342520
v -1.100980 -7.660140 -0.350379
v -0.808760 -5.321860 0.273980
v -1.001220 -6.541680 0.193800
v -1.221060 -7.761520 0.186581
v -1.241060 -5.219580 0.218740
v -1.371020 -6.460060 0.143200
v -1.508920 -7.703180 0.143581
v -1.230680 -4.901660 -0.336760
v -1.327220 -6.246240 -0.418780
v -1.469980 -7.586520 -0.420499
v -1.503560 -4.985600 -0.146360
v -1.556960 -6.302020 -0.214780
v -1.648020 -7.606460 -0.208999
v -0.425760 -5.222420 0.002260
v -0.702560 -6.486540 -0.087920
v -0.991160 -7.738440 -0.095879
v -1.299860 -1.632800 -0.277300
v -0.148280 -1.680020 -1.479940
v 0.539060 -2.073460 -0.009680
v -0.557460 -2.049940 0.820200
v -0.715160 -3.798520 -0.381640
v -0.058440 -0.214260 0.131140
v -0.844900 -0.354340 -0.067920
v -0.886420 -1.533540 -1.366700
v -1.447880 -3.455360 -0.380320
v -1.084540 -1.936620 0.460820
v 0.065920 -0.386100 -0.976600
v 0.530560 -1.890140 -1.083460
v -0.485520 -3.258680 -1.265540
v 0.593060 -0.800240 0.146460
v 0.015280 -2.223020 0.618640
v 0.001420 -3.792040 -0.160740
v -0.125320 0.057380 1.040200
v -0.856100 -3.994880 0.467740
v 0.259980 -0.703080 0.741640
v 0.585940 -0.752860 -0.737720
v -0.594200 -0.418580 -0.980600
v -0.712560 -0.421120 0.598920
v -0.334240 -3.983600 0.331660
v 0.079200 -3.247480 -0.994300
v -1.080960 -2.954100 -1.249000
v -1.311060 -3.740520 0.208040
v -1.462720 -8.706220 -0.214079
v -1.666480 -8.533340 -0.233599
v -1.227580 -8.610920 -0.159079
v -1.516860 -8.744861 0.180501
v -1.288900 -8.636520 0.093641
v -1.673420 -8.568320 0.036321
v -1.033280 -5.295480 0.294960
v -1.194460 -6.512960 0.215220
v -1.372520 -7.739660 0.210161
v -1.084080 -7.763040 0.081641
v -0.825780 -6.536180 0.089300
v -0.596560 -5.297800 0.171260
v -0.390580 -5.125360 -0.160220
v -0.689020 -6.416320 -0.258360
v -0.983180 -7.700020 -0.266419
v -1.283580 -7.621420 -0.388259
v -1.082340 -6.290580 -0.382080
v -0.901300 -4.960020 -0.288480
v -1.406380 -5.110760 0.065060
v -1.501640 -6.388020 -0.005660
v -1.608120 -7.657100 -0.000399
v -1.608640 -7.575020 -0.382319
v -1.508380 -6.241560 -0.385420
v -1.466900 -4.897940 -0.314100
v 0.740780 0.240780 -0.707060
v -0.536860 0.377880 -0.795740
v 0.711080 0.098860 -0.695140
v -0.567720 0.241400 -0.755840
v 0.680240 -0.037620 -0.655240
v -0.598500 0.115620 -0.689500
v 0.649440 -0.163400 -0.588900
v -0.628080 0.005380 -0.599280
v 0.619880 -0.273640 -0.498680
v -0.655280 -0.085080 -0.488640
v 0.592680 -0.364120 -0.388020
v -0.679060 -0.152320 -0.361820
v 0.568900 -0.431340 -0.261220
v -0.698520 -0.193720 -0.223700
v 0.549440 -0.472740 -0.123100
v -0.712900 -0.207700 -0.079600
v 0.535040 -0.486720 0.021000
v -0.721660 -0.193720 0.064960
v 0.526300 -0.472740 0.165560
v -0.724460 -0.152320 0.204400
v 0.523500 -0.431340 0.305020
v -0.721180 -0.085080 0.333400
v 0.526780 -0.364120 0.434000
v -0.711960 0.005380 0.446960
v 0.536000 -0.273640 0.547560
v -0.697140 0.115620 0.540740
v 0.550820 -0.163400 0.641340
v -0.677300 0.241400 0.611140
v 0.570640 -0.037620 0.711740
v -0.653220 0.377880 0.655440
v 0.594740 0.098860 0.756040
v -0.625780 0.519800 0.671940
v 0.622160 0.240780 0.772560
v 0.651880 0.382700 0.760620
v 0.682720 0.519180 0.720720
v 0.768220 0.382700 -0.690560
v 0.203880 0.348060 -0.599440
v 0.180540 0.236540 -0.590080
v 0.156300 0.129300 -0.558720
v 0.132100 0.030480 -0.506600
v 0.108880 -0.056140 -0.435700
v 0.087500 -0.127240 -0.348760
v 0.068820 -0.180060 -0.249120
v 0.053520 -0.212600 -0.140600
v 0.042220 -0.223580 -0.027360
v 0.035340 -0.212600 0.086220
v 0.033160 -0.180060 0.195800
v 0.035720 -0.127240 0.297140
v 0.042980 -0.056140 0.386380
v 0.054620 0.030480 0.460080
v 0.070200 0.129300 0.515380
v 0.089120 0.236540 0.550200
v 0.110680 0.348060 0.563160
v 0.134020 0.459580 0.553800
v -0.013000 0.275740 -0.605600
v -0.037220 0.168500 -0.574240
v -0.061420 0.069680 -0.522120
v -0.084660 -0.016940 -0.451220
v -0.106020 -0.088040 -0.364280
v -0.124720 -0.140860 -0.264640
v -0.140000 -0.173380 -0.156120
v -0.151300 -0.184380 -0.042880
v -0.158180 -0.173380 0.070700
v -0.160380 -0.140860 0.180280
v -0.157800 -0.088040 0.281620
v -0.150560 -0.016940 0.370860
v -0.138920 0.069680 0.444560
v -0.123340 0.168500 0.499860
v -0.104400 0.275740 0.534680
v -0.082860 0.387260 0.547640
v -0.059520 0.498780 0.538280
v 0.010360 0.387260 -0.614960
v 0.253080 0.339580 -0.746160
v 0.223380 0.197640 -0.734240
v 0.192540 0.061180 -0.694340
v 0.161740 -0.064600 -0.628000
v 0.132180 -0.174840 -0.537780
v 0.104980 -0.265320 -0.427120
v 0.081180 -0.332540 -0.300320
v 0.061740 -0.373940 -0.162200
v 0.047340 -0.387920 -0.018100
v 0.038580 -0.373940 0.126460
v 0.035800 -0.332540 0.265920
v 0.039080 -0.265320 0.394900
v 0.048300 -0.174840 0.508460
v 0.063100 -0.064600 0.602240
v 0.082940 0.061180 0.672640
v 0.107040 0.197640 0.716940
v 0.134460 0.339580 0.733460
v 0.164160 0.481500 0.721520
v -0.049560 0.252940 -0.756120
v -0.080400 0.116460 -0.716220
v -0.111200 -0.009320 -0.649880
v -0.140760 -0.119560 -0.559660
v -0.167960 -0.210040 -0.449000
v -0.191740 -0.277260 -0.322200
v -0.211200 -0.318660 -0.184080
v -0.225580 -0.332640 -0.039980
v -0.234340 -0.318660 0.104580
v -0.237140 -0.277260 0.244040
v -0.233860 -0.210040 0.373020
v -0.224640 -0.119560 0.486580
v -0.209820 -0.009320 0.580360
v -0.190000 0.116460 0.650760
v -0.165900 0.252940 0.695060
v -0.138480 0.394860 0.711560
v -0.019840 0.394860 -0.768040
v -3.216840 -10.158319 1.805421
v -2.357660 -9.833780 -0.043619
v -1.415120 -9.667440 0.326481
v -2.090400 -10.278080 2.387001
v -3.162060 -10.397640 1.808481
v -2.334580 -10.100540 -0.123899
v -1.380660 -9.976740 0.252481
v -2.125060 -10.536320 2.364361
v -2.010500 -10.438740 2.175281
v -2.395320 -10.007139 -0.167219
v -2.351140 -10.552740 2.003561
v -3.284440 -10.314619 1.843741
v -1.858880 -9.967820 0.065481
v -1.348160 -9.805500 0.243301
v -1.855740 -9.206780 0.109581
v -2.348600 -10.221439 2.093041
v -2.103800 -10.441639 2.446441
v -2.871440 -10.491220 1.736741
v -2.800400 -10.441760 2.243581
v -2.764020 -10.167660 2.267221
v -2.905080 -10.169081 1.812621
v -1.791140 -9.702641 -0.084799
v -2.675520 -10.529460 1.937801
v -2.836460 -10.268460 2.418361
v -2.670620 -10.176781 2.027401
v -3.195600 -10.325880 1.586421
v -2.106700 -9.520280 0.032981
v -2.981240 -10.419701 2.026021
v -2.096720 -10.034180 -0.029199
v -2.990440 -10.163000 2.036321
v -2.061780 -9.858040 -0.204699
v -3.060460 -10.291539 2.131061
v -2.026560 -10.266121 2.158661
v -3.067380 -10.452980 1.535681
v -1.619760 -9.972281 0.158981
v -2.427220 -10.222879 2.327101
v -1.635440 -9.437100 0.218041
v -2.462740 -10.489039 2.303961
v -1.538200 -9.757220 0.000561
v -2.470140 -10.355061 2.432401
v -2.026760 -10.576020 2.069341
v -3.139560 -10.161380 1.597841
v -1.638100 -9.490160 -0.608379
v -1.693300 -9.494420 -0.632819
v -1.746760 -9.505919 -0.658759
v -1.797620 -9.524460 -0.685819
v -1.845060 -9.549760 -0.713579
v -1.888360 -9.581440 -0.741579
v -1.926840 -9.618980 -0.769379
v -1.959880 -9.661780 -0.796559
v -1.986940 -9.709180 -0.822679
v -2.007640 -9.760440 -0.847339
v -2.021620 -9.814740 -0.870119
v -2.028660 -9.871220 -0.890699
v -2.028660 -9.928980 -0.908719
v -2.021620 -9.987141 -0.923919
v -2.007640 -10.044741 -0.936059
v -1.986940 -10.100920 -0.944919
v -1.959880 -10.154780 -0.950399
v -1.926840 -10.205441 -0.952379
v -1.888360 -10.252140 -0.950859
v -1.845060 -10.294100 -0.945839
v -1.797620 -10.330700 -0.937399
v -1.746760 -10.361361 -0.925699
v -1.693300 -10.385560 -0.910879
v -1.638100 -10.402960 -0.893219
v -1.632660 -9.487020 -0.618419
v -1.682500 -9.488200 -0.652719
v -1.730760 -9.496719 -0.688239
v -1.776660 -9.512421 -0.724399
v -1.819520 -9.535080 -0.760639
v -1.858600 -9.564341 -0.796379
v -1.893340 -9.599720 -0.831079
v -1.923160 -9.640680 -0.864159
v -1.947620 -9.686580 -0.895139
v -1.966300 -9.736680 -0.923479
v -1.978920 -9.790180 -0.948779
v -1.985280 -9.846280 -0.970599
v -1.985280 -9.904040 -0.988619
v -1.978920 -9.962600 -1.002559
v -1.966300 -10.020980 -1.012199
v -1.947620 -10.078321 -1.017379
v -1.923160 -10.133680 -1.017999
v -1.893340 -10.186180 -1.014079
v -1.858600 -10.235020 -1.005659
v -1.819520 -10.279419 -0.992899
v -1.776660 -10.318680 -0.975979
v -1.730760 -10.352160 -0.955159
v -1.682500 -10.379360 -0.930799
v -1.632660 -10.399819 -0.903239
v -1.625260 -9.484280 -0.627239
v -1.667820 -9.482740 -0.670239
v -1.709040 -9.488620 -0.714159
v -1.748240 -9.501840 -0.758319
v -1.784840 -9.522161 -0.802039
v -1.818220 -9.549300 -0.844599
v -1.847880 -9.582800 -0.885339
v -1.873360 -9.622140 -0.923639
v -1.894220 -9.666699 -0.958859
v -1.910180 -9.715780 -0.990459
v -1.920960 -9.768600 -1.017959
v -1.926380 -9.824340 -1.040899
v -1.926380 -9.882120 -1.058919
v -1.920960 -9.941000 -1.071759
v -1.910180 -10.000080 -1.079179
v -1.894220 -10.058440 -1.081099
v -1.873360 -10.115120 -1.077459
v -1.847880 -10.169260 -1.068339
v -1.818220 -10.219980 -1.053879
v -1.784840 -10.266500 -1.034299
v -1.748240 -10.308080 -1.009899
v -1.709040 -10.344059 -0.981099
v -1.667820 -10.373879 -0.948299
v -1.625260 -10.397080 -0.912079
v -1.616200 -9.482000 -0.634519
v -1.649860 -9.478240 -0.684679
v -1.682440 -9.481960 -0.735539
v -1.713440 -9.493100 -0.786319
v -1.742360 -9.511520 -0.836179
v -1.768760 -9.536880 -0.884359
v -1.792200 -9.568820 -0.930099
v -1.812340 -9.606840 -0.972679
v -1.828840 -9.650300 -1.011419
v -1.841460 -9.698540 -1.045719
v -1.849980 -9.750800 -1.075019
v -1.854280 -9.806260 -1.098879
v -1.854280 -9.864019 -1.116899
v -1.849980 -9.923200 -1.128819
v -1.841460 -9.982861 -1.134439
v -1.828840 -10.042040 -1.133659
v -1.812340 -10.099820 -1.126519
v -1.792200 -10.155300 -1.113099
v -1.768760 -10.207581 -1.093639
v -1.742360 -10.255840 -1.068439
v -1.713440 -10.299359 -1.037899
v -1.682440 -10.337400 -1.002479
v -1.649860 -10.369379 -0.962759
v -1.616200 -10.394800 -0.919359
v -1.605840 -9.480300 -0.639979
v -1.629280 -9.474860 -0.695499
v -1.651980 -9.476959 -0.751559
v -1.673580 -9.486560 -0.807279
v -1.693720 -9.503520 -0.861759
v -1.712120 -9.527580 -0.914159
v -1.728460 -9.558360 -0.963639
v -1.742480 -9.595360 -1.009419
v -1.753980 -9.638000 -1.050799
v -1.762760 -9.685620 -1.087099
v -1.768700 -9.737460 -1.117759
v -1.771700 -9.792700 -1.142299
v -1.771700 -9.850480 -1.160339
v -1.768700 -9.909860 -1.171559
v -1.762760 -9.969940 -1.175819
v -1.753980 -10.029740 -1.173039
v -1.742480 -10.088360 -1.163259
v -1.728460 -10.144820 -1.146639
v -1.712120 -10.198279 -1.123439
v -1.693720 -10.247860 -1.094019
v -1.673580 -10.292820 -1.058859
v -1.651980 -10.332399 -1.018499
v -1.629280 -10.366000 -0.973579
v -1.605840 -10.393100 -0.924799
v -1.594540 -9.479240 -0.643399
v -1.606880 -9.472740 -0.702279
v -1.618820 -9.473820 -0.761599
v -1.630200 -9.482460 -0.820419
v -1.640800 -9.498520 -0.877799
v -1.650480 -9.521760 -0.932819
v -1.659080 -9.551800 -0.984659
v -1.666460 -9.588181 -1.032459
v -1.672500 -9.630300 -1.075479
v -1.677120 -9.677520 -1.113039
v -1.680260 -9.729100 -1.144559
v -1.681820 -9.784201 -1.169519
v -1.681820 -9.841980 -1.187539
v -1.680260 -9.901500 -1.198339
v -1.677120 -9.961840 -1.201759
v -1.672500 -10.022039 -1.197719
v -1.666460 -10.081160 -1.186279
v -1.659080 -10.138260 -1.167639
v -1.650480 -10.192460 -1.142099
v -1.640800 -10.242861 -1.110059
v -1.630200 -10.288700 -1.071999
v -1.618820 -10.329260 -1.028539
v -1.606880 -10.363880 -0.980359
v -1.594540 -10.392040 -0.928219
v -1.582780 -9.478840 -0.644659
v -1.583540 -9.471960 -0.704779
v -1.584260 -9.472680 -0.765279
v -1.584960 -9.480960 -0.825219
v -1.585620 -9.496700 -0.883659
v -1.586200 -9.519640 -0.939659
v -1.586720 -9.549400 -0.992339
v -1.587180 -9.585541 -1.040879
v -1.587560 -9.627480 -1.084499
v -1.587840 -9.674560 -1.122519
v -1.588020 -9.726040 -1.154359
v -1.588120 -9.781100 -1.179479
v -1.588120 -9.838860 -1.197499
v -1.588020 -9.898440 -1.208159
v -1.587840 -9.958879 -1.211239
v -1.587560 -10.019240 -1.206739
v -1.587180 -10.078540 -1.194699
v -1.586720 -10.135860 -1.175339
v -1.586200 -10.190320 -1.148939
v -1.585620 -10.241040 -1.115919
v -1.584960 -10.287200 -1.076799
v -1.584260 -10.328120 -1.032199
v -1.583540 -10.363120 -0.982839
v -1.582780 -10.391640 -0.929479
v -1.570980 -9.479140 -0.643679
v -1.560120 -9.472560 -0.702859
v -1.549620 -9.473560 -0.762439
v -1.539620 -9.482121 -0.821519
v -1.530280 -9.498100 -0.879139
v -1.521760 -9.521280 -0.934379
v -1.514200 -9.551260 -0.986399
v -1.507700 -9.587580 -1.034379
v -1.502380 -9.629661 -1.077539
v -1.498320 -9.676860 -1.115199
v -1.495560 -9.728400 -1.146799
v -1.494180 -9.783500 -1.171799
v -1.494180 -9.841260 -1.189819
v -1.495560 -9.900800 -1.200579
v -1.498320 -9.961160 -1.203919
v -1.502380 -10.021400 -1.199779
v -1.507700 -10.080561 -1.188199
v -1.514200 -10.137720 -1.169399
v -1.521760 -10.191960 -1.143659
v -1.530280 -10.242439 -1.111399
v -1.539620 -10.288361 -1.073099
v -1.549620 -10.329000 -1.029379
v -1.560120 -10.363701 -0.980919
v -1.570980 -10.391940 -0.928519
v -1.559620 -9.480120 -0.640539
v -1.537560 -9.474500 -0.696619
v -1.516220 -9.476440 -0.753219
v -1.495900 -9.485900 -0.809439
v -1.476940 -9.502700 -0.864379
v -1.459660 -9.526640 -0.917219
v -1.444280 -9.557280 -0.967079
v -1.431100 -9.594180 -1.013199
v -1.420280 -9.636740 -1.054839
v -1.412020 -9.684299 -1.091359
v -1.406440 -9.736080 -1.122159
v -1.403620 -9.791300 -1.146759
v -1.403620 -9.849080 -1.164799
v -1.406440 -9.908480 -1.175959
v -1.412020 -9.968600 -1.180079
v -1.420280 -10.028481 -1.177079
v -1.431100 -10.087180 -1.167039
v -1.444280 -10.143761 -1.150079
v -1.459660 -10.197320 -1.126499
v -1.476940 -10.247040 -1.096639
v -1.495900 -10.292140 -1.061019
v -1.516220 -10.331880 -1.020139
v -1.537560 -10.365660 -0.974699
v -1.559620 -10.392920 -0.925359
v -1.549100 -9.481760 -0.635339
v -1.516700 -9.477720 -0.686299
v -1.485340 -9.481200 -0.737939
v -1.455500 -9.492120 -0.789439
v -1.427640 -9.510320 -0.839999
v -1.402240 -9.535500 -0.888819
v -1.379660 -9.567260 -0.935099
v -1.360280 -9.605120 -0.978159
v -1.344380 -9.648460 -1.017299
v -1.332240 -9.696620 -1.051879
v -1.324040 -9.748800 -1.081399
v -1.319920 -9.804240 -1.105339
v -1.319920 -9.862000 -1.123379
v -1.324040 -9.921200 -1.135199
v -1.332240 -9.980920 -1.140599
v -1.344380 -10.040199 -1.139539
v -1.360280 -10.098100 -1.131999
v -1.379660 -10.153721 -1.118099
v -1.402240 -10.206180 -1.098099
v -1.427640 -10.254660 -1.072259
v -1.455500 -10.298380 -1.041019
v -1.485340 -10.336639 -1.004859
v -1.516700 -10.368880 -0.964379
v -1.549100 -10.394540 -0.920159
v -1.539860 -9.483960 -0.628279
v -1.498360 -9.482100 -0.672299
v -1.458180 -9.487680 -0.717199
v -1.419960 -9.500600 -0.762299
v -1.384280 -9.520660 -0.806899
v -1.351740 -9.547521 -0.850259
v -1.322820 -9.580800 -0.891719
v -1.297980 -9.619960 -0.930619
v -1.277620 -9.664360 -0.966339
v -1.262080 -9.713320 -0.998319
v -1.251580 -9.766080 -1.026079
v -1.246280 -9.821760 -1.049139
v -1.246280 -9.879540 -1.067159
v -1.251580 -9.938480 -1.079859
v -1.262080 -9.997641 -1.087039
v -1.277620 -10.056100 -1.088579
v -1.297980 -10.112940 -1.084439
v -1.322820 -10.167280 -1.074719
v -1.351740 -10.218220 -1.059539
v -1.384280 -10.264979 -1.039159
v -1.419960 -10.306840 -1.013879
v -1.458180 -10.343121 -0.984139
v -1.498360 -10.373240 -0.950359
v -1.539860 -10.396740 -0.913099
v -1.532220 -9.486660 -0.619639
v -1.483220 -9.487460 -0.655139
v -1.435780 -9.495600 -0.691819
v -1.390640 -9.510960 -0.729079
v -1.348520 -9.533299 -0.766339
v -1.310080 -9.562260 -0.803039
v -1.275920 -9.597380 -0.838559
v -1.246600 -9.638120 -0.872379
v -1.222560 -9.683840 -0.903919
v -1.204200 -9.733800 -0.932719
v -1.191800 -9.787220 -0.958319
v -1.185540 -9.843260 -0.980299
v -1.185540 -9.901020 -0.998319
v -1.191800 -9.959620 -1.012119
v -1.204200 -10.018100 -1.021439
v -1.222560 -10.075580 -1.026159
v -1.246600 -10.131120 -1.026199
v -1.275920 -10.183860 -1.021559
v -1.310080 -10.232940 -1.012319
v -1.348520 -10.277639 -0.998599
v -1.390640 -10.317201 -0.980659
v -1.435780 -10.351040 -0.958739
v -1.483220 -10.378600 -0.933199
v -1.532220 -10.399441 -0.904459
v -1.526520 -9.489740 -0.609739
v -1.471880 -9.493580 -0.635499
v -1.419000 -9.504680 -0.662739
v -1.368680 -9.522840 -0.691019
v -1.321720 -9.547780 -0.719919
v -1.278860 -9.579140 -0.748959
v -1.240800 -9.616380 -0.777699
v -1.208120 -9.658939 -0.805679
v -1.181320 -9.706141 -0.832459
v -1.160840 -9.757240 -0.857599
v -1.147020 -9.811419 -0.880719
v -1.140040 -9.867840 -0.901459
v -1.140040 -9.925620 -0.919499
v -1.147020 -9.983820 -0.934519
v -1.160840 -10.041540 -0.946319
v -1.181320 -10.097880 -0.954699
v -1.208120 -10.151940 -0.959519
v -1.240800 -10.202841 -0.960699
v -1.278860 -10.249820 -0.958239
v -1.321720 -10.292120 -0.952179
v -1.368680 -10.329080 -0.942599
v -1.419000 -10.360121 -0.929659
v -1.471880 -10.384740 -0.913559
v -1.526520 -10.402540 -0.894559
v -1.522940 -9.493100 -0.598959
v -1.464780 -9.500259 -0.614119
v -1.408480 -9.514540 -0.631099
v -1.354900 -9.535760 -0.649619
v -1.304920 -9.563560 -0.669399
v -1.259320 -9.597500 -0.690119
v -1.218780 -9.637040 -0.711479
v -1.183980 -9.681580 -0.733099
v -1.155460 -9.730400 -0.754679
v -1.133680 -9.782740 -0.775859
v -1.118960 -9.837760 -0.796299
v -1.111540 -9.894620 -0.815679
v -1.111540 -9.952380 -0.833699
v -1.118960 -10.010180 -0.850079
v -1.133680 -10.067060 -0.864559
v -1.155460 -10.122139 -0.876919
v -1.183980 -10.174580 -0.886939
v -1.218780 -10.223499 -0.894479
v -1.259320 -10.268181 -0.899399
v -1.304920 -10.307899 -0.901659
v -1.354920 -10.341999 -0.901199
v -1.408480 -10.369980 -0.898019
v -1.464780 -10.391399 -0.892179
v -1.522940 -10.405901 -0.883799
v -1.521620 -9.496600 -0.587739
v -1.462180 -9.507200 -0.591819
v -1.404620 -9.524840 -0.598099
v -1.349880 -9.549240 -0.606439
v -1.298780 -9.580000 -0.616719
v -1.252160 -9.616640 -0.628779
v -1.210740 -9.658600 -0.642419
v -1.175160 -9.705200 -0.657419
v -1.146020 -9.755720 -0.673579
v -1.123740 -9.809340 -0.690619
v -1.108680 -9.865240 -0.708259
v -1.101100 -9.922541 -0.726219
v -1.101100 -9.980300 -0.744259
v -1.108680 -10.037641 -0.762039
v -1.123740 -10.093660 -0.779319
v -1.146020 -10.147459 -0.795819
v -1.175160 -10.198179 -0.811259
v -1.210740 -10.245060 -0.825419
v -1.252160 -10.287319 -0.838059
v -1.298780 -10.324340 -0.848979
v -1.349880 -10.355480 -0.858019
v -1.404620 -10.380280 -0.865019
v -1.462180 -10.398360 -0.869899
v -1.521620 -10.409401 -0.872559
v -1.522640 -9.500120 -0.576459
v -1.464180 -9.514180 -0.569479
v -1.407600 -9.535160 -0.565019
v -1.353760 -9.562739 -0.563139
v -1.303520 -9.596480 -0.563899
v -1.257680 -9.635840 -0.567259
v -1.216940 -9.680201 -0.573179
v -1.181980 -9.728880 -0.581559
v -1.153300 -9.781080 -0.592279
v -1.131400 -9.836000 -0.605159
v -1.116600 -9.892780 -0.619999
v -1.109140 -9.950520 -0.636559
v -1.109140 -10.008280 -0.654579
v -1.116600 -10.065180 -0.673779
v -1.131400 -10.120320 -0.693879
v -1.153300 -10.172820 -0.714519
v -1.181980 -10.221861 -0.735399
v -1.216940 -10.266661 -0.756179
v -1.257680 -10.306520 -0.776539
v -1.303520 -10.340820 -0.796159
v -1.353760 -10.368980 -0.814719
v -1.407600 -10.390600 -0.831959
v -1.464180 -10.405320 -0.847559
v -1.522640 -10.412920 -0.861299
v -1.525920 -9.503500 -0.565619
v -1.470720 -9.520901 -0.547939
v -1.417260 -9.545120 -0.533139
v -1.366420 -9.575760 -0.521419
v -1.318960 -9.612360 -0.512979
v -1.275660 -9.654340 -0.507959
v -1.237180 -9.701020 -0.506439
v -1.204160 -9.751700 -0.508419
v -1.177080 -9.805540 -0.513899
v -1.156400 -9.861720 -0.522779
v -1.142420 -9.919340 -0.534899
v -1.135380 -9.977480 -0.550099
v -1.135380 -10.035259 -0.568119
v -1.142420 -10.091740 -0.588699
v -1.156400 -10.146019 -0.611479
v -1.177080 -10.197279 -0.636139
v -1.204160 -10.244679 -0.662259
v -1.237180 -10.287480 -0.689439
v -1.275660 -10.325021 -0.717239
v -1.318960 -10.356701 -0.745239
v -1.366420 -10.382000 -0.772999
v -1.417260 -10.400560 -0.800059
v -1.470720 -10.412040 -0.826019
v -1.525920 -10.416300 -0.850439
v -1.531380 -9.506639 -0.555579
v -1.481520 -9.527120 -0.528019
v -1.433280 -9.554299 -0.503659
v -1.387360 -9.587800 -0.482839
v -1.344520 -9.627040 -0.465919
v -1.305420 -9.671440 -0.453159
v -1.270680 -9.720280 -0.444739
v -1.240860 -9.772779 -0.440819
v -1.216420 -9.828140 -0.441459
v -1.197740 -9.885480 -0.446619
v -1.185120 -9.943880 -0.456259
v -1.178760 -10.002420 -0.470199
v -1.178760 -10.060181 -0.488219
v -1.185120 -10.116281 -0.510059
v -1.197740 -10.169781 -0.535339
v -1.216420 -10.219880 -0.563699
v -1.240860 -10.265779 -0.594659
v -1.270680 -10.306740 -0.627739
v -1.305420 -10.342120 -0.662439
v -1.344520 -10.371380 -0.698179
v -1.387360 -10.394040 -0.734419
v -1.433280 -10.409740 -0.770579
v -1.481520 -10.418261 -0.806099
v -1.531380 -10.419440 -0.840399
v -1.538760 -9.509400 -0.546739
v -1.496200 -9.532579 -0.510519
v -1.454980 -9.562400 -0.477739
v -1.415780 -9.598380 -0.448919
v -1.379200 -9.639960 -0.424519
v -1.345800 -9.686481 -0.404939
v -1.316140 -9.737220 -0.390479
v -1.290680 -9.791340 -0.381359
v -1.269800 -9.848040 -0.377719
v -1.253840 -9.906380 -0.379639
v -1.243060 -9.965460 -0.387079
v -1.237640 -10.024361 -0.399899
v -1.237640 -10.082120 -0.417919
v -1.243060 -10.137859 -0.440859
v -1.253840 -10.190701 -0.468359
v -1.269800 -10.239780 -0.499959
v -1.290680 -10.284340 -0.535179
v -1.316140 -10.323679 -0.573479
v -1.345800 -10.357180 -0.614219
v -1.379200 -10.384300 -0.656779
v -1.415780 -10.404640 -0.700499
v -1.454980 -10.417841 -0.744659
v -1.496200 -10.423719 -0.788579
v -1.538760 -10.422200 -0.831579
v -1.547820 -9.511660 -0.539459
v -1.514180 -9.537080 -0.496059
v -1.481600 -9.569080 -0.456339
v -1.450600 -9.607121 -0.420919
v -1.421660 -9.650620 -0.390379
v -1.395280 -9.698900 -0.365179
v -1.371820 -9.751180 -0.345719
v -1.351680 -9.806641 -0.332299
v -1.335180 -9.864440 -0.325159
v -1.322560 -9.923620 -0.324399
v -1.314040 -9.983260 -0.329999
v -1.309760 -10.042439 -0.341919
v -1.309760 -10.100221 -0.359959
v -1.314040 -10.155680 -0.383799
v -1.322560 -10.207920 -0.413099
v -1.335180 -10.256180 -0.447399
v -1.351680 -10.299640 -0.486139
v -1.371820 -10.337640 -0.528719
v -1.395280 -10.369579 -0.574459
v -1.421660 -10.394959 -0.622639
v -1.450600 -10.413361 -0.672519
v -1.481600 -10.424520 -0.723279
v -1.514180 -10.428240 -0.774139
v -1.547820 -10.424460 -0.824299
v -1.558200 -9.513360 -0.534019
v -1.534740 -9.540461 -0.485239
v -1.512040 -9.574080 -0.440319
v -1.490460 -9.613660 -0.399959
v -1.470300 -9.658600 -0.364799
v -1.451920 -9.708179 -0.335379
v -1.435580 -9.761640 -0.312179
v -1.421540 -9.818120 -0.295559
v -1.410040 -9.876719 -0.285779
v -1.401260 -9.936541 -0.282999
v -1.395320 -9.996600 -0.287259
v -1.392340 -10.056000 -0.298499
v -1.392340 -10.113760 -0.316519
v -1.395320 -10.169000 -0.341059
v -1.401260 -10.220840 -0.371719
v -1.410040 -10.268460 -0.408019
v -1.421540 -10.311100 -0.449399
v -1.435580 -10.348100 -0.495179
v -1.451920 -10.378881 -0.544659
v -1.470300 -10.402941 -0.597059
v -1.490460 -10.419901 -0.651539
v -1.512040 -10.429520 -0.707259
v -1.534740 -10.431620 -0.763319
v -1.558200 -10.426160 -0.818839
v -1.569480 -9.514440 -0.530599
v -1.557140 -9.542581 -0.478459
v -1.545200 -9.577200 -0.430279
v -1.533840 -9.617760 -0.386819
v -1.523240 -9.663600 -0.348779
v -1.513560 -9.714020 -0.316719
v -1.504960 -9.768200 -0.291179
v -1.497580 -9.825300 -0.272539
v -1.491520 -9.884420 -0.261119
v -1.486900 -9.944620 -0.257059
v -1.483780 -10.004960 -0.260479
v -1.482200 -10.064501 -0.271279
v -1.482200 -10.122260 -0.289299
v -1.483780 -10.177360 -0.314259
v -1.486900 -10.228940 -0.345779
v -1.491520 -10.276160 -0.383339
v -1.497580 -10.318280 -0.426379
v -1.504960 -10.354660 -0.474179
v -1.513560 -10.384701 -0.525999
v -1.523240 -10.407940 -0.581039
v -1.533840 -10.424000 -0.638399
v -1.545200 -10.432640 -0.697219
v -1.557140 -10.433721 -0.756539
v -1.569480 -10.427219 -0.815419
v -1.581240 -9.514820 -0.529339
v -1.580500 -9.543360 -0.475979
v -1.579760 -9.578360 -0.426619
v -1.579060 -9.619260 -0.382019
v -1.578420 -9.665440 -0.342899
v -1.577820 -9.716140 -0.309879
v -1.577300 -9.770600 -0.283479
v -1.576840 -9.827940 -0.264119
v -1.576480 -9.887239 -0.252079
v -1.576200 -9.947580 -0.247579
v -1.576000 -10.008020 -0.250679
v -1.575900 -10.067600 -0.261319
v -1.575900 -10.125380 -0.279339
v -1.576000 -10.180420 -0.304459
v -1.576200 -10.231900 -0.336299
v -1.576480 -10.278979 -0.374319
v -1.576840 -10.320920 -0.417939
v -1.577300 -10.357060 -0.466479
v -1.577820 -10.386840 -0.519159
v -1.578420 -10.409760 -0.575159
v -1.579060 -10.425500 -0.633599
v -1.579760 -10.433800 -0.693539
v -1.580500 -10.434500 -0.754059
v -1.581240 -10.427620 -0.814179
v -1.593040 -9.514521 -0.530319
v -1.603900 -9.542760 -0.477899
v -1.614420 -9.577460 -0.429439
v -1.624400 -9.618100 -0.385719
v -1.633740 -9.664020 -0.347439
v -1.642260 -9.714499 -0.315159
v -1.649820 -9.768740 -0.289419
v -1.656320 -9.825900 -0.270619
v -1.661640 -9.885060 -0.259039
v -1.665720 -9.945300 -0.254899
v -1.668460 -10.005660 -0.258239
v -1.669840 -10.065201 -0.268999
v -1.669840 -10.122980 -0.287019
v -1.668460 -10.178061 -0.312039
v -1.665720 -10.229620 -0.343619
v -1.661640 -10.276800 -0.381279
v -1.656320 -10.318880 -0.424439
v -1.649820 -10.355200 -0.472419
v -1.642260 -10.385180 -0.524439
v -1.633740 -10.408360 -0.579699
v -1.624420 -10.424339 -0.637299
v -1.614420 -10.432900 -0.696379
v -1.603900 -10.433901 -0.755959
v -1.593040 -10.427320 -0.815139
v -1.604420 -9.513540 -0.533459
v -1.626460 -9.540820 -0.484139
v -1.647820 -9.574580 -0.438679
v -1.668120 -9.614320 -0.397819
v -1.687080 -9.659420 -0.362179
v -1.704380 -9.709140 -0.332319
v -1.719740 -9.762720 -0.308739
v -1.732940 -9.819300 -0.291779
v -1.743740 -9.877979 -0.281739
v -1.752020 -9.937860 -0.278759
v -1.757600 -9.997980 -0.282879
v -1.760400 -10.057401 -0.294039
v -1.760400 -10.115160 -0.312059
v -1.757600 -10.170380 -0.336659
v -1.752020 -10.222159 -0.367459
v -1.743740 -10.269720 -0.403979
v -1.732940 -10.312280 -0.445619
v -1.719740 -10.349179 -0.491739
v -1.704380 -10.379840 -0.541599
v -1.687080 -10.403759 -0.594439
v -1.668120 -10.420580 -0.649399
v -1.647820 -10.430020 -0.705619
v -1.626460 -10.431959 -0.762199
v -1.604420 -10.426340 -0.818279
v -1.614920 -9.511920 -0.538659
v -1.647320 -9.537601 -0.494459
v -1.678700 -9.569820 -0.453959
v -1.708540 -9.608100 -0.417799
v -1.736380 -9.651800 -0.386559
v -1.761780 -9.700280 -0.360739
v -1.784360 -9.752740 -0.340719
v -1.803760 -9.808360 -0.326819
v -1.819640 -9.866261 -0.319279
v -1.831780 -9.925540 -0.318219
v -1.839980 -9.985260 -0.323639
v -1.844120 -10.044460 -0.335439
v -1.844120 -10.102240 -0.353479
v -1.839980 -10.157660 -0.377419
v -1.831780 -10.209860 -0.406939
v -1.819640 -10.257999 -0.441519
v -1.803760 -10.301340 -0.480659
v -1.784360 -10.339201 -0.523719
v -1.761780 -10.370960 -0.570019
v -1.736380 -10.396139 -0.618819
v -1.708540 -10.414341 -0.669379
v -1.678700 -10.425261 -0.720879
v -1.647320 -10.428740 -0.772519
v -1.614920 -10.424720 -0.823479
v -1.624180 -9.509720 -0.545719
v -1.665680 -9.533220 -0.508459
v -1.705860 -9.563360 -0.474679
v -1.744080 -9.599620 -0.444939
v -1.779740 -9.641479 -0.419659
v -1.812300 -9.688240 -0.399279
v -1.841220 -9.739200 -0.384119
v -1.866040 -9.793520 -0.374379
v -1.886400 -9.850360 -0.370239
v -1.901960 -9.908840 -0.371779
v -1.912460 -9.968000 -0.378959
v -1.917760 -10.026920 -0.391659
v -1.917760 -10.084701 -0.409679
v -1.912460 -10.140400 -0.432759
v -1.901960 -10.193140 -0.460499
v -1.886400 -10.242100 -0.492479
v -1.866040 -10.286520 -0.528219
v -1.841220 -10.325660 -0.567099
v -1.812300 -10.358940 -0.608559
v -1.779740 -10.385819 -0.651939
v -1.744080 -10.405880 -0.696519
v -1.705860 -10.418800 -0.741619
v -1.665680 -10.424360 -0.786539
v -1.624180 -10.422520 -0.830539
v -1.631800 -9.507020 -0.554359
v -1.680800 -9.527861 -0.525619
v -1.728260 -9.555420 -0.500079
v -1.773400 -9.589260 -0.478159
v -1.815520 -9.628819 -0.460219
v -1.853960 -9.673520 -0.446499
v -1.888100 -9.722620 -0.437259
v -1.917420 -9.775340 -0.432619
v -1.941460 -9.830880 -0.432659
v -1.959820 -9.888360 -0.437379
v -1.972240 -9.946860 -0.446719
v -1.978480 -10.005440 -0.460499
v -1.978480 -10.063220 -0.478519
v -1.972240 -10.119261 -0.500499
v -1.959820 -10.172680 -0.526099
v -1.941460 -10.222620 -0.554899
v -1.917420 -10.268340 -0.586459
v -1.888100 -10.309080 -0.620259
v -1.853960 -10.344200 -0.655779
v -1.815520 -10.373159 -0.692479
v -1.773400 -10.395499 -0.729739
v -1.728260 -10.410880 -0.767019
v -1.680800 -10.419020 -0.803679
v -1.631800 -10.419821 -0.839179
v -1.582020 -9.493200 -0.585859
v -1.637520 -9.503940 -0.564259
v -1.692140 -9.521740 -0.545259
v -1.745040 -9.546360 -0.529159
v -1.795360 -9.577380 -0.516219
v -1.842300 -9.614340 -0.506639
v -1.885160 -9.656640 -0.500579
v -1.923220 -9.703620 -0.498119
v -1.955920 -9.754539 -0.499319
v -1.982700 -9.808580 -0.504139
v -2.003180 -9.864920 -0.512499
v -2.017020 -9.922640 -0.524299
v -2.023980 -9.980840 -0.539319
v -2.023980 -10.038620 -0.557359
v -2.017020 -10.095039 -0.578099
v -2.003180 -10.149220 -0.601219
v -1.982700 -10.200320 -0.626359
v -1.955920 -10.247520 -0.653139
v -1.923220 -10.290080 -0.681119
v -1.885160 -10.327340 -0.709859
v -1.842300 -10.358681 -0.738899
v -1.795360 -10.383620 -0.767799
v -1.745040 -10.401800 -0.796079
v -1.692140 -10.412880 -0.823319
v -1.637520 -10.416719 -0.849079
v -1.641100 -9.500560 -0.575039
v -1.699240 -9.515079 -0.566639
v -1.755560 -9.536480 -0.560799
v -1.809120 -9.564460 -0.557619
v -1.859100 -9.598580 -0.557159
v -1.904720 -9.638280 -0.559419
v -1.945240 -9.682960 -0.564359
v -1.980040 -9.731900 -0.571879
v -2.008560 -9.784320 -0.581899
v -2.030360 -9.839419 -0.594259
v -2.045080 -9.896299 -0.608739
v -2.052500 -9.954080 -0.625119
v -2.052500 -10.011840 -0.643139
v -2.045080 -10.068701 -0.662539
v -2.030360 -10.123720 -0.682979
v -2.008560 -10.176060 -0.704139
v -1.980040 -10.224880 -0.725719
v -1.945240 -10.269421 -0.747359
v -1.904720 -10.308960 -0.768699
v -1.859100 -10.342920 -0.789419
v -1.809120 -10.370720 -0.809199
v -1.755560 -10.391920 -0.827739
v -1.699240 -10.406219 -0.844699
v -1.641100 -10.413361 -0.859859
v -1.642400 -9.497060 -0.586259
v -1.701840 -9.508120 -0.588919
v -1.759400 -9.526180 -0.593799
v -1.814160 -9.550980 -0.600799
v -1.865240 -9.582140 -0.609839
v -1.911880 -9.619140 -0.620779
v -1.953300 -9.661400 -0.633419
v -1.988860 -9.708280 -0.647559
v -2.018020 -9.759020 -0.662999
v -2.040300 -9.812800 -0.679499
v -2.055340 -9.868820 -0.696779
v -2.062920 -9.926180 -0.714559
v -2.062920 -9.983940 -0.732599
v -2.055340 -10.041220 -0.750579
v -2.040300 -10.097120 -0.768219
v -2.018020 -10.150740 -0.785239
v -1.988860 -10.201260 -0.801399
v -1.953300 -10.247880 -0.816399
v -1.911880 -10.289821 -0.830059
v -1.865240 -10.326480 -0.842099
v -1.814160 -10.357241 -0.852379
v -1.759400 -10.381620 -0.860719
v -1.701840 -10.399261 -0.866999
v -1.642400 -10.409860 -0.871099
v -1.641400 -9.493560 -0.597519
v -1.699840 -9.501141 -0.611259
v -1.756420 -9.515860 -0.626879
v -1.810260 -9.537479 -0.644099
v -1.860500 -9.565660 -0.662659
v -1.906360 -9.599940 -0.682279
v -1.947080 -9.639800 -0.702639
v -1.982060 -9.684600 -0.723419
v -2.010720 -9.733640 -0.744299
v -2.032620 -9.786139 -0.764959
v -2.047420 -9.841280 -0.785039
v -2.054880 -9.898180 -0.804239
v -2.054880 -9.955960 -0.822259
v -2.047420 -10.013680 -0.838839
v -2.032620 -10.070459 -0.853659
v -2.010720 -10.125380 -0.866539
v -1.982060 -10.177601 -0.877259
v -1.947080 -10.226260 -0.885639
v -1.906360 -10.270639 -0.891559
v -1.860500 -10.310000 -0.894919
v -1.810260 -10.343740 -0.895679
v -1.756420 -10.371300 -0.893799
v -1.699840 -10.392280 -0.889339
v -1.641400 -10.406341 -0.882359
v -2.100060 -10.290400 1.244321
v -2.131920 -9.875060 1.307521
v -2.621820 -10.363220 1.020881
v -2.654260 -9.948100 1.083861
v -2.345780 -10.305480 1.155061
v -2.373300 -9.799360 1.203801
v -1.791840 -10.111980 1.405481
v -2.998340 -10.260659 0.893581
v -1.890540 -9.950760 1.411241
v -2.897880 -10.420960 0.886701
v -1.854360 -10.275320 1.333581
v -2.935220 -10.096860 0.963901
v -2.028320 -10.193480 1.065401
v -2.059180 -9.769899 1.128201
v -2.578040 -9.844359 0.907761
v -2.547500 -10.266700 0.844781
v -2.272380 -10.207420 0.975581
v -2.298040 -9.684160 1.023661
v -1.722460 -10.015400 1.222021
v -2.920120 -10.168780 0.717381
v -1.784240 -10.179540 1.155241
v -2.858060 -10.004539 0.791841
v -1.820340 -9.855640 1.232721
v -2.822620 -10.325960 0.713981
v -1.582020 -10.413260 -0.872959
v -1.009740 -5.976580 -0.765820
v -1.030180 -5.973380 -0.768000
v -1.030180 -5.977540 -0.867840
v -0.523460 -2.843660 -0.998660
v -0.990500 -5.983780 -0.863620
v -0.483780 -2.849900 -0.994440
v -0.952360 -5.989440 -0.851640
v -0.445640 -2.855580 -0.982460
v -0.917200 -5.994320 -0.832380
v -0.410480 -2.860440 -0.963220
v -0.886380 -5.998220 -0.806580
v -0.379660 -2.864360 -0.937400
v -0.861080 -6.001000 -0.775220
v -0.354360 -2.867140 -0.906060
v -0.842300 -6.002560 -0.739519
v -0.335580 -2.868680 -0.870340
v -0.830720 -6.002820 -0.700840
v -0.324000 -2.868940 -0.831660
v -0.826820 -6.001760 -0.660659
v -0.320100 -2.867900 -0.791480
v -0.830720 -5.999460 -0.620520
v -0.324000 -2.865580 -0.751360
v -0.842300 -5.995980 -0.582000
v -0.335580 -2.862100 -0.712820
v -0.861080 -5.991460 -0.546539
v -0.354360 -2.857600 -0.677360
v -0.886380 -5.986080 -0.515520
v -0.379660 -2.852200 -0.646340
v -0.917200 -5.980040 -0.490140
v -0.410480 -2.846160 -0.620960
v -0.952360 -5.973560 -0.471360
v -0.445640 -2.839700 -0.602180
v -0.990500 -5.966920 -0.459900
v -0.483780 -2.833040 -0.590720
v -1.030180 -5.960360 -0.456220
v -0.523460 -2.826480 -0.587040
v -1.069840 -5.954120 -0.460440
v -0.563120 -2.820240 -0.591260
v -1.108000 -5.948440 -0.472400
v -0.601280 -2.814580 -0.603220
v -1.143140 -5.943560 -0.491660
v -0.636420 -2.809700 -0.622480
v -1.173960 -5.939660 -0.517460
v -0.667240 -2.805780 -0.648280
v -1.199260 -5.936880 -0.548820
v -0.692540 -2.803000 -0.679640
v -1.218040 -5.935340 -0.584520
v -0.711320 -2.801460 -0.715360
v -1.229620 -5.935080 -0.623219
v -0.722900 -2.801200 -0.754040
v -1.233520 -5.936120 -0.663400
v -0.726800 -2.802240 -0.794220
v -1.229620 -5.938420 -0.703520
v -0.722900 -2.804560 -0.834340
v -1.218040 -5.941920 -0.742040
v -0.711320 -2.808040 -0.872880
v -1.199260 -5.946420 -0.777499
v -0.692540 -2.812560 -0.908320
v -1.173960 -5.951820 -0.808520
v -0.667240 -2.817940 -0.939340
v -1.143140 -5.957860 -0.833899
v -0.636420 -2.823980 -0.964740
v -1.108000 -5.964320 -0.852700
v -0.601280 -2.830440 -0.983520
v -1.069840 -5.970980 -0.864140
v -0.563120 -2.837100 -0.994980
v -0.990100 -5.979500 -0.759660
v -0.972000 -5.982020 -0.749740
v -0.956120 -5.984020 -0.736460
v -0.943100 -5.985460 -0.720320
v -0.933440 -5.986260 -0.701920
v -0.927480 -5.986380 -0.682000
v -0.925460 -5.985840 -0.661320
v -0.927480 -5.984660 -0.640660
v -0.933440 -5.982860 -0.620820
v -0.943100 -5.980540 -0.602560
v -0.956120 -5.977780 -0.586580
v -0.972000 -5.974660 -0.573520
v -0.990100 -5.971320 -0.563840
v -1.009740 -5.967900 -0.557940
v -1.030180 -5.964520 -0.556040
v -1.050600 -5.961320 -0.558220
v -1.070240 -5.958380 -0.564380
v -1.088340 -5.955880 -0.574300
v -1.104220 -5.953860 -0.587580
v -1.117240 -5.952440 -0.603740
v -1.126920 -5.951640 -0.622120
v -1.132860 -5.951500 -0.642040
v -1.134880 -5.952040 -0.662719
v -1.132860 -5.953240 -0.683380
v -1.126920 -5.955020 -0.703220
v -1.117240 -5.957360 -0.721480
v -1.104220 -5.960120 -0.737460
v -1.088340 -5.963240 -0.750520
v -1.070240 -5.966560 -0.760200
v -1.050600 -5.969980 -0.766100
v -1.630120 -9.742900 -0.696559
v -1.650640 -9.741660 -0.698699
v -1.610380 -9.746560 -0.690419
v -1.592200 -9.748520 -0.680519
v -1.576260 -9.750040 -0.667259
v -1.563180 -9.751081 -0.651119
v -1.553460 -9.751579 -0.632759
v -1.547480 -9.751520 -0.612839
v -1.545460 -9.750920 -0.592159
v -1.547480 -9.749800 -0.571479
v -1.553460 -9.748200 -0.551639
v -1.563180 -9.746160 -0.533379
v -1.576260 -9.743780 -0.517379
v -1.592200 -9.741160 -0.504299
v -1.610380 -9.738379 -0.494599
v -1.630120 -9.735559 -0.488679
v -1.650640 -9.732800 -0.486739
v -1.671160 -9.730220 -0.488899
v -1.690880 -9.727900 -0.495039
v -1.709060 -9.725941 -0.504919
v -1.725000 -9.724420 -0.518199
v -1.738080 -9.723380 -0.534319
v -1.747800 -9.722880 -0.552699
v -1.753800 -9.722939 -0.572599
v -1.755820 -9.723540 -0.593299
v -1.753800 -9.724660 -0.613959
v -1.747800 -9.726280 -0.633799
v -1.738080 -9.728300 -0.652079
v -1.725000 -9.730680 -0.668059
v -1.709060 -9.733300 -0.681159
v -1.690880 -9.736080 -0.690859
v -1.671160 -9.738900 -0.696779
v -0.123960 -0.847300 -0.899780
v -0.144320 -0.843620 -0.901800
v -0.104380 -0.850840 -0.893740
v -0.086340 -0.854100 -0.883940
v -0.070520 -0.856960 -0.870740
v -0.057540 -0.859300 -0.854680
v -0.047880 -0.861040 -0.836340
v -0.041940 -0.862120 -0.816440
v -0.039940 -0.862480 -0.795740
v -0.041940 -0.862120 -0.775040
v -0.047880 -0.861040 -0.755160
v -0.057540 -0.859300 -0.736820
v -0.070520 -0.856960 -0.720740
v -0.086340 -0.854100 -0.707540
v -0.104380 -0.850840 -0.697740
v -0.123960 -0.847300 -0.691720
v -0.144320 -0.843620 -0.689680
v -0.164680 -0.839960 -0.691720
v -0.184260 -0.836420 -0.697740
v -0.202320 -0.833160 -0.707540
v -0.218120 -0.830300 -0.720740
v -0.231120 -0.827960 -0.736820
v -0.240760 -0.826220 -0.755160
v -0.246700 -0.825140 -0.775040
v -0.248700 -0.824780 -0.795740
v -0.246700 -0.825140 -0.816440
v -0.240760 -0.826220 -0.836340
v -0.231120 -0.827960 -0.854680
v -0.218120 -0.830300 -0.870740
v -0.202320 -0.833160 -0.883940
v -0.184260 -0.836420 -0.893740
v -0.164680 -0.839960 -0.899780
v -1.451320 -8.185400 0.152801
v -1.732940 -9.035379 0.394021
v -1.477500 -8.178100 0.147921
v -1.759120 -9.028080 0.389141
v -1.502700 -8.172580 0.138001
v -1.784300 -9.022560 0.379221
v -1.525900 -8.169001 0.123461
v -1.807520 -9.019000 0.364681
v -1.546240 -8.167561 0.104841
v -1.827860 -9.017540 0.346061
v -1.562940 -8.168260 0.082841
v -1.844560 -9.018240 0.324061
v -1.575360 -8.171121 0.058321
v -1.856960 -9.021100 0.299541
v -1.583000 -8.175980 0.032221
v -1.864600 -9.025960 0.273441
v -1.585580 -8.182700 0.005561
v -1.867180 -9.032680 0.246781
v -1.583000 -8.191000 -0.020659
v -1.864600 -9.040979 0.220561
v -1.575360 -8.200561 -0.045439
v -1.856960 -9.050540 0.195781
v -1.562940 -8.211020 -0.067779
v -1.844560 -9.061000 0.173421
v -1.546240 -8.221960 -0.086879
v -1.827860 -9.071940 0.154341
v -1.525900 -8.232980 -0.101959
v -1.807520 -9.082960 0.139261
v -1.502700 -8.243660 -0.112479
v -1.784300 -9.093639 0.128741
v -1.477500 -8.253560 -0.117999
v -1.759120 -9.103559 0.123221
v -1.451320 -8.262340 -0.118319
v -1.732940 -9.112320 0.122901
v -1.425120 -8.269620 -0.113439
v -1.706740 -9.119619 0.127781
v -1.399940 -8.275160 -0.103539
v -1.681560 -9.125139 0.137681
v -1.376720 -8.278720 -0.088979
v -1.658340 -9.128700 0.152241
v -1.356380 -8.280180 -0.070359
v -1.638000 -9.130160 0.170861
v -1.339680 -8.279460 -0.048359
v -1.621300 -9.129459 0.192861
v -1.327280 -8.276620 -0.023839
v -1.608900 -9.126600 0.217381
v -1.319640 -8.271740 0.002261
v -1.601260 -9.121740 0.243461
v -1.317060 -8.265039 0.028921
v -1.598680 -9.115020 0.270141
v -1.319640 -8.256740 0.055141
v -1.601260 -9.106720 0.296361
v -1.327280 -8.247180 0.079901
v -1.608900 -9.097160 0.321121
v -1.339680 -8.236720 0.102261
v -1.621300 -9.086700 0.343481
v -1.356380 -8.225780 0.121361
v -1.638000 -9.075760 0.362581
v -1.376720 -8.214760 0.136441
v -1.658340 -9.064740 0.377661
v -1.399940 -8.204080 0.146941
v -1.681560 -9.054060 0.388161
v -1.425120 -8.194160 0.152481
v -1.706740 -9.044160 0.393701
v -1.732940 -9.049900 0.342861
v -1.749240 -9.045361 0.339821
v -1.764920 -9.041920 0.333661
v -1.779380 -9.039700 0.324601
v -1.792040 -9.038780 0.313001
v -1.802440 -9.039220 0.299301
v -1.810160 -9.041000 0.284041
v -1.814920 -9.044040 0.267781
v -1.816520 -9.048220 0.251181
v -1.814920 -9.053380 0.234861
v -1.810160 -9.059340 0.219441
v -1.802440 -9.065840 0.205521
v -1.792040 -9.072660 0.193621
v -1.779380 -9.079520 0.184241
v -1.764920 -9.086180 0.177701
v -1.749240 -9.092340 0.174261
v -1.732940 -9.097800 0.174061
v -1.716620 -9.102340 0.177101
v -1.700940 -9.105780 0.183261
v -1.686480 -9.108000 0.192321
v -1.673820 -9.108900 0.203921
v -1.663420 -9.108480 0.217621
v -1.655700 -9.106700 0.232881
v -1.650940 -9.103660 0.249121
v -1.649340 -9.099480 0.265741
v -1.650940 -9.094320 0.282061
v -1.655700 -9.088360 0.297481
v -1.663420 -9.081861 0.311401
v -1.673820 -9.075040 0.323281
v -1.686480 -9.068180 0.332681
v -1.700940 -9.061520 0.339221
v -1.716620 -9.055360 0.342661
v -1.942480 -9.670580 0.543941
v -1.958800 -9.666040 0.540881
v -1.974480 -9.662580 0.534721
v -1.988920 -9.660379 0.525661
v -2.001600 -9.659460 0.514061
v -2.012000 -9.659900 0.500381
v -2.019720 -9.661680 0.485101
v -2.024480 -9.664721 0.468861
v -2.026080 -9.668900 0.452261
v -2.024480 -9.674060 0.435921
v -2.019720 -9.680020 0.420501
v -2.012000 -9.686520 0.406581
v -2.001600 -9.693340 0.394701
v -1.988920 -9.700200 0.385301
v -1.974480 -9.706840 0.378761
v -1.958800 -9.713019 0.375321
v -1.942480 -9.718480 0.375121
v -1.926180 -9.723021 0.378161
v -1.910500 -9.726460 0.384321
v -1.896040 -9.728681 0.393381
v -1.883380 -9.729600 0.404981
v -1.872980 -9.729139 0.418681
v -1.865260 -9.727381 0.433941
v -1.860500 -9.724339 0.450201
v -1.858900 -9.720160 0.466801
v -1.860500 -9.715000 0.483121
v -1.865260 -9.709040 0.498541
v -1.872980 -9.702540 0.512461
v -1.883380 -9.695720 0.524361
v -1.896040 -9.688860 0.533741
v -1.910500 -9.682199 0.540281
v -1.926180 -9.676040 0.543721
v -1.712440 -10.005501 0.985361
v -1.711160 -9.982340 0.986961
v -2.475300 -10.063120 0.587101
v -1.950520 -9.959320 0.839921
v -2.477320 -10.094060 0.586281
v -1.949820 -9.995220 0.832401
v -2.483760 -10.126600 0.597401
v -1.954060 -10.032620 0.836501
v -2.494360 -10.159520 0.620021
v -1.963040 -10.070040 0.852101
v -2.508740 -10.191540 0.653281
v -1.976440 -10.106079 0.878601
v -2.526340 -10.221439 0.695901
v -1.993720 -10.139340 0.914941
v -2.546460 -10.248060 0.746221
v -2.014240 -10.168541 0.959761
v -2.568360 -10.270380 0.802341
v -2.037200 -10.192539 1.011341
v -2.591160 -10.287540 0.862081
v -2.061720 -10.210461 1.067661
v -2.614020 -10.298900 0.923161
v -2.086860 -10.221581 1.126601
v -2.636040 -10.303980 0.983201
v -2.111640 -10.225479 1.185881
v -2.656380 -10.302640 1.039941
v -2.135140 -10.222000 1.243201
v -2.674260 -10.294880 1.091181
v -2.156420 -10.211300 1.296381
v -2.689000 -10.281039 1.134921
v -2.174680 -10.193760 1.343381
v -2.700020 -10.261621 1.169541
v -2.189220 -10.170079 1.382381
v -2.706900 -10.237380 1.193661
v -2.199460 -10.141161 1.411881
v -2.709380 -10.209260 1.206361
v -2.205040 -10.108120 1.430761
v -2.707360 -10.178320 1.207181
v -2.205740 -10.072201 1.438281
v -2.700920 -10.145780 1.196061
v -2.201500 -10.034820 1.434161
v -2.690300 -10.112860 1.173441
v -2.192520 -9.997379 1.418561
v -2.675920 -10.080841 1.140181
v -2.179120 -9.961340 1.392081
v -2.658340 -10.050941 1.097561
v -2.161840 -9.928080 1.355721
v -2.638200 -10.024320 1.047241
v -2.141320 -9.898900 1.310901
v -2.616320 -10.002001 0.991121
v -2.118360 -9.874880 1.259341
v -2.593500 -9.984840 0.931381
v -2.093840 -9.856960 1.203001
v -2.570660 -9.973480 0.870301
v -2.068700 -9.845860 1.144081
v -2.548640 -9.968400 0.810261
v -2.043900 -9.841960 1.084801
v -2.528280 -9.969760 0.753521
v -2.020420 -9.845420 1.027481
v -2.510400 -9.977500 0.702281
v -1.999140 -9.856140 0.974301
v -2.495680 -9.991340 0.658521
v -1.980880 -9.873660 0.927301
v -2.484660 -10.010759 0.623921
v -1.966340 -9.897340 0.888301
v -2.477780 -10.035000 0.599801
v -1.956080 -9.926260 0.858801
v -1.717640 -10.031281 0.994241
v -1.726600 -10.058700 1.013241
v -1.738960 -10.086660 1.041641
v -1.754220 -10.114141 1.078361
v -1.771820 -10.140060 1.121961
v -1.791080 -10.163440 1.170801
v -1.811260 -10.183361 1.222981
v -1.831580 -10.199060 1.276481
v -1.851260 -10.209940 1.329281
v -1.869540 -10.215580 1.379341
v -1.885720 -10.215760 1.424721
v -1.899180 -10.210500 1.463701
v -1.909400 -10.199961 1.494761
v -1.916000 -10.184560 1.516721
v -1.918720 -10.164920 1.528721
v -1.917440 -10.141760 1.530321
v -1.912220 -10.115980 1.521461
v -1.903260 -10.088579 1.502441
v -1.890920 -10.060600 1.474041
v -1.875640 -10.033120 1.437341
v -1.858040 -10.007200 1.393721
v -1.838780 -9.983820 1.344901
v -1.818600 -9.963900 1.292721
v -1.798280 -9.948200 1.239201
v -1.778600 -9.937320 1.186401
v -1.760320 -9.931680 1.136341
v -1.744140 -9.931499 1.090961
v -1.730680 -9.936780 1.051981
v -1.720460 -9.947300 1.020921
v -1.713860 -9.962700 0.998961
v -2.785760 -10.199539 0.628801
v -2.779400 -10.219740 0.626901
v -2.775760 -10.240820 0.631801
v -2.774960 -10.261940 0.643341
v -2.777020 -10.282320 0.661041
v -2.781880 -10.301160 0.684261
v -2.789360 -10.317720 0.712081
v -2.799160 -10.331400 0.743441
v -2.810900 -10.341640 0.777121
v -2.824120 -10.348061 0.811861
v -2.838340 -10.350439 0.846301
v -2.853000 -10.348639 0.879101
v -2.867540 -10.342760 0.909041
v -2.881380 -10.333000 0.934961
v -2.894020 -10.319780 0.955841
v -2.904960 -10.303560 0.970881
v -2.913760 -10.285000 0.979541
v -2.920120 -10.264799 0.981441
v -2.923760 -10.243720 0.976541
v -2.924580 -10.222580 0.965001
v -2.922500 -10.202219 0.947301
v -2.917640 -10.183380 0.924081
v -2.910160 -10.166821 0.896261
v -2.900360 -10.153140 0.864901
v -2.888620 -10.142900 0.831221
v -2.875400 -10.136460 0.796481
v -2.861180 -10.134100 0.762041
v -2.846520 -10.135900 0.729221
v -2.831980 -10.141781 0.699281
v -2.818140 -10.151520 0.673381
v -2.805500 -10.164761 0.652501
v -2.794560 -10.180960 0.637461
v -1.403440 -8.147880 -0.255019
v -1.492400 -9.038860 -0.496239
v -1.430600 -8.146480 -0.250139
v -1.519540 -9.037479 -0.491359
v -1.456380 -8.146600 -0.240239
v -1.545340 -9.037580 -0.481459
v -1.479800 -8.148180 -0.225679
v -1.568760 -9.039181 -0.466899
v -1.499980 -8.151220 -0.207059
v -1.588940 -9.042220 -0.448279
v -1.516120 -8.155560 -0.185059
v -1.605080 -9.046560 -0.426279
v -1.527600 -8.161060 -0.160539
v -1.616560 -9.052040 -0.401759
v -1.534000 -8.167480 -0.134459
v -1.622940 -9.058480 -0.375679
v -1.535040 -8.174600 -0.107779
v -1.624000 -9.065579 -0.348999
v -1.530700 -8.182119 -0.081559
v -1.619660 -9.073120 -0.322779
v -1.521160 -8.189780 -0.056799
v -1.610120 -9.080780 -0.298019
v -1.506780 -8.197280 -0.034439
v -1.595720 -9.088260 -0.275659
v -1.488080 -8.204300 -0.015339
v -1.577040 -9.095300 -0.256559
v -1.465820 -8.210620 -0.000259
v -1.554780 -9.101600 -0.241479
v -1.440840 -8.215961 0.010241
v -1.529800 -9.106940 -0.230979
v -1.414100 -8.220120 0.015761
v -1.503040 -9.111120 -0.225439
v -1.386620 -8.222960 0.016101
v -1.475580 -9.113940 -0.225119
v -1.359460 -8.224340 0.011221
v -1.448420 -9.115340 -0.229999
v -1.333680 -8.224240 0.001301
v -1.422640 -9.115220 -0.239919
v -1.310240 -8.222640 -0.013239
v -1.399200 -9.113620 -0.254459
v -1.290080 -8.219600 -0.031879
v -1.379040 -9.110600 -0.273079
v -1.273940 -8.215260 -0.053859
v -1.362900 -9.106260 -0.295079
v -1.262460 -8.209761 -0.078379
v -1.351420 -9.100760 -0.319599
v -1.256060 -8.203341 -0.104479
v -1.345020 -9.094340 -0.345699
v -1.255020 -8.196219 -0.131139
v -1.343980 -9.087220 -0.372359
v -1.259340 -8.188700 -0.157359
v -1.348300 -9.079679 -0.398579
v -1.268900 -8.181040 -0.182139
v -1.357840 -9.072020 -0.423359
v -1.283280 -8.173540 -0.204499
v -1.372240 -9.064540 -0.445699
v -1.301980 -8.166520 -0.223579
v -1.390920 -9.057500 -0.464799
v -1.324240 -8.160200 -0.238659
v -1.413200 -9.051200 -0.479879
v -1.349220 -8.154860 -0.249179
v -1.438180 -9.045860 -0.490399
v -1.375960 -8.150700 -0.254699
v -1.464920 -9.041699 -0.495919
v -1.489220 -9.053020 -0.445079
v -1.506120 -9.052160 -0.442039
v -1.522180 -9.052240 -0.435879
v -1.536780 -9.053220 -0.426819
v -1.549340 -9.055120 -0.415219
v -1.559380 -9.057819 -0.401519
v -1.566520 -9.061240 -0.386259
v -1.570500 -9.065240 -0.370019
v -1.571160 -9.069660 -0.353399
v -1.568460 -9.074360 -0.337079
v -1.562520 -9.079121 -0.321659
v -1.553560 -9.083799 -0.307739
v -1.541920 -9.088160 -0.295859
v -1.528060 -9.092100 -0.286459
v -1.512500 -9.095420 -0.279919
v -1.495860 -9.098021 -0.276479
v -1.478740 -9.099780 -0.276279
v -1.461840 -9.100639 -0.279319
v -1.445780 -9.100580 -0.285479
v -1.431200 -9.099580 -0.294539
v -1.418640 -9.097700 -0.306139
v -1.408580 -9.094980 -0.319839
v -1.401440 -9.091560 -0.335099
v -1.397460 -9.087561 -0.351359
v -1.396800 -9.083139 -0.367959
v -1.399500 -9.078440 -0.384279
v -1.405440 -9.073680 -0.399699
v -1.414400 -9.069020 -0.413619
v -1.426040 -9.064640 -0.425519
v -1.439900 -9.060699 -0.434899
v -1.455460 -9.057380 -0.441439
v -1.472120 -9.054800 -0.444879
v -1.558000 -9.704500 -0.646159
v -1.574900 -9.703640 -0.643119
v -1.590960 -9.703700 -0.636939
v -1.605540 -9.704700 -0.627899
v -1.618100 -9.706600 -0.616299
v -1.628140 -9.709300 -0.602599
v -1.635300 -9.712720 -0.587339
v -1.639280 -9.716720 -0.571079
v -1.639940 -9.721140 -0.554479
v -1.637240 -9.725840 -0.538159
v -1.631300 -9.730600 -0.522739
v -1.622320 -9.735260 -0.508819
v -1.610700 -9.739639 -0.496919
v -1.596840 -9.743580 -0.487539
v -1.581280 -9.746901 -0.480979
v -1.564620 -9.749500 -0.477559
v -1.547520 -9.751261 -0.477339
v -1.530620 -9.752120 -0.480379
v -1.514560 -9.752060 -0.486559
v -1.499960 -9.751060 -0.495619
v -1.487400 -9.749180 -0.507219
v -1.477360 -9.746460 -0.520899
v -1.470200 -9.743040 -0.536179
v -1.466240 -9.739040 -0.552419
v -1.465580 -9.734620 -0.569019
v -1.468280 -9.729920 -0.585359
v -1.474220 -9.725160 -0.600779
v -1.483180 -9.720500 -0.614699
v -1.494820 -9.716120 -0.626579
v -1.508680 -9.712180 -0.635979
v -1.524240 -9.708860 -0.642519
v -1.540880 -9.706280 -0.645959
v -0.545220 0.425800 -0.570580
v -0.565940 0.334060 -0.543760
v -0.586640 0.249520 -0.499180
v -0.606520 0.175420 -0.438520
v -0.624800 0.114600 -0.364140
v -0.640780 0.069400 -0.278900
v -0.653860 0.041580 -0.186060
v -0.663540 0.032180 -0.089200
v -0.669420 0.041580 0.007960
v -0.671300 0.069400 0.101700
v -0.669100 0.114600 0.188400
v -0.662900 0.175420 0.264740
v -0.652940 0.249520 0.327780
v -0.639620 0.334060 0.375100
v -0.623420 0.425800 0.404880
v 0.722400 0.242200 -0.474240
v 0.702600 0.147560 -0.466300
v 0.682040 0.056560 -0.439700
v 0.661500 -0.027320 -0.395460
v 0.641780 -0.100840 -0.335300
v 0.623640 -0.161160 -0.261500
v 0.607780 -0.206000 -0.176940
v 0.594800 -0.233600 -0.084840
v 0.585220 -0.242920 0.011240
v 0.579380 -0.233600 0.107640
v 0.577520 -0.206000 0.200620
v 0.579700 -0.161160 0.286640
v 0.585840 -0.100840 0.362380
v 0.595720 -0.027320 0.424900
v 0.608960 0.056560 0.471840
v 0.625020 0.147560 0.501380
v 0.643300 0.242200 0.512400
v 0.663120 0.336840 0.504440
v 0.683680 0.427840 0.477840
v 0.740700 0.336840 -0.463240
v -0.356580 0.387580 -0.555460
v -0.377320 0.295840 -0.528640
v -0.398020 0.211300 -0.484060
v -0.417900 0.137200 -0.423400
v -0.436180 0.076380 -0.349020
v -0.452160 0.031200 -0.263780
v -0.465240 0.003380 -0.170940
v -0.474920 -0.006020 -0.074080
v -0.480800 0.003380 0.023080
v -0.482680 0.031200 0.116820
v -0.480480 0.076380 0.203520
v -0.474280 0.137200 0.279860
v -0.464320 0.211300 0.342900
v -0.450980 0.295840 0.390220
v -0.434800 0.387580 0.420000
v 0.463280 0.294680 -0.495020
v 0.443460 0.200040 -0.487060
v 0.422900 0.109040 -0.460460
v 0.402360 0.025180 -0.416240
v 0.382660 -0.048340 -0.356060
v 0.364520 -0.108680 -0.282280
v 0.348660 -0.153500 -0.197720
v 0.335680 -0.181100 -0.105620
v 0.326080 -0.190420 -0.009520
v 0.320240 -0.181100 0.086860
v 0.318380 -0.153500 0.179860
v 0.320580 -0.108680 0.265860
v 0.326720 -0.048340 0.341600
v 0.336600 0.025180 0.404140
v 0.349820 0.109040 0.451080
v 0.365880 0.200040 0.480620
v 0.384180 0.294680 0.491620
v 0.403980 0.389320 0.483660
v 0.424560 0.480320 0.457060
v 0.481560 0.389320 -0.484020
v -0.358700 0.399660 -0.498660
v -0.376880 0.319220 -0.475140
v -0.395020 0.245080 -0.436040
v -0.412460 0.180080 -0.382860
v -0.428480 0.126760 -0.317620
v -0.442520 0.087120 -0.242880
v -0.453980 0.062720 -0.161460
v -0.462460 0.054480 -0.076500
v -0.467620 0.062720 0.008700
v -0.469280 0.087120 0.090920
v -0.467340 0.126760 0.166960
v -0.461900 0.180080 0.233900
v -0.453180 0.245080 0.289180
v -0.441480 0.319220 0.330680
v -0.427280 0.399660 0.356800
v -0.487960 0.341720 -0.484060
v -0.506120 0.267580 -0.444940
v -0.523540 0.202600 -0.391760
v -0.539580 0.149260 -0.326540
v -0.553600 0.109620 -0.251780
v -0.565080 0.085220 -0.170360
v -0.573560 0.076980 -0.085420
v -0.578720 0.085220 -0.000200
v -0.580360 0.109620 0.082000
v -0.578440 0.149260 0.158040
v -0.573000 0.202600 0.225000
v -0.564260 0.267580 0.280280
v -0.552580 0.341720 0.321780
v -0.538360 0.422180 0.347900
v 0.466640 0.293540 -0.446880
v 0.448840 0.208560 -0.439740
v 0.430380 0.126840 -0.415860
v 0.411940 0.051540 -0.376140
v 0.394240 -0.014460 -0.322120
v 0.377960 -0.068640 -0.255860
v 0.363720 -0.108900 -0.179920
v 0.352060 -0.133680 -0.097240
v 0.343440 -0.142040 -0.010960
v 0.338200 -0.133680 0.075600
v 0.336540 -0.108900 0.159100
v 0.338500 -0.068640 0.236320
v 0.344020 -0.014460 0.304320
v 0.352880 0.051540 0.360480
v 0.364760 0.126840 0.402620
v 0.379180 0.208560 0.429140
v 0.395600 0.293540 0.439040
v 0.413400 0.378520 0.431900
v 0.431860 0.460220 0.408000
v 0.483060 0.378520 -0.437000
v 0.604380 0.265640 -0.435840
v 0.586600 0.180660 -0.428700
v 0.568140 0.098940 -0.404800
v 0.549700 0.023640 -0.365080
v 0.532000 -0.042380 -0.311060
v 0.515700 -0.096540 -0.244820
v 0.501460 -0.136800 -0.168880
v 0.489820 -0.161580 -0.086200
v 0.481200 -0.169960 0.000100
v 0.475960 -0.161580 0.086640
v 0.474280 -0.136800 0.170140
v 0.476240 -0.096540 0.247360
v 0.481760 -0.042380 0.315360
v 0.490640 0.023640 0.371520
v 0.502520 0.098940 0.413660
v 0.516940 0.180660 0.440200
v 0.533360 0.265640 0.450080
v 0.551140 0.350620 0.442940
v 0.569620 0.432320 0.419040
v 0.588060 0.507620 0.379320
v 0.605760 0.573640 0.325300
v 0.622040 0.627800 0.259060
v 0.636280 0.668060 0.183120
v 0.647940 0.692840 0.100420
v 0.656540 0.701220 0.014140
v 0.661800 0.692840 -0.072400
v 0.663460 0.668060 -0.155900
v 0.661500 0.627800 -0.233120
v 0.655980 0.573640 -0.301120
v 0.647100 0.507620 -0.357280
v 0.635240 0.432320 -0.399420
v 0.620800 0.350600 -0.425960
vn -0.5332 0.0406 -0.8450
vn 0.8905 -0.2199 -0.3984
vn 0.6990 -0.2749 -0.6602
vn -0.5503 -0.0358 -0.8342
vn 0.7570 -0.3158 -0.5720
vn 0.6381 -0.2726 -0.7201
vn 0.6059 -0.4166 -0.6777
vn 0.5626 -0.4225 -0.7106
vn -0.5841 -0.1833 -0.7907
vn 0.6688 -0.4088 -0.6210
vn 0.6386 -0.5321 -0.5560
vn -0.6179 -0.3190 -0.7186
vn 0.6096 -0.6402 -0.4675
vn -0.6506 -0.4377 -0.6206
vn 0.5829 -0.7290 -0.3589
vn -0.6807 -0.5347 -0.5008
vn 0.5596 -0.7949 -0.2346
vn -0.7072 -0.6064 -0.3636
vn 0.5405 -0.8355 -0.0991
vn -0.7289 -0.6501 -0.2145
vn 0.5263 -0.8492 0.0422
vn -0.7452 -0.6642 -0.0593
vn 0.5178 -0.8355 0.1840
vn -0.7553 -0.6482 0.0961
vn 0.5150 -0.7949 0.3207
vn -0.7590 -0.6029 0.2458
vn 0.5183 -0.7289 0.4473
vn -0.7560 -0.5301 0.3840
vn 0.5273 -0.6402 0.5586
vn -0.7466 -0.4324 0.5055
vn 0.5419 -0.5321 0.6506
vn -0.7312 -0.3138 0.6057
vn 0.5613 -0.4088 0.7196
vn -0.7101 -0.1788 0.6810
vn 0.5849 -0.2749 0.7631
vn -0.6844 -0.0324 0.7284
vn 0.6118 -0.1357 0.7793
vn -0.6550 0.1198 0.7461
vn 0.8338 -0.1294 0.5366
vn -0.6406 0.1965 0.7423
vn 0.9556 -0.2169 -0.1993
vn 0.6510 -0.1979 -0.7329
vn -0.5877 -0.0225 -0.8088
vn -0.6202 -0.1646 -0.7670
vn 0.5742 -0.5492 -0.6073
vn 0.5257 -0.5611 -0.6393
vn 0.5439 -0.6651 -0.5117
vn 0.4908 -0.6830 -0.5410
vn 0.5163 -0.7600 -0.3946
vn 0.4590 -0.7831 -0.4195
vn 0.4925 -0.8303 -0.2607
vn 0.4317 -0.8575 -0.2797
vn 0.4732 -0.8734 -0.1153
vn 0.4101 -0.9032 -0.1271
vn 0.4594 -0.8875 0.0362
vn 0.3949 -0.9182 0.0322
vn 0.4514 -0.8723 0.1879
vn 0.3867 -0.9021 0.1917
vn 0.4497 -0.8284 0.3339
vn 0.3859 -0.8555 0.3452
vn 0.4541 -0.7577 0.4687
vn 0.3925 -0.7806 0.4864
vn 0.4646 -0.6628 0.5872
vn 0.4061 -0.6804 0.6100
vn 0.4807 -0.5474 0.6850
vn 0.4263 -0.5591 0.7111
vn 0.5019 -0.4159 0.7584
vn 0.4521 -0.4215 0.7861
vn 0.5272 -0.2733 0.8046
vn 0.4825 -0.2731 0.8322
vn 0.3294 -0.0921 0.9397
vn 0.4882 -0.1933 0.8510
vn -0.5688 0.0501 -0.8209
vn -0.6748 -0.0624 -0.7353
vn -0.6773 -0.1317 -0.7239
vn -0.6529 -0.2953 -0.6975
vn -0.6844 -0.4095 -0.6033
vn -0.7135 -0.5029 -0.4879
vn -0.7391 -0.5720 -0.3558
vn -0.7602 -0.6141 -0.2123
vn -0.7760 -0.6276 -0.0628
vn -0.7859 -0.6122 0.0869
vn -0.7895 -0.5686 0.2310
vn -0.7867 -0.4984 0.3641
vn -0.7778 -0.4044 0.4812
vn -0.7629 -0.2902 0.5777
vn -0.7427 -0.1601 0.6502
vn -0.7180 -0.0191 0.6958
vn -0.6897 0.1274 0.7128
vn -0.6703 0.2003 0.7146
vn -0.7102 -0.2520 -0.6573
vn -0.7415 -0.3567 -0.5683
vn -0.7698 -0.4420 -0.4604
vn -0.7942 -0.5052 -0.3377
vn -0.8138 -0.5438 -0.2048
vn -0.8280 -0.5568 -0.0664
vn -0.8362 -0.5437 0.0724
vn -0.8381 -0.5048 0.2067
vn -0.8337 -0.4417 0.3316
vn -0.8230 -0.3563 0.4425
vn -0.8064 -0.2516 0.5352
vn -0.7845 -0.1314 0.6061
vn -0.5277 -0.0840 0.8452
vn -0.1048 -0.0948 0.9900
vn -0.7119 0.4009 0.5766
vn -0.7212 0.3395 0.6038
vn -0.0602 0.0960 0.9936
vn 0.2946 -0.7543 -0.5868
vn 0.2958 -0.8410 -0.4531
vn -0.3813 -0.7451 -0.5472
vn -0.3890 -0.6761 -0.6257
vn -0.1537 0.8396 0.5211
vn -0.2042 0.7512 0.6277
vn 0.6099 0.4118 0.6771
vn 0.6525 0.4567 0.6047
vn 0.0875 0.2601 -0.9616
vn 0.4418 0.3174 -0.8391
vn 0.4858 -0.0580 -0.8722
vn 0.1758 -0.0878 -0.9805
vn 0.2862 -0.8970 -0.3369
vn -0.3837 -0.7912 -0.4762
vn -0.2618 0.6145 0.7442
vn 0.5520 0.3357 0.7633
vn 0.4754 -0.3795 -0.7937
vn 0.2397 -0.3966 -0.8862
vn 0.2680 -0.9346 -0.2340
vn -0.3935 -0.8223 -0.4110
vn -0.0712 0.9400 0.3336
vn -0.1099 0.8988 0.4244
vn 0.6841 0.4865 0.5434
vn 0.7084 0.5092 0.4888
vn 0.4366 -0.6001 -0.6703
vn 0.2780 -0.6156 -0.7374
vn 0.2416 -0.9604 -0.1390
vn -0.4106 -0.8422 -0.3495
vn -0.0365 0.9686 0.2459
vn 0.7280 0.5287 0.4365
vn 0.3908 -0.7397 -0.5479
vn 0.2061 -0.9774 -0.0470
vn -0.4347 -0.8529 -0.2891
vn -0.0029 0.9877 0.1561
vn 0.7446 0.5466 0.3830
vn 0.3456 -0.8291 -0.4394
vn 0.1599 -0.9860 0.0471
vn -0.4670 -0.8545 -0.2273
vn 0.0313 0.9977 0.0605
vn 0.7601 0.5629 0.3246
vn 0.3016 -0.8894 -0.3437
vn 0.0996 -0.9839 0.1486
vn -0.5092 -0.8454 -0.1613
vn 0.0694 0.9965 -0.0461
vn 0.7764 0.5758 0.2564
vn 0.2575 -0.9315 -0.2570
vn 0.0202 -0.9643 0.2639
vn -0.5636 -0.8214 -0.0878
vn 0.1155 0.9787 -0.1700
vn 0.7955 0.5808 0.1730
vn 0.2120 -0.9615 -0.1749
vn -0.0847 -0.9130 0.3990
vn -0.6337 -0.7736 -0.0042
vn 0.1754 0.9315 -0.3186
vn 0.8198 0.5687 0.0668
vn 0.1633 -0.9822 -0.0925
vn -0.2200 -0.8025 0.5546
vn -0.7226 -0.6856 0.0886
vn 0.2548 0.8297 -0.4966
vn 0.8507 0.5210 -0.0698
vn 0.1101 -0.9939 -0.0051
vn -0.5233 -0.2191 -0.8235
vn -0.6046 -0.0092 -0.7965
vn 0.3518 0.6330 -0.6896
vn 0.8857 0.4029 -0.2308
vn 0.0503 -0.9944 0.0932
vn -0.3746 -0.5961 0.7102
vn -0.8253 -0.5365 0.1762
vn 0.9215 -0.0866 -0.3787
vn 0.9024 -0.3017 -0.3075
vn -0.0182 -0.9776 0.2099
vn -0.5109 -0.2842 0.8113
vn -0.9176 -0.3254 0.2283
vn 0.8728 -0.4375 -0.2163
vn -0.0981 -0.9300 0.3543
vn -0.5890 0.0714 0.8050
vn -0.9711 -0.0973 0.2178
vn 0.8437 -0.5198 -0.1343
vn -0.1905 -0.8244 0.5330
vn -0.6021 0.3731 0.7059
vn -0.9832 0.0881 0.1597
vn 0.8168 -0.5731 -0.0659
vn -0.2859 -0.6184 0.7320
vn -0.5757 0.5807 0.5756
vn -0.9730 0.2144 0.0856
vn 0.7908 -0.6120 -0.0084
vn -0.3538 -0.2915 0.8887
vn -0.5363 0.7132 0.4515
vn -0.9549 0.2966 0.0145
vn 0.7643 -0.6435 0.0423
vn -0.3624 0.0855 0.9281
vn -0.4959 0.7982 0.3419
vn -0.9351 0.3507 -0.0503
vn 0.7357 -0.6713 0.0900
vn -0.3209 0.4002 0.8584
vn -0.4582 0.8545 0.2445
vn -0.9157 0.3866 -0.1097
vn 0.7036 -0.6970 0.1386
vn -0.4236 0.8925 0.1546
vn -0.8970 0.4098 -0.1658
vn 0.6668 -0.7200 0.1921
vn -0.3911 0.9178 0.0678
vn -0.8790 0.4227 -0.2206
vn 0.6241 -0.7384 0.2556
vn -0.3594 0.9330 -0.0205
vn -0.8612 0.4270 -0.2758
vn 0.9144 0.1833 -0.3609
vn -0.3267 0.9382 -0.1145
vn -0.8428 0.4226 -0.3334
vn 0.5737 -0.7471 0.3358
vn -0.2907 0.9314 -0.2190
vn -0.8229 0.4086 -0.3948
vn 0.5135 -0.7359 0.4413
vn -0.2475 0.9072 -0.3402
vn -0.7997 0.3829 -0.4624
vn -0.1915 0.8535 -0.4846
vn -0.7707 0.3400 -0.5389
vn 0.4436 -0.6832 0.5801
vn -0.1156 0.7474 -0.6542
vn -0.7316 0.2705 -0.6258
vn 0.3734 -0.5524 0.7452
vn -0.0174 0.5551 -0.8316
vn -0.6771 0.1590 -0.7186
vn 0.3419 -0.3152 0.8853
vn -0.4547 -0.4200 -0.7854
vn -0.4113 -0.5725 -0.7093
vn 0.3889 -0.0274 0.9209
vn 0.4745 0.1995 0.8573
vn -0.5706 0.7016 -0.4268
vn -0.5676 0.7635 -0.3079
vn -0.6313 0.7016 0.3305
vn -0.6563 0.6183 0.4323
vn -0.5702 0.8017 -0.1795
vn -0.6836 0.5168 0.5154
vn -0.6210 0.3390 -0.7067
vn -0.6111 0.4009 -0.6826
vn -0.5783 0.8145 -0.0464
vn -0.5927 0.5168 -0.6178
vn -0.5915 0.8017 0.0864
vn 0.6859 -0.0137 0.7276
vn 0.7143 0.1120 0.6909
vn -0.5791 0.6183 -0.5314
vn -0.6094 0.7635 0.2136
vn 0.6584 -0.1445 0.7386
vn 0.6450 -0.2101 0.7348
vn 0.6484 -0.2105 0.7316
vn 0.6647 -0.1457 0.7328
vn 0.8152 0.1120 -0.5683
vn 0.7930 -0.0137 -0.6091
vn 0.8480 0.5256 0.0680
vn 0.8561 0.5128 -0.0652
vn 0.7426 0.2278 0.6298
vn 0.9771 -0.1980 0.0783
vn 0.8334 0.2278 -0.5035
vn 0.8347 0.5128 0.2007
vn -0.6688 0.4087 0.6210
vn -0.6864 0.3427 0.6414
vn 0.8471 0.3294 -0.4170
vn 0.8168 0.4746 0.3279
vn 0.9771 -0.1979 0.0783
vn 0.7404 -0.2752 -0.6133
vn 0.7196 -0.3396 -0.6056
vn 0.8556 0.4128 -0.3124
vn 0.7949 0.4128 0.4448
vn 0.7677 -0.1445 -0.6243
vn 0.8586 0.4746 -0.1936
vn 0.7699 0.3293 0.5466
vn -0.5151 0.7949 -0.3207
vn -0.5178 0.8355 -0.1840
vn -0.5693 0.3430 -0.7472
vn -0.5614 0.4088 -0.7196
vn 0.6918 -0.0162 0.7219
vn 0.7197 0.1084 0.6858
vn -0.5405 0.8355 0.0991
vn -0.5596 0.7949 0.2345
vn -0.5273 0.6402 -0.5586
vn -0.5182 0.7290 -0.4473
vn -0.6095 0.6403 0.4675
vn -0.6385 0.5321 0.5560
vn -0.5263 0.8492 -0.0422
vn -0.5419 0.5321 -0.6506
vn -0.5829 0.7290 0.3590
vn 0.8343 0.2271 -0.5023
vn 0.8159 0.1115 -0.5673
vn 0.7986 0.4078 0.4427
vn 0.8200 0.4699 0.3269
vn 0.8602 0.4723 -0.1924
vn 0.8569 0.4111 -0.3111
vn -0.8936 -0.0178 -0.4485
vn -0.9771 0.1979 -0.0782
vn 0.7937 -0.0140 -0.6081
vn 0.7685 -0.1447 -0.6233
vn 0.7475 0.2235 0.6255
vn 0.8374 0.5084 0.2006
vn 0.8502 0.5219 0.0685
vn 0.8482 0.3283 -0.4158
vn 0.4745 -0.2657 -0.8392
vn 0.0192 -0.2845 -0.9585
vn 0.7741 0.3246 0.5435
vn 0.8580 0.5097 -0.0642
vn -0.8347 -0.5128 -0.2007
vn -0.8168 -0.4746 -0.3280
vn -0.8472 -0.3293 0.4170
vn -0.8556 -0.4127 0.3124
vn -0.7699 -0.3293 -0.5466
vn -0.7426 -0.2278 -0.6298
vn -0.8561 -0.5127 0.0651
vn -0.8480 -0.5256 -0.0680
vn -0.8152 -0.1120 0.5683
vn -0.8334 -0.2279 0.5035
vn -0.7949 -0.4127 -0.4448
vn -0.8586 -0.4746 0.1936
vn -0.8040 -0.0505 0.5925
vn -0.1517 -0.9056 -0.3961
vn -0.1196 -0.8150 -0.5670
vn -0.2085 -0.8150 0.5407
vn -0.2129 -0.9056 0.3668
vn 0.6867 -0.2745 -0.6731
vn 0.6562 -0.4105 -0.6331
vn -0.0432 -0.5446 -0.8376
vn -0.0225 -0.4621 -0.8865
vn -0.1972 -0.9802 -0.0158
vn -0.1779 -0.9614 -0.2099
vn -0.1760 -0.5446 0.8200
vn -0.1960 -0.6931 0.6937
vn -0.0830 -0.6931 -0.7160
vn -0.2091 -0.9614 0.1789
vn -0.1337 -0.2846 0.9493
vn -0.1493 -0.3752 0.9149
vn 0.6259 -0.5357 -0.5668
vn 0.5968 -0.6456 -0.4766
vn 0.5151 -0.8561 0.0410
vn 0.5071 -0.8419 0.1844
vn 0.7294 -0.0617 -0.6813
vn 0.7161 -0.1331 -0.6852
vn 0.5334 -0.5345 0.6555
vn 0.5532 -0.4099 0.7252
vn 0.5705 -0.7352 -0.3662
vn 0.5474 -0.8018 -0.2398
vn 0.5049 -0.8006 0.3227
vn 0.5088 -0.7336 0.4505
vn 0.5772 -0.2748 0.7690
vn 0.6044 -0.1343 0.7853
vn 0.5288 -0.8426 -0.1022
vn 0.5183 -0.6438 0.5629
vn 0.3919 0.0793 0.9166
vn 0.7281 -0.1357 -0.6719
vn 0.9086 -0.1294 -0.3970
vn 0.8531 -0.0407 0.5201
vn 0.6409 0.0036 0.7676
vn 0.6118 -0.1358 0.7793
vn 0.5849 -0.2750 0.7631
vn 0.5613 -0.4087 0.7196
vn 0.5273 -0.6403 0.5586
vn 0.5150 -0.7949 0.3208
vn 0.5178 -0.8355 0.1839
vn 0.5829 -0.7290 -0.3590
vn 0.6386 -0.5321 -0.5559
vn -0.0191 0.2847 0.9584
vn -0.8718 0.3843 -0.3038
vn -0.9388 0.3442 0.0115
vn -0.7264 0.6829 0.0774
vn -0.6232 0.7462 -0.2341
vn -0.4943 0.6692 -0.5548
vn -0.5903 0.4187 -0.6901
vn -0.6452 0.2068 -0.7355
vn -0.9190 0.2127 -0.3320
vn -0.9822 0.1871 -0.0196
vn -0.9136 0.2476 0.3224
vn -0.7934 0.1257 0.5956
vn -0.8374 0.5057 0.2075
vn -0.8191 0.5040 0.2740
vn -0.9346 0.1272 0.3322
vn -0.7821 0.0500 0.6211
vn -0.9484 0.0614 0.3109
vn -0.7786 0.0061 0.6275
vn -0.9947 0.0842 -0.0589
vn -0.9249 -0.1712 -0.3395
vn -0.9677 0.0280 0.2506
vn -0.7825 -0.0089 0.6226
vn 0.5442 0.2478 -0.8015
vn 0.3075 0.3187 -0.8966
vn 0.3616 0.7227 -0.5890
vn 0.6130 0.6163 -0.4943
vn 0.8588 0.3822 -0.3412
vn 0.8773 0.1144 -0.4661
vn 0.8494 -0.0888 -0.5202
vn 0.4832 0.0047 -0.8755
vn 0.2470 0.0576 -0.9673
vn -0.0591 0.3860 -0.9206
vn -0.0207 0.7797 -0.6257
vn -0.1107 0.1303 -0.9853
vn -0.1484 -0.0989 -0.9840
vn -0.6694 0.0157 -0.7428
vn 0.1870 -0.1737 -0.9669
vn 0.0416 -0.5894 -0.8068
vn -0.2665 -0.5120 -0.8166
vn -0.6782 -0.2336 -0.6968
vn 0.7997 -0.1326 0.5855
vn 0.9381 -0.0747 0.3381
vn 0.8906 0.2911 0.3493
vn 0.8582 0.1100 0.5013
vn 0.9309 0.1049 0.3500
vn 0.6318 -0.1726 0.7556
vn 0.5894 -0.2193 0.7775
vn 0.7675 -0.2142 0.6042
vn 0.9250 -0.1972 0.3247
vn 0.9997 -0.0148 -0.0203
vn 0.9154 0.4024 0.0115
vn 0.9860 -0.1616 -0.0409
vn 0.9410 -0.3254 -0.0924
vn 0.7989 -0.2984 -0.5222
vn 0.9149 -0.3051 0.2643
vn 0.8573 -0.5063 -0.0932
vn 0.7310 -0.6257 -0.2725
vn 0.6822 -0.5372 -0.4959
vn -0.6465 0.1048 0.7557
vn -0.1617 -0.0279 0.9864
vn 0.1657 0.8641 0.4752
vn -0.4010 0.9131 0.0743
vn -0.5614 -0.0291 0.8270
vn -0.1695 -0.1251 0.9776
vn 0.3902 -0.1395 0.9101
vn 0.7736 0.5882 0.2358
vn 0.2693 -0.1952 0.9431
vn 0.2436 -0.2112 0.9466
vn 0.5714 -0.2412 0.7844
vn -0.1642 -0.1490 0.9751
vn -0.1526 -0.1333 0.9793
vn 0.2469 -0.1946 0.9493
vn 0.5686 -0.2339 0.7886
vn -0.3663 -0.7394 -0.5649
vn -0.2372 -0.5065 -0.8290
vn -0.8239 -0.3015 -0.4799
vn -0.0939 -0.8373 -0.5387
vn -0.0127 -0.6045 -0.7965
vn 0.3614 -0.2231 -0.9053
vn 0.1431 -0.1902 -0.9713
vn 0.1665 -0.0783 -0.9829
vn 0.3609 -0.1168 -0.9253
vn 0.8509 -0.2130 -0.4802
vn 0.8436 -0.2858 -0.4546
vn 0.8134 -0.4068 -0.4158
vn 0.3904 -0.5840 -0.7117
vn 0.0443 -0.5610 -0.8267
vn 0.4017 -0.1040 0.9099
vn 0.7745 -0.1791 0.6067
vn 0.7608 -0.1483 0.6318
vn 0.3883 -0.0560 0.9198
vn -0.1381 0.0373 0.9897
vn -0.1457 -0.0196 0.9891
vn -0.2010 -0.4782 0.8549
vn 0.3712 -0.4980 0.7837
vn 0.7675 -0.2911 0.5711
vn 0.6274 0.7783 -0.0244
vn 0.6504 0.7073 0.2768
vn 0.3343 0.9373 -0.0988
vn 0.2923 0.9394 0.1790
vn 0.7675 0.6354 -0.0849
vn 0.3288 0.8628 -0.3842
vn -0.3304 0.9306 -0.1576
vn -0.2280 0.9638 0.1382
vn -0.0949 0.9832 -0.1562
vn 0.2111 -0.8416 -0.4972
vn 0.2500 -0.5763 -0.7781
vn 0.3074 -0.6280 -0.7149
vn -0.5320 -0.0663 0.8441
vn -0.5212 -0.0650 0.8510
vn 0.7742 -0.2654 0.5746
vn 0.8241 -0.2766 0.4944
vn 0.4231 -0.2221 -0.8785
vn -0.9313 0.0745 -0.3566
vn -0.6197 -0.7772 -0.1089
vn -0.7000 -0.3241 0.6363
vn -0.9369 -0.0305 0.3483
vn -0.9619 -0.2437 -0.1241
vn -0.7655 -0.1881 -0.6153
vn -0.3319 -0.4859 -0.8086
vn -0.1625 -0.9867 0.0084
vn 0.3651 -0.9307 0.0226
vn 0.8513 -0.5158 0.0959
vn -0.6479 0.0547 0.7597
vn -0.6274 0.0929 0.7731
vn -0.9073 0.0986 0.4088
vn -0.9202 0.0761 0.3840
vn -0.1042 -0.1629 -0.9811
vn -0.7440 -0.0617 -0.6654
vn -0.7193 0.0222 -0.6943
vn -0.0562 -0.0523 -0.9970
vn -0.9989 0.0419 -0.0206
vn -0.9968 0.0802 -0.0031
vn 0.9475 -0.2475 0.2026
vn 0.9517 -0.2115 0.2225
vn 0.2622 -0.1281 -0.9565
vn 0.1205 -0.1135 -0.9862
vn 0.8545 -0.2457 -0.4576
vn 0.8396 -0.1562 -0.5203
vn 0.2737 0.0111 -0.9617
vn 0.1521 0.0404 -0.9875
vn 0.2934 0.0125 -0.9559
vn 0.1571 0.0472 -0.9865
vn 0.8382 -0.1466 -0.5253
vn 0.8377 -0.1604 -0.5220
vn 0.3179 -0.0165 -0.9480
vn 0.1615 0.0234 -0.9866
vn 0.3435 -0.0636 -0.9370
vn 0.1667 -0.0213 -0.9858
vn 0.8432 -0.1865 -0.5042
vn 0.2573 -0.1676 0.9517
vn 0.5802 -0.2131 0.7861
vn -0.1463 -0.1097 0.9831
vn -0.1434 -0.0791 0.9865
vn 0.2697 -0.1371 0.9531
vn 0.6057 -0.1903 0.7726
vn 0.2900 -0.1106 0.9506
vn 0.6461 -0.1734 0.7433
vn -0.1414 -0.0476 0.9888
vn -0.1399 -0.0162 0.9900
vn 0.3191 -0.0892 0.9435
vn 0.6907 -0.1646 0.7041
vn 0.3543 -0.0720 0.9323
vn 0.7298 -0.1584 0.6650
vn -0.1399 0.0126 0.9901
vn -0.5248 -0.0523 0.8496
vn -0.7951 -0.0106 0.6063
vn -0.8142 0.0039 0.5806
vn -0.5336 -0.0269 0.8453
vn -0.5503 0.0037 0.8350
vn -0.8422 0.0288 0.5384
vn -0.8708 0.0543 0.4886
vn -0.5744 0.0348 0.8179
vn -0.6034 0.0649 0.7948
vn -0.8929 0.0775 0.4436
vn -0.0202 -0.0924 -0.9955
vn -0.7409 -0.0180 -0.6713
vn 0.0258 0.0478 -0.9985
vn -0.6743 0.0571 -0.7362
vn 0.0123 0.0567 -0.9983
vn -0.6691 0.0660 -0.7402
vn -0.0098 0.0395 -0.9992
vn -0.6758 0.0647 -0.7342
vn -0.0334 0.0021 -0.9994
vn -0.6964 0.0519 -0.7158
vn -0.9851 0.0205 0.1706
vn -0.9928 0.0267 0.1165
vn -0.9969 0.0417 0.0664
vn -0.9979 0.0600 0.0228
vn -0.9973 0.0739 0.0023
vn 0.8726 -0.2536 0.4174
vn 0.8976 -0.2344 0.3734
vn 0.9203 -0.2210 0.3229
vn 0.9378 -0.2166 0.2712
vn 0.9471 -0.2159 0.2376
vn -0.9727 -0.1131 0.2028
vn -0.8318 0.3694 0.4142
vn -0.6106 0.6181 -0.4951
vn -0.5237 -0.0990 -0.8461
vn 0.5985 -0.0217 -0.8008
vn 0.5913 0.8019 -0.0856
vn 0.7645 0.6344 0.1141
vn 0.9712 0.0200 -0.2375
vn 0.9489 -0.1331 0.2861
vn 0.6535 0.6733 0.3458
vn 0.5261 0.6505 0.5478
vn 0.4782 -0.1791 0.8598
vn -0.7745 -0.0251 0.6320
vn -0.2989 0.9185 0.2588
vn -0.6042 0.7948 0.0564
vn -0.9656 -0.1522 0.2106
vn -0.0101 0.4270 0.9042
vn 0.2546 0.3598 0.8976
vn -0.0608 -0.8101 0.5831
vn -0.4706 -0.8498 0.2373
vn -0.0344 -0.8222 -0.5682
vn 0.3675 -0.8246 -0.4301
vn 0.1204 -0.0582 -0.9910
vn -0.4654 0.7107 -0.5276
vn 0.0399 0.9653 -0.2580
vn 0.3363 0.0425 -0.9408
vn 0.3088 -0.8225 -0.4776
vn 0.2470 -0.8175 -0.5203
vn 0.6691 -0.7058 -0.2327
vn 0.5317 -0.8464 0.0314
vn 0.3036 -0.8211 0.4833
vn -0.1095 -0.0504 0.9927
vn 0.0993 0.8814 0.4618
vn -0.1040 0.9282 0.3572
vn -0.4415 0.0973 0.8919
vn -0.1782 -0.8721 0.4557
vn -0.3487 -0.8342 0.4271
vn -0.4308 -0.8543 0.2907
vn -0.5082 -0.8523 0.1239
vn -0.7035 0.4095 0.5809
vn -0.3770 0.5671 0.7323
vn -0.1970 -0.8300 0.5218
vn -0.1179 -0.8344 0.5383
vn -0.6316 0.7640 -0.1317
vn -0.9381 -0.2168 -0.2700
vn -0.4101 -0.9037 -0.1232
vn 0.2481 -0.7395 0.6258
vn -0.3450 -0.8451 -0.4083
vn -0.4502 -0.7814 -0.4322
vn -0.4064 -0.7563 -0.5128
vn -0.3114 -0.8260 -0.4699
vn -0.7851 -0.4164 -0.4585
vn -0.8410 -0.3050 -0.4470
vn -0.7592 -0.2580 -0.5975
vn -0.7088 -0.3726 -0.5989
vn -0.9269 0.1699 -0.3347
vn -0.9124 0.2867 -0.2922
vn -0.8237 0.3377 -0.4555
vn -0.8368 0.2217 -0.5006
vn -0.7170 0.6920 -0.0841
vn -0.6376 0.7699 -0.0266
vn -0.5757 0.8054 -0.1407
vn -0.6473 0.7320 -0.2124
vn -0.2345 0.9515 0.1990
vn -0.1200 0.9609 0.2497
vn -0.1085 0.9675 0.2283
vn -0.2117 0.9647 0.1570
vn -0.2344 -0.8958 -0.3777
vn -0.2115 -0.8827 -0.4195
vn -0.7170 -0.5214 -0.4627
vn -0.6473 -0.4813 -0.5910
vn -0.9269 0.0506 -0.3720
vn -0.8368 0.1023 -0.5379
vn -0.7851 0.6032 -0.1403
vn -0.7088 0.6471 -0.2808
vn -0.3450 0.9273 0.1450
vn -0.3115 0.9466 0.0833
vn -0.1200 -0.9323 -0.3412
vn -0.1085 -0.9256 -0.3626
vn -0.6376 -0.6181 -0.4598
vn -0.5757 -0.5825 -0.5738
vn -0.9124 -0.0697 -0.4034
vn -0.8237 -0.0187 -0.5667
vn -0.8409 0.5051 -0.1942
vn -0.7592 0.5520 -0.3447
vn -0.4501 0.8885 0.0890
vn -0.4064 0.9137 0.0084
vn -0.5482 -0.7053 -0.4495
vn -0.4950 -0.6746 -0.5476
vn -0.8836 -0.1888 -0.4286
vn -0.7977 -0.1395 -0.5867
vn -0.8836 0.3990 -0.2451
vn -0.7977 0.4484 -0.4032
vn -0.5482 0.8357 0.0314
vn -0.4950 0.8663 -0.0667
vn -0.4917 0.8367 -0.2410
vn -0.5528 0.7672 -0.3252
vn -0.0924 0.9735 0.2090
vn -0.1806 0.9762 0.1199
vn -0.2661 -0.8090 -0.5241
vn -0.1807 -0.8712 -0.4564
vn -0.6054 -0.3341 -0.7225
vn -0.5529 -0.4462 -0.7038
vn -0.7146 0.2672 -0.6465
vn -0.7146 0.1478 -0.6837
vn -0.6053 0.6856 -0.4044
vn -0.2660 0.9635 0.0290
vn -0.0926 -0.9198 -0.3813
vn -0.4917 -0.5512 -0.6741
vn -0.7035 0.0261 -0.7103
vn -0.6483 0.5933 -0.4771
vn -0.3471 0.9358 -0.0625
vn -0.4227 -0.6477 -0.6338
vn -0.6812 -0.0961 -0.7257
vn -0.6812 0.4918 -0.5423
vn -0.4227 0.8933 -0.1530
vn -0.3471 -0.7341 -0.5836
vn -0.6484 -0.2167 -0.7298
vn -0.7034 0.3825 -0.5991
vn -0.2104 -0.7951 -0.5688
vn -0.1429 -0.8618 -0.4868
vn -0.4786 -0.3022 -0.8244
vn -0.4371 -0.4171 -0.7968
vn -0.5650 0.3048 -0.7667
vn -0.5650 0.1854 -0.8040
vn -0.4372 0.7962 -0.4183
vn -0.4786 0.7174 -0.5062
vn -0.1429 0.9857 0.0896
vn -0.2102 0.9775 -0.0158
vn -0.0730 -0.9148 -0.3972
vn -0.3887 -0.5254 -0.7569
vn -0.5561 0.0630 -0.8287
vn -0.5126 0.6274 -0.5862
vn -0.2744 0.9540 -0.1209
vn -0.3342 -0.6255 -0.7050
vn -0.5386 -0.0603 -0.8404
vn -0.5386 0.5276 -0.6570
vn -0.3342 0.9155 -0.2241
vn -0.2745 -0.7159 -0.6420
vn -0.5126 -0.1827 -0.8390
vn -0.5561 0.4195 -0.7175
vn -0.3888 0.8626 -0.3237
vn -0.0728 0.9784 0.1937
vn -0.0996 0.9928 0.0668
vn -0.1466 0.9880 -0.0493
vn -0.0994 -0.8546 -0.5096
vn -0.0510 -0.9112 -0.4087
vn -0.3045 -0.3953 -0.8666
vn -0.2708 -0.5061 -0.8189
vn -0.3936 0.2135 -0.8942
vn -0.3874 0.0907 -0.9174
vn -0.3335 0.7412 -0.5825
vn -0.3572 0.6529 -0.6679
vn -0.1912 0.9676 -0.1646
vn -0.2328 -0.6089 -0.7583
vn -0.3752 -0.0334 -0.9263
vn -0.3753 0.5543 -0.7429
vn -0.2329 0.9321 -0.2774
vn -0.1911 -0.7022 -0.6858
vn -0.3571 -0.1572 -0.9207
vn -0.3875 0.4471 -0.8062
vn -0.2708 0.8820 -0.3857
vn -0.1464 -0.7846 -0.6024
vn -0.3334 -0.2784 -0.9007
vn -0.3936 0.3329 -0.8569
vn -0.3046 0.8179 -0.4880
vn -0.0508 0.9820 0.1819
vn -0.1602 -0.3816 -0.9103
vn -0.1425 -0.4939 -0.8578
vn -0.2071 0.2311 -0.9506
vn -0.2039 0.1081 -0.9730
vn -0.1755 0.7562 -0.6304
vn -0.1879 0.6689 -0.7192
vn -0.0771 0.9945 -0.0703
vn -0.1006 0.9762 -0.1921
vn -0.1225 -0.5985 -0.7917
vn -0.1974 -0.0166 -0.9802
vn -0.1975 0.5711 -0.7968
vn -0.1224 0.9425 -0.3109
vn -0.1005 -0.6937 -0.7132
vn -0.1879 -0.1412 -0.9720
vn -0.2039 0.4644 -0.8618
vn -0.1424 0.8941 -0.4246
vn -0.0775 -0.7780 -0.6235
vn -0.1754 -0.2635 -0.9486
vn -0.2071 0.3505 -0.9134
vn -0.1602 0.8316 -0.5317
vn -0.0269 0.9843 0.1747
vn -0.0525 0.9972 0.0526
vn -0.0524 -0.8502 -0.5239
vn -0.0269 -0.9090 -0.4160
vn -0.0047 0.9969 -0.0781
vn -0.0061 0.9793 -0.2021
vn -0.0087 -0.4894 -0.8720
vn -0.0075 -0.5947 -0.8039
vn -0.0125 0.1144 -0.9934
vn -0.0121 -0.0105 -0.9999
vn -0.0115 0.6747 -0.7380
vn -0.0120 0.5773 -0.8164
vn -0.0075 0.9463 -0.3231
vn -0.0062 -0.6906 -0.7232
vn -0.0115 -0.1354 -0.9907
vn -0.0125 0.4708 -0.8821
vn -0.0087 0.8985 -0.4388
vn -0.0047 -0.7756 -0.6312
vn -0.0107 -0.2581 -0.9661
vn -0.0127 0.3569 -0.9341
vn -0.0097 0.8367 -0.5476
vn -0.0020 0.9851 0.1720
vn -0.0033 0.9989 0.0473
vn -0.0031 -0.8486 -0.5291
vn -0.0098 -0.3766 -0.9263
vn -0.0127 0.2376 -0.9713
vn -0.0107 0.7617 -0.6479
vn -0.0020 -0.9081 -0.4187
vn 0.1254 -0.4929 -0.8610
vn 0.1079 -0.5976 -0.7945
vn 0.1794 0.1095 -0.9777
vn 0.1737 -0.0152 -0.9847
vn 0.1654 0.6702 -0.7236
vn 0.1737 0.5726 -0.8012
vn 0.0885 0.9769 -0.1943
vn 0.1078 0.9434 -0.3137
vn 0.0885 -0.6930 -0.7155
vn 0.1653 -0.1398 -0.9763
vn 0.1794 0.4659 -0.8664
vn 0.1254 0.8951 -0.4279
vn 0.0678 -0.7775 -0.6252
vn 0.1544 -0.2623 -0.9526
vn 0.1823 0.3519 -0.9181
vn 0.1410 0.8328 -0.5353
vn 0.0234 0.9845 0.1741
vn 0.0460 0.9976 0.0513
vn 0.0461 -0.8498 -0.5251
vn 0.1410 -0.3805 -0.9140
vn 0.1822 0.2326 -0.9553
vn 0.1544 0.7574 -0.6344
vn 0.0678 0.9951 -0.0722
vn 0.0234 -0.9088 -0.4165
vn 0.2190 -0.6072 -0.7638
vn 0.1798 -0.7009 -0.6903
vn 0.3529 -0.0307 -0.9352
vn 0.3359 -0.1545 -0.9292
vn 0.3529 0.5571 -0.7517
vn 0.3644 0.4500 -0.8153
vn 0.2190 0.9338 -0.2829
vn 0.2547 0.8839 -0.3922
vn 0.1378 -0.7835 -0.6059
vn 0.3135 -0.2760 -0.9086
vn 0.3702 0.3358 -0.8661
vn 0.2864 0.8203 -0.4951
vn 0.0483 0.9823 0.1810
vn 0.0936 0.9935 0.0645
vn 0.0935 -0.8539 -0.5120
vn 0.2864 -0.3931 -0.8738
vn 0.3702 0.2164 -0.9034
vn 0.3136 0.7437 -0.5904
vn 0.1377 0.9891 -0.0529
vn 0.0480 -0.9109 -0.4098
vn 0.2546 -0.5041 -0.8253
vn 0.3643 0.0936 -0.9266
vn 0.3359 0.6555 -0.6764
vn 0.1798 0.9691 -0.1692
vn 0.5185 -0.0563 -0.8532
vn 0.4935 -0.1789 -0.8512
vn 0.5185 0.5315 -0.6698
vn 0.5354 0.4235 -0.7307
vn 0.3218 0.9180 -0.2320
vn 0.3742 0.8655 -0.3330
vn 0.2642 -0.7139 -0.6485
vn 0.2025 -0.7935 -0.5739
vn 0.4607 -0.2987 -0.8358
vn 0.5439 0.3089 -0.7802
vn 0.4208 0.7995 -0.4287
vn 0.0704 0.9789 0.1920
vn 0.1377 0.9867 0.0864
vn 0.1377 -0.8607 -0.4901
vn 0.4208 -0.4138 -0.8073
vn 0.5439 0.1897 -0.8174
vn 0.4607 0.7210 -0.5176
vn 0.2025 0.9791 -0.0208
vn 0.0706 -0.9144 -0.3986
vn 0.3742 -0.5225 -0.7662
vn 0.5354 0.0672 -0.8419
vn 0.4935 0.6312 -0.5984
vn 0.2642 0.9560 -0.1274
vn 0.3217 -0.6231 -0.7129
vn 0.3384 -0.7316 -0.5918
vn 0.2594 -0.8070 -0.5305
vn 0.6321 -0.2119 -0.7453
vn 0.5902 -0.3295 -0.7370
vn 0.6858 0.3877 -0.6159
vn 0.6967 0.2726 -0.6636
vn 0.4793 0.8405 -0.2527
vn 0.5389 0.7714 -0.3385
vn 0.0903 0.9741 0.2071
vn 0.1763 0.9775 0.1159
vn 0.1762 -0.8699 -0.4607
vn 0.5389 -0.4420 -0.7171
vn 0.6967 0.1532 -0.7008
vn 0.5901 0.6902 -0.4188
vn 0.2594 0.9655 0.0227
vn 0.0902 -0.9190 -0.3837
vn 0.4793 -0.5476 -0.6858
vn 0.6858 0.0314 -0.7271
vn 0.6321 0.5981 -0.4926
vn 0.3384 0.9383 -0.0708
vn 0.4122 -0.6446 -0.6439
vn 0.6642 -0.0909 -0.7420
vn 0.6642 0.4968 -0.5586
vn 0.4121 0.8964 -0.1630
vn 0.7465 -0.2523 -0.6157
vn 0.6969 -0.3673 -0.6159
vn 0.8098 0.3439 -0.4753
vn 0.8227 0.2280 -0.5207
vn 0.5660 0.8098 -0.1545
vn 0.6365 0.7369 -0.2279
vn 0.1065 0.9684 0.2253
vn 0.2080 0.9663 0.1518
vn 0.3063 -0.8236 -0.4774
vn 0.2079 -0.8811 -0.4248
vn 0.6365 -0.4765 -0.6065
vn 0.8227 0.1086 -0.5580
vn 0.6970 0.6524 -0.2978
vn 0.3062 0.9489 0.0758
vn 0.1064 -0.9248 -0.3653
vn 0.5660 -0.5783 -0.5876
vn 0.8098 -0.0125 -0.5865
vn 0.7465 0.5577 -0.3629
vn 0.3995 0.9167 -0.0014
vn 0.4866 -0.6710 -0.5594
vn 0.7843 -0.1334 -0.6059
vn 0.7843 0.4543 -0.4225
vn 0.4866 0.8701 -0.0786
vn 0.3996 -0.7532 -0.5225
vn 0.3412 -0.8425 -0.4168
vn 0.2319 -0.8941 -0.3832
vn 0.7769 -0.4105 -0.4774
vn 0.7095 -0.5160 -0.4800
vn 0.9172 0.1770 -0.3571
vn 0.9172 0.0575 -0.3944
vn 0.7095 0.6974 -0.1014
vn 0.7769 0.6091 -0.1592
vn 0.2319 0.9534 0.1931
vn 0.3414 0.9299 0.1366
vn 0.1185 -0.9314 -0.3442
vn 0.6310 -0.6134 -0.4751
vn 0.9028 -0.0628 -0.4254
vn 0.8321 0.5114 -0.2146
vn 0.4454 0.8919 0.0781
vn 0.5424 -0.7011 -0.4628
vn 0.8743 -0.1821 -0.4499
vn 0.8743 0.4056 -0.2665
vn 0.5425 0.8399 0.0182
vn 0.4454 -0.7780 -0.4431
vn 0.8321 -0.2986 -0.4673
vn 0.9028 0.2936 -0.3143
vn 0.6310 0.7747 -0.0419
vn 0.1187 0.9619 0.2465
vn 0.9763 0.1214 -0.1791
vn 0.9763 0.0020 -0.2163
vn 0.7552 0.6544 0.0364
vn 0.8270 0.5621 -0.0084
vn 0.2469 0.9394 0.2380
vn 0.3634 0.9093 0.2028
vn 0.2470 -0.9081 -0.3382
vn 0.1264 -0.9387 -0.3209
vn 0.7552 -0.5590 -0.3423
vn 0.6717 -0.6515 -0.3526
vn 0.9610 -0.1175 -0.2502
vn 0.8858 0.4610 -0.0530
vn 0.4742 0.8649 0.1645
vn 0.5775 -0.7340 -0.3574
vn 0.9307 -0.2350 -0.2801
vn 0.9307 0.3527 -0.0968
vn 0.5775 0.8070 0.1235
vn 0.4741 -0.8050 -0.3567
vn 0.8859 -0.3490 -0.3057
vn 0.9610 0.2389 -0.1391
vn 0.6717 0.7365 0.0806
vn 0.3635 -0.8633 -0.3502
vn 0.8270 -0.4576 -0.3266
vn 0.1264 0.9546 0.2696
vn 0.2524 -0.9228 -0.2913
vn 0.1292 -0.9461 -0.2969
vn 0.7720 -0.6038 -0.1987
vn 0.6866 -0.6914 -0.2249
vn 0.9980 -0.0559 -0.0308
vn 0.9823 -0.1745 -0.0676
vn 0.8454 0.5130 0.1489
vn 0.9055 0.4084 0.1154
vn 0.3715 0.8877 0.2720
vn 0.4848 0.8367 0.2547
vn 0.5903 -0.7683 -0.2476
vn 0.9513 -0.2903 -0.1033
vn 0.9513 0.2975 0.0801
vn 0.5903 0.7727 0.2333
vn 0.4850 -0.8330 -0.2663
vn 0.9055 -0.4016 -0.1374
vn 0.9823 0.1819 0.0436
vn 0.6865 0.6966 0.2082
vn 0.3715 -0.8849 -0.2811
vn 0.8454 -0.5066 -0.1693
vn 0.9980 0.0635 0.0065
vn 0.7720 0.6096 0.1800
vn 0.1292 0.9471 0.2937
vn 0.2523 0.9247 0.2851
vn 0.9813 -0.1140 0.1554
vn 0.9659 -0.2317 0.1157
vn 0.8312 0.4638 0.3065
vn 0.8903 0.3558 0.2842
vn 0.3653 0.8660 0.3414
vn 0.4766 0.8086 0.3450
vn 0.6751 -0.7313 -0.0969
vn 0.5804 -0.8026 -0.1375
vn 0.9354 -0.3457 0.0742
vn 0.9354 0.2422 0.2576
vn 0.5804 0.7384 0.3433
vn 0.4765 -0.8614 -0.1760
vn 0.8903 -0.4543 0.0315
vn 0.9659 0.1248 0.2269
vn 0.6751 0.6567 0.3362
vn 0.3653 -0.9065 -0.2118
vn 0.8312 -0.5558 -0.0117
vn 0.9813 0.0054 0.1927
vn 0.7591 0.5647 0.3238
vn 0.1269 0.9397 0.3176
vn 0.2481 0.9099 0.3324
vn 0.2481 -0.9374 -0.2445
vn 0.7591 -0.6486 -0.0547
vn 0.1270 -0.9537 -0.2727
vn 0.6376 -0.7699 0.0266
vn 0.5482 -0.8358 -0.0313
vn 0.9123 -0.2868 0.2923
vn 0.8835 -0.3990 0.2452
vn 0.8409 0.3049 0.4470
vn 0.8835 0.1887 0.4286
vn 0.4501 0.7814 0.4322
vn 0.5482 0.7053 0.4494
vn 0.4501 -0.8885 -0.0889
vn 0.8409 -0.5051 0.1943
vn 0.9123 0.0696 0.4035
vn 0.6376 0.6182 0.4597
vn 0.3450 -0.9273 -0.1449
vn 0.7851 -0.6032 0.1403
vn 0.9268 -0.0506 0.3721
vn 0.7170 0.5214 0.4627
vn 0.1200 0.9323 0.3412
vn 0.2344 0.8958 0.3776
vn 0.2344 -0.9516 -0.1989
vn 0.7170 -0.6919 0.0841
vn 0.9268 -0.1700 0.3348
vn 0.7852 0.4164 0.4584
vn 0.3451 0.8452 0.4081
vn 0.1201 -0.9609 -0.2496
vn 0.7593 0.2580 0.5974
vn 0.7978 0.1395 0.5866
vn 0.4064 0.7563 0.5127
vn 0.4950 0.6747 0.5475
vn 0.4950 -0.8663 0.0667
vn 0.4065 -0.9136 -0.0084
vn 0.7978 -0.4483 0.4032
vn 0.7593 -0.5520 0.3447
vn 0.8237 0.0187 0.5666
vn 0.5757 0.5825 0.5738
vn 0.3115 -0.9466 -0.0833
vn 0.7089 -0.6470 0.2807
vn 0.8368 -0.1023 0.5378
vn 0.6473 0.4813 0.5910
vn 0.1082 0.9256 0.3628
vn 0.2116 0.8827 0.4196
vn 0.2117 -0.9646 -0.1570
vn 0.6474 -0.7320 0.2123
vn 0.8368 -0.2217 0.5006
vn 0.7089 0.3725 0.5989
vn 0.3115 0.8260 0.4698
vn 0.1083 -0.9676 -0.2282
vn 0.5757 -0.8055 0.1406
vn 0.8238 -0.3377 0.4554
vn 0.4227 -0.8933 0.1529
vn 0.3471 -0.9357 0.0624
vn 0.6813 -0.4918 0.5422
vn 0.6484 -0.5933 0.4770
vn 0.6813 0.0961 0.7257
vn 0.7035 -0.0261 0.7102
vn 0.4227 0.6478 0.6338
vn 0.4916 0.5512 0.6742
vn 0.2661 -0.9635 -0.0291
vn 0.6054 -0.6856 0.4043
vn 0.7146 -0.1478 0.6837
vn 0.5528 0.4461 0.7038
vn 0.0924 0.9197 0.3815
vn 0.1808 0.8712 0.4563
vn 0.1805 -0.9762 -0.1201
vn 0.5528 -0.7672 0.3252
vn 0.7146 -0.2672 0.6465
vn 0.6054 0.3340 0.7225
vn 0.2660 0.8090 0.5241
vn 0.0925 -0.9735 -0.2093
vn 0.4916 -0.8368 0.2410
vn 0.7035 -0.3824 0.5990
vn 0.6484 0.2167 0.7298
vn 0.3471 0.7342 0.5836
vn 0.5386 0.0603 0.8404
vn 0.5561 -0.0631 0.8287
vn 0.3342 0.6255 0.7050
vn 0.3887 0.5254 0.7569
vn 0.2744 -0.9540 0.1209
vn 0.2104 -0.9775 0.0158
vn 0.5126 -0.6274 0.5862
vn 0.4786 -0.7175 0.5062
vn 0.5649 -0.1855 0.8040
vn 0.4371 0.4171 0.7968
vn 0.0733 0.9149 0.3969
vn 0.1430 0.8617 0.4868
vn 0.1429 -0.9857 -0.0897
vn 0.4370 -0.7963 0.4183
vn 0.5649 -0.3047 0.7668
vn 0.4786 0.3023 0.8243
vn 0.2103 0.7951 0.5689
vn 0.0732 -0.9783 -0.1938
vn 0.3887 -0.8626 0.3238
vn 0.5561 -0.4194 0.7176
vn 0.5126 0.1826 0.8390
vn 0.2744 0.7159 0.6420
vn 0.3342 -0.9155 0.2241
vn 0.5386 -0.5275 0.6570
vn 0.2708 0.5061 0.8189
vn 0.3044 0.3954 0.8666
vn 0.0510 0.9112 0.4087
vn 0.0994 0.8546 0.5097
vn 0.1464 -0.9880 0.0494
vn 0.0993 -0.9928 -0.0668
vn 0.3334 -0.7413 0.5825
vn 0.3045 -0.8180 0.4880
vn 0.3936 -0.2135 0.8941
vn 0.3936 -0.3328 0.8569
vn 0.3334 0.2784 0.9008
vn 0.1466 0.7846 0.6025
vn 0.0510 -0.9819 -0.1822
vn 0.2708 -0.8819 0.3858
vn 0.3875 -0.4471 0.8062
vn 0.3571 0.1571 0.9208
vn 0.1912 0.7022 0.6858
vn 0.2328 -0.9321 0.2774
vn 0.3752 -0.5543 0.7429
vn 0.3752 0.0335 0.9263
vn 0.2328 0.6089 0.7583
vn 0.1911 -0.9676 0.1647
vn 0.3571 -0.6529 0.6680
vn 0.3874 -0.0908 0.9174
vn 0.0771 -0.9945 0.0704
vn 0.0526 -0.9972 -0.0527
vn 0.1755 -0.7562 0.6304
vn 0.1603 -0.8316 0.5317
vn 0.2071 -0.2311 0.9506
vn 0.2072 -0.3505 0.9134
vn 0.1602 0.3817 0.9103
vn 0.1754 0.2635 0.9486
vn 0.0522 0.8502 0.5239
vn 0.0770 0.7780 0.6235
vn 0.0269 -0.9843 -0.1747
vn 0.1425 -0.8941 0.4246
vn 0.2039 -0.4644 0.8618
vn 0.1879 0.1412 0.9720
vn 0.1006 0.6937 0.7132
vn 0.1225 -0.9426 0.3108
vn 0.1974 -0.5711 0.7968
vn 0.1974 0.0166 0.9802
vn 0.1225 0.5985 0.7917
vn 0.1006 -0.9762 0.1922
vn 0.1879 -0.6689 0.7192
vn 0.2038 -0.1081 0.9730
vn 0.1425 0.4939 0.8577
vn 0.0268 0.9089 0.4161
vn 0.0098 0.3766 0.9263
vn 0.0108 0.2580 0.9661
vn 0.0032 0.8485 0.5291
vn 0.0047 0.7756 0.6312
vn 0.0033 -0.9989 -0.0474
vn 0.0020 -0.9851 -0.1721
vn 0.0098 -0.8366 0.5477
vn 0.0087 -0.8985 0.4388
vn 0.0127 -0.3570 0.9340
vn 0.0124 -0.4709 0.8821
vn 0.0115 0.1354 0.9907
vn 0.0062 0.6905 0.7233
vn 0.0075 -0.9464 0.3230
vn 0.0120 -0.5773 0.8165
vn 0.0121 0.0105 0.9999
vn 0.0075 0.5947 0.8039
vn 0.0062 -0.9793 0.2022
vn 0.0115 -0.6747 0.7380
vn 0.0125 -0.1144 0.9934
vn 0.0088 0.4895 0.8719
vn 0.0047 -0.9969 0.0781
vn 0.0108 -0.7617 0.6479
vn 0.0127 -0.2375 0.9713
vn 0.0014 0.9081 0.4187
vn -0.0461 -0.9976 -0.0513
vn -0.0236 -0.9844 -0.1741
vn -0.1410 -0.8328 0.5354
vn -0.1254 -0.8951 0.4279
vn -0.1823 -0.3520 0.9181
vn -0.1794 -0.4659 0.8664
vn -0.1543 0.2623 0.9526
vn -0.1653 0.1398 0.9763
vn -0.0677 0.7775 0.6252
vn -0.0885 0.6929 0.7156
vn -0.1078 -0.9434 0.3136
vn -0.1737 -0.5725 0.8013
vn -0.1738 0.0152 0.9847
vn -0.1078 0.5976 0.7945
vn -0.0885 -0.9769 0.1944
vn -0.1654 -0.6702 0.7235
vn -0.1794 -0.1095 0.9777
vn -0.1254 0.4930 0.8610
vn -0.0679 -0.9951 0.0721
vn -0.1544 -0.7574 0.6344
vn -0.1823 -0.2325 0.9554
vn -0.1410 0.3805 0.9140
vn -0.0234 0.9088 0.4165
vn -0.0461 0.8498 0.5250
vn -0.1379 0.7836 0.6058
vn -0.1798 0.7008 0.6903
vn -0.2547 -0.8839 0.3921
vn -0.2190 -0.9338 0.2829
vn -0.3644 -0.4499 0.8153
vn -0.3529 -0.5571 0.7517
vn -0.3359 0.1545 0.9292
vn -0.3529 0.0306 0.9351
vn -0.2189 0.6072 0.7638
vn -0.1797 -0.9691 0.1692
vn -0.3359 -0.6555 0.6764
vn -0.3644 -0.0936 0.9265
vn -0.2547 0.5041 0.8252
vn -0.1377 -0.9891 0.0528
vn -0.3136 -0.7437 0.5904
vn -0.3702 -0.2164 0.9034
vn -0.2864 0.3931 0.8738
vn -0.0478 0.9109 0.4098
vn -0.0937 0.8539 0.5119
vn -0.0935 -0.9935 -0.0644
vn -0.2864 -0.8202 0.4952
vn -0.3702 -0.3357 0.8662
vn -0.3135 0.2760 0.9086
vn -0.0478 -0.9824 -0.1808
vn -0.3742 -0.8655 0.3330
vn -0.3217 -0.9179 0.2321
vn -0.5354 -0.4235 0.7307
vn -0.5185 -0.5316 0.6698
vn -0.4935 0.1788 0.8512
vn -0.5185 0.0562 0.8533
vn -0.2642 0.7139 0.6485
vn -0.3217 0.6231 0.7130
vn -0.2641 -0.9560 0.1275
vn -0.4935 -0.6312 0.5984
vn -0.5354 -0.0672 0.8420
vn -0.3742 0.5225 0.7662
vn -0.2023 -0.9791 0.0209
vn -0.4607 -0.7210 0.5176
vn -0.5439 -0.1895 0.8175
vn -0.4208 0.4139 0.8073
vn -0.0705 0.9143 0.3989
vn -0.1375 0.8607 0.4903
vn -0.1375 -0.9867 -0.0862
vn -0.4208 -0.7995 0.4287
vn -0.5439 -0.3090 0.7802
vn -0.4607 0.2988 0.8357
vn -0.2024 0.7935 0.5739
vn -0.0703 -0.9789 -0.1919
vn -0.3383 0.7316 0.5919
vn -0.4121 0.6446 0.6440
vn -0.4121 -0.8964 0.1631
vn -0.3384 -0.9383 0.0709
vn -0.6642 -0.4968 0.5586
vn -0.6321 -0.5982 0.4925
vn -0.6642 0.0909 0.7420
vn -0.6858 -0.0314 0.7271
vn -0.4793 0.5475 0.6859
vn -0.2593 -0.9655 -0.0226
vn -0.5902 -0.6901 0.4188
vn -0.6967 -0.1531 0.7008
vn -0.5390 0.4420 0.7170
vn -0.0901 0.9190 0.3838
vn -0.1763 0.8699 0.4606
vn -0.1761 -0.9775 -0.1157
vn -0.5390 -0.7713 0.3385
vn -0.6967 -0.2726 0.6636
vn -0.5902 0.3296 0.7369
vn -0.2592 0.8070 0.5306
vn -0.0902 -0.9742 -0.2070
vn -0.4792 -0.8405 0.2528
vn -0.6858 -0.3877 0.6159
vn -0.6321 0.2119 0.7453
vn -0.4867 -0.8701 0.0785
vn -0.3997 -0.9166 0.0014
vn -0.7843 -0.4544 0.4224
vn -0.7465 -0.5577 0.3629
vn -0.7843 0.1335 0.6058
vn -0.8099 0.0125 0.5865
vn -0.4867 0.6710 0.5594
vn -0.5661 0.5782 0.5876
vn -0.3063 -0.9489 -0.0759
vn -0.6970 -0.6524 0.2978
vn -0.8227 -0.1086 0.5579
vn -0.6365 0.4764 0.6065
vn -0.1066 0.9249 0.3651
vn -0.2080 0.8812 0.4245
vn -0.2080 -0.9662 -0.1520
vn -0.6365 -0.7368 0.2279
vn -0.8227 -0.2279 0.5207
vn -0.6969 0.3673 0.6159
vn -0.3062 0.8237 0.4773
vn -0.1065 -0.9684 -0.2256
vn -0.5660 -0.8098 0.1545
vn -0.8099 -0.3439 0.4753
vn -0.7465 0.2524 0.6157
vn -0.3996 0.7532 0.5225
vn -0.4455 -0.8919 -0.0780
vn -0.3414 -0.9299 -0.1367
vn -0.8321 -0.5114 0.2146
vn -0.7769 -0.6091 0.1592
vn -0.9028 0.0628 0.4255
vn -0.9171 -0.0576 0.3944
vn -0.6310 0.6133 0.4750
vn -0.7095 0.5159 0.4800
vn -0.1189 0.9314 0.3441
vn -0.2320 0.8941 0.3831
vn -0.2319 -0.9533 -0.1933
vn -0.7095 -0.6973 0.1014
vn -0.9171 -0.1769 0.3571
vn -0.7769 0.4105 0.4774
vn -0.3414 0.8427 0.4163
vn -0.1189 -0.9617 -0.2468
vn -0.6310 -0.7747 0.0419
vn -0.9028 -0.2936 0.3142
vn -0.8321 0.2987 0.4673
vn -0.4455 0.7780 0.4430
vn -0.5425 -0.8399 -0.0182
vn -0.8743 -0.4057 0.2665
vn -0.8743 0.1822 0.4499
vn -0.5425 0.7012 0.4627
vn -0.8858 -0.4610 0.0530
vn -0.8270 -0.5621 0.0084
vn -0.9610 0.1174 0.2502
vn -0.9763 -0.0020 0.2163
vn -0.6717 0.6516 0.3526
vn -0.7553 0.5589 0.3423
vn -0.1264 0.9385 0.3213
vn -0.2469 0.9081 0.3383
vn -0.3635 -0.9093 -0.2025
vn -0.2468 -0.9393 -0.2382
vn -0.7553 -0.6544 -0.0363
vn -0.9763 -0.1214 0.1791
vn -0.8270 0.4576 0.3266
vn -0.3633 0.8634 0.3502
vn -0.1263 -0.9546 -0.2698
vn -0.6717 -0.7365 -0.0805
vn -0.9610 -0.2389 0.1390
vn -0.8858 0.3491 0.3058
vn -0.4742 0.8049 0.3566
vn -0.5775 -0.8070 -0.1234
vn -0.9307 -0.3528 0.0968
vn -0.9307 0.2351 0.2802
vn -0.5775 0.7340 0.3574
vn -0.4742 -0.8649 -0.1645
vn -0.1292 0.9462 0.2967
vn -0.2523 0.9227 0.2914
vn -0.3716 -0.8877 -0.2719
vn -0.2523 -0.9246 -0.2853
vn -0.8454 -0.5130 -0.1488
vn -0.7721 -0.6096 -0.1799
vn -0.9980 0.0559 0.0307
vn -0.9980 -0.0635 -0.0066
vn -0.7721 0.6037 0.1987
vn -0.8454 0.5066 0.1694
vn -0.3714 0.8849 0.2810
vn -0.1291 -0.9471 -0.2938
vn -0.6866 -0.6966 -0.2082
vn -0.9824 -0.1819 -0.0437
vn -0.9054 0.4016 0.1374
vn -0.4847 0.8331 0.2663
vn -0.5903 -0.7727 -0.2332
vn -0.9513 -0.2975 -0.0802
vn -0.9514 0.2903 0.1032
vn -0.5903 0.7683 0.2476
vn -0.4847 -0.8368 -0.2547
vn -0.9054 -0.4085 -0.1154
vn -0.9824 0.1744 0.0675
vn -0.6865 0.6914 0.2249
vn -0.8312 -0.4638 -0.3064
vn -0.7591 -0.5646 -0.3239
vn -0.9813 0.1140 -0.1553
vn -0.9813 -0.0054 -0.1926
vn -0.7591 0.6487 0.0547
vn -0.8312 0.5558 0.0117
vn -0.2481 0.9374 0.2442
vn -0.3652 0.9065 0.2117
vn -0.2482 -0.9100 -0.3322
vn -0.1272 -0.9396 -0.3179
vn -0.6751 -0.6567 -0.3363
vn -0.9659 -0.1247 -0.2269
vn -0.8903 0.4543 -0.0315
vn -0.4766 0.8613 0.1760
vn -0.5804 -0.7384 -0.3434
vn -0.9354 -0.2422 -0.2576
vn -0.9354 0.3457 -0.0742
vn -0.5804 0.8026 0.1375
vn -0.4766 -0.8086 -0.3451
vn -0.8903 -0.3557 -0.2842
vn -0.9659 0.2316 -0.1157
vn -0.6750 0.7314 0.0969
vn -0.3652 -0.8661 -0.3413
vn -0.1272 0.9536 0.2728
vn -0.0334 -0.9964 -0.0777
vn 0.2893 -0.5143 -0.8073
vn 0.6478 -0.4580 -0.6087
vn -0.0050 0.9887 0.1495
vn 0.1056 0.9649 0.2406
vn 0.3443 0.8533 -0.3916
vn 0.1287 0.9097 -0.3947
vn -0.0922 -0.9957 0.0016
vn -0.0765 -0.9970 -0.0088
vn 0.3526 -0.5758 -0.7377
vn 0.3185 -0.5694 -0.7578
vn -0.1649 0.9831 0.0798
vn 0.0119 0.8209 -0.5709
vn -0.3011 0.6755 -0.6731
vn -0.1024 -0.6456 -0.7568
vn 0.6310 0.7318 -0.2576
vn -0.5369 -0.0155 -0.8435
vn 0.5233 -0.0778 0.8486
vn 0.9437 0.1139 -0.3105
vn -0.0000 -0.9546 -0.2979
vn -0.0000 0.9546 0.2979
vn 0.0179 -0.7622 -0.6471
vn 0.1454 -0.7819 -0.6062
vn 0.1856 -0.7454 -0.6403
vn 0.0581 -0.7038 -0.7080
vn 0.1656 -0.6927 0.7020
vn 0.0309 -0.6692 0.7425
vn 0.0128 -0.7211 0.6927
vn 0.1375 -0.7426 0.6555
vn -0.1094 -0.7067 -0.6990
vn 0.1093 0.6460 -0.7554
vn 0.2496 0.6239 -0.7406
vn 0.0310 -0.7288 -0.6841
vn -0.1148 -0.7409 -0.6617
vn -0.0906 -0.7070 -0.7014
vn 0.3844 0.6039 -0.6983
vn 0.1657 -0.7488 -0.6418
vn -0.3771 -0.6968 -0.6102
vn -0.2489 -0.7189 -0.6490
vn -0.2308 -0.6800 -0.6959
vn -0.3682 -0.6586 -0.6562
vn -0.1093 -0.6461 0.7554
vn -0.2495 -0.6240 0.7405
vn -0.2475 -0.6784 0.6918
vn -0.1174 -0.6993 0.7051
vn 0.5085 0.5867 -0.6302
vn 0.2899 -0.7660 -0.5737
vn -0.4950 -0.6753 -0.5468
vn -0.4950 -0.6380 -0.5899
vn -0.3845 -0.6038 0.6983
vn -0.3725 -0.6596 0.6529
vn 0.6174 0.5729 -0.5391
vn 0.3988 -0.7798 -0.4826
vn -0.5978 -0.6561 -0.4606
vn -0.6063 -0.6191 -0.4992
vn -0.5086 -0.5867 0.6302
vn -0.4882 -0.6423 0.5908
vn 0.7069 0.5629 -0.4283
vn 0.4881 -0.7895 -0.3720
vn -0.6819 -0.6390 -0.3559
vn -0.6978 -0.6022 -0.3879
vn -0.6173 -0.5729 0.5392
vn -0.5900 -0.6285 0.5068
vn 0.7732 0.5577 -0.3020
vn 0.5544 -0.7952 -0.2456
vn -0.7433 -0.6258 -0.2363
vn -0.7655 -0.5884 -0.2604
vn -0.7068 -0.5630 0.4283
vn -0.6745 -0.6176 0.4045
vn 0.8141 0.5566 -0.1654
vn 0.5954 -0.7960 -0.1088
vn -0.7807 -0.6156 -0.1073
vn -0.8070 -0.5779 -0.1219
vn -0.7732 -0.5576 0.3020
vn -0.7378 -0.6108 0.2873
vn 0.8279 0.5603 -0.0234
vn 0.6092 -0.7923 0.0331
vn -0.7921 -0.6099 0.0265
vn -0.8200 -0.5719 0.0223
vn -0.8141 -0.5567 0.1653
vn -0.7777 -0.6080 0.1596
vn 0.8141 0.5685 0.1184
vn 0.5954 -0.7841 0.1748
vn -0.8049 -0.5697 0.1661
vn -0.8279 -0.5604 0.0234
vn 0.7732 0.5809 0.2544
vn 0.5544 -0.7719 0.3110
vn -0.7619 -0.5720 0.3037
vn -0.8142 -0.5683 -0.1184
vn 0.7069 0.5966 0.3799
vn 0.4883 -0.7559 0.4362
vn -0.6934 -0.5782 0.4300
vn -0.7733 -0.5807 -0.2545
vn 0.6173 0.6159 0.4895
vn 0.3987 -0.7369 0.5460
vn -0.6017 -0.5887 0.5398
vn -0.7068 -0.5969 -0.3798
vn 0.5085 0.6372 0.5792
vn 0.2896 -0.7155 0.6357
vn -0.4912 -0.6020 0.6295
vn -0.6174 -0.6159 -0.4894
vn 0.3844 0.6600 0.6455
vn -0.3659 -0.6187 0.6952
vn -0.5086 -0.6373 -0.5790
vn 0.2495 0.6835 0.6860
vn -0.2308 -0.6374 0.7352
vn -0.3844 -0.6602 -0.6453
vn 0.1093 0.7067 0.6990
vn -0.2496 -0.6836 -0.6858
vn -0.0307 0.7288 0.6841
vn -0.0914 -0.6574 0.7480
vn -0.1657 0.7487 0.6419
vn 0.0476 -0.6787 0.7329
vn -0.2899 0.7660 0.5737
vn 0.1807 -0.6993 0.6916
vn 0.2633 -0.7991 -0.5404
vn -0.3986 0.7798 0.4826
vn 0.2531 -0.7632 0.5946
vn 0.3026 -0.7195 0.6250
vn 0.3655 -0.8132 -0.4529
vn -0.4882 0.7896 0.3718
vn 0.3548 -0.7823 0.5120
vn 0.4100 -0.7377 0.5363
vn 0.4487 -0.8235 -0.3471
vn -0.5545 0.7952 0.2455
vn 0.4391 -0.7992 0.4105
vn 0.4982 -0.7542 0.4278
vn 0.5100 -0.8296 -0.2271
vn -0.5955 0.7960 0.1089
vn 0.5024 -0.8128 0.2948
vn 0.5640 -0.7675 0.3047
vn 0.5463 -0.8319 -0.0977
vn -0.6091 0.7924 -0.0331
vn 0.5424 -0.8231 0.1682
vn 0.6052 -0.7775 0.1709
vn 0.5573 -0.8295 0.0356
vn -0.5955 0.7841 -0.1749
vn 0.6202 -0.7839 0.0312
vn -0.5545 0.7719 -0.3110
vn 0.6082 -0.7862 -0.1092
vn -0.4882 0.7559 -0.4363
vn 0.5697 -0.7845 -0.2449
vn -0.3987 0.7369 -0.5459
vn 0.3110 -0.7563 -0.5755
vn 0.4184 -0.7692 -0.4830
vn 0.5055 -0.7790 -0.3710
vn -0.2900 0.7155 -0.6356
vn -0.1657 0.6927 -0.7019
vn -0.0308 0.6691 -0.7425
vn -0.1777 -0.9841 -0.0000
vn 0.2082 0.8272 0.5219
vn 0.0728 0.8649 0.4966
vn -0.3436 -0.3918 0.8535
vn -0.2084 -0.4298 0.8786
vn -0.0573 0.8935 0.4455
vn -0.4736 -0.3636 0.8022
vn -0.1769 0.9119 0.3703
vn -0.5935 -0.3452 0.7270
vn -0.2822 0.9193 0.2742
vn -0.6987 -0.3377 0.6307
vn -0.3683 0.9158 0.1604
vn -0.7848 -0.3416 0.5172
vn -0.4326 0.9009 0.0339
vn -0.8490 -0.3559 0.3906
vn -0.4719 0.8759 -0.1009
vn -0.8885 -0.3810 0.2558
vn -0.4853 0.8411 -0.2387
vn -0.9017 -0.4158 0.1180
vn -0.4720 0.7983 -0.3741
vn -0.8884 -0.4587 -0.0173
vn -0.4326 0.7488 -0.5021
vn -0.8490 -0.5081 -0.1454
vn -0.3683 0.6949 -0.6176
vn -0.7848 -0.5622 -0.2610
vn -0.2821 0.6383 -0.7162
vn -0.6985 -0.6187 -0.3595
vn -0.1771 0.5816 -0.7940
vn -0.5934 -0.6756 -0.4374
vn -0.0574 0.5261 -0.8485
vn -0.4738 -0.7306 -0.4917
vn 0.0731 0.4752 -0.8768
vn -0.3434 -0.7820 -0.5201
vn 0.2082 0.4297 -0.8787
vn -0.2082 -0.8273 -0.5218
vn 0.3435 0.3923 -0.8533
vn -0.0729 -0.8650 -0.4965
vn 0.4737 0.3634 -0.8022
vn 0.0574 -0.8935 -0.4454
vn 0.5935 0.3452 -0.7270
vn 0.1770 -0.9119 -0.3703
vn 0.6986 0.3375 -0.6309
vn 0.2819 -0.9194 -0.2743
vn 0.7849 0.3414 -0.5171
vn 0.3684 -0.9157 -0.1604
vn 0.8490 0.3559 -0.3905
vn 0.4325 -0.9010 -0.0337
vn 0.8884 0.3813 -0.2558
vn 0.4721 -0.8757 0.1014
vn 0.9018 0.4158 -0.1180
vn 0.4852 -0.8412 0.2387
vn 0.8884 0.4587 0.0175
vn 0.4719 -0.7983 0.3743
vn 0.8490 0.5081 0.1453
vn 0.4324 -0.7490 0.5020
vn 0.7849 0.5621 0.2607
vn 0.3686 -0.6949 0.6174
vn 0.6987 0.6186 0.3595
vn 0.2822 -0.6384 0.7161
vn 0.5934 0.6756 0.4375
vn 0.1768 -0.5813 0.7942
vn 0.4737 0.7308 0.4915
vn 0.0570 -0.5260 0.8485
vn 0.2478 -0.6715 0.6983
vn 0.3275 -0.7270 0.6034
vn 0.3437 0.7818 0.5202
vn -0.0727 -0.4753 0.8768
vn 0.1306 -0.9401 -0.3148
vn 0.1689 -0.9179 -0.3592
vn 0.0497 -0.9003 -0.4324
vn 0.0193 -0.9236 -0.3828
vn -0.2251 -0.8629 -0.4524
vn -0.3495 -0.8211 -0.4513
vn -0.6865 -0.3838 0.6176
vn -0.5869 -0.3887 0.7103
vn 0.4126 -0.9034 0.1171
vn 0.3731 -0.9278 -0.0075
vn -0.3476 -0.4318 0.8323
vn -0.2180 -0.4677 0.8565
vn -0.7592 -0.6131 -0.2182
vn -0.8206 -0.5604 -0.1127
vn 0.0355 -0.5619 0.8265
vn 0.1490 -0.6157 0.7738
vn -0.1006 -0.8976 -0.4293
vn -0.8271 -0.4063 0.3884
vn -0.7677 -0.3892 0.5090
vn 0.4193 -0.8279 0.3724
vn 0.4287 -0.8696 0.2452
vn -0.5803 -0.7215 -0.3778
vn -0.6780 -0.6676 -0.3077
vn -0.0881 -0.5119 0.8545
vn 0.2288 -0.9465 -0.2276
vn -0.8736 -0.4685 0.1315
vn -0.8629 -0.4330 0.2606
vn 0.3853 -0.7798 0.4935
vn -0.4695 -0.7731 -0.4265
vn -0.4720 -0.4051 0.7830
vn 0.3109 -0.9423 -0.1240
vn -0.8591 -0.5118 0.0056
vn -0.3417 -0.3770 0.8609
vn -0.4736 -0.3484 0.8089
vn -0.5950 -0.3311 0.7324
vn -0.7010 -0.3252 0.6347
vn -0.7877 -0.3309 0.5196
vn -0.8514 -0.3486 0.3918
vn -0.8901 -0.3767 0.2566
vn -0.9022 -0.4145 0.1193
vn -0.8877 -0.4602 -0.0150
vn -0.8475 -0.5117 -0.1413
vn -0.7829 -0.5677 -0.2546
vn -0.6965 -0.6260 -0.3507
vn -0.5922 -0.6838 -0.4263
vn -0.4738 -0.7393 -0.4786
vn -0.3454 -0.7905 -0.5057
vn -0.2121 -0.8354 -0.5070
vn -0.0784 -0.8724 -0.4824
vn 0.2739 -0.9244 -0.2653
vn 0.3610 -0.9198 -0.1541
vn 0.4265 -0.9040 -0.0295
vn 0.4684 -0.8774 0.1037
vn 0.4842 -0.8413 0.2404
vn 0.4736 -0.7966 0.3756
vn 0.4366 -0.7452 0.5040
vn 0.3743 -0.6892 0.6205
vn 0.2892 -0.6302 0.7205
vn 0.1842 -0.5712 0.7999
vn 0.0639 -0.5138 0.8555
vn -0.0674 -0.4614 0.8846
vn -0.2044 -0.4145 0.8868
vn 0.0223 0.8527 -0.5219
vn -0.1094 -0.4649 -0.8786
vn -0.2492 -0.4579 -0.8534
vn -0.1178 0.8599 -0.4966
vn -0.3828 -0.4582 -0.8022
vn -0.2510 0.8594 -0.4455
vn -0.5037 -0.4666 -0.7271
vn -0.3720 0.8512 -0.3701
vn -0.6077 -0.4823 -0.6310
vn -0.4764 0.8354 -0.2740
vn -0.6913 -0.5047 -0.5170
vn -0.5597 0.8130 -0.1604
vn -0.7505 -0.5331 -0.3906
vn -0.6190 0.7847 -0.0338
vn -0.7836 -0.5662 -0.2558
vn -0.6521 0.7514 0.1009
vn -0.7891 -0.6028 -0.1178
vn -0.6575 0.7146 0.2388
vn -0.7666 -0.6419 0.0174
vn -0.6349 0.6759 0.3742
vn -0.7173 -0.6814 0.1456
vn -0.5858 0.6363 0.5020
vn -0.6430 -0.7201 0.2608
vn -0.5117 0.5974 0.6176
vn -0.5464 -0.7564 0.3595
vn -0.4148 0.5614 0.7161
vn -0.4314 -0.7890 0.4375
vn -0.2998 0.5285 0.7942
vn -0.3025 -0.8166 0.4916
vn -0.1709 0.5010 0.8484
vn -0.1644 -0.8381 0.5202
vn -0.0328 0.4797 0.8768
vn -0.0224 -0.8527 0.5219
vn 0.1091 0.4648 0.8787
vn 0.1181 -0.8599 0.4966
vn 0.2496 0.4578 0.8533
vn 0.2512 -0.8594 0.4453
vn 0.3827 0.4583 0.8022
vn 0.3722 -0.8510 0.3705
vn 0.5037 0.4664 0.7271
vn 0.4763 -0.8355 0.2741
vn 0.6078 0.4824 0.6308
vn 0.5597 -0.8130 0.1603
vn 0.6913 0.5045 0.5172
vn 0.6189 -0.7847 0.0339
vn 0.7507 0.5329 0.3906
vn 0.6520 -0.7515 -0.1009
vn 0.7837 0.5661 0.2558
vn 0.6573 -0.7148 -0.2389
vn 0.7891 0.6029 0.1180
vn 0.6352 -0.6758 -0.3741
vn 0.7668 0.6417 -0.0173
vn 0.5860 -0.6361 -0.5020
vn 0.7173 0.6815 -0.1453
vn 0.5113 -0.5977 -0.6175
vn 0.6430 0.7201 -0.2609
vn 0.4149 -0.5612 -0.7162
vn 0.5463 0.7564 -0.3596
vn 0.2998 -0.5288 -0.7940
vn 0.4314 0.7891 -0.4372
vn 0.1707 -0.5009 -0.8485
vn 0.3025 0.8165 -0.4917
vn 0.4785 -0.6377 -0.6036
vn 0.3885 -0.6010 -0.6984
vn 0.1642 0.8381 -0.5202
vn 0.0329 -0.4796 -0.8769
vn 0.3330 -0.8888 0.3149
vn 0.2209 -0.8970 0.3828
vn 0.2454 -0.8678 0.4321
vn 0.3655 -0.8587 0.3592
vn -0.1616 -0.8776 0.4514
vn -0.0310 -0.8913 0.4524
vn -0.4876 -0.5077 -0.7103
vn -0.5862 -0.5244 -0.6176
vn 0.5668 -0.8238 0.0074
vn 0.6003 -0.7912 -0.1169
vn -0.1103 -0.5042 -0.8565
vn -0.2446 -0.4975 -0.8323
vn -0.6778 -0.7266 0.1125
vn -0.6069 -0.7643 0.2180
vn 0.2800 -0.5683 -0.7737
vn 0.1576 -0.5405 -0.8265
vn 0.0980 -0.8978 0.4293
vn -0.6641 -0.5481 -0.5085
vn -0.7184 -0.5771 -0.3883
vn 0.6083 -0.7548 -0.2453
vn 0.5902 -0.7162 -0.3725
vn -0.5159 -0.7994 0.3079
vn -0.4086 -0.8308 0.3778
vn 0.0256 -0.5184 -0.8547
vn 0.4305 -0.8734 0.2276
vn -0.7474 -0.6111 -0.2608
vn -0.7500 -0.6482 -0.1315
vn 0.5466 -0.6767 -0.4933
vn -0.2890 -0.8572 0.4263
vn -0.3722 -0.4983 -0.7830
vn 0.5093 -0.8517 0.1235
vn -0.7266 -0.6871 -0.0054
vn -0.2511 -0.4423 -0.8610
vn -0.1088 -0.4493 -0.8868
vn 0.0350 -0.4650 -0.8846
vn 0.1746 -0.4875 -0.8555
vn 0.3048 -0.5172 -0.7998
vn 0.4199 -0.5520 -0.7205
vn 0.5159 -0.5905 -0.6206
vn 0.5889 -0.6318 -0.5040
vn 0.6364 -0.6737 -0.3756
vn 0.6564 -0.7151 -0.2403
vn 0.6487 -0.7539 -0.1037
vn 0.6139 -0.7889 0.0295
vn 0.5534 -0.8186 0.1540
vn 0.4692 -0.8424 0.2651
vn 0.1139 -0.8685 0.4823
vn -0.0245 -0.8615 0.5071
vn -0.1642 -0.8470 0.5056
vn -0.3006 -0.8249 0.4786
vn -0.4284 -0.7969 0.4259
vn -0.5431 -0.7628 0.3509
vn -0.6395 -0.7255 0.2544
vn -0.7150 -0.6846 0.1415
vn -0.7658 -0.6429 0.0151
vn -0.7900 -0.6014 -0.1192
vn -0.7862 -0.5622 -0.2566
vn -0.7546 -0.5262 -0.3920
vn -0.6962 -0.4954 -0.5195
vn -0.6129 -0.4704 -0.6349
vn -0.5082 -0.4529 -0.7325
vn -0.3858 -0.4435 -0.8090
vt 0.419105 0.333090
vt 0.430529 0.330776
vt 0.429833 0.327451
vt 0.418409 0.329765
vt 0.412016 0.331060
vt 0.412873 0.331594
vt 0.412305 0.329083
vt 0.411294 0.327864
vt 0.417687 0.326569
vt 0.429111 0.324255
vt 0.428389 0.321309
vt 0.416966 0.323623
vt 0.427697 0.318726
vt 0.416273 0.321040
vt 0.427060 0.316607
vt 0.415636 0.318921
vt 0.426503 0.315032
vt 0.415079 0.317346
vt 0.426047 0.314063
vt 0.414623 0.316377
vt 0.425710 0.313735
vt 0.414286 0.316049
vt 0.425505 0.314063
vt 0.414081 0.316377
vt 0.425439 0.315032
vt 0.414016 0.317346
vt 0.425516 0.316607
vt 0.414092 0.318921
vt 0.425732 0.318726
vt 0.414308 0.321040
vt 0.426079 0.321309
vt 0.414655 0.323623
vt 0.426544 0.324255
vt 0.415120 0.326569
vt 0.427108 0.327451
vt 0.415684 0.329765
vt 0.427750 0.330776
vt 0.416327 0.333090
vt 0.428446 0.334100
vt 0.417022 0.336414
vt 0.412712 0.334385
vt 0.413420 0.334207
vt 0.417406 0.330676
vt 0.416838 0.328164
vt 0.411738 0.326768
vt 0.410573 0.324918
vt 0.411194 0.324739
vt 0.409880 0.322335
vt 0.410694 0.323074
vt 0.409243 0.320216
vt 0.410256 0.321836
vt 0.408686 0.318641
vt 0.409898 0.321074
vt 0.408230 0.317672
vt 0.409633 0.320817
vt 0.407893 0.317344
vt 0.409472 0.321074
vt 0.407688 0.317672
vt 0.409420 0.321836
vt 0.407623 0.318641
vt 0.409481 0.323074
vt 0.407699 0.320216
vt 0.409650 0.324739
vt 0.407915 0.322335
vt 0.409923 0.326768
vt 0.408262 0.324918
vt 0.410288 0.329083
vt 0.408727 0.327864
vt 0.410732 0.331594
vt 0.409291 0.331060
vt 0.411236 0.334207
vt 0.409934 0.334385
vt 0.417953 0.333288
vt 0.400602 0.333987
vt 0.399879 0.330790
vt 0.416272 0.325850
vt 0.415727 0.323821
vt 0.415227 0.322155
vt 0.414789 0.320918
vt 0.414431 0.320156
vt 0.414166 0.319899
vt 0.414005 0.320156
vt 0.413954 0.320918
vt 0.414014 0.322155
vt 0.414184 0.323821
vt 0.414456 0.325850
vt 0.414821 0.328164
vt 0.415265 0.330676
vt 0.415770 0.333288
vt 0.416316 0.335901
vt 0.399158 0.327844
vt 0.398465 0.325262
vt 0.397828 0.323143
vt 0.397271 0.321568
vt 0.396815 0.320598
vt 0.396479 0.320271
vt 0.396273 0.320598
vt 0.396208 0.321568
vt 0.396285 0.323143
vt 0.396501 0.325262
vt 0.396848 0.327844
vt 0.397312 0.330790
vt 0.397877 0.333987
vt 0.398519 0.337311
vt 0.399921 0.332961
vt 0.400406 0.335109
vt 0.411783 0.336819
vt 0.352822 0.085860
vt 0.352351 0.085165
vt 0.346885 0.083847
vt 0.346999 0.084288
vt 0.364029 0.094202
vt 0.363559 0.093506
vt 0.370258 0.087501
vt 0.370653 0.088212
vt 0.353829 0.089825
vt 0.368421 0.089515
vt 0.368324 0.088420
vt 0.353732 0.088730
vt 0.351824 0.084648
vt 0.346710 0.083459
vt 0.363162 0.092658
vt 0.369938 0.086777
vt 0.368118 0.087368
vt 0.353525 0.087678
vt 0.351262 0.084331
vt 0.346480 0.083138
vt 0.365118 0.095035
vt 0.364556 0.094719
vt 0.371108 0.088882
vt 0.371607 0.089487
vt 0.367811 0.086399
vt 0.353218 0.086709
vt 0.350686 0.084226
vt 0.346205 0.082898
vt 0.365695 0.095141
vt 0.372128 0.090002
vt 0.367414 0.085551
vt 0.350117 0.084337
vt 0.345895 0.082748
vt 0.366263 0.095030
vt 0.372654 0.090408
vt 0.366943 0.084855
vt 0.349578 0.084658
vt 0.345562 0.082693
vt 0.366802 0.094708
vt 0.373163 0.090690
vt 0.366417 0.084338
vt 0.349090 0.085179
vt 0.345219 0.082735
vt 0.367290 0.094187
vt 0.373636 0.090836
vt 0.365854 0.084021
vt 0.348672 0.085879
vt 0.344878 0.082872
vt 0.367709 0.093487
vt 0.374055 0.090840
vt 0.365278 0.083916
vt 0.348338 0.086731
vt 0.344554 0.083101
vt 0.368042 0.092635
vt 0.374403 0.090704
vt 0.364709 0.084027
vt 0.348103 0.087703
vt 0.344258 0.083411
vt 0.368277 0.091664
vt 0.374667 0.090431
vt 0.364171 0.084349
vt 0.346943 0.085754
vt 0.346794 0.086227
vt 0.368405 0.090610
vt 0.374838 0.090033
vt 0.363683 0.084869
vt 0.347975 0.088757
vt 0.344002 0.083790
vt 0.374875 0.088926
vt 0.374740 0.088259
vt 0.363264 0.085569
vt 0.347959 0.089852
vt 0.343796 0.084225
vt 0.374508 0.087550
vt 0.362931 0.086422
vt 0.348056 0.090946
vt 0.343647 0.084698
vt 0.374189 0.086826
vt 0.362695 0.087393
vt 0.348263 0.091998
vt 0.343561 0.085192
vt 0.373794 0.086115
vt 0.362567 0.088447
vt 0.348570 0.092968
vt 0.343542 0.085687
vt 0.373338 0.085445
vt 0.362552 0.089542
vt 0.348966 0.093816
vt 0.343591 0.086164
vt 0.372840 0.084840
vt 0.362649 0.090636
vt 0.349437 0.094512
vt 0.343705 0.086605
vt 0.372318 0.084325
vt 0.362855 0.091689
vt 0.349964 0.095029
vt 0.343880 0.086994
vt 0.371793 0.083919
vt 0.350526 0.095345
vt 0.344109 0.087314
vt 0.371284 0.083637
vt 0.351102 0.095451
vt 0.344384 0.087554
vt 0.370811 0.083491
vt 0.351671 0.095340
vt 0.344694 0.087704
vt 0.374908 0.089525
vt 0.352210 0.095018
vt 0.345027 0.087760
vt 0.370392 0.083487
vt 0.352698 0.094497
vt 0.345371 0.087718
vt 0.370044 0.083623
vt 0.353116 0.093797
vt 0.345711 0.087580
vt 0.353450 0.092945
vt 0.346035 0.087352
vt 0.369779 0.083896
vt 0.353685 0.091974
vt 0.346331 0.087042
vt 0.369609 0.084294
vt 0.353813 0.090920
vt 0.346588 0.086662
vt 0.369539 0.084802
vt 0.347028 0.085260
vt 0.347047 0.084765
vt 0.369572 0.085401
vt 0.369707 0.086068
vt 0.397504 0.327820
vt 0.397453 0.326762
vt 0.398542 0.327820
vt 0.398970 0.329245
vt 0.397497 0.326110
vt 0.399436 0.330980
vt 0.398575 0.335109
vt 0.398195 0.332961
vt 0.397635 0.325890
vt 0.397883 0.330980
vt 0.397861 0.326110
vt 0.429634 0.328592
vt 0.429153 0.326460
vt 0.397650 0.329245
vt 0.398168 0.326762
vt 0.430098 0.330809
vt 0.430527 0.333026
vt 0.424457 0.334255
vt 0.424029 0.332038
vt 0.427441 0.326460
vt 0.427817 0.328592
vt 0.426885 0.319446
vt 0.426748 0.319664
vt 0.428672 0.324496
vt 0.431171 0.334100
vt 0.427131 0.324496
vt 0.427110 0.319664
vt 0.404339 0.332066
vt 0.404825 0.334214
vt 0.426900 0.322774
vt 0.427414 0.320311
vt 0.429169 0.337297
vt 0.428710 0.333026
vt 0.429191 0.335157
vt 0.426756 0.321361
vt 0.427785 0.321361
vt 0.428246 0.330809
vt 0.426705 0.320311
vt 0.428210 0.322774
vt 0.401871 0.325867
vt 0.401915 0.325215
vt 0.402993 0.334214
vt 0.402613 0.332066
vt 0.423565 0.329822
vt 0.423083 0.327690
vt 0.402280 0.325215
vt 0.402586 0.325867
vt 0.402068 0.328350
vt 0.401923 0.326925
vt 0.403389 0.328350
vt 0.403854 0.330085
vt 0.402053 0.324995
vt 0.402301 0.330085
vt 0.402960 0.326925
vt 0.421061 0.325725
vt 0.421371 0.327690
vt 0.421715 0.322590
vt 0.421344 0.321540
vt 0.420635 0.321540
vt 0.420686 0.322590
vt 0.421748 0.329822
vt 0.422176 0.332038
vt 0.422602 0.325725
vt 0.421040 0.320894
vt 0.420815 0.320675
vt 0.420830 0.324003
vt 0.422640 0.334255
vt 0.423122 0.336387
vt 0.422140 0.324003
vt 0.420678 0.320894
vt 0.424833 0.336387
vt 0.425143 0.338351
vt 0.425375 0.340073
vt 0.425519 0.341486
vt 0.425570 0.342536
vt 0.425526 0.343183
vt 0.425389 0.343401
vt 0.425165 0.343183
vt 0.424861 0.342536
vt 0.424489 0.341486
vt 0.424065 0.340073
vt 0.423603 0.338351
vt 0.390072 0.306531
vt 0.387030 0.304611
vt 0.393387 0.316836
vt 0.396000 0.318523
vt 0.399259 0.315331
vt 0.396074 0.306676
vt 0.392414 0.289215
vt 0.386001 0.288866
vt 0.382730 0.286890
vt 0.387695 0.300380
vt 0.391190 0.296818
vt 0.394385 0.307097
vt 0.393234 0.312430
vt 0.383757 0.283253
vt 0.387774 0.279773
vt 0.380988 0.262374
vt 0.384772 0.258652
vt 0.379964 0.265910
vt 0.379263 0.244199
vt 0.379250 0.241390
vt 0.382468 0.237520
vt 0.420470 0.301002
vt 0.412998 0.303575
vt 0.414721 0.316092
vt 0.421958 0.313130
vt 0.425188 0.307501
vt 0.425550 0.298272
vt 0.423085 0.280862
vt 0.417595 0.283319
vt 0.409704 0.285784
vt 0.404291 0.305578
vt 0.406028 0.317870
vt 0.400813 0.287968
vt 0.396903 0.267695
vt 0.388794 0.268873
vt 0.405700 0.265516
vt 0.401805 0.248806
vt 0.393023 0.250928
vt 0.387857 0.255940
vt 0.421853 0.290711
vt 0.425653 0.293350
vt 0.424939 0.306391
vt 0.421438 0.303636
vt 0.417165 0.300492
vt 0.416388 0.290013
vt 0.413535 0.273065
vt 0.419254 0.274186
vt 0.423285 0.276568
vt 0.427082 0.295796
vt 0.426477 0.308819
vt 0.424772 0.278703
vt 0.420810 0.258738
vt 0.419277 0.260909
vt 0.419141 0.256512
vt 0.413210 0.236313
vt 0.415102 0.243233
vt 0.415032 0.249068
vt 0.396638 0.296900
vt 0.403183 0.296975
vt 0.406037 0.311298
vt 0.399226 0.310559
vt 0.393472 0.278267
vt 0.400119 0.277119
vt 0.409965 0.293390
vt 0.412883 0.306728
vt 0.406982 0.274714
vt 0.403134 0.252453
vt 0.409520 0.252354
vt 0.396500 0.253794
vt 0.393124 0.231562
vt 0.399341 0.230937
vt 0.405348 0.231826
vt 0.389631 0.243838
vt 0.387002 0.238245
vt 0.383210 0.250992
vt 0.398838 0.241689
vt 0.396426 0.236161
vt 0.384561 0.131422
vt 0.380812 0.131992
vt 0.383111 0.146616
vt 0.387388 0.145709
vt 0.390148 0.144774
vt 0.386989 0.130947
vt 0.384423 0.123438
vt 0.382224 0.120938
vt 0.378915 0.121206
vt 0.382058 0.129891
vt 0.384874 0.129987
vt 0.387784 0.143298
vt 0.384576 0.143334
vt 0.381028 0.143846
vt 0.378970 0.130198
vt 0.377647 0.120301
vt 0.380483 0.120166
vt 0.382987 0.122838
vt 0.421695 0.316574
vt 0.419836 0.315226
vt 0.414015 0.320539
vt 0.411808 0.320117
vt 0.416536 0.312975
vt 0.409031 0.318024
vt 0.400804 0.318077
vt 0.402319 0.321329
vt 0.404716 0.322191
vt 0.407553 0.239519
vt 0.405449 0.234007
vt 0.409959 0.246629
vt 0.390161 0.255826
vt 0.387296 0.234000
vt 0.415117 0.254046
vt 0.410549 0.233930
vt 0.413699 0.263211
vt 0.382857 0.268177
vt 0.374983 0.118133
vt 0.375111 0.121092
vt 0.373980 0.124436
vt 0.373267 0.122413
vt 0.374143 0.125255
vt 0.375678 0.122059
vt 0.377745 0.117306
vt 0.380702 0.117183
vt 0.383755 0.120603
vt 0.376223 0.130987
vt 0.377833 0.144701
vt 0.375509 0.145780
vt 0.374240 0.131979
vt 0.377035 0.132817
vt 0.374242 0.133312
vt 0.375497 0.147702
vt 0.378745 0.147433
vt 0.373445 0.132894
vt 0.374575 0.146966
vt 0.386806 0.130403
vt 0.389961 0.143875
vt 0.402614 0.222218
vt 0.394191 0.224220
vt 0.407747 0.219969
vt 0.404029 0.205082
vt 0.399470 0.207170
vt 0.392066 0.208955
vt 0.396440 0.191877
vt 0.389980 0.193454
vt 0.400496 0.190025
vt 0.397038 0.174843
vt 0.393440 0.176417
vt 0.387825 0.177788
vt 0.390386 0.160867
vt 0.385492 0.162028
vt 0.393543 0.159583
vt 0.396524 0.214491
vt 0.402023 0.215425
vt 0.390795 0.214984
vt 0.388974 0.201097
vt 0.394233 0.200479
vt 0.399204 0.201043
vt 0.392020 0.186264
vt 0.396548 0.186571
vt 0.387127 0.186938
vt 0.385199 0.172579
vt 0.389725 0.171907
vt 0.393835 0.172035
vt 0.387188 0.157468
vt 0.390842 0.157463
vt 0.383135 0.158094
vt 0.385471 0.217211
vt 0.381144 0.220442
vt 0.380235 0.205424
vt 0.384107 0.202875
vt 0.382626 0.188408
vt 0.379173 0.190471
vt 0.378004 0.175506
vt 0.381063 0.173819
vt 0.379456 0.159114
vt 0.376773 0.160449
vt 0.385412 0.225969
vt 0.379181 0.226275
vt 0.384350 0.210322
vt 0.378817 0.210409
vt 0.383308 0.194615
vt 0.378448 0.194669
vt 0.382089 0.178827
vt 0.377846 0.178936
vt 0.380499 0.162935
vt 0.376780 0.163096
vt 0.378403 0.223948
vt 0.377958 0.208356
vt 0.377425 0.192923
vt 0.376708 0.177521
vt 0.375710 0.162021
vt 0.406657 0.217478
vt 0.403204 0.202808
vt 0.399952 0.188040
vt 0.396721 0.173198
vt 0.393328 0.158308
vt 0.344778 0.086947
vt 0.346231 0.090795
vt 0.357952 0.094794
vt 0.357070 0.090734
vt 0.377147 0.096588
vt 0.374870 0.104086
vt 0.380030 0.098691
vt 0.381599 0.095457
vt 0.366084 0.080624
vt 0.365708 0.084668
vt 0.364213 0.084387
vt 0.363899 0.080556
vt 0.341491 0.084072
vt 0.343131 0.087083
vt 0.337828 0.087192
vt 0.336244 0.083531
vt 0.364944 0.096290
vt 0.370539 0.094282
vt 0.353506 0.084654
vt 0.347062 0.083266
vt 0.358493 0.088546
vt 0.364065 0.090100
vt 0.364883 0.094226
vt 0.363831 0.102138
vt 0.369709 0.109481
vt 0.371222 0.097866
vt 0.369636 0.091655
vt 0.375237 0.091550
vt 0.380837 0.091446
vt 0.365703 0.077409
vt 0.363401 0.078338
vt 0.355318 0.082584
vt 0.356323 0.085680
vt 0.348434 0.086974
vt 0.346737 0.084613
vt 0.355491 0.079446
vt 0.347582 0.080553
vt 0.343346 0.081070
vt 0.339111 0.081587
vt 0.352790 0.094547
vt 0.359349 0.098299
vt 0.365667 0.086369
vt 0.359950 0.086042
vt 0.339638 0.087121
vt 0.338325 0.083268
vt 0.341328 0.080291
vt 0.371384 0.086696
vt 0.372262 0.082437
vt 0.371071 0.083155
vt 0.371561 0.083436
vt 0.372637 0.082652
vt 0.367270 0.087276
vt 0.366636 0.088537
vt 0.367557 0.089066
vt 0.368130 0.087770
vt 0.365659 0.093918
vt 0.365824 0.095241
vt 0.366824 0.095815
vt 0.366675 0.094502
vt 0.368044 0.099826
vt 0.368945 0.100705
vt 0.369642 0.101106
vt 0.368828 0.100277
vt 0.373514 0.102743
vt 0.374807 0.102843
vt 0.374935 0.102916
vt 0.373767 0.102889
vt 0.373514 0.081870
vt 0.373767 0.082015
vt 0.368044 0.086089
vt 0.368828 0.086540
vt 0.365659 0.092564
vt 0.366675 0.093148
vt 0.367270 0.098823
vt 0.368130 0.099317
vt 0.372262 0.102474
vt 0.372637 0.102690
vt 0.374807 0.081462
vt 0.374935 0.081536
vt 0.368945 0.084995
vt 0.369642 0.085396
vt 0.365824 0.091202
vt 0.366824 0.091777
vt 0.366636 0.097713
vt 0.367557 0.098242
vt 0.371071 0.102040
vt 0.371561 0.102322
vt 0.369959 0.084012
vt 0.370558 0.084356
vt 0.366151 0.089853
vt 0.367120 0.090409
vt 0.366151 0.096512
vt 0.367120 0.097069
vt 0.369959 0.101447
vt 0.370558 0.101791
vt 0.370588 0.101458
vt 0.369893 0.100673
vt 0.375108 0.102981
vt 0.374111 0.103017
vt 0.373146 0.082842
vt 0.374111 0.082143
vt 0.369297 0.088204
vt 0.369893 0.086936
vt 0.368054 0.095015
vt 0.368054 0.093662
vt 0.369297 0.099752
vt 0.373146 0.102879
vt 0.375108 0.081600
vt 0.370588 0.085748
vt 0.368182 0.092283
vt 0.368808 0.098708
vt 0.372227 0.102570
vt 0.371370 0.084658
vt 0.368434 0.090899
vt 0.368434 0.097558
vt 0.371370 0.102093
vt 0.372227 0.083684
vt 0.368808 0.089532
vt 0.368182 0.096321
vt 0.373769 0.082998
vt 0.374532 0.082249
vt 0.370726 0.088563
vt 0.371197 0.087263
vt 0.369744 0.095439
vt 0.369744 0.094086
vt 0.371197 0.101000
vt 0.370726 0.100110
vt 0.374532 0.103122
vt 0.373769 0.103035
vt 0.375320 0.081653
vt 0.371747 0.086039
vt 0.369844 0.092700
vt 0.370339 0.099092
vt 0.373043 0.102774
vt 0.372365 0.084908
vt 0.370044 0.091303
vt 0.370044 0.097962
vt 0.372365 0.102343
vt 0.373043 0.083889
vt 0.370339 0.089916
vt 0.369844 0.096738
vt 0.371747 0.101749
vt 0.375320 0.103034
vt 0.375014 0.103202
vt 0.374482 0.103152
vt 0.375014 0.082328
vt 0.375563 0.081693
vt 0.372691 0.087509
vt 0.373073 0.086256
vt 0.371678 0.094403
vt 0.371748 0.093012
vt 0.372362 0.100379
vt 0.372093 0.099380
vt 0.373976 0.102927
vt 0.373504 0.085095
vt 0.371887 0.091605
vt 0.371887 0.098265
vt 0.373504 0.102530
vt 0.373976 0.084042
vt 0.372093 0.090204
vt 0.371748 0.097051
vt 0.373073 0.101966
vt 0.374482 0.083115
vt 0.372362 0.088831
vt 0.371678 0.095757
vt 0.372691 0.101246
vt 0.375563 0.103074
vt 0.374316 0.087662
vt 0.374517 0.086393
vt 0.373783 0.094602
vt 0.373820 0.093208
vt 0.374143 0.100547
vt 0.374001 0.099560
vt 0.375259 0.103226
vt 0.374992 0.103023
vt 0.374744 0.085212
vt 0.373893 0.091795
vt 0.373893 0.098454
vt 0.374744 0.102647
vt 0.374992 0.084138
vt 0.374001 0.090384
vt 0.373820 0.097246
vt 0.374517 0.102103
vt 0.375259 0.083188
vt 0.374143 0.089000
vt 0.373783 0.095956
vt 0.374316 0.101399
vt 0.375827 0.103099
vt 0.375538 0.103251
vt 0.375538 0.082377
vt 0.375827 0.081718
vt 0.376068 0.103253
vt 0.376052 0.103059
vt 0.376023 0.086443
vt 0.376037 0.085255
vt 0.375980 0.093280
vt 0.375985 0.091864
vt 0.375991 0.099626
vt 0.375985 0.098524
vt 0.376037 0.102690
vt 0.376052 0.084173
vt 0.375991 0.090450
vt 0.375980 0.097318
vt 0.376023 0.102153
vt 0.376068 0.083215
vt 0.376000 0.089061
vt 0.375978 0.096028
vt 0.376010 0.101455
vt 0.376103 0.103108
vt 0.376085 0.103269
vt 0.376085 0.082396
vt 0.376010 0.087718
vt 0.375978 0.094675
vt 0.376000 0.100609
vt 0.376103 0.081727
vt 0.377532 0.086404
vt 0.377333 0.085222
vt 0.378146 0.093224
vt 0.378081 0.091811
vt 0.377986 0.099575
vt 0.378081 0.098470
vt 0.377114 0.103032
vt 0.377333 0.102657
vt 0.377114 0.084146
vt 0.377986 0.090400
vt 0.378146 0.097263
vt 0.377532 0.102114
vt 0.376880 0.083195
vt 0.377861 0.089014
vt 0.378178 0.095972
vt 0.377709 0.101412
vt 0.376379 0.103101
vt 0.376634 0.103255
vt 0.376634 0.082382
vt 0.377709 0.087675
vt 0.378178 0.094619
vt 0.377861 0.100561
vt 0.376880 0.103232
vt 0.376379 0.081720
vt 0.378582 0.085114
vt 0.378138 0.084058
vt 0.380103 0.091636
vt 0.379909 0.090234
vt 0.380103 0.098296
vt 0.380234 0.097083
vt 0.378582 0.102549
vt 0.378987 0.101989
vt 0.377662 0.083127
vt 0.379656 0.088859
vt 0.380300 0.095789
vt 0.379347 0.101271
vt 0.376646 0.103078
vt 0.377162 0.103210
vt 0.377162 0.082336
vt 0.379347 0.087534
vt 0.380300 0.094436
vt 0.379656 0.100406
vt 0.377662 0.103165
vt 0.376646 0.081697
vt 0.378987 0.086279
vt 0.380234 0.093044
vt 0.379909 0.099410
vt 0.378138 0.102943
vt 0.381971 0.091348
vt 0.381687 0.089959
vt 0.381971 0.098007
vt 0.382163 0.096785
vt 0.379737 0.102371
vt 0.380332 0.101781
vt 0.379084 0.083912
vt 0.378385 0.083015
vt 0.381315 0.088603
vt 0.382260 0.095487
vt 0.380861 0.101037
vt 0.376892 0.103040
vt 0.377651 0.103134
vt 0.377651 0.082261
vt 0.380861 0.087300
vt 0.382260 0.094133
vt 0.381315 0.100150
vt 0.378385 0.103053
vt 0.376892 0.081659
vt 0.380332 0.086071
vt 0.382163 0.092746
vt 0.381687 0.099135
vt 0.379084 0.102797
vt 0.379737 0.084936
vt 0.379917 0.083714
vt 0.379022 0.082864
vt 0.383251 0.089587
vt 0.382774 0.088255
vt 0.383861 0.096380
vt 0.383985 0.095076
vt 0.381515 0.101499
vt 0.382192 0.100720
vt 0.377108 0.102988
vt 0.378080 0.103032
vt 0.378080 0.082158
vt 0.382192 0.086983
vt 0.383985 0.093722
vt 0.382774 0.099803
vt 0.379022 0.102901
vt 0.377108 0.081608
vt 0.381515 0.085789
vt 0.383861 0.092342
vt 0.383251 0.098763
vt 0.379917 0.102599
vt 0.380752 0.084694
vt 0.383615 0.090956
vt 0.383615 0.097616
vt 0.380752 0.102129
vt 0.384540 0.089131
vt 0.383977 0.087830
vt 0.385261 0.095885
vt 0.385408 0.094572
vt 0.382491 0.101154
vt 0.383291 0.100331
vt 0.377287 0.102925
vt 0.378435 0.102907
vt 0.379546 0.082678
vt 0.378435 0.082033
vt 0.383291 0.086594
vt 0.385408 0.093219
vt 0.383977 0.099377
vt 0.379546 0.102716
vt 0.377287 0.081544
vt 0.382491 0.085444
vt 0.385261 0.091847
vt 0.384540 0.098306
vt 0.380604 0.102356
vt 0.381590 0.084398
vt 0.384971 0.090477
vt 0.384971 0.097136
vt 0.381590 0.101833
vt 0.380604 0.083471
vt 0.379939 0.082466
vt 0.378701 0.081889
vt 0.384879 0.087342
vt 0.384113 0.086150
vt 0.386473 0.093996
vt 0.386473 0.092643
vt 0.384113 0.099887
vt 0.384879 0.098890
vt 0.378701 0.102763
vt 0.379939 0.102503
vt 0.377421 0.081472
vt 0.383222 0.085049
vt 0.386310 0.091280
vt 0.385507 0.097784
vt 0.381118 0.102078
vt 0.382218 0.084058
vt 0.385986 0.089928
vt 0.385986 0.096587
vt 0.382218 0.101493
vt 0.381118 0.083193
vt 0.385507 0.088608
vt 0.386310 0.095318
vt 0.383222 0.100759
vt 0.377421 0.102853
vt 0.387141 0.093369
vt 0.387141 0.092016
vt 0.384629 0.099402
vt 0.385444 0.098359
vt 0.378867 0.102607
vt 0.380186 0.102272
vt 0.378867 0.081733
vt 0.377505 0.081393
vt 0.384629 0.085665
vt 0.383680 0.084619
vt 0.386967 0.090663
vt 0.386112 0.097216
vt 0.381440 0.101775
vt 0.382611 0.083689
vt 0.386623 0.089330
vt 0.386623 0.095990
vt 0.382611 0.101124
vt 0.381440 0.082890
vt 0.386112 0.088040
vt 0.386967 0.094701
vt 0.383680 0.100329
vt 0.380186 0.082234
vt 0.385444 0.086812
vt 0.377505 0.102774
vt 0.378928 0.081570
vt 0.377536 0.081311
vt 0.384818 0.085161
vt 0.383847 0.084171
vt 0.387386 0.091362
vt 0.387208 0.090019
vt 0.385651 0.097806
vt 0.386334 0.096623
vt 0.380276 0.102031
vt 0.381558 0.101459
vt 0.382755 0.083304
vt 0.386855 0.088707
vt 0.386855 0.095367
vt 0.382755 0.100739
vt 0.381558 0.082574
vt 0.386334 0.087447
vt 0.387208 0.094057
vt 0.383847 0.099880
vt 0.380276 0.081993
vt 0.385651 0.086259
vt 0.387386 0.092716
vt 0.384818 0.098898
vt 0.377536 0.102692
vt 0.378928 0.102444
vt 0.387197 0.090707
vt 0.387022 0.089374
vt 0.385491 0.097252
vt 0.386163 0.096029
vt 0.380206 0.101789
vt 0.381467 0.101143
vt 0.383718 0.083721
vt 0.382644 0.082918
vt 0.386676 0.088083
vt 0.386676 0.094742
vt 0.382644 0.100353
vt 0.381467 0.082258
vt 0.386163 0.086853
vt 0.387022 0.093412
vt 0.383718 0.099431
vt 0.380206 0.081752
vt 0.385491 0.085704
vt 0.387197 0.092060
vt 0.384672 0.098392
vt 0.377512 0.102610
vt 0.378881 0.102280
vt 0.378881 0.081407
vt 0.384672 0.084655
vt 0.377512 0.081229
vt 0.383297 0.083288
vt 0.382282 0.082546
vt 0.386418 0.088752
vt 0.386090 0.087480
vt 0.385606 0.095456
vt 0.386090 0.094140
vt 0.381171 0.100838
vt 0.382282 0.099981
vt 0.381171 0.081953
vt 0.385606 0.086280
vt 0.386418 0.092790
vt 0.383297 0.098998
vt 0.379980 0.081518
vt 0.384972 0.085170
vt 0.386583 0.091428
vt 0.384198 0.097904
vt 0.377435 0.102530
vt 0.378728 0.102123
vt 0.378728 0.081249
vt 0.384198 0.084167
vt 0.386583 0.090075
vt 0.384972 0.096717
vt 0.379980 0.101556
vt 0.377435 0.081150
vt 0.384684 0.094926
vt 0.385122 0.093583
vt 0.380680 0.100556
vt 0.381684 0.099637
vt 0.381684 0.082202
vt 0.380680 0.081671
vt 0.385122 0.086924
vt 0.384684 0.085750
vt 0.385418 0.092216
vt 0.382600 0.098597
vt 0.379605 0.081303
vt 0.384112 0.084675
vt 0.385567 0.090844
vt 0.383413 0.097453
vt 0.377307 0.102457
vt 0.378475 0.101977
vt 0.378475 0.081104
vt 0.383413 0.083716
vt 0.385567 0.089491
vt 0.384112 0.096223
vt 0.379605 0.101340
vt 0.377307 0.081076
vt 0.382600 0.082887
vt 0.385418 0.088177
vt 0.380872 0.081899
vt 0.380015 0.081423
vt 0.383808 0.086434
vt 0.383434 0.085285
vt 0.383808 0.093094
vt 0.384060 0.091710
vt 0.380872 0.099334
vt 0.381654 0.098245
vt 0.379096 0.081114
vt 0.382945 0.084241
vt 0.384187 0.090330
vt 0.382348 0.097056
vt 0.377134 0.102393
vt 0.378131 0.101849
vt 0.378131 0.080976
vt 0.382348 0.083319
vt 0.384187 0.088977
vt 0.382945 0.095788
vt 0.379096 0.101151
vt 0.377134 0.081012
vt 0.381654 0.082535
vt 0.384060 0.087672
vt 0.383434 0.094461
vt 0.380015 0.100308
vt 0.382198 0.092690
vt 0.382398 0.091293
vt 0.379877 0.099085
vt 0.380495 0.097954
vt 0.379199 0.081218
vt 0.378473 0.080957
vt 0.381903 0.084900
vt 0.381516 0.083882
vt 0.382498 0.089907
vt 0.381044 0.096729
vt 0.376922 0.102339
vt 0.377710 0.101744
vt 0.377710 0.080870
vt 0.381044 0.082992
vt 0.382498 0.088553
vt 0.381516 0.095430
vt 0.378473 0.100995
vt 0.376922 0.080958
vt 0.380495 0.082244
vt 0.382398 0.087255
vt 0.381903 0.094076
vt 0.379199 0.100104
vt 0.379877 0.081650
vt 0.382198 0.086030
vt 0.379168 0.097736
vt 0.379551 0.096484
vt 0.376679 0.102300
vt 0.377228 0.101665
vt 0.377760 0.080840
vt 0.377228 0.080791
vt 0.379880 0.083614
vt 0.379551 0.082747
vt 0.380564 0.089589
vt 0.380564 0.088236
vt 0.379880 0.095161
vt 0.377760 0.100878
vt 0.376679 0.080919
vt 0.379168 0.082026
vt 0.380494 0.086942
vt 0.380149 0.093789
vt 0.378266 0.099950
vt 0.378738 0.081463
vt 0.380355 0.085728
vt 0.380355 0.092388
vt 0.378738 0.098898
vt 0.378266 0.081065
vt 0.380149 0.084613
vt 0.380494 0.090980
vt 0.376983 0.080767
vt 0.376703 0.080741
vt 0.378099 0.083445
vt 0.377926 0.082594
vt 0.378459 0.089390
vt 0.378459 0.088037
vt 0.377926 0.096331
vt 0.378099 0.094993
vt 0.376703 0.101615
vt 0.376983 0.100804
vt 0.376414 0.080894
vt 0.377724 0.081890
vt 0.378422 0.086746
vt 0.378240 0.093608
vt 0.377249 0.099854
vt 0.377498 0.081346
vt 0.378349 0.085538
vt 0.378349 0.092198
vt 0.377498 0.098781
vt 0.377249 0.080969
vt 0.378240 0.084432
vt 0.378422 0.090785
vt 0.377724 0.097600
vt 0.376414 0.102275
vt 0.376231 0.096274
vt 0.376242 0.094931
vt 0.376157 0.101597
vt 0.376174 0.100777
vt 0.376157 0.080723
vt 0.376139 0.080885
vt 0.376231 0.082537
vt 0.376219 0.081840
vt 0.376264 0.087964
vt 0.376262 0.086675
vt 0.376251 0.093542
vt 0.376190 0.099819
vt 0.376205 0.081303
vt 0.376257 0.085469
vt 0.376257 0.092129
vt 0.376205 0.098738
vt 0.376190 0.080934
vt 0.376251 0.084366
vt 0.376262 0.090713
vt 0.376219 0.097550
vt 0.376174 0.080740
vt 0.376242 0.083384
vt 0.376264 0.089317
vt 0.376139 0.102265
vt 0.375608 0.080737
vt 0.375863 0.080892
vt 0.374533 0.082581
vt 0.374710 0.081878
vt 0.374064 0.088020
vt 0.374096 0.086730
vt 0.374380 0.094979
vt 0.374256 0.093593
vt 0.375362 0.100798
vt 0.375128 0.099846
vt 0.374909 0.081336
vt 0.374160 0.085523
vt 0.374160 0.092182
vt 0.374909 0.098771
vt 0.375128 0.080961
vt 0.374256 0.084417
vt 0.374096 0.090768
vt 0.374710 0.097588
vt 0.375362 0.080761
vt 0.374380 0.083431
vt 0.374064 0.089374
vt 0.374533 0.096318
vt 0.375863 0.102272
vt 0.375608 0.101611
vt 0.374580 0.100866
vt 0.374104 0.099935
vt 0.373255 0.082004
vt 0.373660 0.081443
vt 0.372008 0.086910
vt 0.372139 0.085697
vt 0.372332 0.093759
vt 0.372139 0.092356
vt 0.373660 0.098878
vt 0.374104 0.081049
vt 0.372332 0.084583
vt 0.372008 0.090948
vt 0.373255 0.097714
vt 0.374580 0.080828
vt 0.372586 0.083586
vt 0.371942 0.089557
vt 0.372895 0.096459
vt 0.375596 0.102295
vt 0.375080 0.101657
vt 0.375080 0.080783
vt 0.372895 0.082722
vt 0.371942 0.088203
vt 0.372586 0.095134
vt 0.375596 0.080915
vt 0.371910 0.082212
vt 0.372505 0.081622
vt 0.370078 0.087208
vt 0.370270 0.085985
vt 0.370555 0.094033
vt 0.370270 0.092645
vt 0.373157 0.100081
vt 0.372505 0.099057
vt 0.373157 0.081196
vt 0.370555 0.084858
vt 0.370078 0.091246
vt 0.371910 0.097921
vt 0.373856 0.080940
vt 0.370927 0.083842
vt 0.369982 0.089859
vt 0.371381 0.096693
vt 0.375350 0.102333
vt 0.374591 0.101732
vt 0.374591 0.080858
vt 0.371381 0.082956
vt 0.369982 0.088506
vt 0.370927 0.095390
vt 0.373856 0.100977
vt 0.375350 0.080953
vt 0.372325 0.100279
vt 0.371489 0.099299
vt 0.371489 0.081864
vt 0.372325 0.081394
vt 0.368627 0.086377
vt 0.368991 0.085230
vt 0.368627 0.093036
vt 0.368381 0.091651
vt 0.370727 0.098203
vt 0.373220 0.081091
vt 0.369468 0.084190
vt 0.368257 0.090270
vt 0.370049 0.097010
vt 0.375133 0.102385
vt 0.374161 0.101834
vt 0.374161 0.080961
vt 0.370049 0.083273
vt 0.368257 0.088917
vt 0.369468 0.095737
vt 0.373220 0.101129
vt 0.375133 0.081004
vt 0.370727 0.082493
vt 0.368381 0.087612
vt 0.368991 0.094406
vt 0.370652 0.082160
vt 0.371638 0.081637
vt 0.367271 0.086856
vt 0.367701 0.085686
vt 0.367271 0.093516
vt 0.366981 0.092146
vt 0.370652 0.099595
vt 0.369751 0.098548
vt 0.372695 0.081277
vt 0.368264 0.084615
vt 0.366834 0.090773
vt 0.368951 0.097398
vt 0.374955 0.102448
vt 0.373807 0.101960
vt 0.373807 0.081086
vt 0.368951 0.083661
vt 0.366834 0.089420
vt 0.368264 0.096163
vt 0.372695 0.101314
vt 0.374955 0.081067
vt 0.369751 0.082838
vt 0.366981 0.088108
vt 0.367701 0.094862
vt 0.371638 0.100522
vt 0.371124 0.081915
vt 0.372302 0.081489
vt 0.366735 0.086209
vt 0.367363 0.085103
vt 0.365932 0.092713
vt 0.365768 0.091349
vt 0.369020 0.098943
vt 0.368128 0.097843
vt 0.374821 0.102521
vt 0.373541 0.102103
vt 0.373541 0.081230
vt 0.368128 0.084106
vt 0.365768 0.089996
vt 0.367363 0.096650
vt 0.372302 0.101527
vt 0.374821 0.081140
vt 0.369020 0.083234
vt 0.365932 0.088675
vt 0.366735 0.095384
vt 0.371124 0.100800
vt 0.370024 0.082499
vt 0.366256 0.087405
vt 0.366256 0.094065
vt 0.370024 0.099934
vt 0.366130 0.086777
vt 0.366798 0.085633
vt 0.365274 0.093330
vt 0.365101 0.091977
vt 0.368562 0.099374
vt 0.367613 0.098327
vt 0.374737 0.102599
vt 0.373375 0.102260
vt 0.372056 0.081721
vt 0.373375 0.081386
vt 0.367613 0.084590
vt 0.365101 0.090623
vt 0.366798 0.097181
vt 0.372056 0.101758
vt 0.374737 0.081218
vt 0.368562 0.083664
vt 0.365274 0.089292
vt 0.366130 0.095953
vt 0.370801 0.101103
vt 0.369631 0.082869
vt 0.365619 0.088003
vt 0.365619 0.094662
vt 0.369631 0.100304
vt 0.370801 0.082218
vt 0.374706 0.102681
vt 0.373314 0.102423
vt 0.371966 0.081962
vt 0.373314 0.081549
vt 0.366591 0.086186
vt 0.367424 0.085095
vt 0.364856 0.092630
vt 0.364856 0.091277
vt 0.367424 0.098832
vt 0.366591 0.097734
vt 0.371966 0.101999
vt 0.374706 0.081301
vt 0.368394 0.084112
vt 0.365034 0.089935
vt 0.365908 0.096546
vt 0.370683 0.101418
vt 0.369487 0.083254
vt 0.365386 0.088626
vt 0.365386 0.095285
vt 0.369487 0.100689
vt 0.370683 0.082533
vt 0.365908 0.087370
vt 0.365034 0.093973
vt 0.368394 0.099822
vt 0.366751 0.086741
vt 0.367570 0.085601
vt 0.365045 0.093286
vt 0.365045 0.091933
vt 0.367570 0.099338
vt 0.366751 0.098289
vt 0.373361 0.102586
vt 0.372035 0.102241
vt 0.373361 0.081712
vt 0.374730 0.081383
vt 0.368524 0.084562
vt 0.365219 0.090580
vt 0.366079 0.097140
vt 0.370774 0.101735
vt 0.369598 0.083640
vt 0.365566 0.089250
vt 0.365566 0.095910
vt 0.369598 0.101075
vt 0.370774 0.082850
vt 0.366079 0.087964
vt 0.365219 0.094619
vt 0.368524 0.100272
vt 0.372035 0.082204
vt 0.374730 0.102764
vt 0.358105 0.077954
vt 0.363986 0.084099
vt 0.369742 0.084452
vt 0.350622 0.086760
vt 0.358165 0.085714
vt 0.363240 0.093827
vt 0.357586 0.095601
vt 0.350507 0.078499
vt 0.345918 0.079395
vt 0.351765 0.082393
vt 0.358231 0.083745
vt 0.345130 0.086941
vt 0.351005 0.092116
vt 0.344424 0.088632
vt 0.345299 0.081040
vt 0.368894 0.092054
vt 0.342945 0.084795
vt 0.372831 0.090540
vt 0.371206 0.088278
vt 0.376121 0.081221
vt 0.376121 0.102772
vt 0.389525 0.185143
vt 0.389986 0.185075
vt 0.375456 0.096837
vt 0.374994 0.103760
vt 0.390870 0.185214
vt 0.389976 0.185370
vt 0.389525 0.185347
vt 0.389986 0.185266
vt 0.389047 0.185121
vt 0.400916 0.258527
vt 0.401845 0.258381
vt 0.389976 0.184975
vt 0.389047 0.185219
vt 0.374514 0.096952
vt 0.402739 0.258248
vt 0.390870 0.184842
vt 0.388108 0.185378
vt 0.388568 0.185298
vt 0.374033 0.097017
vt 0.373571 0.097083
vt 0.389047 0.185523
vt 0.388118 0.185670
vt 0.388568 0.185501
vt 0.389047 0.185426
vt 0.403562 0.258134
vt 0.391693 0.184728
vt 0.387684 0.185456
vt 0.373145 0.097148
vt 0.387224 0.185802
vt 0.388108 0.185569
vt 0.404284 0.258042
vt 0.392415 0.184636
vt 0.387313 0.185529
vt 0.372772 0.097209
vt 0.386401 0.185917
vt 0.387684 0.185628
vt 0.404877 0.257977
vt 0.393007 0.184571
vt 0.387008 0.185594
vt 0.372465 0.097265
vt 0.385679 0.186008
vt 0.387313 0.185675
vt 0.405317 0.257941
vt 0.393448 0.184535
vt 0.386781 0.185648
vt 0.372237 0.097312
vt 0.385086 0.186073
vt 0.387008 0.185709
vt 0.405588 0.257935
vt 0.393719 0.184529
vt 0.386641 0.185690
vt 0.372097 0.097350
vt 0.384646 0.186110
vt 0.386781 0.185728
vt 0.405679 0.257960
vt 0.393810 0.184553
vt 0.386594 0.185718
vt 0.372050 0.097377
vt 0.384375 0.186116
vt 0.386641 0.185731
vt 0.405588 0.258014
vt 0.393719 0.184607
vt 0.372097 0.097391
vt 0.384284 0.186091
vt 0.405317 0.258095
vt 0.393448 0.184689
vt 0.372237 0.097392
vt 0.384375 0.186037
vt 0.404877 0.258201
vt 0.393007 0.184795
vt 0.372465 0.097380
vt 0.384646 0.185956
vt 0.404284 0.258327
vt 0.392415 0.184921
vt 0.372772 0.097356
vt 0.385086 0.185850
vt 0.403562 0.258469
vt 0.391693 0.185062
vt 0.373145 0.097320
vt 0.385679 0.185724
vt 0.402739 0.258620
vt 0.373571 0.097274
vt 0.386401 0.185582
vt 0.401845 0.258776
vt 0.374033 0.097220
vt 0.387224 0.185430
vt 0.400916 0.258930
vt 0.388118 0.185275
vt 0.399987 0.259076
vt 0.374514 0.097159
vt 0.399093 0.259209
vt 0.374994 0.097095
vt 0.398270 0.259323
vt 0.375456 0.097029
vt 0.390410 0.185016
vt 0.397548 0.259414
vt 0.390410 0.185188
vt 0.375882 0.096964
vt 0.390781 0.184969
vt 0.396956 0.259480
vt 0.390781 0.185116
vt 0.376256 0.096902
vt 0.391086 0.184935
vt 0.396515 0.259516
vt 0.391086 0.185051
vt 0.376562 0.096847
vt 0.391313 0.184917
vt 0.396244 0.259522
vt 0.391313 0.184996
vt 0.376790 0.096799
vt 0.391453 0.184914
vt 0.396153 0.259497
vt 0.391453 0.184954
vt 0.376930 0.096761
vt 0.391500 0.184926
vt 0.396244 0.259443
vt 0.376977 0.096735
vt 0.396515 0.259362
vt 0.376930 0.096721
vt 0.396956 0.259256
vt 0.376790 0.096720
vt 0.397548 0.259130
vt 0.375882 0.096791
vt 0.376256 0.096756
vt 0.376562 0.096732
vt 0.398270 0.258988
vt 0.399093 0.258837
vt 0.399987 0.258681
vt 0.409797 0.305375
vt 0.410274 0.305289
vt 0.410732 0.305206
vt 0.411155 0.305130
vt 0.411526 0.305063
vt 0.411830 0.305008
vt 0.412056 0.304967
vt 0.412195 0.304942
vt 0.412242 0.304934
vt 0.409320 0.305461
vt 0.408861 0.305544
vt 0.408438 0.305620
vt 0.408068 0.305687
vt 0.407764 0.305742
vt 0.407538 0.305783
vt 0.407399 0.305808
vt 0.407352 0.305816
vt 0.379182 0.133405
vt 0.378569 0.133576
vt 0.371972 0.113666
vt 0.372586 0.113496
vt 0.377979 0.133706
vt 0.371382 0.113796
vt 0.377435 0.133789
vt 0.370839 0.113879
vt 0.376959 0.133823
vt 0.370362 0.113914
vt 0.376568 0.133806
vt 0.369971 0.113897
vt 0.376277 0.133740
vt 0.369680 0.113830
vt 0.376098 0.133626
vt 0.369502 0.113716
vt 0.376038 0.133468
vt 0.369441 0.113559
vt 0.376098 0.133274
vt 0.369502 0.113364
vt 0.376277 0.133050
vt 0.369680 0.113141
vt 0.376568 0.132805
vt 0.369971 0.112896
vt 0.376959 0.132549
vt 0.370362 0.112639
vt 0.377435 0.132291
vt 0.370839 0.112381
vt 0.377979 0.132041
vt 0.371382 0.112131
vt 0.378569 0.131808
vt 0.371972 0.111899
vt 0.379182 0.131603
vt 0.372586 0.111693
vt 0.379796 0.131432
vt 0.373199 0.111523
vt 0.380386 0.131303
vt 0.373789 0.111393
vt 0.380929 0.131219
vt 0.374333 0.111310
vt 0.381406 0.131185
vt 0.374810 0.111276
vt 0.381797 0.131202
vt 0.375201 0.111292
vt 0.382088 0.131268
vt 0.375491 0.111359
vt 0.382267 0.131383
vt 0.375670 0.111473
vt 0.382327 0.131540
vt 0.375731 0.111630
vt 0.382267 0.131734
vt 0.375670 0.111825
vt 0.382088 0.131958
vt 0.375491 0.112048
vt 0.381797 0.132203
vt 0.375201 0.112293
vt 0.381406 0.132459
vt 0.374810 0.112550
vt 0.380929 0.132718
vt 0.374333 0.112808
vt 0.380386 0.132968
vt 0.373789 0.113058
vt 0.373970 0.112567
vt 0.374214 0.112407
vt 0.379796 0.133200
vt 0.373199 0.113290
vt 0.373674 0.111794
vt 0.368765 0.097256
vt 0.368427 0.097308
vt 0.373335 0.111846
vt 0.372586 0.112033
vt 0.372204 0.112161
vt 0.371201 0.113416
vt 0.371498 0.113395
vt 0.374506 0.111896
vt 0.374395 0.111825
vt 0.372204 0.113262
vt 0.372586 0.113156
vt 0.370958 0.112782
vt 0.370777 0.112934
vt 0.373335 0.112883
vt 0.373674 0.112727
vt 0.372968 0.111927
vt 0.370777 0.113364
vt 0.370958 0.113405
vt 0.374506 0.112115
vt 0.374544 0.111994
vt 0.371498 0.112462
vt 0.371201 0.112622
vt 0.372968 0.113028
vt 0.373970 0.111773
vt 0.370628 0.113195
vt 0.370665 0.113293
vt 0.374395 0.112255
vt 0.371837 0.112306
vt 0.371837 0.113343
vt 0.374214 0.111784
vt 0.370665 0.113074
vt 0.367295 0.098724
vt 0.366928 0.098804
vt 0.366590 0.098856
vt 0.366293 0.098877
vt 0.366049 0.098867
vt 0.365868 0.098826
vt 0.365757 0.098754
vt 0.365719 0.098657
vt 0.365757 0.098536
vt 0.365868 0.098396
vt 0.366049 0.098244
vt 0.366293 0.098084
vt 0.366590 0.097923
vt 0.366928 0.097768
vt 0.367295 0.097623
vt 0.367677 0.097495
vt 0.368059 0.097389
vt 0.369062 0.097235
vt 0.369305 0.097245
vt 0.369486 0.097287
vt 0.369598 0.097358
vt 0.369635 0.097456
vt 0.369598 0.097577
vt 0.369486 0.097716
vt 0.369305 0.097869
vt 0.369062 0.098028
vt 0.368765 0.098189
vt 0.368427 0.098345
vt 0.368059 0.098489
vt 0.367677 0.098617
vt 0.380304 0.134284
vt 0.378220 0.113414
vt 0.377584 0.113447
vt 0.379668 0.134317
vt 0.376980 0.113444
vt 0.379064 0.134314
vt 0.376431 0.113407
vt 0.378515 0.134277
vt 0.375959 0.113336
vt 0.378042 0.134206
vt 0.375581 0.113234
vt 0.377664 0.134104
vt 0.375312 0.113105
vt 0.377395 0.133975
vt 0.375162 0.112955
vt 0.377246 0.133825
vt 0.375138 0.112788
vt 0.377221 0.133658
vt 0.375239 0.112612
vt 0.377323 0.133482
vt 0.375463 0.112432
vt 0.377546 0.133302
vt 0.375800 0.112257
vt 0.377883 0.133127
vt 0.376237 0.112092
vt 0.378321 0.132962
vt 0.376759 0.111944
vt 0.378843 0.132814
vt 0.377344 0.111819
vt 0.379428 0.132689
vt 0.377971 0.111722
vt 0.380054 0.132592
vt 0.378614 0.111655
vt 0.380698 0.132526
vt 0.379250 0.111623
vt 0.381334 0.132493
vt 0.379854 0.111625
vt 0.381938 0.132496
vt 0.380403 0.111663
vt 0.382487 0.132533
vt 0.380875 0.111734
vt 0.382959 0.132604
vt 0.381253 0.111836
vt 0.383337 0.132706
vt 0.381522 0.111964
vt 0.383606 0.132834
vt 0.381672 0.112115
vt 0.383756 0.132985
vt 0.381697 0.112281
vt 0.383780 0.133152
vt 0.381595 0.112458
vt 0.383679 0.133328
vt 0.381372 0.112637
vt 0.383455 0.133507
vt 0.381034 0.112813
vt 0.383118 0.133683
vt 0.380597 0.112977
vt 0.382680 0.133848
vt 0.380075 0.113125
vt 0.382159 0.133995
vt 0.379490 0.113250
vt 0.381574 0.134120
vt 0.380047 0.112708
vt 0.379774 0.112810
vt 0.380947 0.134218
vt 0.378864 0.113348
vt 0.379654 0.111992
vt 0.379312 0.111969
vt 0.377701 0.096709
vt 0.378043 0.096732
vt 0.378139 0.112029
vt 0.378540 0.111987
vt 0.377181 0.113078
vt 0.376886 0.113033
vt 0.380351 0.112179
vt 0.380444 0.112273
vt 0.378294 0.113082
vt 0.377898 0.113103
vt 0.376578 0.112471
vt 0.376787 0.112362
vt 0.379450 0.112902
vt 0.379085 0.112980
vt 0.378936 0.111967
vt 0.376651 0.112970
vt 0.376484 0.112890
vt 0.380459 0.112377
vt 0.380396 0.112487
vt 0.377060 0.112259
vt 0.377385 0.112167
vt 0.378695 0.113041
vt 0.379948 0.112036
vt 0.376390 0.112796
vt 0.376375 0.112692
vt 0.380257 0.112599
vt 0.377749 0.112089
vt 0.377522 0.113101
vt 0.380183 0.112099
vt 0.376438 0.112583
vt 0.376288 0.097843
vt 0.376684 0.097822
vt 0.377084 0.097781
vt 0.377474 0.097720
vt 0.377839 0.097642
vt 0.378163 0.097550
vt 0.378436 0.097448
vt 0.378646 0.097339
vt 0.378785 0.097227
vt 0.378848 0.097117
vt 0.378833 0.097013
vt 0.378740 0.096920
vt 0.378572 0.096840
vt 0.378337 0.096776
vt 0.377325 0.096707
vt 0.376929 0.096727
vt 0.376528 0.096769
vt 0.376138 0.096829
vt 0.375774 0.096907
vt 0.375449 0.096999
vt 0.375177 0.097102
vt 0.374967 0.097211
vt 0.374827 0.097323
vt 0.374764 0.097433
vt 0.374780 0.097536
vt 0.374873 0.097630
vt 0.375040 0.097710
vt 0.375276 0.097774
vt 0.375570 0.097818
vt 0.375911 0.097841
s 1
usemtl joints.006
f 267/1/1 195/2/2 197/3/3 268/4/4
f 285/5/5 249/6/6 250/7/7 286/8/8
f 269/9/9 199/10/10 201/11/11 270/12/12
f 270/12/12 201/11/11 203/13/13 271/14/14
f 271/14/14 203/13/13 205/15/15 272/16/16
f 272/16/16 205/15/15 207/17/17 273/18/18
f 273/18/18 207/17/17 209/19/19 274/20/20
f 274/20/20 209/19/19 211/21/21 275/22/22
f 275/22/22 211/21/21 213/23/23 276/24/24
f 276/24/24 213/23/23 215/25/25 277/26/26
f 277/26/26 215/25/25 217/27/27 278/28/28
f 278/28/28 217/27/27 219/29/29 279/30/30
f 279/30/30 219/29/29 221/31/31 280/32/32
f 280/32/32 221/31/31 223/33/33 281/34/34
f 281/34/34 223/33/33 225/35/35 282/36/36
f 282/36/36 225/35/35 227/37/37 283/38/38
f 283/38/38 227/37/37 228/39/39 284/40/40
f 301/41/41 266/42/42 249/6/6 285/5/5
f 232/43/43 268/4/4 269/9/9 233/44/44
f 286/8/8 250/7/7 251/45/45 287/46/46
f 287/46/46 251/45/45 252/47/47 288/48/48
f 288/48/48 252/47/47 253/49/49 289/50/50
f 289/50/50 253/49/49 254/51/51 290/52/52
f 290/52/52 254/51/51 255/53/53 291/54/54
f 291/54/54 255/53/53 256/55/55 292/56/56
f 292/56/56 256/55/55 257/57/57 293/58/58
f 293/58/58 257/57/57 258/59/59 294/60/60
f 294/60/60 258/59/59 259/61/61 295/62/62
f 295/62/62 259/61/61 260/63/63 296/64/64
f 296/64/64 260/63/63 261/65/65 297/66/66
f 297/66/66 261/65/65 262/67/67 298/68/68
f 298/68/68 262/67/67 263/69/69 299/70/70
f 299/70/70 263/69/69 264/71/71 300/72/72
f 231/73/73 267/1/1 268/4/4 232/43/43
f 196/74/74 285/5/5 286/8/8 198/75/75
f 233/44/44 269/9/9 270/12/12 234/76/76
f 234/76/76 270/12/12 271/14/14 235/77/77
f 235/77/77 271/14/14 272/16/16 236/78/78
f 236/78/78 272/16/16 273/18/18 237/79/79
f 237/79/79 273/18/18 274/20/20 238/80/80
f 238/80/80 274/20/20 275/22/22 239/81/81
f 239/81/81 275/22/22 276/24/24 240/82/82
f 240/82/82 276/24/24 277/26/26 241/83/83
f 241/83/83 277/26/26 278/28/28 242/84/84
f 242/84/84 278/28/28 279/30/30 243/85/85
f 243/85/85 279/30/30 280/32/32 244/86/86
f 244/86/86 280/32/32 281/34/34 245/87/87
f 245/87/87 281/34/34 282/36/36 246/88/88
f 246/88/88 282/36/36 283/38/38 247/89/89
f 247/89/89 283/38/38 284/40/40 248/90/90
f 249/6/6 232/43/43 233/44/44 250/7/7
f 198/75/75 286/8/8 287/46/46 200/91/91
f 200/91/91 287/46/46 288/48/48 202/92/92
f 202/92/92 288/48/48 289/50/50 204/93/93
f 204/93/93 289/50/50 290/52/52 206/94/94
f 206/94/94 290/52/52 291/54/54 208/95/95
f 208/95/95 291/54/54 292/56/56 210/96/96
f 210/96/96 292/56/56 293/58/58 212/97/97
f 212/97/97 293/58/58 294/60/60 214/98/98
f 214/98/98 294/60/60 295/62/62 216/99/99
f 216/99/99 295/62/62 296/64/64 218/100/100
f 218/100/100 296/64/64 297/66/66 220/101/101
f 220/101/101 297/66/66 298/68/68 222/102/102
f 222/102/102 298/68/68 299/70/70 224/103/103
f 224/103/103 299/70/70 300/72/72 226/104/104
f 266/42/42 231/73/73 232/43/43 249/6/6
f 196/74/74 198/75/75 1683/105/105 1682/106/106
f 250/7/7 233/44/44 234/76/76 251/45/45
f 251/45/45 234/76/76 235/77/77 252/47/47
f 252/47/47 235/77/77 236/78/78 253/49/49
f 253/49/49 236/78/78 237/79/79 254/51/51
f 254/51/51 237/79/79 238/80/80 255/53/53
f 255/53/53 238/80/80 239/81/81 256/55/55
f 256/55/55 239/81/81 240/82/82 257/57/57
f 257/57/57 240/82/82 241/83/83 258/59/59
f 258/59/59 241/83/83 242/84/84 259/61/61
f 259/61/61 242/84/84 243/85/85 260/63/63
f 260/63/63 243/85/85 244/86/86 261/65/65
f 261/65/65 244/86/86 245/87/87 262/67/67
f 262/67/67 245/87/87 246/88/88 263/69/69
f 263/69/69 246/88/88 247/89/89 264/71/71
f 264/71/71 247/89/89 248/90/90 265/107/107
f 1436/108/108 1438/109/109 1527/110/110 1526/111/111
f 1471/112/112 1469/113/113 1510/114/114 1511/115/115
f 1428/116/116 1429/117/117 1431/118/118 1430/119/119
f 1438/109/109 1440/120/120 1528/121/121 1527/110/110
f 1469/113/113 1467/122/122 1509/123/123 1510/114/114
f 1430/119/119 1431/118/118 1433/124/124 1432/125/125
f 1440/120/120 1442/126/126 1529/127/127 1528/121/121
f 1475/128/128 1473/129/129 1512/130/130 1513/131/131
f 1432/125/125 1433/124/124 1435/132/132 1434/133/133
f 1442/126/126 1444/134/134 1530/135/135 1529/127/127
f 1477/136/136 1475/128/128 1513/131/131 1514/137/137
f 1434/133/133 1435/132/132 1437/138/138 1436/108/108
f 1444/134/134 1446/139/139 1531/140/140 1530/135/135
f 1479/141/141 1477/136/136 1514/137/137 1515/142/142
f 1436/108/108 1437/138/138 1439/143/143 1438/109/109
f 1446/139/139 1448/144/144 1532/145/145 1531/140/140
f 1481/146/146 1479/141/141 1515/142/142 1516/147/147
f 1438/109/109 1439/143/143 1441/148/148 1440/120/120
f 1448/144/144 1450/149/149 1533/150/150 1532/145/145
f 1483/151/151 1481/146/146 1516/147/147 1517/152/152
f 1440/120/120 1441/148/148 1443/153/153 1442/126/126
f 1450/149/149 1452/154/154 1534/155/155 1533/150/150
f 1485/156/156 1483/151/151 1517/152/152 1518/157/157
f 1442/126/126 1443/153/153 1445/158/158 1444/134/134
f 1452/154/154 1454/159/159 1535/160/160 1534/155/155
f 1487/161/161 1485/156/156 1518/157/157 1519/162/162
f 1444/134/134 1445/158/158 1447/163/163 1446/139/139
f 1454/159/159 1456/164/164 1536/165/165 1535/160/160
f 1489/166/166 1487/161/161 1519/162/162 1520/167/167
f 1446/139/139 1447/163/163 1449/168/168 1448/144/144
f 1428/116/116 1430/119/119 1523/169/169 1522/170/170
f 1491/171/171 1489/166/166 1520/167/167 1521/172/172
f 1448/144/144 1449/168/168 1451/173/173 1450/149/149
f 1456/164/164 1458/174/174 1537/175/175 1536/165/165
f 1433/124/124 1431/118/118 1426/176/176 1492/177/177
f 1450/149/149 1451/173/173 1453/178/178 1452/154/154
f 1458/174/174 1460/179/179 1538/180/180 1537/175/175
f 1435/132/132 1433/124/124 1492/177/177 1493/181/181
f 1452/154/154 1453/178/178 1455/182/182 1454/159/159
f 1460/179/179 1462/183/183 1539/184/184 1538/180/180
f 1437/138/138 1435/132/132 1493/181/181 1494/185/185
f 1454/159/159 1455/182/182 1457/186/186 1456/164/164
f 1462/183/183 1464/187/187 1540/188/188 1539/184/184
f 1439/143/143 1437/138/138 1494/185/185 1495/189/189
f 1456/164/164 1457/186/186 1459/190/190 1458/174/174
f 1464/187/187 1466/191/191 1541/192/192 1540/188/188
f 1441/148/148 1439/143/143 1495/189/189 1496/193/193
f 1458/174/174 1459/190/190 1461/194/194 1460/179/179
f 1466/191/191 1468/195/195 1542/196/196 1541/192/192
f 1443/153/153 1441/148/148 1496/193/193 1497/197/197
f 1460/179/179 1461/194/194 1463/198/198 1462/183/183
f 1468/195/195 1470/199/199 1543/200/200 1542/196/196
f 1445/158/158 1443/153/153 1497/197/197 1498/201/201
f 1462/183/183 1463/198/198 1465/202/202 1464/187/187
f 1470/199/199 1472/203/203 1544/204/204 1543/200/200
f 1447/163/163 1445/158/158 1498/201/201 1499/205/205
f 1464/187/187 1465/202/202 1467/122/122 1466/191/191
f 1472/203/203 1474/206/206 1545/207/207 1544/204/204
f 1449/168/168 1447/163/163 1499/205/205 1500/208/208
f 1466/191/191 1467/122/122 1469/113/113 1468/195/195
f 1474/206/206 1476/209/209 1546/210/210 1545/207/207
f 1451/173/173 1449/168/168 1500/208/208 1501/211/211
f 1468/195/195 1469/113/113 1471/112/112 1470/199/199
f 1476/209/209 1478/212/212 1547/213/213 1546/210/210
f 1429/117/117 1491/171/171 1521/172/172 1427/214/214
f 1470/199/199 1471/112/112 1473/129/129 1472/203/203
f 1478/212/212 1480/215/215 1548/216/216 1547/213/213
f 1453/178/178 1451/173/173 1501/211/211 1502/217/217
f 1472/203/203 1473/129/129 1475/128/128 1474/206/206
f 1480/215/215 1482/218/218 1549/219/219 1548/216/216
f 1455/182/182 1453/178/178 1502/217/217 1503/220/220
f 1474/206/206 1475/128/128 1477/136/136 1476/209/209
f 1482/218/218 1484/221/221 1550/222/222 1549/219/219
f 1431/118/118 1429/117/117 1427/214/214 1426/176/176
f 1476/209/209 1477/136/136 1479/141/141 1478/212/212
f 1484/221/221 1486/223/223 1551/224/224 1550/222/222
f 1457/186/186 1455/182/182 1503/220/220 1504/225/225
f 1478/212/212 1479/141/141 1481/146/146 1480/215/215
f 1486/223/223 1488/226/226 1552/227/227 1551/224/224
f 1459/190/190 1457/186/186 1504/225/225 1505/228/228
f 1480/215/215 1481/146/146 1483/151/151 1482/218/218
f 1488/226/226 1490/229/229 1553/230/230 1552/227/227
f 1461/194/194 1459/190/190 1505/228/228 1506/231/231
f 1482/218/218 1483/151/151 1485/156/156 1484/221/221
f 1522/170/170 1523/169/169 1524/232/232 1525/233/233 1526/111/111 1527/110/110 1528/121/121 1529/127/127 1530/135/135 1531/140/140 1532/145/145 1533/150/150 1534/155/155 1535/160/160 1536/165/165 1537/175/175 1538/180/180 1539/184/184 1540/188/188 1541/192/192 1542/196/196 1543/200/200 1544/204/204 1545/207/207 1546/210/210 1547/213/213 1548/216/216 1549/219/219 1550/222/222 1551/224/224 1552/227/227 1553/230/230
f 1463/198/198 1461/194/194 1506/231/231 1507/234/234
f 1484/221/221 1485/156/156 1487/161/161 1486/223/223
f 1467/122/122 1465/202/202 1508/235/235 1509/123/123
f 1426/176/176 1427/214/214 1521/172/172 1520/167/167 1519/162/162 1518/157/157 1517/152/152 1516/147/147 1515/142/142 1514/137/137 1513/131/131 1512/130/130 1511/115/115 1510/114/114 1509/123/123 1508/235/235 1507/234/234 1506/231/231 1505/228/228 1504/225/225 1503/220/220 1502/217/217 1501/211/211 1500/208/208 1499/205/205 1498/201/201 1497/197/197 1496/193/193 1495/189/189 1494/185/185 1493/181/181 1492/177/177
f 1486/223/223 1487/161/161 1489/166/166 1488/226/226
f 1465/202/202 1463/198/198 1507/234/234 1508/235/235
f 1490/229/229 1491/171/171 1429/117/117 1428/116/116
f 1488/226/226 1489/166/166 1491/171/171 1490/229/229
f 1434/133/133 1436/108/108 1526/111/111 1525/233/233
f 1473/129/129 1471/112/112 1511/115/115 1512/130/130
f 1490/229/229 1428/116/116 1522/170/170 1553/230/230
f 1432/125/125 1434/133/133 1525/233/233 1524/232/232
f 1430/119/119 1432/125/125 1524/232/232 1523/169/169
f 214/98/98 216/99/99 1692/236/236 1691/237/237
f 202/92/92 204/93/93 1686/238/238 1685/239/239
f 212/97/97 214/98/98 1691/237/237 1690/240/240
f 200/91/91 202/92/92 1685/239/239 1684/241/241
f 222/102/102 224/103/103 1696/242/242 1695/243/243
f 210/96/96 212/97/97 1690/240/240 1689/244/244
f 198/75/75 200/91/91 1684/241/241 1683/105/105
f 220/101/101 222/102/102 1695/243/243 1694/245/245
f 208/95/95 210/96/96 1689/244/244 1688/246/246
f 199/10/10 197/3/3 1698/247/247 1699/248/248
f 218/100/100 220/101/101 1694/245/245 1693/249/249
f 206/94/94 208/95/95 1688/246/246 1687/250/250
f 216/99/99 218/100/100 1693/249/249 1692/236/236
f 204/93/93 206/94/94 1687/250/250 1686/238/238
f 1697/251/251 1716/252/252 1751/253/253 1732/254/254
f 225/35/35 223/33/33 1711/255/255 1712/256/256
f 213/23/23 211/21/21 1705/257/257 1706/258/258
f 201/11/11 199/10/10 1699/248/248 1700/259/259
f 195/2/2 230/260/260 1716/252/252 1697/251/251
f 223/33/33 221/31/31 1710/261/261 1711/255/255
f 211/21/21 209/19/19 1704/262/262 1705/257/257
f 1682/106/106 1683/105/105 1718/263/263 1717/264/264
f 221/31/31 219/29/29 1709/265/265 1710/261/261
f 209/19/19 207/17/17 1703/266/266 1704/262/262
f 229/267/267 228/39/39 1714/268/268 1715/269/269
f 219/29/29 217/27/27 1708/270/270 1709/265/265
f 207/17/17 205/15/15 1702/271/271 1703/266/266
f 228/39/39 227/37/37 1713/272/272 1714/268/268
f 217/27/27 215/25/25 1707/273/273 1708/270/270
f 205/15/15 203/13/13 1701/274/274 1702/271/271
f 197/3/3 195/2/2 1697/251/251 1698/247/247
f 227/37/37 225/35/35 1712/256/256 1713/272/272
f 215/25/25 213/23/23 1706/258/258 1707/273/273
f 203/13/13 201/11/11 1700/259/259 1701/274/274
f 1690/240/240 1691/237/237 1726/275/275 1725/276/276
f 1695/243/243 1696/242/242 1731/277/277 1730/278/278
f 1698/247/247 1733/279/279 1734/280/280 1699/248/248
f 1687/250/250 1688/246/246 1723/281/281 1722/282/282
f 1692/236/236 1693/249/249 1728/283/283 1727/284/284
f 1684/241/241 1685/239/239 1720/285/285 1719/286/286
f 1689/244/244 1690/240/240 1725/276/276 1724/287/287
f 1694/245/245 1695/243/243 1730/278/278 1729/288/288
f 1686/238/238 1687/250/250 1722/282/282 1721/289/289
f 1691/237/237 1692/236/236 1727/284/284 1726/275/275
f 1683/105/105 1684/241/241 1719/286/286 1718/263/263
f 1688/246/246 1689/244/244 1724/287/287 1723/281/281
f 1693/249/249 1694/245/245 1729/288/288 1728/283/283
f 1685/239/239 1686/238/238 1721/289/289 1720/285/285
f 1711/255/255 1710/261/261 1745/290/290 1746/291/291
f 1698/247/247 1697/251/251 1732/254/254 1733/279/279
f 1703/266/266 1702/271/271 1737/292/292 1738/293/293
f 1708/270/270 1707/273/273 1742/294/294 1743/295/295
f 1717/264/264 1718/263/263 1753/263/296 1752/264/297
f 1713/272/272 1712/256/256 1747/296/298 1748/297/299
f 1700/259/259 1699/248/248 1734/280/280 1735/298/300
f 1705/257/257 1704/262/262 1739/299/301 1740/300/302
f 1710/261/261 1709/265/265 1744/301/303 1745/290/290
f 1715/269/269 1714/268/268 1749/302/304 1750/303/305
f 1702/271/271 1701/274/274 1736/304/306 1737/292/292
f 1707/273/273 1706/258/258 1741/305/307 1742/294/294
f 1712/256/256 1711/255/255 1746/291/291 1747/296/298
f 1704/262/262 1703/266/266 1738/293/293 1739/299/301
f 1709/265/265 1708/270/270 1743/295/295 1744/301/303
f 1714/268/268 1713/272/272 1748/297/299 1749/302/304
f 1701/274/274 1700/259/259 1735/298/300 1736/304/306
f 1706/258/258 1705/257/257 1740/300/302 1741/305/307
f 1722/282/282 1723/281/281 1758/281/308 1757/282/309
f 1727/284/284 1728/283/283 1763/283/310 1762/284/311
f 1719/286/286 1720/285/285 1755/285/312 1754/286/313
f 1724/287/287 1725/276/276 1760/276/314 1759/287/315
f 1729/288/288 1730/278/278 1765/278/316 1764/288/317
f 1721/289/289 1722/282/282 1757/282/309 1756/289/318
f 1726/275/275 1727/284/284 1762/284/311 1761/275/319
f 1718/263/263 1719/286/286 1754/286/313 1753/263/296
f 1723/281/281 1724/287/287 1759/287/315 1758/281/308
f 1728/283/283 1729/288/288 1764/288/317 1763/283/310
f 1720/285/285 1721/289/289 1756/289/318 1755/285/312
f 1725/276/276 1726/275/275 1761/275/319 1760/276/314
f 1730/278/278 1731/277/277 1766/277/320 1765/278/316
f 1756/289/318 1757/282/309 1771/282/321 1770/289/322
f 1761/275/319 1762/284/311 1776/284/323 1775/275/324
f 1733/279/279 1782/279/325 1783/280/326 1734/280/280
f 1753/263/296 1754/286/313 1768/286/327 1767/263/328
f 1758/281/308 1759/287/315 1773/287/329 1772/281/330
f 1763/283/310 1764/288/317 1778/288/331 1777/283/332
f 1755/285/312 1756/289/318 1770/289/322 1769/285/333
f 1760/276/314 1761/275/319 1775/275/324 1774/276/334
f 1765/278/316 1766/277/320 1780/277/335 1779/278/336
f 1757/282/309 1758/281/308 1772/281/330 1771/282/321
f 1762/284/311 1763/283/310 1777/283/332 1776/284/323
f 1754/286/313 1755/285/312 1769/285/333 1768/286/327
f 1759/287/315 1760/276/314 1774/276/334 1773/287/329
f 1764/288/317 1765/278/316 1779/278/336 1778/288/331
f 1736/304/306 1735/298/300 1784/298/337 1785/304/338
f 1741/305/307 1740/300/302 1789/300/339 1790/305/340
f 1732/254/254 1751/253/253 1800/253/341 1781/254/342
f 1746/291/291 1745/290/290 1794/290/343 1795/291/344
f 1733/279/279 1732/254/254 1781/254/342 1782/279/325
f 1738/293/293 1737/292/292 1786/292/345 1787/293/346
f 1743/295/295 1742/294/294 1791/294/347 1792/295/348
f 1782/279/325 1802/279/3 1803/280/10 1783/280/326
f 1748/297/299 1747/296/298 1796/296/349 1797/297/350
f 1735/298/300 1734/280/280 1783/280/326 1784/298/337
f 1740/300/302 1739/299/301 1788/299/351 1789/300/339
f 1745/290/290 1744/301/303 1793/301/352 1794/290/343
f 1737/292/292 1736/304/306 1785/304/338 1786/292/345
f 1742/294/294 1741/305/307 1790/305/340 1791/294/347
f 1747/296/298 1746/291/291 1795/291/344 1796/296/349
f 1739/299/301 1738/293/293 1787/293/346 1788/299/351
f 1744/301/303 1743/295/295 1792/295/348 1793/301/352
f 1749/302/304 1748/297/299 1797/297/350 1798/302/353
f 1802/279/3 1801/254/354 1832/253/355 1831/306/267 1830/307/267 1829/308/267 1828/309/267 1827/310/267 1826/311/267 1825/312/267 1824/313/267 1823/314/267 1822/315/267 1821/316/267 1820/317/267 1819/303/356 1818/302/357 1817/297/358 1816/296/359 1815/291/360 1814/290/31 1813/301/361 1812/295/27 1811/294/362 1810/305/363 1809/300/21 1808/299/19 1807/293/17 1806/292/364 1805/304/13 1804/298/365 1803/280/10
f 1782/279/325 1781/254/342 1801/254/354 1802/279/3
f 1787/293/346 1786/292/345 1806/292/364 1807/293/17
f 1792/295/348 1791/294/347 1811/294/362 1812/295/27
f 1797/297/350 1796/296/349 1816/296/359 1817/297/358
f 1784/298/337 1783/280/326 1803/280/10 1804/298/365
f 1789/300/339 1788/299/351 1808/299/19 1809/300/21
f 1794/290/343 1793/301/352 1813/301/361 1814/290/31
f 1799/303/366 1798/302/353 1818/302/357 1819/303/356
f 1786/292/345 1785/304/338 1805/304/13 1806/292/364
f 1791/294/347 1790/305/340 1810/305/363 1811/294/362
f 268/4/4 197/3/3 199/10/10 269/9/9
f 1796/296/349 1795/291/344 1815/291/360 1816/296/359
f 1788/299/351 1787/293/346 1807/293/17 1808/299/19
f 1793/301/352 1792/295/348 1812/295/27 1813/301/361
f 1798/302/353 1797/297/350 1817/297/358 1818/302/357
f 1785/304/338 1784/298/337 1804/298/365 1805/304/13
f 1790/305/340 1789/300/339 1809/300/21 1810/305/363
f 1781/254/342 1800/253/341 1832/253/355 1801/254/354
f 1795/291/344 1794/290/343 1814/290/31 1815/291/360
usemtl limbs.007
f 1/318/367 51/319/368 151/320/369 96/321/370
f 1/318/367 96/321/370 165/322/371 74/323/372
f 1/318/367 74/323/372 152/324/373 49/325/374
f 1/318/367 49/325/374 145/326/375 51/319/368
f 2/327/376 93/328/377 166/329/378 73/330/379
f 2/327/376 73/330/379 151/320/369 51/319/368
f 2/327/376 51/319/368 145/326/375 50/331/380
f 2/327/376 50/331/380 154/332/381 93/328/377
f 3/333/382 76/334/383 154/332/381 50/331/380
f 3/333/382 50/331/380 145/326/375 52/335/384
f 3/333/382 52/335/384 153/336/385 94/337/386
f 3/333/382 94/337/386 170/338/387 76/334/383
f 4/339/388 55/340/389 155/341/390 92/342/391
f 4/339/388 92/342/391 164/343/392 78/344/393
f 4/339/388 78/344/393 156/345/394 53/346/395
f 4/339/388 53/346/395 146/347/396 55/340/389
f 5/348/397 74/323/372 165/322/371 77/349/398
f 5/348/397 77/349/398 155/341/390 55/340/389
f 5/348/397 55/340/389 146/347/396 54/350/399
f 5/348/397 54/350/399 152/324/373 74/323/372
f 6/351/400 95/352/401 152/324/373 54/350/399
f 6/351/400 54/350/399 146/347/396 56/353/402
f 6/351/400 56/353/402 157/354/403 90/355/404
f 6/351/400 90/355/404 169/356/405 95/352/401
f 7/357/406 59/358/407 158/359/408 89/360/409
f 7/357/406 89/360/409 163/361/410 81/362/411
f 7/357/406 81/362/411 159/363/412 57/364/413
f 7/357/406 57/364/413 147/365/414 59/358/407
f 8/366/415 78/344/393 164/343/392 80/367/416
f 8/366/415 80/367/416 158/359/408 59/358/407
f 8/366/415 59/358/407 147/365/414 58/368/417
f 8/366/415 58/368/417 156/345/394 78/344/393
f 9/369/418 91/370/419 156/345/394 58/368/417
f 9/369/418 58/368/417 147/365/414 60/371/420
f 9/369/418 60/371/420 160/372/421 87/373/422
f 9/369/418 87/373/422 168/374/423 91/370/419
f 10/375/424 63/376/425 161/377/426 86/378/427
f 10/375/424 86/378/427 166/329/378 93/328/377
f 10/375/424 93/328/377 154/332/381 61/379/428
f 10/375/424 61/379/428 148/380/429 63/376/425
f 11/381/430 81/362/411 163/361/410 83/382/431
f 11/381/430 83/382/431 161/377/426 63/376/425
f 11/381/430 63/376/425 148/380/429 62/383/432
f 11/381/430 62/383/432 159/363/412 81/362/411
f 12/384/433 88/385/434 159/363/412 62/383/432
f 12/384/433 62/383/432 148/380/429 64/386/435
f 12/384/433 64/386/435 162/387/436 85/388/437
f 12/384/433 85/388/437 167/389/438 88/385/434
f 13/390/439 67/391/440 153/336/385 75/392/441
f 13/390/439 75/392/441 169/356/405 90/355/404
f 13/390/439 90/355/404 157/354/403 65/393/442
f 13/390/439 65/393/442 149/394/443 67/391/440
f 14/395/444 118/396/445 186/397/446 129/398/447
f 14/395/444 129/398/447 185/399/448 105/400/449
f 14/395/444 105/400/449 173/401/450 99/402/451
f 14/395/444 99/402/451 171/403/452 118/396/445
f 15/404/453 112/405/454 180/406/455 132/407/456
f 15/404/453 132/407/456 179/408/457 66/409/458
f 15/404/453 66/409/458 174/410/459 102/411/460
f 15/404/453 102/411/460 175/412/461 112/405/454
f 16/413/462 71/414/463 158/359/408 80/367/416
f 16/413/462 80/367/416 164/343/392 92/342/391
f 16/413/462 92/342/391 155/341/390 69/415/464
f 16/413/462 69/415/464 150/416/465 71/414/463
f 17/417/466 83/382/431 163/361/410 89/360/409
f 17/417/466 89/360/409 158/359/408 71/414/463
f 17/417/466 71/414/463 150/416/465 70/418/467
f 17/417/466 70/418/467 161/377/426 83/382/431
f 18/419/468 86/378/427 161/377/426 70/418/467
f 18/419/468 70/418/467 150/416/465 72/420/469
f 18/419/468 72/420/469 151/320/369 73/330/379
f 18/419/468 73/330/379 166/329/378 86/378/427
f 19/421/470 72/420/469 150/416/465 69/415/464
f 19/421/470 69/415/464 155/341/390 77/349/398
f 19/421/470 77/349/398 165/322/371 96/321/370
f 19/421/470 96/321/370 151/320/369 72/420/469
f 20/422/471 68/423/472 149/394/443 65/393/442
f 20/422/471 65/393/442 157/354/403 79/424/473
f 20/422/471 79/424/473 168/374/423 87/373/422
f 20/422/471 87/373/422 160/372/421 68/423/472
f 21/425/474 64/386/435 148/380/429 61/379/428
f 21/425/474 61/379/428 154/332/381 76/334/383
f 21/425/474 76/334/383 170/338/387 84/426/475
f 21/425/474 84/426/475 162/387/436 64/386/435
f 22/427/476 60/371/420 147/365/414 57/364/413
f 22/427/476 57/364/413 159/363/412 88/385/434
f 22/427/476 88/385/434 167/389/438 82/428/477
f 22/427/476 82/428/477 160/372/421 60/371/420
f 23/429/478 56/353/402 146/347/396 53/346/395
f 23/429/478 53/346/395 156/345/394 91/370/419
f 23/429/478 91/370/419 168/374/423 79/424/473
f 23/429/478 79/424/473 157/354/403 56/353/402
f 24/430/479 52/335/384 145/326/375 49/325/374
f 24/430/479 49/325/374 152/324/373 95/352/401
f 24/430/479 95/352/401 169/356/405 75/392/441
f 24/430/479 75/392/441 153/336/385 52/335/384
f 25/431/480 101/432/481 176/433/482 103/434/483
f 25/431/480 103/434/483 172/435/484 98/436/485
f 25/431/480 98/436/485 171/403/452 97/437/486
f 25/431/480 97/437/486 174/410/459 101/432/481
f 26/438/487 102/411/460 174/410/459 97/437/486
f 26/438/487 97/437/486 171/403/452 99/402/451
f 26/438/487 99/402/451 173/401/450 100/439/488
f 26/438/487 100/439/488 175/412/461 102/411/460
f 27/440/489 66/409/458 179/408/457 135/441/490
f 27/440/489 135/441/490 191/442/491 107/443/492
f 27/440/489 107/443/492 176/433/482 101/432/481
f 27/440/489 101/432/481 174/410/459 66/409/458
f 28/444/493 124/445/494 192/446/495 138/447/496
f 28/444/493 138/447/496 186/397/446 118/396/445
f 28/444/493 118/396/445 171/403/452 98/436/485
f 28/444/493 98/436/485 172/435/484 124/445/494
f 29/448/497 107/443/492 191/442/491 141/449/498
f 29/448/497 141/449/498 192/446/495 124/445/494
f 29/448/497 124/445/494 172/435/484 103/434/483
f 29/448/497 103/434/483 176/433/482 107/443/492
f 30/450/499 105/400/449 185/399/448 144/451/500
f 30/450/499 144/451/500 180/406/455 112/405/454
f 30/450/499 112/405/454 175/412/461 100/439/488
f 30/450/499 100/439/488 173/401/450 105/400/449
f 31/452/501 106/453/502 149/394/443 68/423/472
f 31/452/501 68/423/472 160/372/421 115/454/503
f 31/452/501 115/454/503 183/455/504 127/456/505
f 31/452/501 127/456/505 188/457/506 106/453/502
f 32/458/507 120/459/508 188/457/506 127/456/505
f 32/458/507 127/456/505 183/455/504 116/460/509
f 32/458/507 116/460/509 184/461/510 128/462/511
f 32/458/507 128/462/511 187/463/512 120/459/508
f 33/464/513 119/465/514 187/463/512 128/462/511
f 33/464/513 128/462/511 184/461/510 117/466/515
f 33/464/513 117/466/515 185/399/448 129/398/447
f 33/464/513 129/398/447 186/397/446 119/465/514
f 34/467/516 104/468/517 167/389/438 85/388/437
f 34/467/516 85/388/437 162/387/436 109/469/518
f 34/467/516 109/469/518 177/470/519 130/471/520
f 34/467/516 130/471/520 182/472/521 104/468/517
f 35/473/522 114/474/523 182/472/521 130/471/520
f 35/473/522 130/471/520 177/470/519 110/475/524
f 35/473/522 110/475/524 178/476/525 131/477/526
f 35/473/522 131/477/526 181/478/527 114/474/523
f 36/479/528 113/480/529 181/478/527 131/477/526
f 36/479/528 131/477/526 178/476/525 111/481/530
f 36/479/528 111/481/530 179/408/457 132/407/456
f 36/479/528 132/407/456 180/406/455 113/480/529
f 37/482/531 109/469/518 162/387/436 84/426/475
f 37/482/531 84/426/475 170/338/387 121/483/532
f 37/482/531 121/483/532 189/484/533 133/485/534
f 37/482/531 133/485/534 177/470/519 109/469/518
f 38/486/535 110/475/524 177/470/519 133/485/534
f 38/486/535 133/485/534 189/484/533 122/487/536
f 38/486/535 122/487/536 190/488/537 134/489/538
f 38/486/535 134/489/538 178/476/525 110/475/524
f 39/490/539 111/481/530 178/476/525 134/489/538
f 39/490/539 134/489/538 190/488/537 123/491/540
f 39/490/539 123/491/540 191/442/491 135/441/490
f 39/490/539 135/441/490 179/408/457 111/481/530
f 40/492/541 108/493/542 153/336/385 67/391/440
f 40/492/541 67/391/440 149/394/443 106/453/502
f 40/492/541 106/453/502 188/457/506 136/494/543
f 40/492/541 136/494/543 194/495/544 108/493/542
f 41/496/545 126/497/546 194/495/544 136/494/543
f 41/496/545 136/494/543 188/457/506 120/459/508
f 41/496/545 120/459/508 187/463/512 137/498/547
f 41/496/545 137/498/547 193/499/548 126/497/546
f 42/500/549 125/501/550 193/499/548 137/498/547
f 42/500/549 137/498/547 187/463/512 119/465/514
f 42/500/549 119/465/514 186/397/446 138/447/496
f 42/500/549 138/447/496 192/446/495 125/501/550
f 43/502/551 121/483/532 170/338/387 94/337/386
f 43/502/551 94/337/386 153/336/385 108/493/542
f 43/502/551 108/493/542 194/495/544 139/503/552
f 43/502/551 139/503/552 189/484/533 121/483/532
f 44/504/553 122/487/536 189/484/533 139/503/552
f 44/504/553 139/503/552 194/495/544 126/497/546
f 44/504/553 126/497/546 193/499/548 140/505/554
f 44/504/553 140/505/554 190/488/537 122/487/536
f 45/506/555 123/491/540 190/488/537 140/505/554
f 45/506/555 140/505/554 193/499/548 125/501/550
f 45/506/555 125/501/550 192/446/495 141/449/498
f 45/506/555 141/449/498 191/442/491 123/491/540
f 46/507/556 115/454/503 160/372/421 82/428/477
f 46/507/556 82/428/477 167/389/438 104/468/517
f 46/507/556 104/468/517 182/472/521 142/508/557
f 46/507/556 142/508/557 183/455/504 115/454/503
f 47/509/558 116/460/509 183/455/504 142/508/557
f 47/509/558 142/508/557 182/472/521 114/474/523
f 47/509/558 114/474/523 181/478/527 143/510/559
f 47/509/558 143/510/559 184/461/510 116/460/509
f 48/511/560 117/466/515 184/461/510 143/510/559
f 48/511/560 143/510/559 181/478/527 113/480/529
f 48/511/560 113/480/529 180/406/455 144/451/500
f 48/511/560 144/451/500 185/399/448 117/466/515
f 1132/512/561 1134/513/562 303/514/563 311/515/564
f 340/516/565 338/517/566 304/518/567 315/519/568
f 310/520/569 334/521/570 305/522/571 318/523/572
f 333/524/573 331/525/574 302/526/575 313/527/576
f 1126/528/577 1135/529/578 304/518/567 338/517/566
f 1128/530/579 1136/531/580 307/532/581 330/533/582
f 1136/531/580 1132/512/561 311/515/564 307/532/581
f 332/534/583 328/535/584 316/536/585 323/537/586
f 330/533/582 332/534/583 323/537/586 314/538/587
f 336/539/588 340/516/565 315/519/568 308/540/589
f 342/541/590 310/520/569 318/523/572 309/542/591
f 341/543/592 337/544/593 321/545/594 325/546/595
f 339/547/596 341/543/592 325/546/595 320/548/597
f 329/549/598 333/524/573 313/527/576 306/550/599
f 1127/551/600 1130/552/601 316/536/585 328/535/584
f 1125/553/602 1129/554/603 314/538/587 336/539/588
f 325/546/595 321/545/594 331/525/574 333/524/573
f 1129/554/603 1128/530/579 330/533/582 314/538/587
f 311/515/564 303/514/563 328/535/584 332/534/583
f 307/532/581 311/515/564 332/534/583 330/533/582
f 320/548/597 325/546/595 333/524/573 329/549/598
f 1134/513/562 1127/551/600 328/535/584 303/514/563
f 323/537/586 316/536/585 338/517/566 340/516/565
f 1130/552/601 1126/528/577 338/517/566 316/536/585
f 314/538/587 323/537/586 340/516/565 336/539/588
f 318/523/572 305/522/571 337/544/593 341/543/592
f 309/542/591 318/523/572 341/543/592 339/547/596
f 313/527/576 302/526/575 343/555/604 327/556/605
f 306/550/599 313/527/576 327/556/605 335/557/606
f 1133/558/607 1125/553/602 336/539/588 308/540/589
f 365/559/608 364/560/609 388/561/610 389/562/611
f 360/563/612 359/564/613 383/565/614 384/566/615
f 355/567/616 354/568/617 378/569/618 379/570/619
f 350/571/620 349/572/621 373/573/622 374/574/623
f 345/575/624 344/576/625 368/577/626 369/578/627
f 366/579/628 365/559/608 389/562/611 390/580/629
f 361/581/630 360/563/612 384/566/615 385/582/631
f 356/583/632 355/567/616 379/570/619 380/584/633
f 351/585/634 350/571/620 374/574/623 375/586/635
f 346/587/636 345/575/624 369/578/627 370/588/637
f 367/589/638 366/579/628 390/580/629 391/590/639
f 362/591/640 361/581/630 385/582/631 386/592/641
f 357/593/642 356/583/632 380/584/633 381/594/643
f 352/595/644 351/585/634 375/586/635 376/596/645
f 347/597/646 346/587/636 370/588/637 371/598/647
f 363/599/648 362/591/640 386/592/641 387/600/649
f 358/601/650 357/593/642 381/594/643 382/602/651
f 353/603/652 352/595/644 376/596/645 377/604/653
f 348/605/654 347/597/646 371/598/647 372/606/655
f 364/560/609 363/599/648 387/600/649 388/561/610
f 359/564/613 358/601/650 382/602/651 383/565/614
f 354/568/617 353/603/652 377/604/653 378/569/618
f 349/572/621 348/605/654 372/606/655 373/573/622
f 374/574/623 373/573/622 397/607/656 398/608/657
f 369/578/627 368/577/626 392/609/658 393/610/659
f 390/580/629 389/562/611 413/611/660 414/612/661
f 385/582/631 384/566/615 408/613/662 409/614/663
f 380/584/633 379/570/619 403/615/664 404/616/665
f 375/586/635 374/574/623 398/608/657 399/617/666
f 370/588/637 369/578/627 393/610/659 394/618/667
f 391/590/639 390/580/629 414/612/661 415/619/668
f 386/592/641 385/582/631 409/614/663 410/620/669
f 381/594/643 380/584/633 404/616/665 405/621/670
f 376/596/645 375/586/635 399/617/666 400/622/671
f 371/598/647 370/588/637 394/618/667 395/623/672
f 387/600/649 386/592/641 410/620/669 411/624/673
f 382/602/651 381/594/643 405/621/670 406/625/674
f 377/604/653 376/596/645 400/622/671 401/626/675
f 372/606/655 371/598/647 395/623/672 396/627/676
f 388/561/610 387/600/649 411/624/673 412/628/677
f 383/565/614 382/602/651 406/625/674 407/629/678
f 378/569/618 377/604/653 401/626/675 402/630/679
f 373/573/622 372/606/655 396/627/676 397/607/656
f 389/562/611 388/561/610 412/628/677 413/611/660
f 384/566/615 383/565/614 407/629/678 408/613/662
f 379/570/619 378/569/618 402/630/679 403/615/664
f 414/612/661 413/611/660 437/631/680 438/632/681
f 409/614/663 408/613/662 432/633/682 433/634/683
f 404/616/665 403/615/664 427/635/684 428/636/685
f 399/617/666 398/608/657 422/637/686 423/638/687
f 394/618/667 393/610/659 417/639/688 418/640/689
f 415/619/668 414/612/661 438/632/681 439/641/690
f 410/620/669 409/614/663 433/634/683 434/642/691
f 405/621/670 404/616/665 428/636/685 429/643/692
f 400/622/671 399/617/666 423/638/687 424/644/693
f 395/623/672 394/618/667 418/640/689 419/645/694
f 411/624/673 410/620/669 434/642/691 435/646/695
f 406/625/674 405/621/670 429/643/692 430/647/696
f 401/626/675 400/622/671 424/644/693 425/648/697
f 396/627/676 395/623/672 419/645/694 420/649/698
f 412/628/677 411/624/673 435/646/695 436/650/699
f 407/629/678 406/625/674 430/647/696 431/651/700
f 402/630/679 401/626/675 425/648/697 426/652/701
f 397/607/656 396/627/676 420/649/698 421/653/702
f 413/611/660 412/628/677 436/650/699 437/631/680
f 408/613/662 407/629/678 431/651/700 432/633/682
f 403/615/664 402/630/679 426/652/701 427/635/684
f 398/608/657 397/607/656 421/653/702 422/637/686
f 393/610/659 392/609/658 416/654/703 417/639/688
f 418/640/689 417/639/688 441/655/704 442/656/705
f 439/641/690 438/632/681 462/657/706 463/658/707
f 434/642/691 433/634/683 457/659/708 458/660/709
f 429/643/692 428/636/685 452/661/710 453/662/711
f 424/644/693 423/638/687 447/663/712 448/664/713
f 419/645/694 418/640/689 442/656/705 443/665/714
f 435/646/695 434/642/691 458/660/709 459/666/715
f 430/647/696 429/643/692 453/662/711 454/667/716
f 425/648/697 424/644/693 448/664/713 449/668/717
f 420/649/698 419/645/694 443/665/714 444/669/718
f 436/650/699 435/646/695 459/666/715 460/670/719
f 431/651/700 430/647/696 454/667/716 455/671/720
f 426/652/701 425/648/697 449/668/717 450/672/721
f 421/653/702 420/649/698 444/669/718 445/673/722
f 437/631/680 436/650/699 460/670/719 461/674/723
f 432/633/682 431/651/700 455/671/720 456/675/724
f 427/635/684 426/652/701 450/672/721 451/676/725
f 422/637/686 421/653/702 445/673/722 446/677/726
f 417/639/688 416/654/703 440/678/727 441/655/704
f 438/632/681 437/631/680 461/674/723 462/657/706
f 433/634/683 432/633/682 456/675/724 457/659/708
f 428/636/685 427/635/684 451/676/725 452/661/710
f 423/638/687 422/637/686 446/677/726 447/663/712
f 458/660/709 457/659/708 481/679/728 482/680/729
f 453/662/711 452/661/710 476/681/730 477/682/731
f 448/664/713 447/663/712 471/683/732 472/684/733
f 443/665/714 442/656/705 466/685/734 467/686/735
f 459/666/715 458/660/709 482/680/729 483/687/736
f 454/667/716 453/662/711 477/682/731 478/688/737
f 449/668/717 448/664/713 472/684/733 473/689/738
f 444/669/718 443/665/714 467/686/735 468/690/739
f 460/670/719 459/666/715 483/687/736 484/691/740
f 455/671/720 454/667/716 478/688/737 479/692/741
f 450/672/721 449/668/717 473/689/738 474/693/742
f 445/673/722 444/669/718 468/690/739 469/694/743
f 461/674/723 460/670/719 484/691/740 485/695/744
f 456/675/724 455/671/720 479/692/741 480/696/745
f 451/676/725 450/672/721 474/693/742 475/697/746
f 446/677/726 445/673/722 469/694/743 470/698/747
f 441/655/704 440/678/727 464/699/748 465/700/749
f 462/657/706 461/674/723 485/695/744 486/701/750
f 457/659/708 456/675/724 480/696/745 481/679/728
f 452/661/710 451/676/725 475/697/746 476/681/730
f 447/663/712 446/677/726 470/698/747 471/683/732
f 442/656/705 441/655/704 465/700/749 466/685/734
f 463/658/707 462/657/706 486/701/750 487/702/751
f 467/686/735 466/685/734 490/703/752 491/704/753
f 483/687/736 482/680/729 506/705/754 507/706/755
f 478/688/737 477/682/731 501/707/756 502/708/757
f 473/689/738 472/684/733 496/709/758 497/710/759
f 468/690/739 467/686/735 491/704/753 492/711/760
f 484/691/740 483/687/736 507/706/755 508/712/761
f 479/692/741 478/688/737 502/708/757 503/713/762
f 474/693/742 473/689/738 497/710/759 498/714/763
f 469/694/743 468/690/739 492/711/760 493/715/764
f 485/695/744 484/691/740 508/712/761 509/716/765
f 480/696/745 479/692/741 503/713/762 504/717/766
f 475/697/746 474/693/742 498/714/763 499/718/767
f 470/698/747 469/694/743 493/715/764 494/719/768
f 465/700/749 464/699/748 488/720/769 489/721/770
f 486/701/750 485/695/744 509/716/765 510/722/771
f 481/679/728 480/696/745 504/717/766 505/723/772
f 476/681/730 475/697/746 499/718/767 500/724/773
f 471/683/732 470/698/747 494/719/768 495/725/774
f 466/685/734 465/700/749 489/721/770 490/703/752
f 487/702/751 486/701/750 510/722/771 511/726/775
f 482/680/729 481/679/728 505/723/772 506/705/754
f 477/682/731 476/681/730 500/724/773 501/707/756
f 472/684/733 471/683/732 495/725/774 496/709/758
f 507/706/755 506/705/754 530/727/776 531/728/777
f 502/708/757 501/707/756 525/729/778 526/730/779
f 497/710/759 496/709/758 520/731/780 521/732/781
f 492/711/760 491/704/753 515/733/782 516/734/783
f 508/712/761 507/706/755 531/728/777 532/735/784
f 503/713/762 502/708/757 526/730/779 527/736/785
f 498/714/763 497/710/759 521/732/781 522/737/786
f 493/715/764 492/711/760 516/734/783 517/738/787
f 509/716/765 508/712/761 532/735/784 533/739/788
f 504/717/766 503/713/762 527/736/785 528/740/789
f 499/718/767 498/714/763 522/737/786 523/741/790
f 494/719/768 493/715/764 517/738/787 518/742/791
f 489/721/770 488/720/769 512/743/792 513/744/793
f 510/722/771 509/716/765 533/739/788 534/745/794
f 505/723/772 504/717/766 528/740/789 529/746/795
f 500/724/773 499/718/767 523/741/790 524/747/796
f 495/725/774 494/719/768 518/742/791 519/748/797
f 490/703/752 489/721/770 513/744/793 514/749/798
f 511/726/775 510/722/771 534/745/794 535/750/799
f 506/705/754 505/723/772 529/746/795 530/727/776
f 501/707/756 500/724/773 524/747/796 525/729/778
f 496/709/758 495/725/774 519/748/797 520/731/780
f 491/704/753 490/703/752 514/749/798 515/733/782
f 532/735/784 531/728/777 555/751/800 556/752/801
f 527/736/785 526/730/779 550/753/802 551/754/803
f 522/737/786 521/732/781 545/755/804 546/756/805
f 517/738/787 516/734/783 540/757/806 541/758/807
f 533/739/788 532/735/784 556/752/801 557/759/808
f 528/740/789 527/736/785 551/754/803 552/760/809
f 523/741/790 522/737/786 546/756/805 547/761/810
f 518/742/791 517/738/787 541/758/807 542/762/811
f 513/744/793 512/743/792 536/763/812 537/764/813
f 534/745/794 533/739/788 557/759/808 558/765/814
f 529/746/795 528/740/789 552/760/809 553/766/815
f 524/747/796 523/741/790 547/761/810 548/767/816
f 519/748/797 518/742/791 542/762/811 543/768/817
f 514/749/798 513/744/793 537/764/813 538/769/818
f 535/750/799 534/745/794 558/765/814 559/770/819
f 530/727/776 529/746/795 553/766/815 554/771/820
f 525/729/778 524/747/796 548/767/816 549/772/821
f 520/731/780 519/748/797 543/768/817 544/773/822
f 515/733/782 514/749/798 538/769/818 539/774/823
f 531/728/777 530/727/776 554/771/820 555/751/800
f 526/730/779 525/729/778 549/772/821 550/753/802
f 521/732/781 520/731/780 544/773/822 545/755/804
f 516/734/783 515/733/782 539/774/823 540/757/806
f 551/754/803 550/753/802 574/775/824 575/776/825
f 546/756/805 545/755/804 569/777/826 570/778/827
f 541/758/807 540/757/806 564/779/828 565/780/829
f 557/759/808 556/752/801 580/781/830 581/782/831
f 552/760/809 551/754/803 575/776/825 576/783/832
f 547/761/810 546/756/805 570/778/827 571/784/833
f 542/762/811 541/758/807 565/780/829 566/785/834
f 537/764/813 536/763/812 560/786/835 561/787/836
f 558/765/814 557/759/808 581/782/831 582/788/837
f 553/766/815 552/760/809 576/783/832 577/789/838
f 548/767/816 547/761/810 571/784/833 572/790/839
f 543/768/817 542/762/811 566/785/834 567/791/840
f 538/769/818 537/764/813 561/787/836 562/792/841
f 559/770/819 558/765/814 582/788/837 583/793/842
f 554/771/820 553/766/815 577/789/838 578/794/843
f 549/772/821 548/767/816 572/790/839 573/795/844
f 544/773/822 543/768/817 567/791/840 568/796/845
f 539/774/823 538/769/818 562/792/841 563/797/846
f 555/751/800 554/771/820 578/794/843 579/798/847
f 550/753/802 549/772/821 573/795/844 574/775/824
f 545/755/804 544/773/822 568/796/845 569/777/826
f 540/757/806 539/774/823 563/797/846 564/779/828
f 556/752/801 555/751/800 579/798/847 580/781/830
f 581/782/831 580/781/830 604/799/848 605/800/849
f 576/783/832 575/776/825 599/801/850 600/802/851
f 571/784/833 570/778/827 594/803/852 595/804/853
f 566/785/834 565/780/829 589/805/854 590/806/855
f 561/787/836 560/786/835 584/807/856 585/808/857
f 582/788/837 581/782/831 605/800/849 606/809/858
f 577/789/838 576/783/832 600/802/851 601/810/859
f 572/790/839 571/784/833 595/804/853 596/811/860
f 567/791/840 566/785/834 590/806/855 591/812/861
f 562/792/841 561/787/836 585/808/857 586/813/862
f 583/793/842 582/788/837 606/809/858 607/814/863
f 578/794/843 577/789/838 601/810/859 602/815/864
f 573/795/844 572/790/839 596/811/860 597/816/865
f 568/796/845 567/791/840 591/812/861 592/817/866
f 563/797/846 562/792/841 586/813/862 587/818/867
f 579/798/847 578/794/843 602/815/864 603/819/868
f 574/775/824 573/795/844 597/816/865 598/820/869
f 569/777/826 568/796/845 592/817/866 593/821/870
f 564/779/828 563/797/846 587/818/867 588/822/871
f 580/781/830 579/798/847 603/819/868 604/799/848
f 575/776/825 574/775/824 598/820/869 599/801/850
f 570/778/827 569/777/826 593/821/870 594/803/852
f 565/780/829 564/779/828 588/822/871 589/805/854
f 600/802/851 599/801/850 623/823/872 624/824/873
f 595/804/853 594/803/852 618/825/874 619/826/875
f 590/806/855 589/805/854 613/827/876 614/828/877
f 585/808/857 584/807/856 608/829/878 609/830/879
f 606/809/858 605/800/849 629/831/880 630/832/881
f 601/810/859 600/802/851 624/824/873 625/833/882
f 596/811/860 595/804/853 619/826/875 620/834/883
f 591/812/861 590/806/855 614/828/877 615/835/884
f 586/813/862 585/808/857 609/830/879 610/836/885
f 607/814/863 606/809/858 630/832/881 631/837/886
f 602/815/864 601/810/859 625/833/882 626/838/887
f 597/816/865 596/811/860 620/834/883 621/839/888
f 592/817/866 591/812/861 615/835/884 616/840/889
f 587/818/867 586/813/862 610/836/885 611/841/890
f 603/819/868 602/815/864 626/838/887 627/842/891
f 598/820/869 597/816/865 621/839/888 622/843/892
f 593/821/870 592/817/866 616/840/889 617/844/893
f 588/822/871 587/818/867 611/841/890 612/845/894
f 604/799/848 603/819/868 627/842/891 628/846/895
f 599/801/850 598/820/869 622/843/892 623/823/872
f 594/803/852 593/821/870 617/844/893 618/825/874
f 589/805/854 588/822/871 612/845/894 613/827/876
f 605/800/849 604/799/848 628/846/895 629/831/880
f 630/832/881 629/831/880 653/847/896 654/848/897
f 625/833/882 624/824/873 648/849/898 649/850/899
f 620/834/883 619/826/875 643/851/900 644/852/901
f 615/835/884 614/828/877 638/853/902 639/854/903
f 610/836/885 609/830/879 633/855/904 634/856/905
f 631/837/886 630/832/881 654/848/897 655/857/906
f 626/838/887 625/833/882 649/850/899 650/858/907
f 621/839/888 620/834/883 644/852/901 645/859/908
f 616/840/889 615/835/884 639/854/903 640/860/909
f 611/841/890 610/836/885 634/856/905 635/861/910
f 627/842/891 626/838/887 650/858/907 651/862/911
f 622/843/892 621/839/888 645/859/908 646/863/912
f 617/844/893 616/840/889 640/860/909 641/864/913
f 612/845/894 611/841/890 635/861/910 636/865/914
f 628/846/895 627/842/891 651/862/911 652/866/915
f 623/823/872 622/843/892 646/863/912 647/867/916
f 618/825/874 617/844/893 641/864/913 642/868/917
f 613/827/876 612/845/894 636/865/914 637/869/918
f 629/831/880 628/846/895 652/866/915 653/847/896
f 624/824/873 623/823/872 647/867/916 648/849/898
f 619/826/875 618/825/874 642/868/917 643/851/900
f 614/828/877 613/827/876 637/869/918 638/853/902
f 609/830/879 608/829/878 632/870/919 633/855/904
f 644/852/901 643/851/900 667/871/920 668/872/921
f 639/854/903 638/853/902 662/873/922 663/874/923
f 634/856/905 633/855/904 657/875/924 658/876/925
f 655/857/906 654/848/897 678/877/926 679/878/927
f 650/858/907 649/850/899 673/879/928 674/880/929
f 645/859/908 644/852/901 668/872/921 669/881/930
f 640/860/909 639/854/903 663/874/923 664/882/931
f 635/861/910 634/856/905 658/876/925 659/883/932
f 651/862/911 650/858/907 674/880/929 675/884/933
f 646/863/912 645/859/908 669/881/930 670/885/934
f 641/864/913 640/860/909 664/882/931 665/886/935
f 636/865/914 635/861/910 659/883/932 660/887/936
f 652/866/915 651/862/911 675/884/933 676/888/937
f 647/867/916 646/863/912 670/885/934 671/889/938
f 642/868/917 641/864/913 665/886/935 666/890/939
f 637/869/918 636/865/914 660/887/936 661/891/940
f 653/847/896 652/866/915 676/888/937 677/892/941
f 648/849/898 647/867/916 671/889/938 672/893/942
f 643/851/900 642/868/917 666/890/939 667/871/920
f 638/853/902 637/869/918 661/891/940 662/873/922
f 633/855/904 632/870/919 656/894/943 657/875/924
f 654/848/897 653/847/896 677/892/941 678/877/926
f 649/850/899 648/849/898 672/893/942 673/879/928
f 679/878/927 678/877/926 702/895/944 703/896/945
f 674/880/929 673/879/928 697/897/946 698/898/947
f 669/881/930 668/872/921 692/899/948 693/900/949
f 664/882/931 663/874/923 687/901/950 688/902/951
f 659/883/932 658/876/925 682/903/952 683/904/953
f 675/884/933 674/880/929 698/898/947 699/905/954
f 670/885/934 669/881/930 693/900/949 694/906/955
f 665/886/935 664/882/931 688/902/951 689/907/956
f 660/887/936 659/883/932 683/904/953 684/908/957
f 676/888/937 675/884/933 699/905/954 700/909/958
f 671/889/938 670/885/934 694/906/955 695/910/959
f 666/890/939 665/886/935 689/907/956 690/911/960
f 661/891/940 660/887/936 684/908/957 685/912/961
f 677/892/941 676/888/937 700/909/958 701/913/962
f 672/893/942 671/889/938 695/910/959 696/914/963
f 667/871/920 666/890/939 690/911/960 691/915/964
f 662/873/922 661/891/940 685/912/961 686/916/965
f 657/875/924 656/894/943 680/917/966 681/918/967
f 678/877/926 677/892/941 701/913/962 702/895/944
f 673/879/928 672/893/942 696/914/963 697/897/946
f 668/872/921 667/871/920 691/915/964 692/899/948
f 663/874/923 662/873/922 686/916/965 687/901/950
f 658/876/925 657/875/924 681/918/967 682/903/952
f 693/900/949 692/899/948 716/919/968 717/920/969
f 688/902/951 687/901/950 711/921/970 712/922/971
f 683/904/953 682/903/952 706/923/972 707/924/973
f 699/905/954 698/898/947 722/925/974 723/926/975
f 694/906/955 693/900/949 717/920/969 718/927/976
f 689/907/956 688/902/951 712/922/971 713/928/977
f 684/908/957 683/904/953 707/924/973 708/929/978
f 700/909/958 699/905/954 723/926/975 724/930/979
f 695/910/959 694/906/955 718/927/976 719/931/980
f 690/911/960 689/907/956 713/928/977 714/932/981
f 685/912/961 684/908/957 708/929/978 709/933/982
f 701/913/962 700/909/958 724/930/979 725/934/983
f 696/914/963 695/910/959 719/931/980 720/935/984
f 691/915/964 690/911/960 714/932/981 715/936/985
f 686/916/965 685/912/961 709/933/982 710/937/986
f 681/918/967 680/917/966 704/938/987 705/939/988
f 702/895/944 701/913/962 725/934/983 726/940/989
f 697/897/946 696/914/963 720/935/984 721/941/990
f 692/899/948 691/915/964 715/936/985 716/919/968
f 687/901/950 686/916/965 710/937/986 711/921/970
f 682/903/952 681/918/967 705/939/988 706/923/972
f 703/896/945 702/895/944 726/940/989 727/942/991
f 698/898/947 697/897/946 721/941/990 722/925/974
f 723/926/975 722/925/974 746/943/992 747/944/993
f 718/927/976 717/920/969 741/945/994 742/946/995
f 713/928/977 712/922/971 736/947/996 737/948/997
f 708/929/978 707/924/973 731/949/998 732/950/999
f 724/930/979 723/926/975 747/944/993 748/951/1000
f 719/931/980 718/927/976 742/946/995 743/952/1001
f 714/932/981 713/928/977 737/948/997 738/953/1002
f 709/933/982 708/929/978 732/950/999 733/954/1003
f 725/934/983 724/930/979 748/951/1000 749/955/1004
f 720/935/984 719/931/980 743/952/1001 744/956/1005
f 715/936/985 714/932/981 738/953/1002 739/957/1006
f 710/937/986 709/933/982 733/954/1003 734/958/1007
f 705/939/988 704/938/987 728/959/1008 729/960/1009
f 726/940/989 725/934/983 749/955/1004 750/961/1010
f 721/941/990 720/935/984 744/956/1005 745/962/1011
f 716/919/968 715/936/985 739/957/1006 740/963/1012
f 711/921/970 710/937/986 734/958/1007 735/964/1013
f 706/923/972 705/939/988 729/960/1009 730/965/1014
f 727/942/991 726/940/989 750/961/1010 751/966/1015
f 722/925/974 721/941/990 745/962/1011 746/943/992
f 717/920/969 716/919/968 740/963/1012 741/945/994
f 712/922/971 711/921/970 735/964/1013 736/947/996
f 707/924/973 706/923/972 730/965/1014 731/949/998
f 737/948/997 736/947/996 760/967/1016 761/968/1017
f 732/950/999 731/949/998 755/969/1018 756/970/1019
f 748/951/1000 747/944/993 771/971/1020 772/972/1021
f 743/952/1001 742/946/995 766/973/1022 767/974/1023
f 738/953/1002 737/948/997 761/968/1017 762/975/1024
f 733/954/1003 732/950/999 756/970/1019 757/976/1025
f 749/955/1004 748/951/1000 772/972/1021 773/977/1026
f 744/956/1005 743/952/1001 767/974/1023 768/978/1027
f 739/957/1006 738/953/1002 762/975/1024 763/979/1028
f 734/958/1007 733/954/1003 757/976/1025 758/980/1029
f 729/960/1009 728/959/1008 752/981/1030 753/982/1031
f 750/961/1010 749/955/1004 773/977/1026 774/983/1032
f 745/962/1011 744/956/1005 768/978/1027 769/984/1033
f 740/963/1012 739/957/1006 763/979/1028 764/985/1034
f 735/964/1013 734/958/1007 758/980/1029 759/986/1035
f 730/965/1014 729/960/1009 753/982/1031 754/987/1036
f 751/966/1015 750/961/1010 774/983/1032 775/988/1037
f 746/943/992 745/962/1011 769/984/1033 770/989/1038
f 741/945/994 740/963/1012 764/985/1034 765/990/1039
f 736/947/996 735/964/1013 759/986/1035 760/967/1016
f 731/949/998 730/965/1014 754/987/1036 755/969/1018
f 747/944/993 746/943/992 770/989/1038 771/971/1020
f 742/946/995 741/945/994 765/990/1039 766/973/1022
f 772/972/1021 771/971/1020 795/991/1040 796/992/1041
f 767/974/1023 766/973/1022 790/993/1042 791/994/1043
f 762/975/1024 761/968/1017 785/995/1044 786/996/1045
f 757/976/1025 756/970/1019 780/997/1046 781/998/1047
f 773/977/1026 772/972/1021 796/992/1041 797/999/1048
f 768/978/1027 767/974/1023 791/994/1043 792/1000/1049
f 763/979/1028 762/975/1024 786/996/1045 787/1001/1050
f 758/980/1029 757/976/1025 781/998/1047 782/1002/1051
f 753/982/1031 752/981/1030 776/1003/1052 777/1004/1053
f 774/983/1032 773/977/1026 797/999/1048 798/1005/1054
f 769/984/1033 768/978/1027 792/1000/1049 793/1006/1055
f 764/985/1034 763/979/1028 787/1001/1050 788/1007/1056
f 759/986/1035 758/980/1029 782/1002/1051 783/1008/1057
f 754/987/1036 753/982/1031 777/1004/1053 778/1009/1058
f 775/988/1037 774/983/1032 798/1005/1054 799/1010/1059
f 770/989/1038 769/984/1033 793/1006/1055 794/1011/1060
f 765/990/1039 764/985/1034 788/1007/1056 789/1012/1061
f 760/967/1016 759/986/1035 783/1008/1057 784/1013/1062
f 755/969/1018 754/987/1036 778/1009/1058 779/1014/1063
f 771/971/1020 770/989/1038 794/1011/1060 795/991/1040
f 766/973/1022 765/990/1039 789/1012/1061 790/993/1042
f 761/968/1017 760/967/1016 784/1013/1062 785/995/1044
f 756/970/1019 755/969/1018 779/1014/1063 780/997/1046
f 786/996/1045 785/995/1044 809/1015/1064 810/1016/1065
f 781/998/1047 780/997/1046 804/1017/1066 805/1018/1067
f 797/999/1048 796/992/1041 820/1019/1068 821/1020/1069
f 792/1000/1049 791/994/1043 815/1021/1070 816/1022/1071
f 787/1001/1050 786/996/1045 810/1016/1065 811/1023/1072
f 782/1002/1051 781/998/1047 805/1018/1067 806/1024/1073
f 777/1004/1053 776/1003/1052 800/1025/1074 801/1026/1075
f 798/1005/1054 797/999/1048 821/1020/1069 822/1027/1076
f 793/1006/1055 792/1000/1049 816/1022/1071 817/1028/1077
f 788/1007/1056 787/1001/1050 811/1023/1072 812/1029/1078
f 783/1008/1057 782/1002/1051 806/1024/1073 807/1030/1079
f 778/1009/1058 777/1004/1053 801/1026/1075 802/1031/1080
f 799/1010/1059 798/1005/1054 822/1027/1076 823/1032/1081
f 794/1011/1060 793/1006/1055 817/1028/1077 818/1033/1082
f 789/1012/1061 788/1007/1056 812/1029/1078 813/1034/1083
f 784/1013/1062 783/1008/1057 807/1030/1079 808/1035/1084
f 779/1014/1063 778/1009/1058 802/1031/1080 803/1036/1085
f 795/991/1040 794/1011/1060 818/1033/1082 819/1037/1086
f 790/993/1042 789/1012/1061 813/1034/1083 814/1038/1087
f 785/995/1044 784/1013/1062 808/1035/1084 809/1015/1064
f 780/997/1046 779/1014/1063 803/1036/1085 804/1017/1066
f 796/992/1041 795/991/1040 819/1037/1086 820/1019/1068
f 791/994/1043 790/993/1042 814/1038/1087 815/1021/1070
f 806/1024/1073 805/1018/1067 829/1039/1088 830/1040/1089
f 801/1026/1075 800/1025/1074 824/1041/1090 825/1042/1091
f 822/1027/1076 821/1020/1069 845/1043/1092 846/1044/1093
f 817/1028/1077 816/1022/1071 840/1045/1094 841/1046/1095
f 812/1029/1078 811/1023/1072 835/1047/1096 836/1048/1097
f 807/1030/1079 806/1024/1073 830/1040/1089 831/1049/1098
f 802/1031/1080 801/1026/1075 825/1042/1091 826/1050/1099
f 823/1032/1081 822/1027/1076 846/1044/1093 847/1051/1100
f 818/1033/1082 817/1028/1077 841/1046/1095 842/1052/1101
f 813/1034/1083 812/1029/1078 836/1048/1097 837/1053/1102
f 808/1035/1084 807/1030/1079 831/1049/1098 832/1054/1103
f 803/1036/1085 802/1031/1080 826/1050/1099 827/1055/1104
f 819/1037/1086 818/1033/1082 842/1052/1101 843/1056/1105
f 814/1038/1087 813/1034/1083 837/1053/1102 838/1057/1106
f 809/1015/1064 808/1035/1084 832/1054/1103 833/1058/1107
f 804/1017/1066 803/1036/1085 827/1055/1104 828/1059/1108
f 820/1019/1068 819/1037/1086 843/1056/1105 844/1060/1109
f 815/1021/1070 814/1038/1087 838/1057/1106 839/1061/1110
f 810/1016/1065 809/1015/1064 833/1058/1107 834/1062/1111
f 805/1018/1067 804/1017/1066 828/1059/1108 829/1039/1088
f 821/1020/1069 820/1019/1068 844/1060/1109 845/1043/1092
f 816/1022/1071 815/1021/1070 839/1061/1110 840/1045/1094
f 811/1023/1072 810/1016/1065 834/1062/1111 835/1047/1096
f 846/1044/1093 845/1043/1092 869/1063/1112 870/1064/1113
f 841/1046/1095 840/1045/1094 864/1065/1114 865/1066/1115
f 836/1048/1097 835/1047/1096 859/1067/1116 860/1068/1117
f 831/1049/1098 830/1040/1089 854/1069/1118 855/1070/1119
f 826/1050/1099 825/1042/1091 849/1071/1120 850/1072/1121
f 847/1051/1100 846/1044/1093 870/1064/1113 871/1073/1122
f 842/1052/1101 841/1046/1095 865/1066/1115 866/1074/1123
f 837/1053/1102 836/1048/1097 860/1068/1117 861/1075/1124
f 832/1054/1103 831/1049/1098 855/1070/1119 856/1076/1125
f 827/1055/1104 826/1050/1099 850/1072/1121 851/1077/1126
f 843/1056/1105 842/1052/1101 866/1074/1123 867/1078/1127
f 838/1057/1106 837/1053/1102 861/1075/1124 862/1079/1128
f 833/1058/1107 832/1054/1103 856/1076/1125 857/1080/1129
f 828/1059/1108 827/1055/1104 851/1077/1126 852/1081/1130
f 844/1060/1109 843/1056/1105 867/1078/1127 868/1082/1131
f 839/1061/1110 838/1057/1106 862/1079/1128 863/1083/1132
f 834/1062/1111 833/1058/1107 857/1080/1129 858/1084/1133
f 829/1039/1088 828/1059/1108 852/1081/1130 853/1085/1134
f 845/1043/1092 844/1060/1109 868/1082/1131 869/1063/1112
f 840/1045/1094 839/1061/1110 863/1083/1132 864/1065/1114
f 835/1047/1096 834/1062/1111 858/1084/1133 859/1067/1116
f 830/1040/1089 829/1039/1088 853/1085/1134 854/1069/1118
f 825/1042/1091 824/1041/1090 848/1086/1135 849/1071/1120
f 855/1070/1119 854/1069/1118 878/1087/1136 879/1088/1137
f 850/1072/1121 849/1071/1120 873/1089/1138 874/1090/1139
f 871/1073/1122 870/1064/1113 894/1091/1140 895/1092/1141
f 866/1074/1123 865/1066/1115 889/1093/1142 890/1094/1143
f 861/1075/1124 860/1068/1117 884/1095/1144 885/1096/1145
f 856/1076/1125 855/1070/1119 879/1088/1137 880/1097/1146
f 851/1077/1126 850/1072/1121 874/1090/1139 875/1098/1147
f 867/1078/1127 866/1074/1123 890/1094/1143 891/1099/1148
f 862/1079/1128 861/1075/1124 885/1096/1145 886/1100/1149
f 857/1080/1129 856/1076/1125 880/1097/1146 881/1101/1150
f 852/1081/1130 851/1077/1126 875/1098/1147 876/1102/1151
f 868/1082/1131 867/1078/1127 891/1099/1148 892/1103/1152
f 863/1083/1132 862/1079/1128 886/1100/1149 887/1104/1153
f 858/1084/1133 857/1080/1129 881/1101/1150 882/1105/1154
f 853/1085/1134 852/1081/1130 876/1102/1151 877/1106/1155
f 869/1063/1112 868/1082/1131 892/1103/1152 893/1107/1156
f 864/1065/1114 863/1083/1132 887/1104/1153 888/1108/1157
f 859/1067/1116 858/1084/1133 882/1105/1154 883/1109/1158
f 854/1069/1118 853/1085/1134 877/1106/1155 878/1087/1136
f 849/1071/1120 848/1086/1135 872/1110/1159 873/1089/1138
f 870/1064/1113 869/1063/1112 893/1107/1156 894/1091/1140
f 865/1066/1115 864/1065/1114 888/1108/1157 889/1093/1142
f 860/1068/1117 859/1067/1116 883/1109/1158 884/1095/1144
f 895/1092/1141 894/1091/1140 918/1111/1160 919/1112/1161
f 890/1094/1143 889/1093/1142 913/1113/1162 914/1114/1163
f 885/1096/1145 884/1095/1144 908/1115/1164 909/1116/1165
f 880/1097/1146 879/1088/1137 903/1117/1166 904/1118/1167
f 875/1098/1147 874/1090/1139 898/1119/1168 899/1120/1169
f 891/1099/1148 890/1094/1143 914/1114/1163 915/1121/1170
f 886/1100/1149 885/1096/1145 909/1116/1165 910/1122/1171
f 881/1101/1150 880/1097/1146 904/1118/1167 905/1123/1172
f 876/1102/1151 875/1098/1147 899/1120/1169 900/1124/1173
f 892/1103/1152 891/1099/1148 915/1121/1170 916/1125/1174
f 887/1104/1153 886/1100/1149 910/1122/1171 911/1126/1175
f 882/1105/1154 881/1101/1150 905/1123/1172 906/1127/1176
f 877/1106/1155 876/1102/1151 900/1124/1173 901/1128/1177
f 893/1107/1156 892/1103/1152 916/1125/1174 917/1129/1178
f 888/1108/1157 887/1104/1153 911/1126/1175 912/1130/1179
f 883/1109/1158 882/1105/1154 906/1127/1176 907/1131/1180
f 878/1087/1136 877/1106/1155 901/1128/1177 902/1132/1181
f 873/1089/1138 872/1110/1159 896/1133/1182 897/1134/1183
f 894/1091/1140 893/1107/1156 917/1129/1178 918/1111/1160
f 889/1093/1142 888/1108/1157 912/1130/1179 913/1113/1162
f 884/1095/1144 883/1109/1158 907/1131/1180 908/1115/1164
f 879/1088/1137 878/1087/1136 902/1132/1181 903/1117/1166
f 874/1090/1139 873/1089/1138 897/1134/1183 898/1119/1168
f 899/1120/1169 898/1119/1168 922/1135/1184 923/1136/1185
f 915/1121/1170 914/1114/1163 938/1137/1186 939/1138/1187
f 910/1122/1171 909/1116/1165 933/1139/1188 934/1140/1189
f 905/1123/1172 904/1118/1167 928/1141/1190 929/1142/1191
f 900/1124/1173 899/1120/1169 923/1136/1185 924/1143/1192
f 916/1125/1174 915/1121/1170 939/1138/1187 940/1144/1193
f 911/1126/1175 910/1122/1171 934/1140/1189 935/1145/1194
f 906/1127/1176 905/1123/1172 929/1142/1191 930/1146/1195
f 901/1128/1177 900/1124/1173 924/1143/1192 925/1147/1196
f 917/1129/1178 916/1125/1174 940/1144/1193 941/1148/1197
f 912/1130/1179 911/1126/1175 935/1145/1194 936/1149/1198
f 907/1131/1180 906/1127/1176 930/1146/1195 931/1150/1199
f 902/1132/1181 901/1128/1177 925/1147/1196 926/1151/1200
f 897/1134/1183 896/1133/1182 920/1152/1201 921/1153/1202
f 918/1111/1160 917/1129/1178 941/1148/1197 942/1154/1203
f 913/1113/1162 912/1130/1179 936/1149/1198 937/1155/1204
f 908/1115/1164 907/1131/1180 931/1150/1199 932/1156/1205
f 903/1117/1166 902/1132/1181 926/1151/1200 927/1157/1206
f 898/1119/1168 897/1134/1183 921/1153/1202 922/1135/1184
f 919/1112/1161 918/1111/1160 942/1154/1203 943/1158/1207
f 914/1114/1163 913/1113/1162 937/1155/1204 938/1137/1186
f 909/1116/1165 908/1115/1164 932/1156/1205 933/1139/1188
f 904/1118/1167 903/1117/1166 927/1157/1206 928/1141/1190
f 939/1138/1187 938/1137/1186 962/1159/1208 963/1160/1209
f 934/1140/1189 933/1139/1188 957/1161/1210 958/1162/1211
f 929/1142/1191 928/1141/1190 952/1163/1212 953/1164/1213
f 924/1143/1192 923/1136/1185 947/1165/1214 948/1166/1215
f 940/1144/1193 939/1138/1187 963/1160/1209 964/1167/1216
f 935/1145/1194 934/1140/1189 958/1162/1211 959/1168/1217
f 930/1146/1195 929/1142/1191 953/1164/1213 954/1169/1218
f 925/1147/1196 924/1143/1192 948/1166/1215 949/1170/1219
f 941/1148/1197 940/1144/1193 964/1167/1216 965/1171/1220
f 936/1149/1198 935/1145/1194 959/1168/1217 960/1172/1221
f 931/1150/1199 930/1146/1195 954/1169/1218 955/1173/1222
f 926/1151/1200 925/1147/1196 949/1170/1219 950/1174/1223
f 921/1153/1202 920/1152/1201 944/1175/1224 945/1176/1225
f 942/1154/1203 941/1148/1197 965/1171/1220 966/1177/1226
f 937/1155/1204 936/1149/1198 960/1172/1221 961/1178/1227
f 932/1156/1205 931/1150/1199 955/1173/1222 956/1179/1228
f 927/1157/1206 926/1151/1200 950/1174/1223 951/1180/1229
f 922/1135/1184 921/1153/1202 945/1176/1225 946/1181/1230
f 943/1158/1207 942/1154/1203 966/1177/1226 967/1182/1231
f 938/1137/1186 937/1155/1204 961/1178/1227 962/1159/1208
f 933/1139/1188 932/1156/1205 956/1179/1228 957/1161/1210
f 928/1141/1190 927/1157/1206 951/1180/1229 952/1163/1212
f 923/1136/1185 922/1135/1184 946/1181/1230 947/1165/1214
f 948/1166/1215 947/1165/1214 971/1183/1232 972/1184/1233
f 964/1167/1216 963/1160/1209 987/1185/1234 988/1186/1235
f 959/1168/1217 958/1162/1211 982/1187/1236 983/1188/1237
f 954/1169/1218 953/1164/1213 977/1189/1238 978/1190/1239
f 949/1170/1219 948/1166/1215 972/1184/1233 973/1191/1240
f 965/1171/1220 964/1167/1216 988/1186/1235 989/1192/1241
f 960/1172/1221 959/1168/1217 983/1188/1237 984/1193/1242
f 955/1173/1222 954/1169/1218 978/1190/1239 979/1194/1243
f 950/1174/1223 949/1170/1219 973/1191/1240 974/1195/1244
f 945/1176/1225 944/1175/1224 968/1196/1245 969/1197/1246
f 966/1177/1226 965/1171/1220 989/1192/1241 990/1198/1247
f 961/1178/1227 960/1172/1221 984/1193/1242 985/1199/1248
f 956/1179/1228 955/1173/1222 979/1194/1243 980/1200/1249
f 951/1180/1229 950/1174/1223 974/1195/1244 975/1201/1250
f 946/1181/1230 945/1176/1225 969/1197/1246 970/1202/1251
f 967/1182/1231 966/1177/1226 990/1198/1247 991/1203/1252
f 962/1159/1208 961/1178/1227 985/1199/1248 986/1204/1253
f 957/1161/1210 956/1179/1228 980/1200/1249 981/1205/1254
f 952/1163/1212 951/1180/1229 975/1201/1250 976/1206/1255
f 947/1165/1214 946/1181/1230 970/1202/1251 971/1183/1232
f 963/1160/1209 962/1159/1208 986/1204/1253 987/1185/1234
f 958/1162/1211 957/1161/1210 981/1205/1254 982/1187/1236
f 953/1164/1213 952/1163/1212 976/1206/1255 977/1189/1238
f 988/1186/1235 987/1185/1234 1011/1207/1256 1012/1208/1257
f 983/1188/1237 982/1187/1236 1006/1209/1258 1007/1210/1259
f 978/1190/1239 977/1189/1238 1001/1211/1260 1002/1212/1261
f 973/1191/1240 972/1184/1233 996/1213/1262 997/1214/1263
f 989/1192/1241 988/1186/1235 1012/1208/1257 1013/1215/1264
f 984/1193/1242 983/1188/1237 1007/1210/1259 1008/1216/1265
f 979/1194/1243 978/1190/1239 1002/1212/1261 1003/1217/1266
f 974/1195/1244 973/1191/1240 997/1214/1263 998/1218/1267
f 969/1197/1246 968/1196/1245 992/1219/1268 993/1220/1269
f 990/1198/1247 989/1192/1241 1013/1215/1264 1014/1221/1270
f 985/1199/1248 984/1193/1242 1008/1216/1265 1009/1222/1271
f 980/1200/1249 979/1194/1243 1003/1217/1266 1004/1223/1272
f 975/1201/1250 974/1195/1244 998/1218/1267 999/1224/1273
f 970/1202/1251 969/1197/1246 993/1220/1269 994/1225/1274
f 991/1203/1252 990/1198/1247 1014/1221/1270 1015/1226/1275
f 986/1204/1253 985/1199/1248 1009/1222/1271 1010/1227/1276
f 981/1205/1254 980/1200/1249 1004/1223/1272 1005/1228/1277
f 976/1206/1255 975/1201/1250 999/1224/1273 1000/1229/1278
f 971/1183/1232 970/1202/1251 994/1225/1274 995/1230/1279
f 987/1185/1234 986/1204/1253 1010/1227/1276 1011/1207/1256
f 982/1187/1236 981/1205/1254 1005/1228/1277 1006/1209/1258
f 977/1189/1238 976/1206/1255 1000/1229/1278 1001/1211/1260
f 972/1184/1233 971/1183/1232 995/1230/1279 996/1213/1262
f 1013/1215/1264 1012/1208/1257 1037/1231/1280 1038/1232/1281
f 1008/1216/1265 1007/1210/1259 1032/1233/1282 1033/1234/1283
f 1003/1217/1266 1002/1212/1261 1027/1235/1284 1028/1236/1285
f 998/1218/1267 997/1214/1263 1022/1237/1286 1023/1238/1287
f 993/1220/1269 992/1219/1268 1017/1239/1288 1018/1240/1289
f 1014/1221/1270 1013/1215/1264 1038/1232/1281 1039/1241/1290
f 1009/1222/1271 1008/1216/1265 1033/1234/1283 1034/1242/1291
f 1004/1223/1272 1003/1217/1266 1028/1236/1285 1029/1243/1292
f 999/1224/1273 998/1218/1267 1023/1238/1287 1024/1244/1293
f 994/1225/1274 993/1220/1269 1018/1240/1289 1019/1245/1294
f 1015/1226/1275 1014/1221/1270 1039/1241/1290 1040/1246/1295
f 1010/1227/1276 1009/1222/1271 1034/1242/1291 1035/1247/1296
f 1005/1228/1277 1004/1223/1272 1029/1243/1292 1030/1248/1297
f 1000/1229/1278 999/1224/1273 1024/1244/1293 1025/1249/1298
f 995/1230/1279 994/1225/1274 1019/1245/1294 1020/1250/1299
f 1011/1207/1256 1010/1227/1276 1035/1247/1296 1036/1251/1300
f 1006/1209/1258 1005/1228/1277 1030/1248/1297 1031/1252/1301
f 1001/1211/1260 1000/1229/1278 1025/1249/1298 1026/1253/1302
f 996/1213/1262 995/1230/1279 1020/1250/1299 1021/1254/1303
f 1012/1208/1257 1011/1207/1256 1036/1251/1300 1037/1231/1280
f 1007/1210/1259 1006/1209/1258 1031/1252/1301 1032/1233/1282
f 1002/1212/1261 1001/1211/1260 1026/1253/1302 1027/1235/1284
f 997/1214/1263 996/1213/1262 1021/1254/1303 1022/1237/1286
f 1033/1234/1283 1032/1233/1282 1056/1255/1304 1057/1256/1305
f 1028/1236/1285 1027/1235/1284 1051/1257/1306 1052/1258/1307
f 1023/1238/1287 1022/1237/1286 1046/1259/1308 1047/1260/1309
f 1018/1240/1289 1017/1239/1288 1041/1261/1310 1042/1262/1311
f 1039/1241/1290 1038/1232/1281 1062/1263/1312 1063/1264/1313
f 1034/1242/1291 1033/1234/1283 1057/1256/1305 1058/1265/1314
f 1029/1243/1292 1028/1236/1285 1052/1258/1307 1053/1266/1315
f 1024/1244/1293 1023/1238/1287 1047/1260/1309 1048/1267/1316
f 1019/1245/1294 1018/1240/1289 1042/1262/1311 1043/1268/1317
f 1040/1246/1295 1039/1241/1290 1063/1264/1313 1064/1269/1318
f 1035/1247/1296 1034/1242/1291 1058/1265/1314 1059/1270/1319
f 1030/1248/1297 1029/1243/1292 1053/1266/1315 1054/1271/1320
f 1025/1249/1298 1024/1244/1293 1048/1267/1316 1049/1272/1321
f 1020/1250/1299 1019/1245/1294 1043/1268/1317 1044/1273/1322
f 1036/1251/1300 1035/1247/1296 1059/1270/1319 1060/1274/1323
f 1031/1252/1301 1030/1248/1297 1054/1271/1320 1055/1275/1324
f 1026/1253/1302 1025/1249/1298 1049/1272/1321 1050/1276/1325
f 1021/1254/1303 1020/1250/1299 1044/1273/1322 1045/1277/1326
f 1037/1231/1280 1036/1251/1300 1060/1274/1323 1061/1278/1327
f 1032/1233/1282 1031/1252/1301 1055/1275/1324 1056/1255/1304
f 1027/1235/1284 1026/1253/1302 1050/1276/1325 1051/1257/1306
f 1022/1237/1286 1021/1254/1303 1045/1277/1326 1046/1259/1308
f 1038/1232/1281 1037/1231/1280 1061/1278/1327 1062/1263/1312
f 1042/1262/1311 1041/1261/1310 1065/1279/1328 1066/1280/1329
f 1063/1264/1313 1062/1263/1312 1086/1281/1330 1087/1282/1331
f 1058/1265/1314 1057/1256/1305 1081/1283/1332 1082/1284/1333
f 1053/1266/1315 1052/1258/1307 1076/1285/1334 1077/1286/1335
f 1048/1267/1316 1047/1260/1309 1071/1287/1336 1072/1288/1337
f 1043/1268/1317 1042/1262/1311 1066/1280/1329 1067/1289/1338
f 1064/1269/1318 1063/1264/1313 1087/1282/1331 1088/1290/1339
f 1059/1270/1319 1058/1265/1314 1082/1284/1333 1083/1291/1340
f 1054/1271/1320 1053/1266/1315 1077/1286/1335 1078/1292/1341
f 1049/1272/1321 1048/1267/1316 1072/1288/1337 1073/1293/1342
f 1044/1273/1322 1043/1268/1317 1067/1289/1338 1068/1294/1343
f 1060/1274/1323 1059/1270/1319 1083/1291/1340 1084/1295/1344
f 1055/1275/1324 1054/1271/1320 1078/1292/1341 1079/1296/1345
f 1050/1276/1325 1049/1272/1321 1073/1293/1342 1074/1297/1346
f 1045/1277/1326 1044/1273/1322 1068/1294/1343 1069/1298/1347
f 1061/1278/1327 1060/1274/1323 1084/1295/1344 1085/1299/1348
f 1056/1255/1304 1055/1275/1324 1079/1296/1345 1080/1300/1349
f 1051/1257/1306 1050/1276/1325 1074/1297/1346 1075/1301/1350
f 1046/1259/1308 1045/1277/1326 1069/1298/1347 1070/1302/1351
f 1062/1263/1312 1061/1278/1327 1085/1299/1348 1086/1281/1330
f 1057/1256/1305 1056/1255/1304 1080/1300/1349 1081/1283/1332
f 1052/1258/1307 1051/1257/1306 1075/1301/1350 1076/1285/1334
f 1047/1260/1309 1046/1259/1308 1070/1302/1351 1071/1287/1336
f 1082/1284/1333 1081/1283/1332 1105/1303/1352 1106/1304/1353
f 1077/1286/1335 1076/1285/1334 1100/1305/1354 1101/1306/1355
f 1072/1288/1337 1071/1287/1336 1095/1307/1356 1096/1308/1357
f 1067/1289/1338 1066/1280/1329 1090/1309/1358 1091/1310/1359
f 1088/1290/1339 1087/1282/1331 1111/1311/1360 1112/1312/1361
f 1083/1291/1340 1082/1284/1333 1106/1304/1353 1107/1313/1362
f 1078/1292/1341 1077/1286/1335 1101/1306/1355 1102/1314/1363
f 1073/1293/1342 1072/1288/1337 1096/1308/1357 1097/1315/1364
f 1068/1294/1343 1067/1289/1338 1091/1310/1359 1092/1316/1365
f 1084/1295/1344 1083/1291/1340 1107/1313/1362 1108/1317/1366
f 1079/1296/1345 1078/1292/1341 1102/1314/1363 1103/1318/1367
f 1074/1297/1346 1073/1293/1342 1097/1315/1364 1098/1319/1368
f 1069/1298/1347 1068/1294/1343 1092/1316/1365 1093/1320/1369
f 1085/1299/1348 1084/1295/1344 1108/1317/1366 1109/1321/1370
f 1080/1300/1349 1079/1296/1345 1103/1318/1367 1104/1322/1371
f 1075/1301/1350 1074/1297/1346 1098/1319/1368 1099/1323/1372
f 1070/1302/1351 1069/1298/1347 1093/1320/1369 1094/1324/1373
f 1086/1281/1330 1085/1299/1348 1109/1321/1370 1110/1325/1374
f 1081/1283/1332 1080/1300/1349 1104/1322/1371 1105/1303/1352
f 1076/1285/1334 1075/1301/1350 1099/1323/1372 1100/1305/1354
f 1071/1287/1336 1070/1302/1351 1094/1324/1373 1095/1307/1356
f 1066/1280/1329 1065/1279/1328 1089/1326/1375 1090/1309/1358
f 1087/1282/1331 1086/1281/1330 1110/1325/1374 1111/1311/1360
f 342/541/590 312/1327/1376 1113/1328/1377 1123/1329/1378
f 326/1330/1379 317/1331/1380 1114/1332/1381 1118/1333/1382
f 324/1334/1383 319/1335/1384 1115/1336/1385 1117/1337/1386
f 343/555/604 322/1338/1387 1116/1339/1388 1124/1340/1389
f 312/1327/1376 324/1334/1383 1117/1337/1386 1113/1328/1377
f 319/1335/1384 335/557/606 1122/1341/1390 1115/1336/1385
f 322/1338/1387 326/1330/1379 1118/1333/1382 1116/1339/1388
f 317/1331/1380 334/521/570 1121/1342/1391 1114/1332/1381
f 337/544/593 305/522/571 334/521/570 317/1331/1380
f 335/557/606 327/556/605 1120/1343/1392 1122/1341/1390
f 327/556/605 343/555/604 1124/1340/1389 1120/1343/1392
f 331/525/574 321/545/594 326/1330/1379 322/1338/1387
f 329/549/598 306/550/599 335/557/606 319/1335/1384
f 339/547/596 320/548/597 324/1334/1383 312/1327/1376
f 302/526/575 331/525/574 322/1338/1387 343/555/604
f 320/548/597 329/549/598 319/1335/1384 324/1334/1383
f 321/545/594 337/544/593 317/1331/1380 326/1330/1379
f 309/542/591 339/547/596 312/1327/1376 342/541/590
f 308/540/589 315/519/568 1131/1344/1393 1133/558/607
f 315/519/568 304/518/567 1135/529/578 1131/1344/1393
f 1123/1329/1378 1119/1345/1394 310/520/569 342/541/590
f 1119/1345/1394 1121/1342/1391 334/521/570 310/520/569
f 1131/1344/1393 1135/529/578 1126/528/577 1130/552/601 1127/551/600 1134/513/562 1132/512/561 1136/531/580 1128/530/579 1129/554/603 1125/553/602 1133/558/607
f 1123/1329/1378 1113/1328/1377 1117/1337/1386 1115/1336/1385 1122/1341/1390 1120/1343/1392 1124/1340/1389 1116/1339/1388 1118/1333/1382 1114/1332/1381 1121/1342/1391 1119/1345/1394
f 1137/1346/1395 367/589/638 391/590/639
f 344/576/625 1016/1347/1396 368/577/626
f 1137/1346/1395 391/590/639 415/619/668
f 368/577/626 1016/1347/1396 392/609/658
f 1137/1346/1395 415/619/668 439/641/690
f 392/609/658 1016/1347/1396 416/654/703
f 1137/1346/1395 439/641/690 463/658/707
f 416/654/703 1016/1347/1396 440/678/727
f 1137/1346/1395 463/658/707 487/702/751
f 440/678/727 1016/1347/1396 464/699/748
f 1137/1346/1395 487/702/751 511/726/775
f 464/699/748 1016/1347/1396 488/720/769
f 488/720/769 1016/1347/1396 512/743/792
f 1137/1346/1395 511/726/775 535/750/799
f 512/743/792 1016/1347/1396 536/763/812
f 1137/1346/1395 535/750/799 559/770/819
f 536/763/812 1016/1347/1396 560/786/835
f 1137/1346/1395 559/770/819 583/793/842
f 560/786/835 1016/1347/1396 584/807/856
f 1137/1346/1395 583/793/842 607/814/863
f 1137/1346/1395 607/814/863 631/837/886
f 584/807/856 1016/1347/1396 608/829/878
f 1137/1346/1395 631/837/886 655/857/906
f 608/829/878 1016/1347/1396 632/870/919
f 1137/1346/1395 655/857/906 679/878/927
f 632/870/919 1016/1347/1396 656/894/943
f 1137/1346/1395 679/878/927 703/896/945
f 656/894/943 1016/1347/1396 680/917/966
f 1137/1346/1395 703/896/945 727/942/991
f 680/917/966 1016/1347/1396 704/938/987
f 1137/1346/1395 727/942/991 751/966/1015
f 704/938/987 1016/1347/1396 728/959/1008
f 728/959/1008 1016/1347/1396 752/981/1030
f 1137/1346/1395 751/966/1015 775/988/1037
f 752/981/1030 1016/1347/1396 776/1003/1052
f 1137/1346/1395 775/988/1037 799/1010/1059
f 776/1003/1052 1016/1347/1396 800/1025/1074
f 1137/1346/1395 799/1010/1059 823/1032/1081
f 1137/1346/1395 823/1032/1081 847/1051/1100
f 800/1025/1074 1016/1347/1396 824/1041/1090
f 1137/1346/1395 847/1051/1100 871/1073/1122
f 824/1041/1090 1016/1347/1396 848/1086/1135
f 1137/1346/1395 871/1073/1122 895/1092/1141
f 848/1086/1135 1016/1347/1396 872/1110/1159
f 1137/1346/1395 895/1092/1141 919/1112/1161
f 872/1110/1159 1016/1347/1396 896/1133/1182
f 1137/1346/1395 919/1112/1161 943/1158/1207
f 896/1133/1182 1016/1347/1396 920/1152/1201
f 920/1152/1201 1016/1347/1396 944/1175/1224
f 1137/1346/1395 943/1158/1207 967/1182/1231
f 944/1175/1224 1016/1347/1396 968/1196/1245
f 1137/1346/1395 967/1182/1231 991/1203/1252
f 968/1196/1245 1016/1347/1396 992/1219/1268
f 1137/1346/1395 991/1203/1252 1015/1226/1275
f 992/1219/1268 1016/1347/1396 1017/1239/1288
f 1137/1346/1395 1015/1226/1275 1040/1246/1295
f 1137/1346/1395 1040/1246/1295 1064/1269/1318
f 1017/1239/1288 1016/1347/1396 1041/1261/1310
f 1137/1346/1395 1064/1269/1318 1088/1290/1339
f 1041/1261/1310 1016/1347/1396 1065/1279/1328
f 1137/1346/1395 1088/1290/1339 1112/1312/1361
f 1065/1279/1328 1016/1347/1396 1089/1326/1375
f 1112/1312/1361 1111/1311/1360 366/579/628 367/589/638
f 1107/1313/1362 1106/1304/1353 361/581/630 362/591/640
f 1102/1314/1363 1101/1306/1355 356/583/632 357/593/642
f 1097/1315/1364 1096/1308/1357 351/585/634 352/595/644
f 1092/1316/1365 1091/1310/1359 346/587/636 347/597/646
f 1137/1346/1395 1112/1312/1361 367/589/638
f 1108/1317/1366 1107/1313/1362 362/591/640 363/599/648
f 1103/1318/1367 1102/1314/1363 357/593/642 358/601/650
f 1098/1319/1368 1097/1315/1364 352/595/644 353/603/652
f 1093/1320/1369 1092/1316/1365 347/597/646 348/605/654
f 1109/1321/1370 1108/1317/1366 363/599/648 364/560/609
f 1104/1322/1371 1103/1318/1367 358/601/650 359/564/613
f 1099/1323/1372 1098/1319/1368 353/603/652 354/568/617
f 1094/1324/1373 1093/1320/1369 348/605/654 349/572/621
f 1089/1326/1375 1016/1347/1396 344/576/625
f 1110/1325/1374 1109/1321/1370 364/560/609 365/559/608
f 1105/1303/1352 1104/1322/1371 359/564/613 360/563/612
f 1100/1305/1354 1099/1323/1372 354/568/617 355/567/616
f 1095/1307/1356 1094/1324/1373 349/572/621 350/571/620
f 1090/1309/1358 1089/1326/1375 344/576/625 345/575/624
f 1111/1311/1360 1110/1325/1374 365/559/608 366/579/628
f 1106/1304/1353 1105/1303/1352 360/563/612 361/581/630
f 1101/1306/1355 1100/1305/1354 355/567/616 356/583/632
f 1096/1308/1357 1095/1307/1356 350/571/620 351/585/634
f 1091/1310/1359 1090/1309/1358 345/575/624 346/587/636
usemtl hydraulics.004
f 1138/1348/1397 1204/1349/1398 1236/1350/1399 1234/1351/1400
f 1168/1352/1401 1170/1353/1402 1217/1354/1403 1216/1355/1404
f 1140/1356/1405 1141/1357/1406 1143/1358/1407 1142/1359/1408
f 1139/1360/1409 1138/1348/1397 1234/1351/1400 1235/1361/1410
f 1140/1356/1405 1142/1359/1408 1138/1348/1397 1139/1360/1409
f 1142/1359/1408 1143/1358/1407 1145/1362/1411 1144/1363/1412
f 1232/1364/1413 1233/1365/1414 1265/1366/1415 1264/1367/1416
f 1172/1368/1417 1174/1369/1418 1219/1370/1419 1218/1371/1420
f 1144/1363/1412 1145/1362/1411 1147/1372/1421 1146/1373/1422
f 1231/1374/1423 1232/1364/1413 1264/1367/1416 1263/1375/1424
f 1174/1369/1418 1176/1376/1425 1220/1377/1426 1219/1370/1419
f 1146/1373/1422 1147/1372/1421 1149/1378/1427 1148/1379/1428
f 1230/1380/1429 1231/1374/1423 1263/1375/1424 1262/1381/1430
f 1176/1376/1425 1178/1382/1431 1221/1383/1432 1220/1377/1426
f 1148/1379/1428 1149/1378/1427 1151/1384/1433 1150/1385/1434
f 1229/1386/1435 1230/1380/1429 1262/1381/1430 1261/1387/1436
f 1178/1382/1431 1180/1388/1437 1222/1389/1438 1221/1383/1432
f 1150/1385/1434 1151/1384/1433 1153/1390/1439 1152/1391/1440
f 1228/1392/1441 1229/1386/1435 1261/1387/1436 1260/1393/1442
f 1180/1388/1437 1182/1394/1443 1223/1395/1444 1222/1389/1438
f 1152/1391/1440 1153/1390/1439 1155/1396/1445 1154/1397/1446
f 1227/1398/1447 1228/1392/1441 1260/1393/1442 1259/1399/1448
f 1182/1394/1443 1184/1400/1449 1224/1401/1450 1223/1395/1444
f 1154/1397/1446 1155/1396/1445 1157/1402/1451 1156/1403/1452
f 1226/1404/1453 1227/1398/1447 1259/1399/1448 1258/1405/1454
f 1184/1400/1449 1186/1406/1455 1225/1407/1456 1224/1401/1450
f 1156/1403/1452 1157/1402/1451 1159/1408/1457 1158/1409/1458
f 1225/1407/1456 1226/1404/1453 1258/1405/1454 1257/1410/1459
f 1186/1406/1455 1188/1411/1460 1226/1404/1453 1225/1407/1456
f 1158/1409/1458 1159/1408/1457 1161/1412/1461 1160/1413/1462
f 1224/1401/1450 1225/1407/1456 1257/1410/1459 1256/1414/1463
f 1188/1411/1460 1190/1415/1464 1227/1398/1447 1226/1404/1453
f 1160/1413/1462 1161/1412/1461 1163/1416/1465 1162/1417/1466
f 1223/1395/1444 1224/1401/1450 1256/1414/1463 1255/1418/1467
f 1190/1415/1464 1192/1419/1468 1228/1392/1441 1227/1398/1447
f 1162/1417/1466 1163/1416/1465 1165/1420/1469 1164/1421/1470
f 1222/1389/1438 1223/1395/1444 1255/1418/1467 1254/1422/1471
f 1192/1419/1468 1194/1423/1472 1229/1386/1435 1228/1392/1441
f 1164/1421/1470 1165/1420/1469 1167/1424/1473 1166/1425/1474
f 1221/1383/1432 1222/1389/1438 1254/1422/1471 1253/1426/1475
f 1194/1423/1472 1196/1427/1476 1230/1380/1429 1229/1386/1435
f 1166/1425/1474 1167/1424/1473 1169/1428/1477 1168/1352/1401
f 1220/1377/1426 1221/1383/1432 1253/1426/1475 1252/1429/1478
f 1196/1427/1476 1198/1430/1479 1231/1374/1423 1230/1380/1429
f 1168/1352/1401 1169/1428/1477 1171/1431/1480 1170/1353/1402
f 1219/1370/1419 1220/1377/1426 1252/1429/1478 1251/1432/1481
f 1198/1430/1479 1200/1433/1482 1232/1364/1413 1231/1374/1423
f 1170/1353/1402 1171/1431/1480 1173/1434/1483 1172/1368/1417
f 1233/1365/1414 1139/1360/1409 1235/1361/1410 1265/1366/1415
f 1200/1433/1482 1202/1435/1484 1233/1365/1414 1232/1364/1413
f 1172/1368/1417 1173/1434/1483 1175/1436/1485 1174/1369/1418
f 1218/1371/1420 1219/1370/1419 1251/1432/1481 1250/1437/1486
f 1202/1435/1484 1140/1356/1405 1139/1360/1409 1233/1365/1414
f 1174/1369/1418 1175/1436/1485 1177/1438/1487 1176/1376/1425
f 1217/1354/1403 1218/1371/1420 1250/1437/1486 1249/1439/1488
f 1142/1359/1408 1144/1363/1412 1204/1349/1398 1138/1348/1397
f 1176/1376/1425 1177/1438/1487 1179/1440/1489 1178/1382/1431
f 1216/1355/1404 1217/1354/1403 1249/1439/1488 1248/1441/1490
f 1144/1363/1412 1146/1373/1422 1205/1442/1491 1204/1349/1398
f 1178/1382/1431 1179/1440/1489 1181/1443/1492 1180/1388/1437
f 1215/1444/1493 1216/1355/1404 1248/1441/1490 1247/1445/1494
f 1146/1373/1422 1148/1379/1428 1206/1446/1495 1205/1442/1491
f 1180/1388/1437 1181/1443/1492 1183/1447/1496 1182/1394/1443
f 1214/1448/1497 1215/1444/1493 1247/1445/1494 1246/1449/1498
f 1148/1379/1428 1150/1385/1434 1207/1450/1499 1206/1446/1495
f 1182/1394/1443 1183/1447/1496 1185/1451/1500 1184/1400/1449
f 1213/1452/1501 1214/1448/1497 1246/1449/1498 1245/1453/1502
f 1150/1385/1434 1152/1391/1440 1208/1454/1503 1207/1450/1499
f 1184/1400/1449 1185/1451/1500 1187/1455/1504 1186/1406/1455
f 1212/1456/1505 1213/1452/1501 1245/1453/1502 1244/1457/1506
f 1152/1391/1440 1154/1397/1446 1209/1458/1507 1208/1454/1503
f 1186/1406/1455 1187/1455/1504 1189/1459/1508 1188/1411/1460
f 1211/1460/1509 1212/1456/1505 1244/1457/1506 1243/1461/1510
f 1154/1397/1446 1156/1403/1452 1210/1462/1511 1209/1458/1507
f 1188/1411/1460 1189/1459/1508 1191/1463/1512 1190/1415/1464
f 1210/1462/1511 1211/1460/1509 1243/1461/1510 1242/1464/1513
f 1156/1403/1452 1158/1409/1458 1211/1460/1509 1210/1462/1511
f 1190/1415/1464 1191/1463/1512 1193/1465/1514 1192/1419/1468
f 1209/1458/1507 1210/1462/1511 1242/1464/1513 1241/1466/1515
f 1158/1409/1458 1160/1413/1462 1212/1456/1505 1211/1460/1509
f 1192/1419/1468 1193/1465/1514 1195/1467/1516 1194/1423/1472
f 1208/1454/1503 1209/1458/1507 1241/1466/1515 1240/1468/1517
f 1160/1413/1462 1162/1417/1466 1213/1452/1501 1212/1456/1505
f 1194/1423/1472 1195/1467/1516 1197/1469/1518 1196/1427/1476
f 1235/1361/1410 1234/1351/1400 1236/1350/1399 1237/1470/1519 1238/1471/1520 1239/1472/1521 1240/1468/1517 1241/1466/1515 1242/1464/1513 1243/1461/1510 1244/1457/1506 1245/1453/1502 1246/1449/1498 1247/1445/1494 1248/1441/1490 1249/1439/1488 1250/1437/1486 1251/1432/1481 1252/1429/1478 1253/1426/1475 1254/1422/1471 1255/1418/1467 1256/1414/1463 1257/1410/1459 1258/1405/1454 1259/1399/1448 1260/1393/1442 1261/1387/1436 1262/1381/1430 1263/1375/1424 1264/1367/1416 1265/1366/1415
f 1162/1417/1466 1164/1421/1470 1214/1448/1497 1213/1452/1501
f 1196/1427/1476 1197/1469/1518 1199/1473/1522 1198/1430/1479
f 1166/1425/1474 1168/1352/1401 1216/1355/1404 1215/1444/1493
f 1207/1450/1499 1208/1454/1503 1240/1468/1517 1239/1472/1521
f 1198/1430/1479 1199/1473/1522 1201/1474/1523 1200/1433/1482
f 1143/1358/1407 1141/1357/1406 1203/1475/1524 1201/1474/1523 1199/1473/1522 1197/1469/1518 1195/1467/1516 1193/1465/1514 1191/1463/1512 1189/1459/1508 1187/1455/1504 1185/1451/1500 1183/1447/1496 1181/1443/1492 1179/1440/1489 1177/1438/1487 1175/1436/1485 1173/1434/1483 1171/1431/1480 1169/1428/1477 1167/1424/1473 1165/1420/1469 1163/1416/1465 1161/1412/1461 1159/1408/1457 1157/1402/1451 1155/1396/1445 1153/1390/1439 1151/1384/1433 1149/1378/1427 1147/1372/1421 1145/1362/1411
f 1202/1435/1484 1203/1475/1524 1141/1357/1406 1140/1356/1405
f 1200/1433/1482 1201/1474/1523 1203/1475/1524 1202/1435/1484
f 1204/1349/1398 1205/1442/1491 1237/1470/1519 1236/1350/1399
f 1170/1353/1402 1172/1368/1417 1218/1371/1420 1217/1354/1403
f 1164/1421/1470 1166/1425/1474 1215/1444/1493 1214/1448/1497
f 1205/1442/1491 1206/1446/1495 1238/1471/1520 1237/1470/1519
f 1206/1446/1495 1207/1450/1499 1239/1472/1521 1238/1471/1520
f 1267/1476/1525 1266/1477/1525 1268/1478/1525 1269/1479/1525 1270/1480/1525 1271/1481/1525 1272/1482/1525 1273/1483/1525 1274/1484/1525 1275/1483/1525 1276/1482/1525 1277/1481/1525 1278/1480/1525 1279/1479/1525 1280/1478/1525 1281/1477/1525 1282/1476/1525 1283/1485/1525 1284/1486/1525 1285/1487/1525 1286/1488/1525 1287/1489/1525 1288/1490/1525 1289/1491/1525 1290/1492/1525 1291/1491/1525 1292/1490/1525 1293/1489/1525 1294/1488/1525 1295/1487/1525 1296/1486/1525 1297/1485/1525
f 1298/1493/1526 1300/1494/1527 1301/1495/1528 1299/1496/1529
f 1300/1494/1527 1302/1497/1530 1303/1498/1531 1301/1495/1528
f 1302/1497/1530 1304/1499/1532 1305/1500/1533 1303/1498/1531
f 1304/1499/1532 1306/1501/1534 1307/1502/1535 1305/1500/1533
f 1306/1501/1534 1308/1503/1536 1309/1504/1537 1307/1502/1535
f 1308/1503/1536 1310/1505/1538 1311/1506/1539 1309/1504/1537
f 1310/1505/1538 1312/1507/1540 1313/1508/1541 1311/1506/1539
f 1312/1507/1540 1314/1509/1542 1315/1510/1543 1313/1508/1541
f 1314/1509/1542 1316/1511/1544 1317/1512/1545 1315/1510/1543
f 1316/1511/1544 1318/1513/1546 1319/1514/1547 1317/1512/1545
f 1318/1513/1546 1320/1515/1548 1321/1516/1549 1319/1514/1547
f 1320/1515/1548 1322/1517/1550 1323/1518/1551 1321/1516/1549
f 1322/1517/1550 1324/1519/1552 1325/1520/1553 1323/1518/1551
f 1324/1519/1552 1326/1521/1554 1327/1522/1555 1325/1520/1553
f 1326/1521/1554 1328/1523/1556 1329/1524/1557 1327/1522/1555
f 1328/1523/1556 1330/1525/1558 1331/1526/1559 1329/1524/1557
f 1330/1525/1558 1332/1527/1560 1333/1528/1561 1331/1526/1559
f 1332/1527/1560 1334/1529/1562 1335/1530/1563 1333/1528/1561
f 1334/1529/1562 1336/1531/1564 1337/1532/1565 1335/1530/1563
f 1336/1531/1564 1338/1533/1566 1339/1534/1567 1337/1532/1565
f 1338/1533/1566 1340/1535/1568 1341/1536/1569 1339/1534/1567
f 1340/1535/1568 1342/1537/1570 1343/1538/1571 1341/1536/1569
f 1342/1537/1570 1344/1539/1572 1345/1540/1573 1343/1538/1571
f 1344/1539/1572 1346/1541/1574 1347/1542/1575 1345/1540/1573
f 1346/1541/1574 1348/1543/1576 1349/1544/1577 1347/1542/1575
f 1348/1543/1576 1350/1545/1578 1351/1546/1579 1349/1544/1577
f 1350/1545/1578 1352/1547/1580 1353/1548/1581 1351/1546/1579
f 1352/1547/1580 1354/1549/1582 1355/1550/1583 1353/1548/1581
f 1354/1549/1582 1356/1551/1584 1357/1552/1585 1355/1550/1583
f 1356/1551/1584 1358/1553/1586 1359/1554/1587 1357/1552/1585
f 1355/1550/1583 1390/1555/1588 1389/1556/1589 1353/1548/1581
f 1360/1557/1590 1298/1493/1526 1299/1496/1529 1361/1558/1591
f 1358/1553/1586 1360/1557/1590 1361/1558/1591 1359/1554/1587
f 1298/1493/1526 1360/1557/1590 1358/1553/1586 1356/1551/1584 1354/1549/1582 1352/1547/1580 1350/1545/1578 1348/1543/1576 1346/1541/1574 1344/1539/1572 1342/1537/1570 1340/1535/1568 1338/1533/1566 1336/1531/1564 1334/1529/1562 1332/1527/1560 1330/1525/1558 1328/1523/1556 1326/1521/1554 1324/1519/1552 1322/1517/1550 1320/1515/1548 1318/1513/1546 1316/1511/1544 1314/1509/1542 1312/1507/1540 1310/1505/1538 1308/1503/1536 1306/1501/1534 1304/1499/1532 1302/1497/1530 1300/1494/1527
f 1381/1559/1592 1413/1560/1593 1412/1561/1594 1380/1562/1595
f 1331/1526/1559 1378/1563/1596 1377/1564/1597 1329/1524/1557
f 1307/1502/1535 1366/1565/1598 1365/1566/1599 1305/1500/1533
f 1345/1540/1573 1385/1567/1600 1384/1568/1601 1343/1538/1571
f 1301/1495/1528 1363/1569/1602 1362/1570/1603 1299/1496/1529
f 1321/1516/1549 1373/1571/1604 1372/1572/1605 1319/1514/1547
f 1359/1554/1587 1392/1573/1606 1391/1574/1607 1357/1552/1585
f 1335/1530/1563 1380/1562/1595 1379/1575/1608 1333/1528/1561
f 1311/1506/1539 1368/1576/1609 1367/1577/1610 1309/1504/1537
f 1349/1544/1577 1387/1578/1611 1386/1579/1612 1347/1542/1575
f 1325/1520/1553 1375/1580/1613 1374/1581/1614 1323/1518/1551
f 1299/1496/1529 1362/1570/1603 1393/1582/1615 1361/1558/1591
f 1339/1534/1567 1382/1583/1616 1381/1559/1592 1337/1532/1565
f 1315/1510/1543 1370/1584/1617 1369/1585/1618 1313/1508/1541
f 1353/1548/1581 1389/1556/1589 1388/1586/1619 1351/1546/1579
f 1329/1524/1557 1377/1564/1597 1376/1587/1620 1327/1522/1555
f 1305/1500/1533 1365/1566/1599 1364/1588/1621 1303/1498/1531
f 1343/1538/1571 1384/1568/1601 1383/1589/1622 1341/1536/1569
f 1319/1514/1547 1372/1572/1605 1371/1590/1623 1317/1512/1545
f 1357/1552/1585 1391/1574/1607 1390/1555/1588 1355/1550/1583
f 1333/1528/1561 1379/1575/1608 1378/1563/1596 1331/1526/1559
f 1309/1504/1537 1367/1577/1610 1366/1565/1598 1307/1502/1535
f 1347/1542/1575 1386/1579/1612 1385/1567/1600 1345/1540/1573
f 1323/1518/1551 1374/1581/1614 1373/1571/1604 1321/1516/1549
f 1361/1558/1591 1393/1582/1615 1392/1573/1606 1359/1554/1587
f 1337/1532/1565 1381/1559/1592 1380/1562/1595 1335/1530/1563
f 1313/1508/1541 1369/1585/1618 1368/1576/1609 1311/1506/1539
f 1351/1546/1579 1388/1586/1619 1387/1578/1611 1349/1544/1577
f 1327/1522/1555 1376/1587/1620 1375/1580/1613 1325/1520/1553
f 1303/1498/1531 1364/1588/1621 1363/1569/1602 1301/1495/1528
f 1341/1536/1569 1383/1589/1622 1382/1583/1616 1339/1534/1567
f 1317/1512/1545 1371/1590/1623 1370/1584/1617 1315/1510/1543
f 1395/1591/1624 1396/1592/1625 1397/1593/1626 1398/1594/1627 1399/1595/1628 1400/1596/1629 1401/1597/1630 1402/1598/1631 1403/1599/1632 1404/1600/1633 1405/1601/1634 1406/1602/1635 1407/1603/1636 1408/1604/1637 1409/1605/1638 1410/1606/1639 1411/1607/1640 1412/1561/1594 1413/1560/1593 1414/1608/1641 1415/1609/1642 1416/1610/1643 1417/1611/1644 1418/1612/1645 1419/1613/1646 1420/1614/1647 1421/1615/1648 1422/1616/1649 1423/1617/1650 1424/1618/1651 1425/1619/1652 1394/1620/1653
f 1376/1587/1620 1408/1604/1637 1407/1603/1636 1375/1580/1613
f 1371/1590/1623 1403/1599/1632 1402/1598/1631 1370/1584/1617
f 1366/1565/1598 1398/1594/1627 1397/1593/1626 1365/1566/1599
f 1392/1573/1606 1424/1618/1651 1423/1617/1650 1391/1574/1607
f 1387/1578/1611 1419/1613/1646 1418/1612/1645 1386/1579/1612
f 1382/1583/1616 1414/1608/1641 1413/1560/1593 1381/1559/1592
f 1377/1564/1597 1409/1605/1638 1408/1604/1637 1376/1587/1620
f 1372/1572/1605 1404/1600/1633 1403/1599/1632 1371/1590/1623
f 1367/1577/1610 1399/1595/1628 1398/1594/1627 1366/1565/1598
f 1393/1582/1615 1425/1619/1652 1424/1618/1651 1392/1573/1606
f 1388/1586/1619 1420/1614/1647 1419/1613/1646 1387/1578/1611
f 1383/1589/1622 1415/1609/1642 1414/1608/1641 1382/1583/1616
f 1378/1563/1596 1410/1606/1639 1409/1605/1638 1377/1564/1597
f 1373/1571/1604 1405/1601/1634 1404/1600/1633 1372/1572/1605
f 1368/1576/1609 1400/1596/1629 1399/1595/1628 1367/1577/1610
f 1363/1569/1602 1395/1591/1624 1394/1620/1653 1362/1570/1603
f 1362/1570/1603 1394/1620/1653 1425/1619/1652 1393/1582/1615
f 1389/1556/1589 1421/1615/1648 1420/1614/1647 1388/1586/1619
f 1384/1568/1601 1416/1610/1643 1415/1609/1642 1383/1589/1622
f 1379/1575/1608 1411/1607/1640 1410/1606/1639 1378/1563/1596
f 1374/1581/1614 1406/1602/1635 1405/1601/1634 1373/1571/1604
f 1369/1585/1618 1401/1597/1630 1400/1596/1629 1368/1576/1609
f 1364/1588/1621 1396/1592/1625 1395/1591/1624 1363/1569/1602
f 1390/1555/1588 1422/1616/1649 1421/1615/1648 1389/1556/1589
f 1385/1567/1600 1417/1611/1644 1416/1610/1643 1384/1568/1601
f 1380/1562/1595 1412/1561/1594 1411/1607/1640 1379/1575/1608
f 1375/1580/1613 1407/1603/1636 1406/1602/1635 1374/1581/1614
f 1370/1584/1617 1402/1598/1631 1401/1597/1630 1369/1585/1618
f 1365/1566/1599 1397/1593/1626 1396/1592/1625 1364/1588/1621
f 1391/1574/1607 1423/1617/1650 1422/1616/1649 1390/1555/1588
f 1386/1579/1612 1418/1612/1645 1417/1611/1644 1385/1567/1600
f 1554/1621/1654 1555/1622/1655 1557/1623/1656 1556/1624/1657
f 1556/1624/1657 1557/1623/1656 1559/1625/1658 1558/1626/1659
f 1558/1626/1659 1559/1625/1658 1561/1627/1660 1560/1628/1661
f 1560/1628/1661 1561/1627/1660 1563/1629/1662 1562/1630/1663
f 1562/1630/1663 1563/1629/1662 1565/1631/1664 1564/1632/1665
f 1564/1632/1665 1565/1631/1664 1567/1633/1666 1566/1634/1667
f 1566/1634/1667 1567/1633/1666 1569/1635/1668 1568/1636/1669
f 1568/1636/1669 1569/1635/1668 1571/1637/1670 1570/1638/1671
f 1570/1638/1671 1571/1637/1670 1573/1639/1672 1572/1640/1673
f 1572/1640/1673 1573/1639/1672 1575/1641/1674 1574/1642/1675
f 1574/1642/1675 1575/1641/1674 1577/1643/1676 1576/1644/1677
f 1576/1644/1677 1577/1643/1676 1579/1645/1678 1578/1646/1679
f 1578/1646/1679 1579/1645/1678 1581/1647/1680 1580/1648/1681
f 1580/1648/1681 1581/1647/1680 1583/1649/1682 1582/1650/1683
f 1582/1650/1683 1583/1649/1682 1585/1651/1684 1584/1652/1685
f 1584/1652/1685 1585/1651/1684 1587/1653/1686 1586/1654/1687
f 1586/1654/1687 1587/1653/1686 1589/1655/1688 1588/1656/1689
f 1588/1656/1689 1589/1655/1688 1591/1657/1690 1590/1658/1691
f 1590/1658/1691 1591/1657/1690 1593/1659/1692 1592/1660/1693
f 1592/1660/1693 1593/1659/1692 1595/1661/1694 1594/1662/1695
f 1594/1662/1695 1595/1661/1694 1597/1663/1696 1596/1664/1697
f 1596/1664/1697 1597/1663/1696 1599/1665/1698 1598/1666/1699
f 1598/1666/1699 1599/1665/1698 1601/1667/1700 1600/1668/1701
f 1600/1668/1701 1601/1667/1700 1603/1669/1702 1602/1670/1703
f 1602/1670/1703 1603/1669/1702 1605/1671/1704 1604/1672/1705
f 1604/1672/1705 1605/1671/1704 1607/1673/1706 1606/1674/1707
f 1606/1674/1707 1607/1673/1706 1609/1675/1708 1608/1676/1709
f 1608/1676/1709 1609/1675/1708 1611/1677/1710 1610/1678/1711
f 1610/1678/1711 1611/1677/1710 1613/1679/1712 1612/1680/1713
f 1612/1680/1713 1613/1679/1712 1615/1681/1714 1614/1682/1715
f 1611/1677/1710 1609/1675/1708 1645/1683/1716 1646/1684/1717
f 1616/1685/1718 1617/1686/1719 1555/1622/1655 1554/1621/1654
f 1614/1682/1715 1615/1681/1714 1617/1686/1719 1616/1685/1718
f 1554/1621/1654 1556/1624/1657 1558/1626/1659 1560/1628/1661 1562/1630/1663 1564/1632/1665 1566/1634/1667 1568/1636/1669 1570/1638/1671 1572/1640/1673 1574/1642/1675 1576/1644/1677 1578/1646/1679 1580/1648/1681 1582/1650/1683 1584/1652/1685 1586/1654/1687 1588/1656/1689 1590/1658/1691 1592/1660/1693 1594/1662/1695 1596/1664/1697 1598/1666/1699 1600/1668/1701 1602/1670/1703 1604/1672/1705 1606/1674/1707 1608/1676/1709 1610/1678/1711 1612/1680/1713 1614/1682/1715 1616/1685/1718
f 1637/1687/1720 1636/1688/1721 1668/1689/1722 1669/1690/1723
f 1587/1653/1686 1585/1651/1684 1633/1691/1724 1634/1692/1725
f 1563/1629/1662 1561/1627/1660 1621/1693/1726 1622/1694/1727
f 1601/1667/1700 1599/1665/1698 1640/1695/1728 1641/1696/1729
f 1557/1623/1656 1555/1622/1655 1618/1697/1730 1619/1698/1731
f 1577/1643/1676 1575/1641/1674 1628/1699/1732 1629/1700/1733
f 1615/1681/1714 1613/1679/1712 1647/1701/1734 1648/1702/1735
f 1591/1657/1690 1589/1655/1688 1635/1703/1736 1636/1688/1721
f 1567/1633/1666 1565/1631/1664 1623/1704/1737 1624/1705/1738
f 1605/1671/1704 1603/1669/1702 1642/1706/1739 1643/1707/1740
f 1581/1647/1680 1579/1645/1678 1630/1708/1741 1631/1709/1742
f 1555/1622/1655 1617/1686/1719 1649/1710/1743 1618/1697/1730
f 1595/1661/1694 1593/1659/1692 1637/1687/1720 1638/1711/1744
f 1571/1637/1670 1569/1635/1668 1625/1712/1745 1626/1713/1746
f 1609/1675/1708 1607/1673/1706 1644/1714/1747 1645/1683/1716
f 1585/1651/1684 1583/1649/1682 1632/1715/1748 1633/1691/1724
f 1561/1627/1660 1559/1625/1658 1620/1716/1749 1621/1693/1726
f 1599/1665/1698 1597/1663/1696 1639/1717/1750 1640/1695/1728
f 1575/1641/1674 1573/1639/1672 1627/1718/1751 1628/1699/1732
f 1613/1679/1712 1611/1677/1710 1646/1684/1717 1647/1701/1734
f 1589/1655/1688 1587/1653/1686 1634/1692/1725 1635/1703/1736
f 1565/1631/1664 1563/1629/1662 1622/1694/1727 1623/1704/1737
f 1603/1669/1702 1601/1667/1700 1641/1696/1729 1642/1706/1739
f 1579/1645/1678 1577/1643/1676 1629/1700/1733 1630/1708/1741
f 1617/1686/1719 1615/1681/1714 1648/1702/1735 1649/1710/1743
f 1593/1659/1692 1591/1657/1690 1636/1688/1721 1637/1687/1720
f 1569/1635/1668 1567/1633/1666 1624/1705/1738 1625/1712/1745
f 1607/1673/1706 1605/1671/1704 1643/1707/1740 1644/1714/1747
f 1583/1649/1682 1581/1647/1680 1631/1709/1742 1632/1715/1748
f 1559/1625/1658 1557/1623/1656 1619/1698/1731 1620/1716/1749
f 1597/1663/1696 1595/1661/1694 1638/1711/1744 1639/1717/1750
f 1573/1639/1672 1571/1637/1670 1626/1713/1746 1627/1718/1751
f 1651/1719/1752 1650/1720/1753 1681/1721/1754 1680/1722/1755 1679/1723/1756 1678/1724/1757 1677/1725/1758 1676/1726/1759 1675/1727/1760 1674/1728/1761 1673/1729/1762 1672/1730/1763 1671/1731/1764 1670/1732/1765 1669/1690/1723 1668/1689/1722 1667/1733/1766 1666/1734/1767 1665/1735/1768 1664/1736/1769 1663/1737/1770 1662/1738/1771 1661/1739/1772 1660/1740/1773 1659/1741/1774 1658/1742/1775 1657/1743/1776 1656/1744/1777 1655/1745/1778 1654/1746/1779 1653/1747/1780 1652/1748/1781
f 1632/1715/1748 1631/1709/1742 1663/1737/1770 1664/1736/1769
f 1627/1718/1751 1626/1713/1746 1658/1742/1775 1659/1741/1774
f 1622/1694/1727 1621/1693/1726 1653/1747/1780 1654/1746/1779
f 1648/1702/1735 1647/1701/1734 1679/1723/1756 1680/1722/1755
f 1643/1707/1740 1642/1706/1739 1674/1728/1761 1675/1727/1760
f 1638/1711/1744 1637/1687/1720 1669/1690/1723 1670/1732/1765
f 1633/1691/1724 1632/1715/1748 1664/1736/1769 1665/1735/1768
f 1628/1699/1732 1627/1718/1751 1659/1741/1774 1660/1740/1773
f 1623/1704/1737 1622/1694/1727 1654/1746/1779 1655/1745/1778
f 1649/1710/1743 1648/1702/1735 1680/1722/1755 1681/1721/1754
f 1644/1714/1747 1643/1707/1740 1675/1727/1760 1676/1726/1759
f 1639/1717/1750 1638/1711/1744 1670/1732/1765 1671/1731/1764
f 1634/1692/1725 1633/1691/1724 1665/1735/1768 1666/1734/1767
f 1629/1700/1733 1628/1699/1732 1660/1740/1773 1661/1739/1772
f 1624/1705/1738 1623/1704/1737 1655/1745/1778 1656/1744/1777
f 1619/1698/1731 1618/1697/1730 1650/1720/1753 1651/1719/1752
f 1618/1697/1730 1649/1710/1743 1681/1721/1754 1650/1720/1753
f 1645/1683/1716 1644/1714/1747 1676/1726/1759 1677/1725/1758
f 1640/1695/1728 1639/1717/1750 1671/1731/1764 1672/1730/1763
f 1635/1703/1736 1634/1692/1725 1666/1734/1767 1667/1733/1766
f 1630/1708/1741 1629/1700/1733 1661/1739/1772 1662/1738/1771
f 1625/1712/1745 1624/1705/1738 1656/1744/1777 1657/1743/1776
f 1620/1716/1749 1619/1698/1731 1651/1719/1752 1652/1748/1781
f 1646/1684/1717 1645/1683/1716 1677/1725/1758 1678/1724/1757
f 1641/1696/1729 1640/1695/1728 1672/1730/1763 1673/1729/1762
f 1636/1688/1721 1635/1703/1736 1667/1733/1766 1668/1689/1722
f 1631/1709/1742 1630/1708/1741 1662/1738/1771 1663/1737/1770
f 1626/1713/1746 1625/1712/1745 1657/1743/1776 1658/1742/1775
f 1621/1693/1726 1620/1716/1749 1652/1748/1781 1653/1747/1780
f 1647/1701/1734 1646/1684/1717 1678/1724/1757 1679/1723/1756
f 1642/1706/1739 1641/1696/1729 1673/1729/1762 1674/1728/1761
